timestamp,machine_id,temperature,vibration,humidity,pressure,energy_consumption,machine_status,anomaly_flag,predicted_remaining_life,failure_type,downtime_risk,maintenance_required
1/1/2025 0:00,39,78.61,28.65,79.96,3.73,2.16,1,0,106,Normal,0,0
1/1/2025 0:01,29,68.19,57.28,35.94,3.64,0.69,1,0,320,Normal,0,0
1/1/2025 0:02,15,98.94,50.2,72.06,1,2.49,1,1,19,Normal,1,1
1/1/2025 0:03,43,90.91,37.65,30.34,3.15,4.96,1,1,10,Normal,1,1
1/1/2025 0:04,8,72.32,40.69,56.71,2.68,0.63,2,0,65,Vibration Issue,0,1
1/1/2025 0:05,21,70.88,38.38,51.01,3.19,3.24,1,0,381,Normal,0,0
1/1/2025 0:06,39,73.05,40.7,61.59,2.35,1.63,1,0,470,Normal,0,0
1/1/2025 0:07,19,90,56.52,48.32,3.3,3.3,1,0,136,Normal,0,0
1/1/2025 0:08,23,96.04,24.98,50.47,1.59,3.08,1,1,38,Normal,1,1
1/1/2025 0:09,11,55.33,49.29,33.85,2.14,3.74,0,0,190,Normal,0,0
1/1/2025 0:10,11,88.37,64.76,45.96,3.92,4.56,1,0,107,Normal,0,0
1/1/2025 0:11,24,72.11,64.04,59.26,4.71,1.32,1,0,328,Normal,0,0
1/1/2025 0:12,36,66.77,64.09,74.44,1.39,1.46,1,0,191,Normal,0,0
1/1/2025 0:13,40,86.18,32.36,55.08,1.42,4.16,2,0,161,Overheating,0,1
1/1/2025 0:14,24,75.82,39.06,43.64,3.53,4.86,1,0,249,Normal,0,0
1/1/2025 0:15,3,88.68,87.77,49.77,1.25,4.45,1,1,38,Normal,1,1
1/1/2025 0:16,22,84.52,28.09,45.96,2.81,3.36,1,0,127,Normal,0,0
1/1/2025 0:17,2,78.32,84.93,51.55,2.59,2.09,1,1,43,Normal,1,1
1/1/2025 0:18,24,91.23,29.83,41.12,4.63,4.97,1,1,34,Normal,1,1
1/1/2025 0:19,44,73.48,51.3,69.85,3.38,3.42,1,0,51,Normal,0,0
1/1/2025 0:20,30,64.03,63.46,65.56,2.02,4.17,1,0,445,Normal,0,0
1/1/2025 0:21,38,94.18,40.98,36.73,2.01,2.28,1,1,34,Normal,1,1
1/1/2025 0:22,2,72.63,54.66,32.72,3.07,2.97,1,0,462,Normal,0,0
1/1/2025 0:23,21,76.73,34.86,32.64,3.31,1.65,2,0,433,Vibration Issue,0,1
1/1/2025 0:24,33,69.38,56.62,68.21,1.52,1.39,1,0,41,Normal,0,0
1/1/2025 0:25,12,76.01,40.21,59.8,4.28,1.63,1,0,181,Normal,0,0
1/1/2025 0:26,22,78.2,67.54,68.1,3.44,2.63,1,0,19,Normal,0,1
1/1/2025 0:27,44,63.88,53.75,68.01,1.87,2.84,1,0,11,Normal,0,1
1/1/2025 0:28,25,64.1,48,51,4.52,4.54,1,0,231,Normal,0,0
1/1/2025 0:29,49,66.17,48.3,74.99,2.21,1.94,2,0,286,Normal,0,1
1/1/2025 0:30,27,73.73,61.02,51.34,1.28,2.8,2,0,468,Pressure Drop,0,1
1/1/2025 0:31,42,79.33,52.54,49.11,2.75,1.23,1,0,324,Normal,0,0
1/1/2025 0:32,28,87.96,53.87,68.93,1.79,3.69,1,0,433,Normal,0,0
1/1/2025 0:33,16,99.5,46.89,79.74,4.41,3.67,1,1,41,Normal,1,1
1/1/2025 0:34,15,76.8,55.46,33.91,2.52,3.22,1,0,148,Normal,0,0
1/1/2025 0:35,47,70.49,59.54,65.34,3.1,1.88,0,0,426,Normal,0,0
1/1/2025 0:36,44,51.2,51.25,68.35,1.05,2.27,1,0,214,Normal,0,0
1/1/2025 0:37,3,77.59,58.72,62.55,3.4,0.88,1,0,138,Normal,0,0
1/1/2025 0:38,37,73.3,27.21,56.6,3.31,2.54,1,0,172,Normal,0,0
1/1/2025 0:39,7,71.43,22.92,36.7,2.2,1.1,1,0,245,Normal,0,0
1/1/2025 0:40,21,68.43,57.68,51.61,2.53,2.87,0,0,21,Normal,0,0
1/1/2025 0:41,9,68.74,43.34,30.73,2.26,1.41,1,0,136,Normal,0,0
1/1/2025 0:42,39,78.29,39.54,36.67,3.31,4.44,1,0,298,Normal,0,0
1/1/2025 0:43,18,81.42,50.89,31.1,4.88,2.06,2,0,482,Overheating,0,1
1/1/2025 0:44,4,74.74,67.02,62.18,1.47,3.16,1,0,182,Normal,0,0
1/1/2025 0:45,25,82.87,43.56,40.24,3.88,3.89,1,0,290,Normal,0,0
1/1/2025 0:46,14,87.87,53.7,61.73,1.05,4.29,1,0,274,Normal,0,0
1/1/2025 0:47,50,74.07,40.16,48.02,3.59,1.15,1,0,84,Normal,0,0
1/1/2025 0:48,9,87.23,34.52,69.53,2.84,4.15,1,0,252,Normal,0,0
1/1/2025 0:49,26,65.48,52.79,79.91,4.7,4.19,1,0,52,Normal,0,0
1/1/2025 0:50,2,77.9,25.44,75.39,4.32,2.15,1,0,215,Normal,0,0
1/1/2025 0:51,20,71.17,28.69,37.5,1.97,2.13,1,0,62,Normal,0,0
1/1/2025 0:52,28,79.91,34.26,30.48,4.77,2.29,1,0,94,Normal,0,0
1/1/2025 0:53,47,53.44,44.55,37.44,1.36,0.69,1,0,223,Normal,0,0
1/1/2025 0:54,7,86.77,46.53,54.98,3.12,4.96,1,0,311,Normal,0,0
1/1/2025 0:55,44,74.52,58.27,32.55,1.6,1.51,1,0,340,Normal,0,0
1/1/2025 0:56,8,79.34,49.78,32.06,4.32,3.11,1,0,390,Normal,0,0
1/1/2025 0:57,47,67.14,45.96,31.58,1.29,3.17,0,0,239,Normal,0,0
1/1/2025 0:58,35,91.69,67.85,36.84,2.88,4.53,1,1,23,Normal,1,1
1/1/2025 0:59,14,78.45,34.43,47.17,4.18,4.35,0,0,490,Normal,0,0
1/1/2025 1:00,17,71.2,47.66,70.6,3.5,1.53,1,0,269,Normal,0,0
1/1/2025 1:01,36,54.03,45.08,70.4,3.95,1.03,0,0,230,Normal,0,0
1/1/2025 1:02,50,71.52,46.58,40.45,2.34,1.17,2,0,222,Overheating,0,1
1/1/2025 1:03,40,51.81,42.04,58.43,3.12,2.28,1,0,472,Normal,0,0
1/1/2025 1:04,4,76.28,24.34,34.01,4.27,1.05,1,0,28,Normal,0,0
1/1/2025 1:05,2,80.91,39.63,45.18,3.38,1.84,0,0,100,Normal,0,0
1/1/2025 1:06,6,82.09,65.62,38.92,2.82,3.86,2,0,159,Overheating,0,1
1/1/2025 1:07,42,66.42,73.41,32.2,4.6,0.53,1,0,16,Normal,0,1
1/1/2025 1:08,4,68.67,31.55,52.29,3.34,2.71,1,0,227,Normal,0,0
1/1/2025 1:09,29,74.07,47.1,78.4,4.64,3.06,1,0,335,Normal,0,0
1/1/2025 1:10,18,69.53,20.19,63.27,2.58,0.87,2,0,398,Pressure Drop,0,1
1/1/2025 1:11,26,58.4,66.31,35.52,4.95,4.67,1,0,20,Normal,0,0
1/1/2025 1:12,44,68.8,42.16,37.09,2.27,2.73,1,0,327,Normal,0,0
1/1/2025 1:13,34,78.99,91.58,57.84,3.32,4.15,1,1,5,Normal,1,1
1/1/2025 1:14,10,70.4,74.14,34.53,1.1,4.23,1,0,91,Normal,0,0
1/1/2025 1:15,36,72.65,42.35,70.8,4.8,4.82,1,0,352,Normal,0,0
1/1/2025 1:16,14,69.8,73.06,79.94,2.88,3.58,1,0,433,Normal,0,0
1/1/2025 1:17,31,98.42,54.64,69.53,3.22,2.09,1,1,3,Normal,1,1
1/1/2025 1:18,48,76.25,36.09,39.46,3.44,2.92,1,0,111,Normal,0,0
1/1/2025 1:19,15,77.24,57.09,65.7,4.66,4.91,2,0,35,Normal,0,1
1/1/2025 1:20,8,69.29,49.79,58.4,1.73,1.32,1,0,271,Normal,0,0
1/1/2025 1:21,14,79.73,35.41,55.08,4.29,2.95,1,0,137,Normal,0,0
1/1/2025 1:22,23,75.98,51.18,79.4,3.24,1.75,1,0,299,Normal,0,0
1/1/2025 1:23,40,57.59,39.04,58.14,4,2.82,1,0,36,Normal,0,0
1/1/2025 1:24,21,89.96,49.82,52.73,3.56,2.87,1,0,223,Normal,0,0
1/1/2025 1:25,16,73.9,54.28,52.85,1.36,4.48,1,0,156,Normal,0,0
1/1/2025 1:26,45,80.36,48.05,75.79,1.8,0.89,1,0,491,Normal,0,0
1/1/2025 1:27,18,68.65,75.47,30.17,2.42,2.74,0,0,291,Normal,0,0
1/1/2025 1:28,47,79.47,27.16,69.34,4.83,1.93,1,0,425,Normal,0,0
1/1/2025 1:29,24,81.66,47.15,32.71,1.8,2.2,2,0,448,Pressure Drop,0,1
1/1/2025 1:30,26,60.36,52.37,46.39,2.53,2.04,0,0,313,Normal,0,0
1/1/2025 1:31,25,80.22,50.6,64.64,2.75,1.12,1,0,101,Normal,0,0
1/1/2025 1:32,45,73.93,83.04,69.85,1.68,2.14,2,1,15,Overheating,1,1
1/1/2025 1:33,41,64.72,49.92,50.8,4.83,1.19,1,0,192,Normal,0,0
1/1/2025 1:34,29,91.73,47.93,44.05,2.52,2.04,0,1,15,Normal,1,1
1/1/2025 1:35,15,65.67,64.06,65.72,2.85,4.95,1,0,107,Normal,0,0
1/1/2025 1:36,45,77.34,21.91,32.55,4.35,3.13,1,0,252,Normal,0,0
1/1/2025 1:37,1,62.59,48.08,60.13,1.62,4.16,1,0,363,Normal,0,0
1/1/2025 1:38,25,63.99,33.61,54.42,3.55,3.38,1,0,340,Normal,0,0
1/1/2025 1:39,7,85.59,36.06,49.27,2.61,3.62,1,0,193,Normal,0,0
1/1/2025 1:40,9,71.49,65.67,30.91,1.07,3.53,2,0,193,Pressure Drop,0,1
1/1/2025 1:41,24,89.42,50.8,62.33,1.3,2.46,1,0,59,Normal,0,0
1/1/2025 1:42,1,70.88,68.67,50.57,1.05,2.36,1,0,111,Normal,0,0
1/1/2025 1:43,44,70.44,49.79,78.41,2.9,3.46,1,0,432,Normal,0,0
1/1/2025 1:44,8,67.39,79.5,66.06,2.32,3.04,1,0,237,Normal,0,0
1/1/2025 1:45,24,70.08,40.75,60.98,2.33,1.4,1,0,148,Normal,0,0
1/1/2025 1:46,11,81.19,57.08,50.63,1.46,4.98,1,0,103,Normal,0,0
1/1/2025 1:47,17,75.87,33.46,50.8,4.08,3.51,1,0,421,Normal,0,0
1/1/2025 1:48,8,71.93,50.89,57.17,1.96,3.38,0,0,480,Normal,0,0
1/1/2025 1:49,35,81.9,47.39,77.38,4.68,0.76,1,0,271,Normal,0,0
1/1/2025 1:50,35,80.5,64.34,36.28,3.25,4.39,1,0,467,Normal,0,0
1/1/2025 1:51,33,72.2,23.77,34.87,1.97,4.5,2,0,377,Vibration Issue,0,1
1/1/2025 1:52,5,90.24,48.67,40.65,1.23,4.39,2,1,23,Overheating,1,1
1/1/2025 1:53,42,59.58,36.68,60.31,4.64,3.71,0,0,72,Normal,0,0
1/1/2025 1:54,39,79.06,37.46,45.55,2.48,4.59,1,0,398,Normal,0,0
1/1/2025 1:55,41,73.77,55.02,37.58,2.02,3.42,0,0,362,Normal,0,0
1/1/2025 1:56,28,80.03,61.89,54.79,1.45,4.2,1,0,492,Normal,0,0
1/1/2025 1:57,7,76.04,34.92,38.2,3.71,0.75,1,0,428,Normal,0,0
1/1/2025 1:58,9,77.63,61.57,76.72,3.51,3.25,1,0,462,Normal,0,0
1/1/2025 1:59,8,57.11,70.92,43.51,1.32,3.46,1,0,30,Normal,0,0
1/1/2025 2:00,12,77.26,46.18,70.4,3.52,3.54,1,0,105,Normal,0,0
1/1/2025 2:01,34,85.42,88.09,52.52,3.86,0.84,0,1,16,Normal,1,1
1/1/2025 2:02,33,68.96,44.34,39.82,1.26,3.78,1,0,271,Normal,0,0
1/1/2025 2:03,48,84.96,45.27,50.5,1.26,4.28,1,0,300,Normal,0,0
1/1/2025 2:04,23,71.47,30.59,34.38,3.96,2.21,1,0,480,Normal,0,0
1/1/2025 2:05,24,69.07,40.49,51.44,2,0.68,1,0,368,Normal,0,0
1/1/2025 2:06,37,69.3,56.23,39.15,1.3,4.6,1,0,222,Normal,0,0
1/1/2025 2:07,35,64.79,69.16,76.26,2.8,4.2,0,0,21,Normal,0,0
1/1/2025 2:08,44,75.72,49.55,65.13,4.09,2.05,1,0,466,Normal,0,0
1/1/2025 2:09,40,68.76,77.81,68.88,1.74,4.09,1,0,123,Normal,0,0
1/1/2025 2:10,22,69.53,54.42,55.01,3.29,2.42,1,0,330,Normal,0,0
1/1/2025 2:11,27,68.16,43.49,67.95,3.18,3.62,1,0,491,Normal,0,0
1/1/2025 2:12,35,78.27,73.05,79.75,4.67,2.58,1,0,295,Normal,0,0
1/1/2025 2:13,1,62.34,72.68,60.47,2.24,4.95,1,0,192,Normal,0,0
1/1/2025 2:14,35,80.92,58.37,38.65,2.89,4.45,2,0,222,Normal,0,1
1/1/2025 2:15,37,80.02,25.02,35.16,3.23,1.03,1,0,334,Normal,0,0
1/1/2025 2:16,47,80.08,46.5,79.24,3.69,1.53,1,0,452,Normal,0,0
1/1/2025 2:17,14,65.19,62.01,42.83,1.89,3.77,1,0,438,Normal,0,0
1/1/2025 2:18,3,77.39,34.9,68.81,3.64,2.51,1,0,180,Normal,0,0
1/1/2025 2:19,1,88.03,53.36,50.79,3.08,2.25,1,0,301,Normal,0,0
1/1/2025 2:20,5,62.92,58.11,30.04,4.41,4.55,1,0,394,Normal,0,0
1/1/2025 2:21,26,76.81,47.79,35.63,2.31,1.04,2,0,402,Vibration Issue,0,1
1/1/2025 2:22,14,63.86,62.39,45.47,1.04,2.95,1,0,433,Normal,0,0
1/1/2025 2:23,39,72.27,40.7,65.42,2.97,4.73,0,0,66,Normal,0,0
1/1/2025 2:24,27,74.67,27.88,46.42,1.48,1.16,1,0,128,Normal,0,0
1/1/2025 2:25,9,68.67,43.97,48.91,1.07,3.65,2,0,233,Vibration Issue,0,1
1/1/2025 2:26,15,67.49,88.85,66.52,2.24,3.63,1,1,25,Normal,1,1
1/1/2025 2:27,15,77.56,66.52,35.8,2.85,2.53,1,0,369,Normal,0,0
1/1/2025 2:28,26,64.9,46.19,71.1,3.75,4.04,0,0,355,Normal,0,0
1/1/2025 2:29,42,80.16,53.42,59.37,4.38,4.81,1,0,444,Normal,0,0
1/1/2025 2:30,13,92.42,57.21,31.14,1.3,2.4,1,1,35,Normal,1,1
1/1/2025 2:31,32,62.22,48.82,52.01,1.39,1.69,1,0,181,Normal,0,0
1/1/2025 2:32,39,61.62,50.79,78.28,4.61,1.48,2,0,79,Normal,0,1
1/1/2025 2:33,49,59.84,54.06,48.42,2.2,4.86,1,0,190,Normal,0,0
1/1/2025 2:34,32,70.24,33.65,45.09,3.89,2.51,1,0,11,Normal,0,1
1/1/2025 2:35,4,83.58,52.44,69.14,4.15,1.6,1,0,254,Normal,0,0
1/1/2025 2:36,30,84.48,50.3,53.17,4.19,0.54,1,0,495,Normal,0,0
1/1/2025 2:37,37,79.21,41.65,76.14,3.61,2.05,2,0,296,Vibration Issue,0,1
1/1/2025 2:38,23,77,69.32,38.03,1.31,2.11,1,0,404,Normal,0,0
1/1/2025 2:39,39,87.76,69.22,79.56,3.96,2.81,2,0,480,Vibration Issue,0,1
1/1/2025 2:40,45,70.11,58.69,76.63,1.57,3.03,1,0,383,Normal,0,0
1/1/2025 2:41,15,80.59,61.88,48.47,4.93,0.57,2,0,499,Overheating,0,1
1/1/2025 2:42,43,94.85,41.76,42.47,4.21,3.76,1,1,46,Normal,1,1
1/1/2025 2:43,29,87.34,31.85,70.59,1.44,2.79,1,0,377,Normal,0,0
1/1/2025 2:44,36,63.79,26.05,39.92,3.38,3.95,1,0,231,Normal,0,0
1/1/2025 2:45,13,69.21,59.62,39.57,1.29,4.98,1,0,408,Normal,0,0
1/1/2025 2:46,32,95.34,61.4,55.55,2.3,4.6,1,1,11,Normal,1,1
1/1/2025 2:47,7,69.24,29.89,39.53,2.74,1.5,1,0,161,Normal,0,0
1/1/2025 2:48,22,90.98,67.59,55.4,2.2,2.51,1,1,42,Normal,1,1
1/1/2025 2:49,28,70.68,79.91,74.49,4.78,1.64,1,0,328,Normal,0,0
1/1/2025 2:50,2,73.01,51.05,63.77,3.95,4.14,1,0,140,Normal,0,0
1/1/2025 2:51,42,65.82,52.1,50.5,4.06,3.7,1,0,150,Normal,0,0
1/1/2025 2:52,45,67.53,43.56,40.77,1.63,2.59,2,0,396,Electrical Fault,0,1
1/1/2025 2:53,6,73.05,35,46.32,2.33,1.31,1,0,297,Normal,0,0
1/1/2025 2:54,28,76.85,75.5,56.75,3.07,0.93,1,0,450,Normal,0,0
1/1/2025 2:55,28,70.97,57.75,67.2,2.29,0.76,1,0,281,Normal,0,0
1/1/2025 2:56,44,82,62.85,70.36,3.39,1.69,1,0,401,Normal,0,0
1/1/2025 2:57,44,71,79.05,52.55,4.4,3.1,1,0,18,Normal,0,1
1/1/2025 2:58,20,54.36,40.89,79,1.26,1.34,1,0,141,Normal,0,0
1/1/2025 2:59,30,72.92,56.97,71.37,4.64,4.16,1,0,107,Normal,0,0
1/1/2025 3:00,11,70.27,76.39,48.69,3.54,1.91,1,0,26,Normal,0,0
1/1/2025 3:01,28,89.87,49.55,54.97,2.88,2.49,2,0,412,Vibration Issue,0,1
1/1/2025 3:02,25,83.96,53.94,30.38,2.53,4.19,1,0,453,Normal,0,0
1/1/2025 3:03,39,84.93,60.15,34.43,3.65,2.36,1,0,16,Normal,0,1
1/1/2025 3:04,33,82.03,45.42,38.46,3.08,1.88,1,0,20,Normal,0,0
1/1/2025 3:05,1,79.39,49.44,56.99,2.54,2.76,1,0,127,Normal,0,0
1/1/2025 3:06,27,79.36,65.7,48.14,3.28,2.15,1,0,45,Normal,0,0
1/1/2025 3:07,13,84.23,18.72,36.59,1.57,2.01,1,0,387,Normal,0,0
1/1/2025 3:08,41,80.8,48.51,73.67,3.49,2.68,1,0,413,Normal,0,0
1/1/2025 3:09,3,69.73,51.63,42.46,1.34,1.39,0,0,185,Normal,0,0
1/1/2025 3:10,39,60.85,74.9,54.72,4.76,0.8,2,0,285,Pressure Drop,0,1
1/1/2025 3:11,6,56.13,33.12,30.88,4.7,0.98,1,0,15,Normal,0,1
1/1/2025 3:12,8,66.51,55.23,40.63,1.91,2.52,1,0,301,Normal,0,0
1/1/2025 3:13,27,67.64,43.54,72.51,4.85,0.5,1,0,271,Normal,0,0
1/1/2025 3:14,9,74.05,41.47,36.47,3.75,2.47,0,0,385,Normal,0,0
1/1/2025 3:15,37,73.77,42.2,72.58,1.73,1.25,1,0,346,Normal,0,0
1/1/2025 3:16,33,92.38,62.42,53.15,2.3,4.43,0,1,29,Normal,1,1
1/1/2025 3:17,42,80.62,40.6,40.97,1.07,4.74,1,0,45,Normal,0,0
1/1/2025 3:18,44,67.54,58.35,78.7,4.98,4.09,1,0,224,Normal,0,0
1/1/2025 3:19,24,88.71,67.19,34.84,4.11,4.85,1,0,15,Normal,0,1
1/1/2025 3:20,15,72.7,24.16,65.32,2.82,1.2,1,0,184,Normal,0,0
1/1/2025 3:21,32,80.67,72.13,31.77,1.74,3.53,0,0,461,Normal,0,0
1/1/2025 3:22,32,79.68,59.26,35,1.63,1.31,1,0,324,Normal,0,0
1/1/2025 3:23,24,75.4,37.02,65.98,3.19,0.71,2,0,241,Normal,0,1
1/1/2025 3:24,41,89.14,83.63,30.85,2.33,3.92,1,1,23,Normal,1,1
1/1/2025 3:25,49,69.16,42.91,60.14,3.49,0.76,2,0,307,Pressure Drop,0,1
1/1/2025 3:26,49,76.29,44.17,33.94,3.63,0.78,2,0,153,Pressure Drop,0,1
1/1/2025 3:27,12,65.98,43.38,51.35,3.07,3.56,1,0,378,Normal,0,0
1/1/2025 3:28,39,78.5,34.45,74.48,4.36,3.28,0,0,283,Normal,0,0
1/1/2025 3:29,2,79.08,61.27,77.85,4.26,0.92,1,0,146,Normal,0,0
1/1/2025 3:30,3,75.86,49.74,64.57,1.03,2.86,0,0,430,Normal,0,0
1/1/2025 3:31,49,75.68,59.18,77.27,4.98,4.01,1,0,145,Normal,0,0
1/1/2025 3:32,37,73.25,77.33,48.39,1.05,1.01,1,0,495,Normal,0,0
1/1/2025 3:33,49,78.77,67.34,62.04,2.13,4.52,1,0,294,Normal,0,0
1/1/2025 3:34,17,81.18,62.09,53.7,2.99,4.52,1,0,162,Normal,0,0
1/1/2025 3:35,49,62.88,76.92,34.76,3.11,3,1,0,189,Normal,0,0
1/1/2025 3:36,2,72.23,30.16,56.98,1.69,2.98,1,0,346,Normal,0,0
1/1/2025 3:37,2,71.38,43.02,72.78,1.24,4.08,1,0,186,Normal,0,0
1/1/2025 3:38,28,81.61,85.14,60.71,2.13,2.29,1,1,5,Normal,1,1
1/1/2025 3:39,23,87.08,41.41,48.66,1.93,1.24,2,0,451,Normal,0,1
1/1/2025 3:40,37,79.28,84.97,65.7,2.5,3.45,1,1,22,Normal,1,1
1/1/2025 3:41,32,76.43,70.55,67.8,4.83,3.66,0,0,88,Normal,0,0
1/1/2025 3:42,33,67.31,48.3,36.21,4.1,2.18,1,0,100,Normal,0,0
1/1/2025 3:43,1,93.62,47.52,58.38,2.63,1.12,2,1,2,Vibration Issue,1,1
1/1/2025 3:44,19,65.78,68.96,58.69,2.67,1.19,0,0,350,Normal,0,0
1/1/2025 3:45,2,62.45,64.62,43.98,1,2.88,2,0,325,Pressure Drop,0,1
1/1/2025 3:46,44,82.2,61.97,41.43,3.99,4.86,1,0,97,Normal,0,0
1/1/2025 3:47,26,69.88,39.24,69.49,4.98,1.52,2,0,359,Vibration Issue,0,1
1/1/2025 3:48,32,82.65,65.8,64.82,3.12,1.02,1,0,219,Normal,0,0
1/1/2025 3:49,6,89.32,85.04,74.94,2.66,0.69,1,1,2,Normal,1,1
1/1/2025 3:50,32,72.33,26.42,41.12,4.7,4.97,1,0,387,Normal,0,0
1/1/2025 3:51,4,79.56,63.17,72.35,1.02,1.44,1,0,194,Normal,0,0
1/1/2025 3:52,11,70.54,39.33,67.33,4.41,3.64,0,0,323,Normal,0,0
1/1/2025 3:53,17,75.74,34.21,77.32,1.38,4.45,1,0,212,Normal,0,0
1/1/2025 3:54,38,73.72,63.17,69.6,3.09,2.16,1,0,12,Normal,0,1
1/1/2025 3:55,24,84.6,45.71,77.43,4.94,1.4,1,0,171,Normal,0,0
1/1/2025 3:56,5,69.55,61.36,74.71,3.35,1.08,1,0,112,Normal,0,0
1/1/2025 3:57,34,68.26,46.17,75.65,4.69,3.09,2,0,296,Overheating,0,1
1/1/2025 3:58,6,73.03,50.2,38.75,1.95,1.31,1,0,375,Normal,0,0
1/1/2025 3:59,22,81.63,67.34,33.04,2.73,4.56,1,0,235,Normal,0,0
1/1/2025 4:00,11,67.01,47.15,31.49,3.95,3.45,1,0,15,Normal,0,1
1/1/2025 4:01,48,63.17,24.27,68.56,4.07,1.26,2,0,288,Normal,0,1
1/1/2025 4:02,16,86.75,40.72,46.65,3.59,2.18,1,0,471,Normal,0,0
1/1/2025 4:03,33,52.77,51.48,65.81,1.37,1.67,0,0,202,Normal,0,0
1/1/2025 4:04,9,61.98,59.08,60.05,2.61,1.72,1,0,350,Normal,0,0
1/1/2025 4:05,6,96.66,45.78,31.97,1.98,1.39,0,1,8,Normal,1,1
1/1/2025 4:06,16,57.48,51.91,31.61,3,2.06,1,0,19,Normal,0,1
1/1/2025 4:07,29,70.62,51.11,67.39,1.03,4.81,0,0,212,Normal,0,0
1/1/2025 4:08,3,68.51,64.33,69.28,2.98,3.59,2,0,124,Vibration Issue,0,1
1/1/2025 4:09,20,52.06,46.24,64.73,1.49,2.87,1,0,364,Normal,0,0
1/1/2025 4:10,36,64.97,62.96,33.89,3.19,3.71,1,0,103,Normal,0,0
1/1/2025 4:11,19,77.65,56.22,40.68,1.68,0.86,1,0,191,Normal,0,0
1/1/2025 4:12,26,82.55,51.66,77.04,1.52,3.55,1,0,66,Normal,0,0
1/1/2025 4:13,3,86.03,53.26,43.09,1.76,4.35,1,0,91,Normal,0,0
1/1/2025 4:14,19,71.26,53.82,40.4,2.92,3.59,2,0,427,Normal,0,1
1/1/2025 4:15,20,56.5,64.91,46.9,2.16,4.11,1,0,409,Normal,0,0
1/1/2025 4:16,32,75.52,33.31,43.61,3.13,1.94,1,0,85,Normal,0,0
1/1/2025 4:17,7,88.74,46.29,38.84,3.79,0.86,1,0,89,Normal,0,0
1/1/2025 4:18,41,90.26,28.21,57.78,4.92,4.06,1,1,47,Normal,1,1
1/1/2025 4:19,33,84.82,33.97,31.44,2.22,2.87,1,0,108,Normal,0,0
1/1/2025 4:20,40,61.37,46.58,45.71,3.41,1.44,0,0,165,Normal,0,0
1/1/2025 4:21,39,73.05,55.1,56.08,4.18,2.44,1,0,74,Normal,0,0
1/1/2025 4:22,18,77.3,37.81,48.35,2.59,2.13,1,0,478,Normal,0,0
1/1/2025 4:23,40,78.92,59.18,39.32,1.19,3.87,1,0,314,Normal,0,0
1/1/2025 4:24,1,57.21,48.56,40.03,2.47,1.98,1,0,368,Normal,0,0
1/1/2025 4:25,11,95.56,55.23,60.18,3.77,1.9,1,1,36,Normal,1,1
1/1/2025 4:26,28,88.2,43.13,55.32,1.72,4.17,1,0,282,Normal,0,0
1/1/2025 4:27,25,74.97,59.75,40.53,1.86,0.8,1,0,30,Normal,0,0
1/1/2025 4:28,50,76.28,68.45,34.4,3.46,2.63,1,0,457,Normal,0,0
1/1/2025 4:29,23,70,69.34,78.73,3.16,0.79,0,0,378,Normal,0,0
1/1/2025 4:30,31,87.36,47.53,52.75,1.2,1.23,0,0,185,Normal,0,0
1/1/2025 4:31,30,63.43,84.17,74.68,3.52,4.13,1,1,26,Normal,1,1
1/1/2025 4:32,42,76.14,49.09,79.91,3,2.36,1,0,26,Normal,0,0
1/1/2025 4:33,35,66.63,60.82,79.89,4.22,1.62,1,0,458,Normal,0,0
1/1/2025 4:34,7,74.82,68.98,48.06,2.85,2.27,1,0,134,Normal,0,0
1/1/2025 4:35,16,86.69,68.3,66.42,3.47,3.63,1,0,336,Normal,0,0
1/1/2025 4:36,26,68.57,70.29,63.93,4.98,3.51,1,0,338,Normal,0,0
1/1/2025 4:37,48,76.81,69.55,63.47,2.47,4.27,0,0,239,Normal,0,0
1/1/2025 4:38,49,73.72,46.59,57.74,4.05,1.52,2,0,444,Overheating,0,1
1/1/2025 4:39,2,67.66,47.88,30.16,3.14,3.87,1,0,47,Normal,0,0
1/1/2025 4:40,1,68.82,48.57,36.07,4.81,2.64,1,0,393,Normal,0,0
1/1/2025 4:41,48,68.93,57.4,59.26,4.67,0.64,1,0,486,Normal,0,0
1/1/2025 4:42,12,56.95,14.54,71.36,1.76,2.13,1,0,64,Normal,0,0
1/1/2025 4:43,5,73.43,82.62,43,1.38,2.86,2,1,45,Pressure Drop,1,1
1/1/2025 4:44,37,75.78,63.31,39.12,1.44,1.97,1,0,121,Normal,0,0
1/1/2025 4:45,32,59.84,48,55.95,1.59,1.43,1,0,135,Normal,0,0
1/1/2025 4:46,9,70.47,37.7,74.74,4.43,2.7,1,0,140,Normal,0,0
1/1/2025 4:47,41,72.74,42.89,40.79,4.71,4.73,1,0,384,Normal,0,0
1/1/2025 4:48,35,83.08,38.25,55.04,2.38,2.71,1,0,141,Normal,0,0
1/1/2025 4:49,19,92.25,53.71,60.82,1.16,1.87,1,1,29,Normal,1,1
1/1/2025 4:50,48,78.93,26.86,35.85,4.19,3.5,0,0,468,Normal,0,0
1/1/2025 4:51,16,61.23,86.34,58.64,3.82,3.11,1,1,38,Normal,1,1
1/1/2025 4:52,3,65.75,50.57,67.73,1.62,3.48,1,0,132,Normal,0,0
1/1/2025 4:53,20,75.73,58.12,63.95,2.73,1.13,1,0,364,Normal,0,0
1/1/2025 4:54,24,70.48,34.25,62.43,4.2,1.61,1,0,90,Normal,0,0
1/1/2025 4:55,33,74.6,64.81,76.23,4.98,0.61,1,0,437,Normal,0,0
1/1/2025 4:56,24,83.28,52.62,65.38,4.3,3.26,1,0,237,Normal,0,0
1/1/2025 4:57,11,73.28,35.9,73.02,2.8,4.33,1,0,427,Normal,0,0
1/1/2025 4:58,49,99.47,59.31,41.96,3.98,3.82,1,1,25,Normal,1,1
1/1/2025 4:59,8,59.22,49.17,48.62,2.65,4.01,1,0,156,Normal,0,0
1/1/2025 5:00,36,80.39,41.97,54.01,4.08,0.9,0,0,389,Normal,0,0
1/1/2025 5:01,38,58.32,42.33,66.09,3.48,2.51,1,0,236,Normal,0,0
1/1/2025 5:02,40,66.47,44.27,58.27,3.95,3.34,1,0,178,Normal,0,0
1/1/2025 5:03,20,83.41,44.42,35.94,4.17,2.24,1,0,14,Normal,0,1
1/1/2025 5:04,35,54.39,55.99,58.54,4.47,4.21,1,0,421,Normal,0,0
1/1/2025 5:05,48,77.97,21.21,32.64,4.01,2.19,1,0,101,Normal,0,0
1/1/2025 5:06,25,62.56,43.11,67.2,4.62,3.79,1,0,44,Normal,0,0
1/1/2025 5:07,35,74.3,58.98,63.86,3.16,2.34,1,0,157,Normal,0,0
1/1/2025 5:08,25,68.7,33.33,66.75,4.12,3.54,2,0,406,Vibration Issue,0,1
1/1/2025 5:09,29,75.14,48.6,35.3,5,4.55,1,0,309,Normal,0,0
1/1/2025 5:10,18,78.98,71.08,75.63,4.51,3.55,1,0,195,Normal,0,0
1/1/2025 5:11,46,85.59,29.89,79.93,4.83,4.41,0,0,91,Normal,0,0
1/1/2025 5:12,18,76.39,37.98,59.48,2.23,3.84,1,0,250,Normal,0,0
1/1/2025 5:13,2,81.16,65.95,32.38,1.67,0.73,1,0,27,Normal,0,0
1/1/2025 5:14,35,74.33,69.8,53.51,4.93,1.98,1,0,224,Normal,0,0
1/1/2025 5:15,16,61.57,61.44,59.91,1.44,4.06,1,0,487,Normal,0,0
1/1/2025 5:16,41,63.61,45.43,70.17,4.35,1.61,1,0,476,Normal,0,0
1/1/2025 5:17,36,89.92,53.1,61.73,4.37,2.81,1,0,436,Normal,0,0
1/1/2025 5:18,33,62.79,43.25,70.62,2.51,4.8,0,0,126,Normal,0,0
1/1/2025 5:19,4,76.91,54.76,69.41,2.11,4.43,1,0,428,Normal,0,0
1/1/2025 5:20,33,76.74,69.01,38.74,3.72,3.32,1,0,82,Normal,0,0
1/1/2025 5:21,14,76.18,60.74,75.9,2.67,1.08,2,0,43,Overheating,0,1
1/1/2025 5:22,21,85.23,49.62,32.39,2.38,0.93,1,0,309,Normal,0,0
1/1/2025 5:23,48,68.55,65.27,43.96,1.44,1.65,1,0,498,Normal,0,0
1/1/2025 5:24,20,72.88,47.46,74.95,4.19,1.64,2,0,145,Pressure Drop,0,1
1/1/2025 5:25,8,71.59,67.13,79.12,1.11,2.64,1,0,44,Normal,0,0
1/1/2025 5:26,7,52.34,49,52.42,3.35,3.62,1,0,471,Normal,0,0
1/1/2025 5:27,3,67.39,27.79,31.58,2.2,3.92,1,0,142,Normal,0,0
1/1/2025 5:28,17,85.66,56.15,38.76,3.64,3.66,1,0,182,Normal,0,0
1/1/2025 5:29,33,95.24,52.8,56.1,3.44,2.49,1,1,29,Normal,1,1
1/1/2025 5:30,48,84.5,77.83,60.82,1.22,3.07,1,0,488,Normal,0,0
1/1/2025 5:31,12,78.89,76.78,65.89,3.03,3.92,1,0,267,Normal,0,0
1/1/2025 5:32,22,61.25,61.77,45.52,3.32,1.84,1,0,436,Normal,0,0
1/1/2025 5:33,22,76.85,38.29,41.27,3.81,4.46,1,0,109,Normal,0,0
1/1/2025 5:34,46,75.99,52.04,39.33,2,4.95,1,0,494,Normal,0,0
1/1/2025 5:35,30,98.41,26.15,42.39,2.01,1.76,1,1,11,Normal,1,1
1/1/2025 5:36,38,57.53,51.51,40.79,3.97,3.11,1,0,234,Normal,0,0
1/1/2025 5:37,38,62.49,28.8,36.54,1.18,1.04,1,0,51,Normal,0,0
1/1/2025 5:38,45,87.12,68.4,40.12,2.14,0.81,1,0,462,Normal,0,0
1/1/2025 5:39,8,90.45,58,58.25,3.89,3.62,1,1,29,Normal,1,1
1/1/2025 5:40,27,78.31,54.72,73.59,2.69,0.88,1,0,144,Normal,0,0
1/1/2025 5:41,27,71.35,71.46,43.2,4.64,2.69,1,0,302,Normal,0,0
1/1/2025 5:42,34,80.73,56.42,67.72,4.96,4.21,2,0,440,Overheating,0,1
1/1/2025 5:43,21,96.78,52.62,67.8,1.3,1.11,1,1,14,Normal,1,1
1/1/2025 5:44,30,68.52,31.28,59.79,4.73,4.17,0,0,62,Normal,0,0
1/1/2025 5:45,33,79.65,65.18,33.11,4.93,4.05,1,0,22,Normal,0,0
1/1/2025 5:46,28,72.98,53.73,55.73,4.91,3.41,1,0,27,Normal,0,0
1/1/2025 5:47,47,78.69,63.72,62.84,4.59,4.23,1,0,260,Normal,0,0
1/1/2025 5:48,33,82.79,40.66,72.9,3.91,4.52,1,0,227,Normal,0,0
1/1/2025 5:49,5,69.13,38.57,58.72,1.93,3.93,1,0,129,Normal,0,0
1/1/2025 5:50,48,84.81,60.71,71.49,1.22,1.88,1,0,141,Normal,0,0
1/1/2025 5:51,19,70.08,63.15,34.73,2.88,1.22,2,0,234,Overheating,0,1
1/1/2025 5:52,4,80.73,73.55,38.67,3.13,2.73,2,0,386,Pressure Drop,0,1
1/1/2025 5:53,35,55.57,38.4,74.52,1.71,2.41,1,0,38,Normal,0,0
1/1/2025 5:54,49,82.63,59.63,54.71,3.22,3.92,1,0,224,Normal,0,0
1/1/2025 5:55,17,66.13,55.11,59.31,2.58,1.19,1,0,431,Normal,0,0
1/1/2025 5:56,44,70,38.14,39.58,3.87,2.04,1,0,223,Normal,0,0
1/1/2025 5:57,28,52.43,38.98,44.59,3.47,2.2,1,0,92,Normal,0,0
1/1/2025 5:58,30,72.75,58.7,39.75,4.28,0.57,1,0,80,Normal,0,0
1/1/2025 5:59,29,88.28,62.15,68.06,4.8,3.05,1,0,437,Normal,0,0
1/1/2025 6:00,46,59.34,44.88,74.83,3.17,1.15,1,0,176,Normal,0,0
1/1/2025 6:01,6,76.95,42.87,49.64,3.97,3.17,1,0,131,Normal,0,0
1/1/2025 6:02,35,54.6,30.33,38.01,3.3,3.57,1,0,234,Normal,0,0
1/1/2025 6:03,41,73.5,95.8,46.05,3.98,1.52,1,1,6,Normal,1,1
1/1/2025 6:04,37,83.58,42.03,75.8,4.03,3.75,1,0,498,Normal,0,0
1/1/2025 6:05,24,73.91,35.6,43.53,1.29,4.74,1,0,266,Normal,0,0
1/1/2025 6:06,29,82.81,61.45,48.41,4.06,1.32,2,0,127,Pressure Drop,0,1
1/1/2025 6:07,49,69.98,47.2,57.49,1.62,1.06,1,0,405,Normal,0,0
1/1/2025 6:08,46,100.84,48.25,55.39,2.72,1.21,0,1,2,Normal,1,1
1/1/2025 6:09,31,86.01,38.21,51.04,3.08,3.17,1,0,347,Normal,0,0
1/1/2025 6:10,35,77.09,58.08,38.73,1.82,2.82,1,0,216,Normal,0,0
1/1/2025 6:11,33,92.12,35.52,60.68,4.93,4.88,1,1,38,Normal,1,1
1/1/2025 6:12,21,88.95,33.4,71.93,2.92,4.96,1,0,210,Normal,0,0
1/1/2025 6:13,32,69.63,45.78,32.8,3.49,3.64,1,0,484,Normal,0,0
1/1/2025 6:14,23,80.01,45.15,59.21,3.21,3.11,2,0,410,Vibration Issue,0,1
1/1/2025 6:15,33,72.04,61.17,32.59,4.33,1.2,1,0,82,Normal,0,0
1/1/2025 6:16,3,84.19,30.34,72.83,3.18,2.84,0,0,122,Normal,0,0
1/1/2025 6:17,18,90.72,64.3,39.9,1.48,2.28,0,1,19,Normal,1,1
1/1/2025 6:18,25,60.2,64.48,52.25,1.07,0.58,2,0,365,Vibration Issue,0,1
1/1/2025 6:19,42,76.19,66.76,79.48,1.22,2.42,1,0,261,Normal,0,0
1/1/2025 6:20,31,89.62,33.22,58.44,2.09,1.19,1,0,286,Normal,0,0
1/1/2025 6:21,3,82.6,35.89,38.06,2.24,1.2,1,0,33,Normal,0,0
1/1/2025 6:22,40,79.28,59.25,30.48,4.14,1.45,1,0,255,Normal,0,0
1/1/2025 6:23,46,85.75,84.82,72.52,1.93,3.43,1,1,11,Normal,1,1
1/1/2025 6:24,24,61.62,50.65,69.31,4.62,3.23,1,0,184,Normal,0,0
1/1/2025 6:25,50,80.68,57.04,62.96,1.28,1.85,1,0,225,Normal,0,0
1/1/2025 6:26,32,87.34,35.3,39.49,3.49,1.26,1,0,284,Normal,0,0
1/1/2025 6:27,47,80.69,53.54,36.85,4.59,1.18,1,0,316,Normal,0,0
1/1/2025 6:28,22,62.81,48.84,76.69,4.99,0.97,1,0,494,Normal,0,0
1/1/2025 6:29,23,71.23,59.7,44.41,2,4.4,1,0,220,Normal,0,0
1/1/2025 6:30,2,75.11,62.76,40.77,2.42,1.8,1,0,168,Normal,0,0
1/1/2025 6:31,27,66.81,56.92,53.28,3.23,2.25,1,0,36,Normal,0,0
1/1/2025 6:32,42,65.99,42.75,52.3,2.58,2.9,1,0,270,Normal,0,0
1/1/2025 6:33,2,79.91,35.6,41.66,1.65,1.91,0,0,432,Normal,0,0
1/1/2025 6:34,26,91.47,65.52,55.35,3.82,3.14,1,1,6,Normal,1,1
1/1/2025 6:35,17,56.15,58.49,45.59,3.98,4.34,1,0,119,Normal,0,0
1/1/2025 6:36,40,70.17,67.73,51.11,3.74,1.53,1,0,248,Normal,0,0
1/1/2025 6:37,33,67.78,46.48,31.57,3.97,2.9,1,0,418,Normal,0,0
1/1/2025 6:38,9,90.01,28.12,71.27,1.09,2.14,1,1,9,Normal,1,1
1/1/2025 6:39,43,82.23,14.11,51.67,4.3,2.8,1,0,458,Normal,0,0
1/1/2025 6:40,48,88.92,26.84,56.16,4.53,3.78,1,0,10,Normal,0,1
1/1/2025 6:41,39,83.86,37.67,33.33,3.73,2.02,1,0,82,Normal,0,0
1/1/2025 6:42,29,86.81,47.24,46.47,3.68,3.06,1,0,338,Normal,0,0
1/1/2025 6:43,42,77.87,44.41,31.33,1.59,1.99,1,0,15,Normal,0,1
1/1/2025 6:44,26,79.76,53.76,64.5,4.42,3.81,1,0,377,Normal,0,0
1/1/2025 6:45,35,80.25,27.19,45.02,4.35,3.94,1,0,183,Normal,0,0
1/1/2025 6:46,50,75.33,63.9,36.37,2.33,3.33,1,0,274,Normal,0,0
1/1/2025 6:47,25,75.05,72.64,48.16,3.52,4.31,0,0,77,Normal,0,0
1/1/2025 6:48,24,79.75,52.83,47.47,1.43,4.75,1,0,167,Normal,0,0
1/1/2025 6:49,13,79.5,43.78,38.47,1.53,3.65,2,0,471,Vibration Issue,0,1
1/1/2025 6:50,7,77.11,48.85,43.62,1.89,2.12,1,0,476,Normal,0,0
1/1/2025 6:51,36,76.81,72.89,41.64,4.26,1.4,1,0,373,Normal,0,0
1/1/2025 6:52,45,82.12,64.68,64,3.69,2.94,0,0,401,Normal,0,0
1/1/2025 6:53,20,73.72,62.96,74.45,2.49,1.34,1,0,312,Normal,0,0
1/1/2025 6:54,1,62.79,46.85,68.21,3.03,2.31,1,0,198,Normal,0,0
1/1/2025 6:55,8,77.06,48.36,58.59,3.34,1.12,1,0,337,Normal,0,0
1/1/2025 6:56,46,66.02,37.04,34.57,4.45,1.27,2,0,156,Normal,0,1
1/1/2025 6:57,16,85.39,33.59,44.02,3.23,2.04,1,0,379,Normal,0,0
1/1/2025 6:58,14,69.13,52.45,66.95,3.3,4.83,2,0,426,Vibration Issue,0,1
1/1/2025 6:59,12,70,37.35,68.54,4.92,3.29,2,0,476,Normal,0,1
1/1/2025 7:00,23,79.15,24.94,58.38,4.41,1.93,2,0,439,Overheating,0,1
1/1/2025 7:01,15,74.88,61.11,77.88,2.63,2.75,1,0,340,Normal,0,0
1/1/2025 7:02,28,86.82,42.3,55.69,4.99,0.96,1,0,317,Normal,0,0
1/1/2025 7:03,34,72.91,57.12,46.25,4.96,1.72,0,0,72,Normal,0,0
1/1/2025 7:04,2,72.06,51.46,38.82,4.6,1.35,1,0,359,Normal,0,0
1/1/2025 7:05,32,67.37,29.43,52.7,2.23,1.53,1,0,39,Normal,0,0
1/1/2025 7:06,23,63.15,35.58,74.3,3.4,3.83,1,0,264,Normal,0,0
1/1/2025 7:07,22,69.74,54.63,31.82,2.77,4.48,1,0,214,Normal,0,0
1/1/2025 7:08,25,79.11,16.49,79.05,3.24,2.97,1,0,386,Normal,0,0
1/1/2025 7:09,22,87.84,40.12,66.63,1.43,0.9,1,0,19,Normal,0,1
1/1/2025 7:10,22,83.51,41.12,64.16,3.58,0.9,1,0,345,Normal,0,0
1/1/2025 7:11,49,69.3,60.6,51.66,1.43,0.84,1,0,435,Normal,0,0
1/1/2025 7:12,42,76.62,48.83,71.57,1.66,0.65,1,0,335,Normal,0,0
1/1/2025 7:13,6,75.28,88.82,64.92,2.26,4.11,1,1,38,Normal,1,1
1/1/2025 7:14,15,86.59,58.02,67.5,3.47,4.1,1,0,261,Normal,0,0
1/1/2025 7:15,43,88.15,43.05,40.91,1.13,1.54,1,0,411,Normal,0,0
1/1/2025 7:16,37,55.53,48,59.48,3.91,2.95,1,0,364,Normal,0,0
1/1/2025 7:17,33,88.93,20.81,58.2,1.16,2.78,1,0,428,Normal,0,0
1/1/2025 7:18,8,59.3,46.56,66.17,1.06,4.18,1,0,124,Normal,0,0
1/1/2025 7:19,44,77.73,34.06,56.15,1.38,3.2,1,0,295,Normal,0,0
1/1/2025 7:20,44,54.1,37.4,64.93,3.98,1.66,1,0,258,Normal,0,0
1/1/2025 7:21,5,85.16,43.84,74.15,4.05,5,1,0,224,Normal,0,0
1/1/2025 7:22,39,71.61,74.04,37.16,2.4,2.44,1,0,497,Normal,0,0
1/1/2025 7:23,4,81.77,67.69,66.33,3.2,3.55,1,0,151,Normal,0,0
1/1/2025 7:24,6,72.12,38.63,41.98,1.6,2.72,0,0,116,Normal,0,0
1/1/2025 7:25,45,84.71,20.26,35.54,2.8,2.05,1,0,451,Normal,0,0
1/1/2025 7:26,32,58.33,44.74,52.25,2.76,3.78,0,0,366,Normal,0,0
1/1/2025 7:27,30,81.1,28.07,38.48,2.57,2.34,0,0,130,Normal,0,0
1/1/2025 7:28,47,79.17,42.93,34.4,1.88,3.26,0,0,263,Normal,0,0
1/1/2025 7:29,35,78.75,40.91,41.18,3.46,1.24,1,0,325,Normal,0,0
1/1/2025 7:30,40,80.14,64,32.3,4.31,3.02,1,0,158,Normal,0,0
1/1/2025 7:31,16,86.35,61.98,71.21,1.87,4.8,1,0,472,Normal,0,0
1/1/2025 7:32,13,84.87,45.84,76.78,1.05,3.58,1,0,294,Normal,0,0
1/1/2025 7:33,50,60.89,52.25,64.48,1.13,2.89,1,0,391,Normal,0,0
1/1/2025 7:34,42,76.15,55.21,50.49,4.95,4.57,0,0,151,Normal,0,0
1/1/2025 7:35,30,78.55,37.18,65,1.88,3.61,0,0,101,Normal,0,0
1/1/2025 7:36,19,74.34,15.02,33.79,3.11,2.82,1,0,40,Normal,0,0
1/1/2025 7:37,17,76.55,64.22,65.07,4.84,3.74,1,0,439,Normal,0,0
1/1/2025 7:38,19,79.78,60.44,54.82,3.92,3.94,2,0,378,Vibration Issue,0,1
1/1/2025 7:39,28,82.57,54.5,32.91,4.46,4.01,1,0,474,Normal,0,0
1/1/2025 7:40,26,80.7,61.55,69.64,1.03,0.56,1,0,66,Normal,0,0
1/1/2025 7:41,37,83.64,38.33,58.05,3.46,3.8,1,0,148,Normal,0,0
1/1/2025 7:42,26,94.69,40.3,79.41,2.38,4.14,1,1,38,Normal,1,1
1/1/2025 7:43,23,72.93,31.27,32.02,3.47,1.04,1,0,48,Normal,0,0
1/1/2025 7:44,9,73.66,56.7,43.46,4.03,1.39,0,0,187,Normal,0,0
1/1/2025 7:45,12,82.03,53.19,30,2.6,0.81,1,0,19,Normal,0,1
1/1/2025 7:46,1,74.96,49.28,71.68,2.92,4.06,1,0,40,Normal,0,0
1/1/2025 7:47,1,71.61,50.89,47.79,3.01,0.9,1,0,14,Normal,0,1
1/1/2025 7:48,47,70.45,32.05,48.64,4.38,0.93,1,0,435,Normal,0,0
1/1/2025 7:49,34,81.28,38.1,39.05,3.53,4.17,1,0,62,Normal,0,0
1/1/2025 7:50,32,79.52,36.26,35.39,1.21,0.88,1,0,214,Normal,0,0
1/1/2025 7:51,48,93.65,63.64,44.29,1.96,3.22,1,1,10,Normal,1,1
1/1/2025 7:52,25,64.75,30.97,35.54,3.96,3.49,1,0,365,Normal,0,0
1/1/2025 7:53,40,64.99,50.37,35.7,4.01,1.11,1,0,207,Normal,0,0
1/1/2025 7:54,45,75.67,63.75,36.16,4.56,3.15,0,0,190,Normal,0,0
1/1/2025 7:55,1,67.16,43.9,44.75,4.26,0.81,1,0,496,Normal,0,0
1/1/2025 7:56,16,57.19,67.21,66.83,2.64,2.36,1,0,53,Normal,0,0
1/1/2025 7:57,39,70.78,43.02,42.05,1.98,1.94,1,0,452,Normal,0,0
1/1/2025 7:58,5,96.63,70.04,76.57,4.33,2.59,2,1,45,Normal,1,1
1/1/2025 7:59,22,99.87,52.58,63.94,1.36,4.76,0,1,9,Normal,1,1
1/1/2025 8:00,29,80.42,55.78,79.4,1.49,4.52,1,0,57,Normal,0,0
1/1/2025 8:01,3,63.86,42.91,63.51,4.23,2.15,1,0,472,Normal,0,0
1/1/2025 8:02,12,67.18,43,44.85,2.02,3.32,1,0,71,Normal,0,0
1/1/2025 8:03,26,75.93,45.12,52.79,3.82,1.66,1,0,431,Normal,0,0
1/1/2025 8:04,16,69.96,54.9,37.83,2.15,1.26,1,0,311,Normal,0,0
1/1/2025 8:05,37,76.63,43.09,72.9,4.8,2.4,2,0,10,Pressure Drop,0,1
1/1/2025 8:06,22,75.43,44.76,69.06,1.36,1.6,2,0,472,Normal,0,1
1/1/2025 8:07,29,62.76,31.73,74.08,4.06,4.25,1,0,295,Normal,0,0
1/1/2025 8:08,14,74.51,52.18,69.51,1.28,3.71,1,0,288,Normal,0,0
1/1/2025 8:09,28,79.63,51.09,44.36,1.44,0.77,1,0,127,Normal,0,0
1/1/2025 8:10,5,71.26,70.15,49.15,4.42,4.56,1,0,339,Normal,0,0
1/1/2025 8:11,47,84.47,69.72,78.04,3.29,1.37,1,0,392,Normal,0,0
1/1/2025 8:12,49,75.56,61,48.84,2.76,1.08,0,0,438,Normal,0,0
1/1/2025 8:13,30,73.7,31.76,56.78,2.87,0.65,1,0,326,Normal,0,0
1/1/2025 8:14,46,75.62,41.97,43.97,4.94,1.61,1,0,103,Normal,0,0
1/1/2025 8:15,5,69.59,43.21,51.63,3.22,1.45,1,0,140,Normal,0,0
1/1/2025 8:16,12,79.06,65.54,52.53,4.17,0.7,1,0,462,Normal,0,0
1/1/2025 8:17,16,66.43,67.49,44.36,4.5,2.41,0,0,20,Normal,0,0
1/1/2025 8:18,26,98.89,52.62,52.41,4.1,4.78,1,1,10,Normal,1,1
1/1/2025 8:19,26,95.29,28.36,55.05,1.65,4.65,1,1,43,Normal,1,1
1/1/2025 8:20,48,74.23,68.39,43.59,4.29,3.59,1,0,201,Normal,0,0
1/1/2025 8:21,21,80.7,28.2,68.33,4.03,0.93,1,0,237,Normal,0,0
1/1/2025 8:22,39,81.02,43.96,34.51,1.71,3.97,0,0,408,Normal,0,0
1/1/2025 8:23,36,80.95,61.92,51.26,2.98,0.99,1,0,319,Normal,0,0
1/1/2025 8:24,33,81.85,67.96,67.38,3.4,3.33,1,0,74,Normal,0,0
1/1/2025 8:25,30,82.56,52.41,53.19,3.35,4.34,1,0,415,Normal,0,0
1/1/2025 8:26,37,81.93,45.49,53.48,2.97,2.26,1,0,49,Normal,0,0
1/1/2025 8:27,23,67.14,34.82,71.29,1.65,0.62,1,0,85,Normal,0,0
1/1/2025 8:28,10,79.45,39.96,46.72,4.51,4.5,1,0,319,Normal,0,0
1/1/2025 8:29,5,67.55,41.32,46.12,4.27,2.84,1,0,283,Normal,0,0
1/1/2025 8:30,36,80.23,32.63,49.43,4.38,4.18,1,0,451,Normal,0,0
1/1/2025 8:31,34,84.36,52.5,59.03,4.95,0.85,1,0,88,Normal,0,0
1/1/2025 8:32,31,78.75,33.99,65.7,4.72,2.18,1,0,212,Normal,0,0
1/1/2025 8:33,10,82.48,36.49,55.35,2.84,0.68,1,0,487,Normal,0,0
1/1/2025 8:34,19,77.2,25.88,35.33,3.21,3.79,1,0,264,Normal,0,0
1/1/2025 8:35,32,93.49,60.54,40.16,2.16,1.5,1,1,20,Normal,1,1
1/1/2025 8:36,1,79.11,47.71,53.98,3.19,4.34,1,0,87,Normal,0,0
1/1/2025 8:37,5,65.81,52.13,43.03,1.15,1.32,0,0,50,Normal,0,0
1/1/2025 8:38,45,70.14,52.67,64.39,1.5,0.86,1,0,145,Normal,0,0
1/1/2025 8:39,4,79.34,40.65,72.48,2.37,3.54,1,0,100,Normal,0,0
1/1/2025 8:40,16,88.13,34.61,77.31,4.94,4.7,1,0,294,Normal,0,0
1/1/2025 8:41,24,79.02,76.55,32.37,1.77,2.57,1,0,280,Normal,0,0
1/1/2025 8:42,16,77.26,44.39,68.27,1.52,3.02,2,0,141,Pressure Drop,0,1
1/1/2025 8:43,2,63.82,40.76,51.04,3.54,2.68,1,0,467,Normal,0,0
1/1/2025 8:44,49,93.96,93.57,41.08,1.37,2.65,2,1,2,Normal,1,1
1/1/2025 8:45,28,61.72,40.46,47.1,2.38,2.22,2,0,17,Normal,0,1
1/1/2025 8:46,32,59.54,47.41,59.38,3.34,2.22,1,0,49,Normal,0,0
1/1/2025 8:47,27,70.3,37.57,30.61,2.09,4.51,1,0,225,Normal,0,0
1/1/2025 8:48,20,80.93,67.23,45.21,2.22,1.48,0,0,184,Normal,0,0
1/1/2025 8:49,24,71,41.48,76.1,1.44,2.52,1,0,248,Normal,0,0
1/1/2025 8:50,12,68.84,56.17,73.32,4.31,1.73,1,0,238,Normal,0,0
1/1/2025 8:51,50,66.78,62.93,73.18,4.32,4.82,2,0,240,Vibration Issue,0,1
1/1/2025 8:52,35,92.68,57.24,62.35,4.37,4.5,1,1,44,Normal,1,1
1/1/2025 8:53,33,78.35,33.98,62.5,3.64,1.29,2,0,99,Vibration Issue,0,1
1/1/2025 8:54,33,83.96,63.79,51.77,2.29,2.47,1,0,221,Normal,0,0
1/1/2025 8:55,43,95.57,55.86,70.65,3.72,4.48,1,1,13,Normal,1,1
1/1/2025 8:56,37,95.25,50.56,61.96,4.39,2.62,1,1,30,Normal,1,1
1/1/2025 8:57,12,66.02,52.64,51.9,3.5,2.3,1,0,433,Normal,0,0
1/1/2025 8:58,3,77.5,27.52,76.28,1.04,1.39,2,0,373,Vibration Issue,0,1
1/1/2025 8:59,1,82.87,79.72,60.91,1.09,2.03,2,0,41,Pressure Drop,0,1
1/1/2025 9:00,33,76.08,71.79,65.44,2.08,0.87,1,0,244,Normal,0,0
1/1/2025 9:01,40,68.24,68.23,36.93,4.69,2.25,1,0,418,Normal,0,0
1/1/2025 9:02,10,48.33,47.26,48.48,1.98,1.13,1,0,291,Normal,0,0
1/1/2025 9:03,43,88.46,50.43,69.69,3.02,1.28,1,0,76,Normal,0,0
1/1/2025 9:04,44,93.48,64.96,64.91,4.15,4.18,1,1,2,Normal,1,1
1/1/2025 9:05,29,82.37,54.4,79.13,1.55,2.86,1,0,103,Normal,0,0
1/1/2025 9:06,13,74.76,34.71,70.99,2.68,0.9,2,0,444,Pressure Drop,0,1
1/1/2025 9:07,12,69.47,32.14,65.21,1.17,4.57,1,0,239,Normal,0,0
1/1/2025 9:08,31,76.3,30.12,60.39,4.89,3.16,1,0,11,Normal,0,1
1/1/2025 9:09,46,88.36,35.88,56.97,1.13,4.07,1,0,141,Normal,0,0
1/1/2025 9:10,2,80.52,39.03,79.17,3.85,1.24,1,0,442,Normal,0,0
1/1/2025 9:11,50,53.23,49.54,73.81,1.08,3.12,1,0,30,Normal,0,0
1/1/2025 9:12,35,91.04,69.96,49.49,2.26,3.66,1,1,33,Normal,1,1
1/1/2025 9:13,23,81.79,41.19,52.61,2.74,1.34,1,0,34,Normal,0,0
1/1/2025 9:14,17,64.28,60.65,75.46,3.43,1.21,1,0,481,Normal,0,0
1/1/2025 9:15,26,80.92,49.3,54.73,3.27,1.17,1,0,492,Normal,0,0
1/1/2025 9:16,8,77.08,43.71,56.32,2.5,4.85,2,0,482,Overheating,0,1
1/1/2025 9:17,29,77.04,57.12,50.96,4.15,1.25,0,0,54,Normal,0,0
1/1/2025 9:18,26,64.92,46.22,62.87,4.85,3.93,1,0,91,Normal,0,0
1/1/2025 9:19,10,72.39,52.92,74.31,1.04,2.18,1,0,190,Normal,0,0
1/1/2025 9:20,26,58.88,16.73,70.21,1.27,4.92,1,0,88,Normal,0,0
1/1/2025 9:21,34,87.26,44.39,49.31,4.11,4.93,0,0,401,Normal,0,0
1/1/2025 9:22,41,66.43,57.09,51.46,3.11,1.37,0,0,82,Normal,0,0
1/1/2025 9:23,7,86.22,64.3,35.47,1.29,0.55,0,0,339,Normal,0,0
1/1/2025 9:24,4,81.14,68.33,51.59,1.23,3.62,1,0,88,Normal,0,0
1/1/2025 9:25,50,71.04,72.22,53.39,3.29,4.32,1,0,59,Normal,0,0
1/1/2025 9:26,45,67.51,58.16,74.4,1.26,4.97,1,0,450,Normal,0,0
1/1/2025 9:27,11,77.09,59.07,72.69,4.73,2.75,1,0,459,Normal,0,0
1/1/2025 9:28,29,85.85,42.23,77.5,3.71,2.99,1,0,416,Normal,0,0
1/1/2025 9:29,36,83.13,55.93,58.97,3.77,3.13,1,0,367,Normal,0,0
1/1/2025 9:30,25,80.65,67.25,40.05,3.42,2.6,1,0,368,Normal,0,0
1/1/2025 9:31,21,73.37,78.22,30.97,3.25,3.59,1,0,295,Normal,0,0
1/1/2025 9:32,36,83.16,36.11,54.75,4.93,3.38,1,0,88,Normal,0,0
1/1/2025 9:33,10,59.57,45.36,47.92,4.89,2.2,1,0,363,Normal,0,0
1/1/2025 9:34,37,77.46,55.81,52.76,1.52,4.42,2,0,238,Overheating,0,1
1/1/2025 9:35,9,75.09,50.45,72.08,2.97,0.88,1,0,407,Normal,0,0
1/1/2025 9:36,24,62.76,27.86,64.9,3.36,1.6,1,0,239,Normal,0,0
1/1/2025 9:37,35,71.5,62.59,55.29,4.17,3.91,1,0,254,Normal,0,0
1/1/2025 9:38,49,91.92,39.21,49.46,2.74,1.82,1,1,29,Normal,1,1
1/1/2025 9:39,35,80.71,43.51,68.91,3.96,1.54,1,0,437,Normal,0,0
1/1/2025 9:40,48,84.39,27.31,33.82,4.28,4.71,1,0,490,Normal,0,0
1/1/2025 9:41,36,70.54,23.54,58.76,4.21,1.52,1,0,183,Normal,0,0
1/1/2025 9:42,18,58.2,58.75,51.54,3.31,0.95,0,0,233,Normal,0,0
1/1/2025 9:43,49,90.01,29.92,69.22,3.9,4.48,1,1,19,Normal,1,1
1/1/2025 9:44,39,67.67,46.97,56.59,4.77,2.14,1,0,116,Normal,0,0
1/1/2025 9:45,32,71.7,58.99,45.64,1.3,2.42,1,0,64,Normal,0,0
1/1/2025 9:46,24,61.51,59.22,42.67,1.37,3.96,1,0,293,Normal,0,0
1/1/2025 9:47,23,88.92,25.74,55.18,4.49,2.53,2,0,207,Normal,0,1
1/1/2025 9:48,32,78.31,59.64,74.32,2.87,2.89,1,0,294,Normal,0,0
1/1/2025 9:49,37,73.68,35.9,76.76,1.25,1.73,1,0,32,Normal,0,0
1/1/2025 9:50,12,81.13,67,63.76,4.83,2.52,1,0,227,Normal,0,0
1/1/2025 9:51,49,71.3,64.66,45.1,2.98,4.09,1,0,485,Normal,0,0
1/1/2025 9:52,13,68.95,45.05,79.8,2.47,4.2,0,0,329,Normal,0,0
1/1/2025 9:53,23,63.19,54.05,50.18,4.96,4.8,1,0,412,Normal,0,0
1/1/2025 9:54,25,61.91,39.11,46.05,1.82,2.19,1,0,185,Normal,0,0
1/1/2025 9:55,35,85.71,58.37,51.93,1.69,1.95,1,0,121,Normal,0,0
1/1/2025 9:56,41,87.68,56.16,69.72,1.95,3.01,1,0,424,Normal,0,0
1/1/2025 9:57,30,58.04,46.78,63.17,1.31,4.08,0,0,341,Normal,0,0
1/1/2025 9:58,17,74.49,76.5,32.85,2.4,2.17,0,0,109,Normal,0,0
1/1/2025 9:59,49,76.06,23.51,41.13,2.69,3.89,1,0,429,Normal,0,0
1/1/2025 10:00,20,68.5,45.1,58.4,1.89,1.64,1,0,411,Normal,0,0
1/1/2025 10:01,48,66.85,40.79,77.97,3.23,2.79,1,0,81,Normal,0,0
1/1/2025 10:02,25,76.01,37.47,32.26,3,4.95,0,0,409,Normal,0,0
1/1/2025 10:03,22,68.03,44.49,34.8,4.58,2.12,1,0,385,Normal,0,0
1/1/2025 10:04,13,75.32,22.72,31.78,1.02,2.65,1,0,215,Normal,0,0
1/1/2025 10:05,19,64.2,25.54,30.28,4,1.88,1,0,272,Normal,0,0
1/1/2025 10:06,49,69.16,48.38,78.65,1.74,3.78,1,0,136,Normal,0,0
1/1/2025 10:07,36,72.23,47.81,54.83,4.33,1.9,1,0,227,Normal,0,0
1/1/2025 10:08,12,71.66,48.06,72.78,3.66,4.15,2,0,153,Pressure Drop,0,1
1/1/2025 10:09,41,86.46,19.75,37.54,4.44,0.51,1,0,295,Normal,0,0
1/1/2025 10:10,19,69.48,36.44,68.44,1.26,2.71,1,0,101,Normal,0,0
1/1/2025 10:11,12,84.43,48.93,30.75,1.34,2.49,1,0,107,Normal,0,0
1/1/2025 10:12,9,45.24,20.02,38.52,1.21,0.87,0,0,281,Normal,0,0
1/1/2025 10:13,7,75.02,36.47,37.36,1.55,4.55,0,0,249,Normal,0,0
1/1/2025 10:14,28,54.05,56.34,53.7,3.51,1.51,1,0,347,Normal,0,0
1/1/2025 10:15,14,87.33,50.43,66.86,1.15,2.54,0,0,130,Normal,0,0
1/1/2025 10:16,31,95.25,58.8,51.77,4.63,4.31,1,1,44,Normal,1,1
1/1/2025 10:17,19,74.64,53.31,77.56,1.17,2.65,1,0,279,Normal,0,0
1/1/2025 10:18,47,92.22,34.16,72.03,3.29,3.21,1,1,37,Normal,1,1
1/1/2025 10:19,16,67.03,46.88,30.23,1.16,3.71,1,0,385,Normal,0,0
1/1/2025 10:20,5,84.82,54.31,53.94,4.47,4.06,1,0,10,Normal,0,1
1/1/2025 10:21,35,83.46,21.38,49.68,2.35,2.7,1,0,322,Normal,0,0
1/1/2025 10:22,12,73.47,54.69,43.6,1.58,3.77,1,0,472,Normal,0,0
1/1/2025 10:23,25,74.91,52.64,52.85,2.58,4.11,1,0,254,Normal,0,0
1/1/2025 10:24,21,78.32,72.87,60.7,2.49,3.13,1,0,417,Normal,0,0
1/1/2025 10:25,36,77.06,16.8,73.13,3.1,3.54,2,0,343,Electrical Fault,0,1
1/1/2025 10:26,23,78.44,62.82,66.3,1.81,2.77,1,0,117,Normal,0,0
1/1/2025 10:27,16,96.39,60.39,41.63,1.52,2.8,1,1,30,Normal,1,1
1/1/2025 10:28,39,95.05,10.32,39.36,4.13,1.73,1,1,3,Normal,1,1
1/1/2025 10:29,45,83.48,37.94,56.43,1.23,3.18,0,0,268,Normal,0,0
1/1/2025 10:30,42,95.68,66.6,76.6,1.32,4.61,1,1,23,Normal,1,1
1/1/2025 10:31,39,64.04,46.91,66.55,2.5,2.73,1,0,322,Normal,0,0
1/1/2025 10:32,14,83.23,53.2,36.13,1.14,2.74,0,0,334,Normal,0,0
1/1/2025 10:33,31,83.62,34.8,30.42,3.71,1.14,1,0,374,Normal,0,0
1/1/2025 10:34,5,70.88,65.02,72.48,3.39,2.43,1,0,310,Normal,0,0
1/1/2025 10:35,35,96.56,54.57,72.51,3.95,4.26,1,1,19,Normal,1,1
1/1/2025 10:36,23,91.18,37.27,48.21,1.53,1.24,1,1,14,Normal,1,1
1/1/2025 10:37,29,80.36,61.86,66.74,3.27,4.25,1,0,261,Normal,0,0
1/1/2025 10:38,43,67.92,68.37,79.63,2.2,4.78,1,0,496,Normal,0,0
1/1/2025 10:39,11,59.64,53.75,46.06,1.54,1.49,1,0,405,Normal,0,0
1/1/2025 10:40,18,64.67,78.75,45.52,1.67,1.86,0,0,373,Normal,0,0
1/1/2025 10:41,47,91.39,41.25,40.37,2.02,2.19,1,1,35,Normal,1,1
1/1/2025 10:42,12,72.27,63.02,69.5,3.71,3.71,1,0,476,Normal,0,0
1/1/2025 10:43,9,86.53,50.65,49.45,4.3,1.77,1,0,190,Normal,0,0
1/1/2025 10:44,10,78.65,26.2,65.15,3.55,4.19,0,0,155,Normal,0,0
1/1/2025 10:45,44,54.75,51.51,51.86,2.3,2.85,1,0,401,Normal,0,0
1/1/2025 10:46,17,72.39,55.62,42.12,1.29,3.02,1,0,463,Normal,0,0
1/1/2025 10:47,38,65.42,44.37,32.85,2.69,2.42,1,0,385,Normal,0,0
1/1/2025 10:48,7,83.33,32.9,62.48,2.58,0.69,1,0,65,Normal,0,0
1/1/2025 10:49,46,83.88,40.05,70.78,2.28,3.83,1,0,453,Normal,0,0
1/1/2025 10:50,13,73.15,58.89,74.5,4.77,2.19,1,0,158,Normal,0,0
1/1/2025 10:51,40,90.41,43.01,30.55,3.02,0.64,1,1,10,Normal,1,1
1/1/2025 10:52,42,85.82,38.82,47.26,1.7,0.91,1,0,312,Normal,0,0
1/1/2025 10:53,9,70.72,48.33,75,2.31,0.81,1,0,190,Normal,0,0
1/1/2025 10:54,50,80.46,27.15,78.62,4.42,1.71,1,0,248,Normal,0,0
1/1/2025 10:55,27,67.08,49.65,74.4,1.62,4.37,1,0,75,Normal,0,0
1/1/2025 10:56,2,71.64,45.07,69.42,1.57,4.01,0,0,300,Normal,0,0
1/1/2025 10:57,5,81.09,49.53,39.52,1.78,1.78,1,0,480,Normal,0,0
1/1/2025 10:58,29,75.59,23.97,32.29,1.34,2.77,0,0,180,Normal,0,0
1/1/2025 10:59,37,60.83,43.7,60.89,4.8,1.04,1,0,450,Normal,0,0
1/1/2025 11:00,38,79.16,51.17,53.46,4.48,1.71,1,0,206,Normal,0,0
1/1/2025 11:01,19,71.81,52.69,58.81,4.72,2.44,0,0,105,Normal,0,0
1/1/2025 11:02,8,67.03,51.06,65.02,2.96,2.09,1,0,25,Normal,0,0
1/1/2025 11:03,48,64.05,43.18,48.17,3.47,2.16,1,0,323,Normal,0,0
1/1/2025 11:04,45,73.07,44.36,47.99,3.04,3.76,1,0,170,Normal,0,0
1/1/2025 11:05,1,77.55,71.51,65.54,3.38,3.69,1,0,463,Normal,0,0
1/1/2025 11:06,22,72.69,56.1,33.44,1.83,1.32,0,0,402,Normal,0,0
1/1/2025 11:07,17,78.06,31.07,77.81,4.04,4.39,1,0,474,Normal,0,0
1/1/2025 11:08,7,72.38,50.88,34.82,4.48,4.33,1,0,287,Normal,0,0
1/1/2025 11:09,25,80.91,73.9,67.66,1.74,2,1,0,302,Normal,0,0
1/1/2025 11:10,45,73.53,65.87,46.32,3.03,2.86,1,0,482,Normal,0,0
1/1/2025 11:11,4,58.64,45.21,50.2,4.46,1.52,1,0,291,Normal,0,0
1/1/2025 11:12,36,63.01,36.83,74.89,1.36,4,1,0,112,Normal,0,0
1/1/2025 11:13,6,69.74,39.78,61.59,4.68,0.93,1,0,358,Normal,0,0
1/1/2025 11:14,31,87.6,48.09,54.19,4.76,4.97,1,0,13,Normal,0,1
1/1/2025 11:15,19,65.45,49.84,56.87,1.7,2.53,1,0,451,Normal,0,0
1/1/2025 11:16,44,78.93,55.82,53.24,3.91,3.08,1,0,98,Normal,0,0
1/1/2025 11:17,39,79.07,33.64,63.22,2.35,2.27,0,0,446,Normal,0,0
1/1/2025 11:18,27,62.83,64.62,51.31,2.57,1.28,1,0,286,Normal,0,0
1/1/2025 11:19,10,72.3,41.67,31.1,4.58,4.34,1,0,175,Normal,0,0
1/1/2025 11:20,26,76.55,53.82,52.69,4.77,4.52,1,0,280,Normal,0,0
1/1/2025 11:21,19,72.2,64.55,42.63,4.92,4.29,1,0,20,Normal,0,0
1/1/2025 11:22,39,80.67,45.28,76.66,3.16,1.14,1,0,91,Normal,0,0
1/1/2025 11:23,3,80.29,59.12,64.01,4.66,2.87,0,0,132,Normal,0,0
1/1/2025 11:24,45,77.12,41.63,75.2,4.78,1.88,1,0,29,Normal,0,0
1/1/2025 11:25,13,84.18,47.16,65.81,3.93,3.7,1,0,234,Normal,0,0
1/1/2025 11:26,50,74.96,66.4,36.47,2.42,2.18,1,0,217,Normal,0,0
1/1/2025 11:27,28,76.13,43.65,33.62,2.96,3.39,1,0,447,Normal,0,0
1/1/2025 11:28,20,77.83,62.37,77.86,4.75,2.71,1,0,413,Normal,0,0
1/1/2025 11:29,28,64.02,37.48,75.56,4.07,4.36,1,0,249,Normal,0,0
1/1/2025 11:30,8,80.8,35.87,70.77,4.05,2.74,1,0,117,Normal,0,0
1/1/2025 11:31,41,68.87,55.12,63.18,2.43,3.89,1,0,348,Normal,0,0
1/1/2025 11:32,39,72.87,32.45,74.81,1.18,4.95,1,0,183,Normal,0,0
1/1/2025 11:33,1,80.47,48.66,45.88,4.98,0.71,1,0,129,Normal,0,0
1/1/2025 11:34,3,79.47,40.69,48.69,3.82,1.01,1,0,392,Normal,0,0
1/1/2025 11:35,13,60.79,38.19,68.3,4.66,3.78,1,0,366,Normal,0,0
1/1/2025 11:36,28,60.88,57.31,48.04,1.03,2.45,1,0,451,Normal,0,0
1/1/2025 11:37,49,65.04,57.97,75.64,2,1.15,1,0,231,Normal,0,0
1/1/2025 11:38,25,77.01,43.73,34.39,3.2,4.17,1,0,19,Normal,0,1
1/1/2025 11:39,33,88.07,58.56,76.1,3.66,1.07,1,0,147,Normal,0,0
1/1/2025 11:40,38,70.18,65.85,52.01,4.22,1.69,1,0,51,Normal,0,0
1/1/2025 11:41,6,65.58,67.4,34.08,4.18,4.81,1,0,332,Normal,0,0
1/1/2025 11:42,44,65.63,39.09,41.11,3.25,1.4,2,0,279,Normal,0,1
1/1/2025 11:43,45,79.37,25.08,78.56,4.07,0.64,1,0,278,Normal,0,0
1/1/2025 11:44,32,85.75,59.03,76.15,3.38,2.24,1,0,215,Normal,0,0
1/1/2025 11:45,45,85.18,46.67,36.08,2.93,3.65,0,0,476,Normal,0,0
1/1/2025 11:46,47,68.25,50.64,42.52,2.38,0.9,1,0,352,Normal,0,0
1/1/2025 11:47,21,59.83,51.22,57.82,3.37,1.07,1,0,264,Normal,0,0
1/1/2025 11:48,16,75.84,42.91,69.99,3.46,4.47,1,0,277,Normal,0,0
1/1/2025 11:49,21,89.82,78.01,31.13,4.59,2.77,1,0,83,Normal,0,0
1/1/2025 11:50,11,79.32,54.16,78.41,3.9,4.93,1,0,277,Normal,0,0
1/1/2025 11:51,37,61.42,55.58,65.65,3.85,2.54,1,0,129,Normal,0,0
1/1/2025 11:52,36,74.33,50.71,44.95,3.66,2.07,1,0,437,Normal,0,0
1/1/2025 11:53,35,64.9,63.76,56.11,3.82,2.85,1,0,398,Normal,0,0
1/1/2025 11:54,19,78.3,34.9,77.82,4.68,2.14,1,0,290,Normal,0,0
1/1/2025 11:55,20,74.57,40.96,59.8,2.79,0.95,1,0,458,Normal,0,0
1/1/2025 11:56,18,72.27,50.5,43.93,2.44,2.37,1,0,480,Normal,0,0
1/1/2025 11:57,47,68.69,66.29,70.88,1.78,1.79,1,0,478,Normal,0,0
1/1/2025 11:58,41,79.26,51.71,38.86,1.2,1.05,1,0,54,Normal,0,0
1/1/2025 11:59,49,86.94,37.27,54.06,2.58,3.15,1,0,399,Normal,0,0
1/1/2025 12:00,14,91.18,71.43,49.57,2.78,1.02,1,1,8,Normal,1,1
1/1/2025 12:01,15,79.13,38.93,70.07,1.75,1.43,1,0,423,Normal,0,0
1/1/2025 12:02,31,87.71,51.59,39.92,1.15,3.63,1,0,237,Normal,0,0
1/1/2025 12:03,1,64.89,46.14,30.52,2.77,4.8,1,0,184,Normal,0,0
1/1/2025 12:04,3,71.65,49.86,61.17,1.83,1.43,1,0,214,Normal,0,0
1/1/2025 12:05,16,65.42,33.59,49.42,1.29,3.76,1,0,66,Normal,0,0
1/1/2025 12:06,23,70.12,56.25,46.83,1.75,3.57,1,0,316,Normal,0,0
1/1/2025 12:07,11,64.74,58.69,71.63,3.1,2.89,1,0,422,Normal,0,0
1/1/2025 12:08,12,91.29,57.8,62.66,2.47,1.63,1,1,32,Normal,1,1
1/1/2025 12:09,10,71.27,46.65,68.63,4.86,1.01,1,0,306,Normal,0,0
1/1/2025 12:10,32,73.59,69.48,56.14,2.03,4.29,1,0,431,Normal,0,0
1/1/2025 12:11,16,59.54,52.94,61.21,4.88,3.54,1,0,46,Normal,0,0
1/1/2025 12:12,8,54.93,66.1,64.96,3.65,4.2,1,0,362,Normal,0,0
1/1/2025 12:13,38,92,53.3,61.3,3.11,3.9,1,1,1,Normal,1,1
1/1/2025 12:14,12,72.61,57.88,68.31,1.39,1.22,1,0,145,Normal,0,0
1/1/2025 12:15,24,97.94,56.19,53.36,2.92,1.57,0,1,27,Normal,1,1
1/1/2025 12:16,28,73.5,39.83,49.98,3.73,0.61,1,0,366,Normal,0,0
1/1/2025 12:17,8,62.56,67.52,42.79,3.33,0.79,1,0,32,Normal,0,0
1/1/2025 12:18,28,75.22,53.17,30.33,4.66,0.89,0,0,374,Normal,0,0
1/1/2025 12:19,36,75.74,57.73,69.06,4.39,4.73,1,0,223,Normal,0,0
1/1/2025 12:20,26,76.44,47.14,48.09,2.39,1.1,1,0,210,Normal,0,0
1/1/2025 12:21,8,74.3,36.43,34.3,1.01,1.95,1,0,263,Normal,0,0
1/1/2025 12:22,50,59.86,9.22,52.25,4.12,3.52,1,0,25,Normal,0,0
1/1/2025 12:23,28,59.65,50.23,75.21,2.12,1.06,1,0,263,Normal,0,0
1/1/2025 12:24,28,86.64,64.2,50.89,2.65,3.57,1,0,22,Normal,0,0
1/1/2025 12:25,37,94.67,63.2,72.88,3.78,1.84,1,1,34,Normal,1,1
1/1/2025 12:26,41,72.13,62.47,39.07,4.76,0.72,2,0,341,Overheating,0,1
1/1/2025 12:27,36,56.71,17.95,79.01,4.23,4.28,1,0,240,Normal,0,0
1/1/2025 12:28,27,87.04,54.08,54.84,3.07,2.34,1,0,250,Normal,0,0
1/1/2025 12:29,17,66.52,29.03,43,4.52,2.47,1,0,91,Normal,0,0
1/1/2025 12:30,9,78.48,64.39,73.34,2.57,3.79,1,0,35,Normal,0,0
1/1/2025 12:31,33,69.76,47.17,79.68,2.04,2.99,0,0,75,Normal,0,0
1/1/2025 12:32,20,70.06,76.89,43.35,4.56,4.84,1,0,254,Normal,0,0
1/1/2025 12:33,13,66.37,54.08,43.41,3.84,2.09,2,0,473,Overheating,0,1
1/1/2025 12:34,28,88.97,67.24,78.34,2.37,3.5,1,0,204,Normal,0,0
1/1/2025 12:35,48,79.52,53.36,65.06,2.17,3.75,1,0,29,Normal,0,0
1/1/2025 12:36,29,78.31,55.15,56.67,1.51,1.44,1,0,97,Normal,0,0
1/1/2025 12:37,13,75.38,63.93,49.76,4.33,1.61,1,0,19,Normal,0,1
1/1/2025 12:38,46,78.85,50.05,41.76,1.04,2.27,1,0,363,Normal,0,0
1/1/2025 12:39,35,63.15,52.56,70.12,4.68,4.58,1,0,310,Normal,0,0
1/1/2025 12:40,6,80.23,60.36,58.35,4.03,2.9,1,0,342,Normal,0,0
1/1/2025 12:41,18,87.09,73.8,36.99,2.98,1.3,0,0,224,Normal,0,0
1/1/2025 12:42,5,77.2,35.78,56.52,2.43,4.08,1,0,357,Normal,0,0
1/1/2025 12:43,47,83.66,33.33,46.26,2.92,4.6,1,0,398,Normal,0,0
1/1/2025 12:44,25,70.93,56.49,72.89,4.71,2.32,1,0,456,Normal,0,0
1/1/2025 12:45,2,79.09,47.5,57.52,2.4,0.76,0,0,27,Normal,0,0
1/1/2025 12:46,10,71.13,60.31,54.46,4.34,1.73,1,0,289,Normal,0,0
1/1/2025 12:47,30,58.53,53.04,63.38,4.41,3.83,2,0,227,Overheating,0,1
1/1/2025 12:48,50,72.65,39.98,74.69,2.27,2.5,1,0,30,Normal,0,0
1/1/2025 12:49,45,86.26,63.71,69.01,4.59,1.8,1,0,323,Normal,0,0
1/1/2025 12:50,5,61.66,59.59,39.53,2.14,1.85,1,0,109,Normal,0,0
1/1/2025 12:51,33,91.32,33.41,53.38,1.55,2.96,1,1,13,Normal,1,1
1/1/2025 12:52,1,69.48,46.44,48.25,1.51,4.19,1,0,181,Normal,0,0
1/1/2025 12:53,18,80.63,65.13,77.82,4.89,2.01,1,0,134,Normal,0,0
1/1/2025 12:54,32,90.18,55.82,50.18,3.41,3.8,1,1,33,Normal,1,1
1/1/2025 12:55,47,93.28,42.57,55.06,2.43,4.43,1,1,13,Normal,1,1
1/1/2025 12:56,49,91.08,73.84,59.04,3.54,2.09,1,1,48,Normal,1,1
1/1/2025 12:57,11,67.41,74.19,42.81,4.89,2.78,1,0,68,Normal,0,0
1/1/2025 12:58,21,86.44,63.48,55.04,2.51,0.51,1,0,223,Normal,0,0
1/1/2025 12:59,26,69.07,64.31,36.21,2.62,0.94,2,0,469,Normal,0,1
1/1/2025 13:00,25,65.61,28.06,49.79,3.28,1.62,0,0,36,Normal,0,0
1/1/2025 13:01,22,69.13,24.3,79.73,3.95,3.19,0,0,174,Normal,0,0
1/1/2025 13:02,27,87.65,40.19,58.39,2.68,3.99,1,0,235,Normal,0,0
1/1/2025 13:03,49,70.3,50.1,61.78,4.89,3.77,1,0,112,Normal,0,0
1/1/2025 13:04,13,67.21,16.75,59.39,3.13,3.55,1,0,117,Normal,0,0
1/1/2025 13:05,33,91.01,65.69,32.19,2.29,3.68,0,1,46,Normal,1,1
1/1/2025 13:06,34,73.64,77.32,70.69,2.14,1.89,1,0,84,Normal,0,0
1/1/2025 13:07,41,81.54,42.66,42.37,3.7,0.52,2,0,364,Overheating,0,1
1/1/2025 13:08,35,65.59,58.97,36.64,3.93,4.92,1,0,197,Normal,0,0
1/1/2025 13:09,1,71.05,65.95,79.48,4.06,2.72,1,0,236,Normal,0,0
1/1/2025 13:10,21,72.98,59.9,66.81,2.09,4.04,1,0,13,Normal,0,1
1/1/2025 13:11,48,69.21,58.99,75.41,3.55,2.2,2,0,372,Overheating,0,1
1/1/2025 13:12,6,74.19,67.64,48.11,1.66,4.09,1,0,41,Normal,0,0
1/1/2025 13:13,28,66.11,68.57,52.63,2.1,1.05,2,0,352,Overheating,0,1
1/1/2025 13:14,17,74.24,47.92,50.66,4.91,4.27,1,0,338,Normal,0,0
1/1/2025 13:15,5,86.4,55.71,56.8,2.79,4.73,2,0,359,Pressure Drop,0,1
1/1/2025 13:16,31,58.27,75.63,75.85,5,1.13,1,0,355,Normal,0,0
1/1/2025 13:17,5,73.68,42.61,46.94,4.61,2.74,1,0,118,Normal,0,0
1/1/2025 13:18,38,70.19,57.82,78.22,1.71,4.95,1,0,336,Normal,0,0
1/1/2025 13:19,3,69.22,31.75,36.72,2.95,0.94,1,0,103,Normal,0,0
1/1/2025 13:20,23,94.53,36.11,66.57,2.49,4.83,0,1,35,Normal,1,1
1/1/2025 13:21,37,89.46,36.98,75.97,2.03,3.05,2,0,427,Electrical Fault,0,1
1/1/2025 13:22,37,70.1,45.05,61.35,2.3,3.5,1,0,15,Normal,0,1
1/1/2025 13:23,10,61.45,39.49,42.14,1.7,3.87,1,0,458,Normal,0,0
1/1/2025 13:24,10,90.21,57.19,46.74,4.74,4.07,2,1,16,Normal,1,1
1/1/2025 13:25,19,79.01,59.03,50.25,4.3,2.61,1,0,249,Normal,0,0
1/1/2025 13:26,17,63.45,37.88,61.06,2.95,1.99,0,0,90,Normal,0,0
1/1/2025 13:27,21,65.89,61.43,76.5,1.36,3.53,1,0,471,Normal,0,0
1/1/2025 13:28,14,76.05,26.9,38.04,4.28,2.02,2,0,241,Vibration Issue,0,1
1/1/2025 13:29,9,92.55,33.24,69.48,3.54,2.75,1,1,38,Normal,1,1
1/1/2025 13:30,46,71.32,45.93,54.78,2.85,3.76,1,0,277,Normal,0,0
1/1/2025 13:31,1,79.54,36.75,35.42,2.64,4.04,1,0,383,Normal,0,0
1/1/2025 13:32,45,69.09,55.19,65.43,1.24,4.63,1,0,245,Normal,0,0
1/1/2025 13:33,13,79.74,69.03,37.32,3.84,3.61,1,0,322,Normal,0,0
1/1/2025 13:34,4,58.7,63.48,39.53,3.09,2.41,2,0,429,Vibration Issue,0,1
1/1/2025 13:35,1,81.39,43.38,33.08,1,2.67,1,0,146,Normal,0,0
1/1/2025 13:36,49,77.42,45,54.13,2.48,0.99,1,0,234,Normal,0,0
1/1/2025 13:37,40,66.75,54.02,52.84,3.12,3.21,1,0,107,Normal,0,0
1/1/2025 13:38,32,41.49,49.29,74.26,3.45,1.96,1,0,19,Normal,0,1
1/1/2025 13:39,34,91.25,39.89,59.84,2.29,4.4,1,1,43,Normal,1,1
1/1/2025 13:40,28,57.6,59.84,40.48,2.28,3.8,1,0,453,Normal,0,0
1/1/2025 13:41,31,87.62,50.35,68.16,2.84,2.43,1,0,89,Normal,0,0
1/1/2025 13:42,8,66.74,33.57,45.18,4.72,2.95,1,0,15,Normal,0,1
1/1/2025 13:43,39,78.81,72.2,47.87,2.35,0.84,1,0,202,Normal,0,0
1/1/2025 13:44,26,81.15,52.98,77.23,3.55,3.39,2,0,128,Normal,0,1
1/1/2025 13:45,34,91.55,12.21,52.22,4.14,1.07,1,1,33,Normal,1,1
1/1/2025 13:46,3,64.16,60.53,39.76,3.25,1.07,0,0,150,Normal,0,0
1/1/2025 13:47,50,74.61,49.91,37.04,3.03,1.2,1,0,434,Normal,0,0
1/1/2025 13:48,12,65.36,46.2,48.63,2.84,3.45,1,0,315,Normal,0,0
1/1/2025 13:49,1,64.56,27.58,55.1,2.93,2.3,1,0,105,Normal,0,0
1/1/2025 13:50,44,75.93,69.83,75.78,2.29,3.83,1,0,271,Normal,0,0
1/1/2025 13:51,5,83.4,46.45,40.26,2.25,1.7,1,0,75,Normal,0,0
1/1/2025 13:52,30,99.86,14.9,54.25,4.35,0.74,1,1,18,Normal,1,1
1/1/2025 13:53,30,72.8,34.56,76.32,1.2,4.21,2,0,482,Overheating,0,1
1/1/2025 13:54,17,74.3,50.74,64.4,2.33,2.11,1,0,28,Normal,0,0
1/1/2025 13:55,48,74.95,51.21,36.54,4.62,0.99,1,0,339,Normal,0,0
1/1/2025 13:56,47,76.64,39.72,54.45,4.63,2.82,2,0,473,Normal,0,1
1/1/2025 13:57,23,77.52,58.04,39.5,2.24,1.67,1,0,392,Normal,0,0
1/1/2025 13:58,15,63.45,32.13,61.01,4.73,2.4,1,0,194,Normal,0,0
1/1/2025 13:59,37,47.46,48.77,61.74,2.34,0.65,1,0,71,Normal,0,0
1/1/2025 14:00,21,72.3,52.42,57.1,1.48,2.91,1,0,139,Normal,0,0
1/1/2025 14:01,14,94.61,36.08,38.47,4.72,4.58,1,1,2,Normal,1,1
1/1/2025 14:02,2,75.73,65.16,64.08,2.87,2.22,1,0,193,Normal,0,0
1/1/2025 14:03,11,73.67,67.97,65.17,2.49,3.45,1,0,148,Normal,0,0
1/1/2025 14:04,39,74.78,51.17,46.91,1.01,2.44,1,0,222,Normal,0,0
1/1/2025 14:05,38,68.01,53.42,57.81,3.73,2.7,1,0,197,Normal,0,0
1/1/2025 14:06,34,74.01,62.75,32.98,3.33,2.9,1,0,422,Normal,0,0
1/1/2025 14:07,38,75.45,56.71,67.3,3.65,2.56,1,0,70,Normal,0,0
1/1/2025 14:08,50,75.4,49.11,47.37,3.8,2.46,1,0,437,Normal,0,0
1/1/2025 14:09,34,76.12,63.09,53.81,4.04,4.27,0,0,348,Normal,0,0
1/1/2025 14:10,18,76.03,75.4,47.04,1.79,3.65,1,0,121,Normal,0,0
1/1/2025 14:11,30,74.38,46.71,76.98,3.78,3.82,1,0,105,Normal,0,0
1/1/2025 14:12,15,86.36,44.02,52.7,4.86,2.34,1,0,377,Normal,0,0
1/1/2025 14:13,27,93.94,68.78,55.78,2.73,4.09,1,1,35,Normal,1,1
1/1/2025 14:14,34,58.11,40.35,72.54,4.18,2.2,1,0,246,Normal,0,0
1/1/2025 14:15,38,69.44,33.78,64.99,4.82,1.03,1,0,208,Normal,0,0
1/1/2025 14:16,33,52.81,48.08,59.95,2.79,1.65,1,0,221,Normal,0,0
1/1/2025 14:17,24,79.98,64.64,60.91,3.16,4.79,1,0,303,Normal,0,0
1/1/2025 14:18,15,87.47,75.27,43.09,3.24,1.45,1,0,346,Normal,0,0
1/1/2025 14:19,30,76.11,52.17,70.57,3.57,4.61,2,0,469,Vibration Issue,0,1
1/1/2025 14:20,42,76.22,53.73,32.92,1.46,0.81,1,0,251,Normal,0,0
1/1/2025 14:21,17,69.24,53.48,75.09,2.48,4.8,1,0,291,Normal,0,0
1/1/2025 14:22,5,76.88,48.76,36.46,4.5,1.91,1,0,462,Normal,0,0
1/1/2025 14:23,29,74.25,50.81,35.42,3.78,4.19,2,0,296,Vibration Issue,0,1
1/1/2025 14:24,4,85.84,59.66,74.96,1.43,3.97,1,0,496,Normal,0,0
1/1/2025 14:25,10,95.4,63.37,64.04,1.9,3.99,1,1,24,Normal,1,1
1/1/2025 14:26,17,90.58,81.83,46.43,3,0.97,1,1,26,Normal,1,1
1/1/2025 14:27,10,97.66,64.69,50.91,4.08,2.49,1,1,47,Normal,1,1
1/1/2025 14:28,17,81.54,54.89,51.29,3.4,1.42,2,0,316,Normal,0,1
1/1/2025 14:29,20,78.37,48.19,30.3,3.37,0.75,1,0,59,Normal,0,0
1/1/2025 14:30,24,74.84,26.5,40.87,1.76,1.78,0,0,394,Normal,0,0
1/1/2025 14:31,5,78.72,15.9,36.29,3.61,3.45,1,0,245,Normal,0,0
1/1/2025 14:32,34,78.38,39.26,38.64,4.45,4.33,1,0,355,Normal,0,0
1/1/2025 14:33,6,88.24,80.9,48.63,1.34,1.51,1,1,9,Normal,1,1
1/1/2025 14:34,2,73.23,53.56,49.28,1.93,3.34,1,0,417,Normal,0,0
1/1/2025 14:35,13,64.54,36.31,60.01,4.26,2.65,1,0,265,Normal,0,0
1/1/2025 14:36,43,74.7,54.51,79.87,1.46,1.4,1,0,90,Normal,0,0
1/1/2025 14:37,43,65.77,39.28,71.51,3.48,4.33,0,0,386,Normal,0,0
1/1/2025 14:38,48,72.86,64.84,45.06,1.53,3.74,1,0,226,Normal,0,0
1/1/2025 14:39,11,57.76,91.87,53.46,1.91,3.83,1,1,25,Normal,1,1
1/1/2025 14:40,47,75.36,47.32,56.7,2.45,2.33,1,0,212,Normal,0,0
1/1/2025 14:41,23,66.18,47.81,63.92,1.74,1.27,2,0,235,Normal,0,1
1/1/2025 14:42,16,82.45,47.73,51.28,3.93,1.69,1,0,175,Normal,0,0
1/1/2025 14:43,31,71.22,62.35,71.9,1.59,2.42,2,0,378,Vibration Issue,0,1
1/1/2025 14:44,11,55.85,34.71,68.64,4.98,1.6,1,0,300,Normal,0,0
1/1/2025 14:45,16,70.94,46.92,68.95,3.17,4.4,1,0,220,Normal,0,0
1/1/2025 14:46,8,74.17,38.69,51.74,4.75,3.38,1,0,394,Normal,0,0
1/1/2025 14:47,4,78.33,46.09,74.83,1.49,3.77,1,0,304,Normal,0,0
1/1/2025 14:48,40,80.31,72.86,62.41,4.08,0.51,1,0,337,Normal,0,0
1/1/2025 14:49,4,66.94,35.88,40.04,2.98,4.9,1,0,241,Normal,0,0
1/1/2025 14:50,25,67.38,69.32,51.55,2.03,4.11,1,0,464,Normal,0,0
1/1/2025 14:51,3,74.71,44.38,54.1,2.11,2.7,1,0,174,Normal,0,0
1/1/2025 14:52,32,78.04,43.43,35.56,4.26,4,0,0,44,Normal,0,0
1/1/2025 14:53,3,79.73,45.23,46.76,3.21,4.02,1,0,384,Normal,0,0
1/1/2025 14:54,27,84.51,76.79,76.97,1.19,4.92,1,0,457,Normal,0,0
1/1/2025 14:55,29,58.24,56.12,72.86,2.99,3.02,1,0,354,Normal,0,0
1/1/2025 14:56,32,84.7,29.39,35.61,1.07,0.96,1,0,209,Normal,0,0
1/1/2025 14:57,50,83.19,62.32,76.28,3.66,3.82,1,0,120,Normal,0,0
1/1/2025 14:58,19,83.5,44.96,45.79,1.84,1.1,1,0,425,Normal,0,0
1/1/2025 14:59,21,72.78,53.53,54.9,4.16,2.43,1,0,274,Normal,0,0
1/1/2025 15:00,5,77.55,31.82,30.37,2.92,2.89,1,0,314,Normal,0,0
1/1/2025 15:01,18,79.93,29.6,65.67,3.3,1.44,1,0,207,Normal,0,0
1/1/2025 15:02,28,73.16,53.22,75.96,4.28,4.07,0,0,379,Normal,0,0
1/1/2025 15:03,42,84.51,42.22,67.27,1.67,2.74,1,0,332,Normal,0,0
1/1/2025 15:04,22,63.18,47.03,60.69,2.24,3.33,0,0,156,Normal,0,0
1/1/2025 15:05,21,82.2,51.01,53.83,3.65,0.68,1,0,370,Normal,0,0
1/1/2025 15:06,6,79.95,36.95,71.55,3.55,3.16,2,0,94,Electrical Fault,0,1
1/1/2025 15:07,1,90.2,82.44,61.63,2.55,1.69,1,1,32,Normal,1,1
1/1/2025 15:08,5,94.39,74.31,74.95,3.1,3.58,1,1,20,Normal,1,1
1/1/2025 15:09,41,73.08,66.84,42.03,4.54,2.65,1,0,14,Normal,0,1
1/1/2025 15:10,12,90.38,64.09,54.17,2.39,1.66,1,1,26,Normal,1,1
1/1/2025 15:11,26,78.03,58.07,54.5,2.08,4.13,1,0,83,Normal,0,0
1/1/2025 15:12,46,78.32,45.79,66.43,2.88,1.56,1,0,110,Normal,0,0
1/1/2025 15:13,34,78.95,46.37,59.51,1.11,4.43,1,0,411,Normal,0,0
1/1/2025 15:14,49,61.62,54.7,73.38,3.52,3.69,0,0,53,Normal,0,0
1/1/2025 15:15,14,86.35,51.2,78.34,3.92,4.49,1,0,35,Normal,0,0
1/1/2025 15:16,26,61.12,31.3,79.85,3.07,4.16,1,0,24,Normal,0,0
1/1/2025 15:17,45,80.04,52.64,71.01,3.29,1.34,0,0,261,Normal,0,0
1/1/2025 15:18,27,49.94,35.38,55.59,4.1,3.5,1,0,95,Normal,0,0
1/1/2025 15:19,9,72.83,51.22,64.1,4.06,3.77,1,0,81,Normal,0,0
1/1/2025 15:20,26,74.9,48.55,77.14,4.83,1.97,1,0,146,Normal,0,0
1/1/2025 15:21,47,81.39,41.41,70.43,2.08,2.26,2,0,218,Vibration Issue,0,1
1/1/2025 15:22,22,89.51,39.9,63.57,1.68,3.25,1,0,42,Normal,0,0
1/1/2025 15:23,47,74.24,46.31,58.82,4.44,0.64,1,0,43,Normal,0,0
1/1/2025 15:24,30,62.54,61.21,36.01,3.45,4.52,1,0,371,Normal,0,0
1/1/2025 15:25,43,70.52,60.78,45.74,3.6,3.03,1,0,499,Normal,0,0
1/1/2025 15:26,48,77.36,54.78,54.37,2.18,3.84,0,0,288,Normal,0,0
1/1/2025 15:27,17,76.55,24.03,33.12,4.32,4.13,1,0,13,Normal,0,1
1/1/2025 15:28,26,57.61,72.46,64.82,4.34,0.94,1,0,109,Normal,0,0
1/1/2025 15:29,36,69.88,40.91,34.69,3.24,3.83,1,0,425,Normal,0,0
1/1/2025 15:30,1,69.67,65.9,61.57,4.09,4.22,1,0,51,Normal,0,0
1/1/2025 15:31,8,72.92,50.92,76.09,3.9,1.8,2,0,420,Electrical Fault,0,1
1/1/2025 15:32,49,81,45.05,42.93,1.95,2.55,2,0,98,Vibration Issue,0,1
1/1/2025 15:33,35,67.11,47.69,32.85,4.32,0.85,1,0,54,Normal,0,0
1/1/2025 15:34,15,85.67,31.78,46.82,4.52,2.45,1,0,385,Normal,0,0
1/1/2025 15:35,47,82.39,28.77,63.1,2.75,4.88,1,0,175,Normal,0,0
1/1/2025 15:36,22,54.08,37.85,71.93,5,0.83,1,0,368,Normal,0,0
1/1/2025 15:37,14,70.82,48.4,78.77,4.19,2.01,1,0,211,Normal,0,0
1/1/2025 15:38,26,77.12,37.46,57.24,3.06,0.99,1,0,440,Normal,0,0
1/1/2025 15:39,28,90.11,76.2,39.54,2.69,0.92,1,1,34,Normal,1,1
1/1/2025 15:40,23,63.01,29.34,68.87,1.26,4.26,2,0,246,Electrical Fault,0,1
1/1/2025 15:41,14,57.76,71.85,45.96,3.79,3.45,1,0,50,Normal,0,0
1/1/2025 15:42,24,77.23,47.53,41.39,4.17,3.77,1,0,417,Normal,0,0
1/1/2025 15:43,2,64.93,64.8,49.46,1.98,1.22,1,0,12,Normal,0,1
1/1/2025 15:44,45,74.27,46.78,50.73,2.67,3.4,1,0,243,Normal,0,0
1/1/2025 15:45,26,67.71,62.09,70.28,2.48,1.07,2,0,170,Normal,0,1
1/1/2025 15:46,14,84.21,40.08,42.97,1.3,1.67,1,0,162,Normal,0,0
1/1/2025 15:47,7,82.43,55.15,70.54,4.88,1.66,1,0,466,Normal,0,0
1/1/2025 15:48,3,68.94,23.53,30.08,1.74,2.8,1,0,477,Normal,0,0
1/1/2025 15:49,47,90.11,61.03,65.19,1.98,2.79,1,1,35,Normal,1,1
1/1/2025 15:50,23,75.64,64.8,48.53,3.24,1,1,0,234,Normal,0,0
1/1/2025 15:51,46,78.31,59.34,31.74,3.55,4.91,0,0,368,Normal,0,0
1/1/2025 15:52,43,68.38,53.62,58.3,2.36,3.04,1,0,252,Normal,0,0
1/1/2025 15:53,47,67.63,55.26,64.32,1.26,3.39,2,0,387,Vibration Issue,0,1
1/1/2025 15:54,45,90.33,49.88,32.42,1.77,1.52,1,1,10,Normal,1,1
1/1/2025 15:55,18,76.16,27.38,49.65,4.27,3.99,1,0,267,Normal,0,0
1/1/2025 15:56,38,77.27,64.03,61.09,3.16,4.73,1,0,459,Normal,0,0
1/1/2025 15:57,35,69.89,69.78,36.98,3.9,4.99,1,0,462,Normal,0,0
1/1/2025 15:58,15,77.73,76.69,78.85,1.12,4.77,0,0,458,Normal,0,0
1/1/2025 15:59,25,75.18,37.6,66.34,1.21,1.31,1,0,208,Normal,0,0
1/1/2025 16:00,37,74.82,58.15,79.14,4.08,1.8,1,0,100,Normal,0,0
1/1/2025 16:01,28,91.51,53.92,72.93,2.42,1.73,1,1,21,Normal,1,1
1/1/2025 16:02,10,76.34,49.88,65.1,4.78,0.82,1,0,385,Normal,0,0
1/1/2025 16:03,39,63.68,60.99,40.06,3.99,2.05,1,0,217,Normal,0,0
1/1/2025 16:04,17,79.98,73.39,51.78,1.21,1.26,1,0,310,Normal,0,0
1/1/2025 16:05,39,71.32,32.44,77.63,1.34,2.7,1,0,463,Normal,0,0
1/1/2025 16:06,22,64.86,57.34,72.36,4.75,4.75,1,0,26,Normal,0,0
1/1/2025 16:07,26,67.85,56.87,62.68,2.64,1.17,1,0,158,Normal,0,0
1/1/2025 16:08,44,85.9,50.6,53.03,4.16,4.39,2,0,365,Pressure Drop,0,1
1/1/2025 16:09,25,64.72,46.44,51.81,4.37,4.09,1,0,462,Normal,0,0
1/1/2025 16:10,17,65.22,42.78,51.35,1.77,1.17,1,0,248,Normal,0,0
1/1/2025 16:11,13,75.63,49.64,39.47,1.33,3.91,1,0,392,Normal,0,0
1/1/2025 16:12,20,71.72,43.05,52.71,1.61,3.15,1,0,411,Normal,0,0
1/1/2025 16:13,25,65.19,49.54,31.28,4.79,3.02,1,0,218,Normal,0,0
1/1/2025 16:14,4,84.2,37.94,59.17,4.24,1.89,2,0,87,Vibration Issue,0,1
1/1/2025 16:15,10,70.78,71.33,71.78,2.92,4.39,1,0,29,Normal,0,0
1/1/2025 16:16,3,62.05,38.38,70.54,2.12,3.19,1,0,99,Normal,0,0
1/1/2025 16:17,41,77.99,43.36,63,4.35,4.52,1,0,259,Normal,0,0
1/1/2025 16:18,45,83.14,41.83,78.17,3.03,1.78,1,0,42,Normal,0,0
1/1/2025 16:19,18,79.7,24.9,39.17,3.55,0.89,2,0,420,Vibration Issue,0,1
1/1/2025 16:20,47,81.58,54.36,42.47,1.97,1.65,1,0,293,Normal,0,0
1/1/2025 16:21,36,81.42,72.99,30.04,1.49,2.19,1,0,490,Normal,0,0
1/1/2025 16:22,47,72.32,56.52,37.21,2.96,1.28,1,0,123,Normal,0,0
1/1/2025 16:23,22,70.36,18.75,51.12,2.15,4.12,1,0,318,Normal,0,0
1/1/2025 16:24,34,68.28,31.02,48.79,4.15,0.81,2,0,392,Normal,0,1
1/1/2025 16:25,47,74.93,36.65,37.99,4.15,3.89,0,0,371,Normal,0,0
1/1/2025 16:26,8,58.64,61.62,38.3,4.84,1.34,1,0,467,Normal,0,0
1/1/2025 16:27,40,63.45,54.75,75.84,2.61,1.05,1,0,376,Normal,0,0
1/1/2025 16:28,49,88.29,70.65,79.51,3.18,0.88,2,0,340,Normal,0,1
1/1/2025 16:29,44,83.97,26.43,79.87,4.08,1.57,1,0,370,Normal,0,0
1/1/2025 16:30,19,76.55,39.09,69.22,1.65,2.12,1,0,372,Normal,0,0
1/1/2025 16:31,42,90.28,61.03,78.48,2.33,2.82,1,1,38,Normal,1,1
1/1/2025 16:32,41,78.82,48.79,44.5,4.79,0.99,1,0,47,Normal,0,0
1/1/2025 16:33,37,75.28,80.23,68.64,3.24,4.18,1,1,33,Normal,1,1
1/1/2025 16:34,6,61.46,51.37,54.88,3.86,3.17,2,0,174,Normal,0,1
1/1/2025 16:35,26,72.23,21.35,68.73,2.16,1.82,1,0,255,Normal,0,0
1/1/2025 16:36,34,84.79,39.11,44.56,1.02,0.82,1,0,107,Normal,0,0
1/1/2025 16:37,45,80.6,46.36,47.32,3.33,4.96,1,0,283,Normal,0,0
1/1/2025 16:38,6,94.57,35.87,78.73,2.3,2.37,1,1,4,Normal,1,1
1/1/2025 16:39,37,75.24,38.92,57.71,1.23,2.78,1,0,439,Normal,0,0
1/1/2025 16:40,33,49.41,54.67,64.25,1.89,1.97,1,0,409,Normal,0,0
1/1/2025 16:41,22,78.85,71.29,64.2,1.42,0.78,1,0,41,Normal,0,0
1/1/2025 16:42,21,50.51,55.1,40.33,4.96,3.37,1,0,45,Normal,0,0
1/1/2025 16:43,6,70.21,29.85,59.71,4.49,1.41,1,0,303,Normal,0,0
1/1/2025 16:44,6,83.93,64.92,44.84,3.48,2.04,1,0,190,Normal,0,0
1/1/2025 16:45,48,91.84,71.84,39.45,2.98,1.91,1,1,40,Normal,1,1
1/1/2025 16:46,4,64.65,57.65,56.53,1.48,4.49,1,0,48,Normal,0,0
1/1/2025 16:47,30,78.99,59.84,63.11,1.97,4.03,1,0,283,Normal,0,0
1/1/2025 16:48,11,90.76,46.08,33.19,3.43,0.65,1,1,2,Normal,1,1
1/1/2025 16:49,30,75.96,52.4,42.89,3.1,4.71,1,0,220,Normal,0,0
1/1/2025 16:50,31,68.84,74.15,70.93,4.72,3.44,1,0,204,Normal,0,0
1/1/2025 16:51,24,93.47,68.38,61.31,3.19,1.29,1,1,42,Normal,1,1
1/1/2025 16:52,9,84.92,35.82,36.48,2.76,1.34,1,0,137,Normal,0,0
1/1/2025 16:53,3,75.67,29.18,62.35,3.63,2.42,2,0,49,Overheating,0,1
1/1/2025 16:54,31,59.71,53.08,33.51,2.93,2.23,1,0,366,Normal,0,0
1/1/2025 16:55,40,71.44,62.6,66.35,2.59,4.73,1,0,420,Normal,0,0
1/1/2025 16:56,37,67.7,33.72,49.18,4.63,3.86,1,0,247,Normal,0,0
1/1/2025 16:57,36,57.82,65.73,33.84,1.93,4.72,1,0,406,Normal,0,0
1/1/2025 16:58,24,88.49,56.13,39.28,3.01,2.04,1,0,206,Normal,0,0
1/1/2025 16:59,31,80.73,77.67,61.78,4.47,4.46,1,0,179,Normal,0,0
1/1/2025 17:00,6,67.9,45.33,52.9,3.52,1.5,2,0,152,Vibration Issue,0,1
1/1/2025 17:01,2,69.15,50.65,55.84,1.61,1.55,1,0,61,Normal,0,0
1/1/2025 17:02,20,70.42,70.6,66.17,2.38,4.73,1,0,251,Normal,0,0
1/1/2025 17:03,28,65.02,45.98,33.39,2.89,2.38,1,0,20,Normal,0,0
1/1/2025 17:04,11,103.47,61.01,60.03,4.78,2.81,1,1,16,Normal,1,1
1/1/2025 17:05,4,67.84,31.97,56.15,3.06,1.14,1,0,17,Normal,0,1
1/1/2025 17:06,15,71.78,71.98,44.42,3.13,3.18,1,0,307,Normal,0,0
1/1/2025 17:07,6,68.12,70.87,36.14,3.75,3.97,1,0,10,Normal,0,1
1/1/2025 17:08,49,57.08,54.04,33.24,1.93,3.43,1,0,466,Normal,0,0
1/1/2025 17:09,30,62.67,58.75,45.56,2.12,1.72,1,0,22,Normal,0,0
1/1/2025 17:10,38,85.6,43.45,58.01,1.28,0.53,1,0,366,Normal,0,0
1/1/2025 17:11,2,71.74,60.89,67.03,3.47,3.24,1,0,175,Normal,0,0
1/1/2025 17:12,15,79.15,50.72,37.82,1.15,4.43,2,0,330,Overheating,0,1
1/1/2025 17:13,11,79.57,55.97,79.03,3.78,3.36,1,0,129,Normal,0,0
1/1/2025 17:14,8,79.59,73.77,39.36,1.59,3.1,1,0,399,Normal,0,0
1/1/2025 17:15,26,68.06,52.08,63.05,4.81,0.89,1,0,303,Normal,0,0
1/1/2025 17:16,45,91.89,72.71,41.1,4.08,1.38,1,1,47,Normal,1,1
1/1/2025 17:17,44,84.21,58.34,47.39,3.25,3.75,1,0,309,Normal,0,0
1/1/2025 17:18,5,79.76,68.67,36.92,1.31,2.84,1,0,239,Normal,0,0
1/1/2025 17:19,6,77.51,37.99,49.44,4.41,3.12,0,0,41,Normal,0,0
1/1/2025 17:20,26,61.23,56.43,50.61,3.22,2.13,1,0,355,Normal,0,0
1/1/2025 17:21,4,83.29,52.37,43.83,4.35,1.48,1,0,461,Normal,0,0
1/1/2025 17:22,19,73.68,32.57,59.2,4.18,2.81,1,0,61,Normal,0,0
1/1/2025 17:23,20,66.9,62.06,35.82,3.76,1.87,1,0,185,Normal,0,0
1/1/2025 17:24,33,64.79,73.33,48.57,2.03,4.46,1,0,267,Normal,0,0
1/1/2025 17:25,20,84.82,32.45,47.16,1.42,1.02,2,0,34,Overheating,0,1
1/1/2025 17:26,49,61.03,42.29,42.78,2.78,0.84,1,0,161,Normal,0,0
1/1/2025 17:27,12,71.01,28.92,69.17,1.54,2.83,1,0,298,Normal,0,0
1/1/2025 17:28,47,76.6,18.52,33.34,3.64,4.93,0,0,284,Normal,0,0
1/1/2025 17:29,1,73.52,48.22,59.37,4.54,1.65,1,0,478,Normal,0,0
1/1/2025 17:30,26,79.16,56.07,66.6,3.16,4.89,1,0,433,Normal,0,0
1/1/2025 17:31,14,86.75,50.54,55.84,2.48,0.68,1,0,449,Normal,0,0
1/1/2025 17:32,38,81.19,36.3,35.82,2.34,4.73,1,0,495,Normal,0,0
1/1/2025 17:33,37,75.65,34.85,67.65,1.72,1.49,1,0,186,Normal,0,0
1/1/2025 17:34,11,70.54,38.32,69.26,4.3,4.19,0,0,340,Normal,0,0
1/1/2025 17:35,36,60.67,48.36,53.61,2.18,1.93,0,0,237,Normal,0,0
1/1/2025 17:36,13,74.36,41.48,52.48,4.57,2.04,1,0,466,Normal,0,0
1/1/2025 17:37,43,71.25,49.9,47.82,2.55,1.76,1,0,292,Normal,0,0
1/1/2025 17:38,3,80.28,90.07,45.91,4.8,2.81,1,1,23,Normal,1,1
1/1/2025 17:39,33,73.64,60.71,30.41,4.14,2.26,1,0,186,Normal,0,0
1/1/2025 17:40,6,85.4,58.9,37.51,3.11,0.6,1,0,405,Normal,0,0
1/1/2025 17:41,50,70.6,52.92,69.81,1.95,4.35,1,0,394,Normal,0,0
1/1/2025 17:42,10,69.4,67.62,46.66,4.77,4.61,2,0,348,Normal,0,1
1/1/2025 17:43,5,79.23,40.7,47.58,1.71,1.91,2,0,76,Vibration Issue,0,1
1/1/2025 17:44,23,76.08,40.02,38.55,1.4,2.16,2,0,243,Pressure Drop,0,1
1/1/2025 17:45,10,78.8,62.29,30.4,4.94,3.7,1,0,248,Normal,0,0
1/1/2025 17:46,44,73.68,49.38,66.29,1.51,1.66,2,0,488,Normal,0,1
1/1/2025 17:47,2,75.26,49.35,78.28,4.6,3.41,1,0,492,Normal,0,0
1/1/2025 17:48,13,72.04,68.25,39.2,1.9,0.62,1,0,90,Normal,0,0
1/1/2025 17:49,40,76.33,74.07,34.96,4.03,3.58,1,0,180,Normal,0,0
1/1/2025 17:50,2,87.36,38.53,75.05,2.06,3.44,2,0,449,Pressure Drop,0,1
1/1/2025 17:51,20,69.91,24.28,75.07,1.8,4.47,1,0,236,Normal,0,0
1/1/2025 17:52,1,68.94,37.11,42.89,2.79,3.43,1,0,308,Normal,0,0
1/1/2025 17:53,37,78.2,40.96,34.2,2.15,2.38,1,0,375,Normal,0,0
1/1/2025 17:54,9,73.15,47.48,34.01,1.72,3.95,2,0,167,Overheating,0,1
1/1/2025 17:55,17,89.13,31.43,38.5,1.99,3.69,1,0,48,Normal,0,0
1/1/2025 17:56,9,82,59.52,56.32,3.56,2.26,1,0,389,Normal,0,0
1/1/2025 17:57,11,83.55,59.64,67.78,4.22,0.59,1,0,308,Normal,0,0
1/1/2025 17:58,15,84.45,37.05,42,1.65,4.09,1,0,289,Normal,0,0
1/1/2025 17:59,24,68.44,51.09,70.92,3.56,1.66,1,0,389,Normal,0,0
1/1/2025 18:00,38,76.13,71.35,39.3,4.49,4.87,0,0,110,Normal,0,0
1/1/2025 18:01,35,81.77,46.98,42.68,4.75,1.44,2,0,49,Overheating,0,1
1/1/2025 18:02,30,75.05,73.41,77.59,1.73,4.68,1,0,174,Normal,0,0
1/1/2025 18:03,31,66.03,63.57,71.05,1.68,1.94,1,0,142,Normal,0,0
1/1/2025 18:04,49,84.28,48.48,50.7,2.43,1.57,1,0,377,Normal,0,0
1/1/2025 18:05,5,73.25,60.43,72.19,1.74,1.64,1,0,456,Normal,0,0
1/1/2025 18:06,44,78.02,28.2,50.79,3.09,0.62,2,0,447,Normal,0,1
1/1/2025 18:07,50,80.82,37.09,38.07,1.14,3.14,1,0,285,Normal,0,0
1/1/2025 18:08,14,90.13,41.71,78.12,3.45,0.98,1,1,36,Normal,1,1
1/1/2025 18:09,11,77.04,57.55,62.44,2.61,4.73,1,0,397,Normal,0,0
1/1/2025 18:10,9,54.84,60.87,70.62,1.99,4.36,1,0,220,Normal,0,0
1/1/2025 18:11,34,76.82,46.77,45.99,4.22,4.2,1,0,257,Normal,0,0
1/1/2025 18:12,12,77.81,59.99,62.16,1.38,1.66,0,0,209,Normal,0,0
1/1/2025 18:13,35,58.32,37.57,47.31,3.01,3.56,1,0,337,Normal,0,0
1/1/2025 18:14,35,89.72,70.49,45.35,4.34,4.08,1,0,122,Normal,0,0
1/1/2025 18:15,1,48.52,47.32,33.09,2.35,3.01,2,0,354,Pressure Drop,0,1
1/1/2025 18:16,40,80.8,50.96,33.93,4.1,2.11,1,0,179,Normal,0,0
1/1/2025 18:17,22,59.69,59.07,39.97,1.62,3.91,1,0,497,Normal,0,0
1/1/2025 18:18,29,85.69,38.84,62.05,2.1,4.85,2,0,307,Vibration Issue,0,1
1/1/2025 18:19,8,80.65,47.48,43.37,2.7,2.66,1,0,421,Normal,0,0
1/1/2025 18:20,11,89.75,32.3,52.88,2.35,2.18,1,0,59,Normal,0,0
1/1/2025 18:21,41,80.18,64.49,64.37,3.06,4.18,1,0,499,Normal,0,0
1/1/2025 18:22,37,78.54,33.02,78.82,2.84,1.11,1,0,98,Normal,0,0
1/1/2025 18:23,14,71.72,64.06,38.33,4.72,4.49,1,0,487,Normal,0,0
1/1/2025 18:24,30,57.65,59.94,45.81,4.26,0.83,1,0,433,Normal,0,0
1/1/2025 18:25,35,96.8,57.34,70.78,1.51,1.12,1,1,14,Normal,1,1
1/1/2025 18:26,21,70.16,52.79,52.13,1.44,2.17,1,0,353,Normal,0,0
1/1/2025 18:27,37,78.38,48.4,38.57,1.03,0.78,1,0,318,Normal,0,0
1/1/2025 18:28,5,66.77,35.84,38.92,3.33,4.99,1,0,34,Normal,0,0
1/1/2025 18:29,19,64.27,48.19,53.07,1.63,2.62,0,0,214,Normal,0,0
1/1/2025 18:30,14,75.6,62.85,47.49,2.24,2.6,2,0,427,Overheating,0,1
1/1/2025 18:31,26,79.16,54.3,53.98,4.42,4.85,1,0,467,Normal,0,0
1/1/2025 18:32,4,92.57,36.96,46.02,3.81,1.71,2,1,43,Normal,1,1
1/1/2025 18:33,25,85.06,39,50.49,1.31,0.7,1,0,485,Normal,0,0
1/1/2025 18:34,45,77.81,34.91,38.57,4.69,2.81,1,0,492,Normal,0,0
1/1/2025 18:35,42,74.4,64.87,45.31,4.48,1.92,1,0,81,Normal,0,0
1/1/2025 18:36,25,78.45,50.75,33.55,3.33,0.83,2,0,126,Normal,0,1
1/1/2025 18:37,18,72.39,55.68,64.43,4.73,1.43,1,0,149,Normal,0,0
1/1/2025 18:38,40,77.59,55.19,62.45,2.4,1.96,1,0,192,Normal,0,0
1/1/2025 18:39,8,67.04,27.1,77.53,4.01,4.3,1,0,94,Normal,0,0
1/1/2025 18:40,39,69.46,60.58,69.21,4.49,4.43,1,0,387,Normal,0,0
1/1/2025 18:41,40,74.49,22.18,53.51,1.65,4.87,1,0,96,Normal,0,0
1/1/2025 18:42,14,78.24,61.91,71.76,4.9,1.32,1,0,162,Normal,0,0
1/1/2025 18:43,32,73.81,55.98,51.08,1.49,3.72,1,0,19,Normal,0,1
1/1/2025 18:44,38,76.93,46.57,31.8,4.89,1.45,0,0,258,Normal,0,0
1/1/2025 18:45,33,65.88,33.56,38.45,2.97,3.07,1,0,38,Normal,0,0
1/1/2025 18:46,23,62.99,41.88,48.34,1.05,4.12,1,0,458,Normal,0,0
1/1/2025 18:47,15,74.5,53.42,63.6,4.32,3.75,1,0,73,Normal,0,0
1/1/2025 18:48,33,58.13,50.63,49.73,2.65,1.01,1,0,477,Normal,0,0
1/1/2025 18:49,25,83.6,62.06,73.77,2.94,4.83,2,0,145,Vibration Issue,0,1
1/1/2025 18:50,17,61.25,43.95,61.08,1.51,3.55,1,0,440,Normal,0,0
1/1/2025 18:51,33,71.09,25.41,39.77,2.77,3.26,1,0,223,Normal,0,0
1/1/2025 18:52,47,80.03,51.42,34.81,3.61,1.97,1,0,227,Normal,0,0
1/1/2025 18:53,2,84.16,66.72,78.03,1.96,2.33,1,0,358,Normal,0,0
1/1/2025 18:54,14,81.42,91.45,65.61,3.76,0.89,1,1,47,Normal,1,1
1/1/2025 18:55,40,79.85,79.24,33.83,2.71,1.92,1,0,169,Normal,0,0
1/1/2025 18:56,40,100.72,76.36,50.65,1.3,2.96,1,1,48,Normal,1,1
1/1/2025 18:57,39,64.47,29.76,31.93,4.72,1.23,2,0,152,Vibration Issue,0,1
1/1/2025 18:58,6,78.14,25.22,38.79,4.86,0.62,1,0,244,Normal,0,0
1/1/2025 18:59,6,81.33,62.32,69.04,2.53,4.14,1,0,131,Normal,0,0
1/1/2025 19:00,3,78.57,65.84,53.59,2.57,1.69,2,0,443,Pressure Drop,0,1
1/1/2025 19:01,7,70.36,36.26,65.03,2,2.58,1,0,65,Normal,0,0
1/1/2025 19:02,8,80.45,57.07,30.91,2.96,0.92,1,0,264,Normal,0,0
1/1/2025 19:03,42,79.75,41.94,40.83,3.35,0.57,1,0,177,Normal,0,0
1/1/2025 19:04,15,87.44,74.69,31.48,1.22,3.29,0,0,98,Normal,0,0
1/1/2025 19:05,47,79.73,47.41,45.85,3.48,4.56,1,0,374,Normal,0,0
1/1/2025 19:06,29,56,37.28,49.28,1.02,2.7,0,0,124,Normal,0,0
1/1/2025 19:07,33,82.89,51.33,55.18,2.97,2.62,1,0,484,Normal,0,0
1/1/2025 19:08,30,70.99,61.12,41.26,1.97,2.58,1,0,360,Normal,0,0
1/1/2025 19:09,39,73.1,62.61,30.32,2.36,1.22,1,0,30,Normal,0,0
1/1/2025 19:10,27,63.57,45.54,59.37,3.41,4.43,1,0,439,Normal,0,0
1/1/2025 19:11,36,76.36,36.63,74.94,1.26,2.03,2,0,490,Electrical Fault,0,1
1/1/2025 19:12,29,94.74,59.08,38.18,3.11,2.13,1,1,40,Normal,1,1
1/1/2025 19:13,38,85.67,56.58,69.61,4.67,3.98,1,0,346,Normal,0,0
1/1/2025 19:14,33,63.15,50.98,78.87,1.66,3.82,1,0,198,Normal,0,0
1/1/2025 19:15,37,73,53.42,52.07,3.39,2.47,1,0,437,Normal,0,0
1/1/2025 19:16,27,85.09,45.67,68.05,2.73,3.87,1,0,189,Normal,0,0
1/1/2025 19:17,33,73.21,62.48,56.36,4.92,1.04,1,0,386,Normal,0,0
1/1/2025 19:18,4,54.53,25.53,45.92,1.19,3.49,1,0,443,Normal,0,0
1/1/2025 19:19,22,69.54,61.71,48.25,4.37,2.13,1,0,410,Normal,0,0
1/1/2025 19:20,2,88.8,44.66,72.29,1.05,0.73,1,0,175,Normal,0,0
1/1/2025 19:21,10,90.07,64.7,77.86,2.5,3.58,1,1,43,Normal,1,1
1/1/2025 19:22,5,73.23,70.39,55.04,1.5,3.87,2,0,303,Vibration Issue,0,1
1/1/2025 19:23,10,72.26,67.42,40.8,3.82,2.45,1,0,28,Normal,0,0
1/1/2025 19:24,33,52.06,46.26,60.81,2.51,4.3,0,0,136,Normal,0,0
1/1/2025 19:25,38,74.04,77.96,33.02,3.48,0.88,1,0,35,Normal,0,0
1/1/2025 19:26,13,69.29,41.56,33.36,3.57,2.22,1,0,262,Normal,0,0
1/1/2025 19:27,31,56.06,51.46,41.72,3.08,0.51,1,0,346,Normal,0,0
1/1/2025 19:28,47,65.47,52.72,52.12,3.46,3.77,1,0,256,Normal,0,0
1/1/2025 19:29,36,61.89,35.21,46.86,2.43,2.31,1,0,465,Normal,0,0
1/1/2025 19:30,45,75.58,53.18,30.59,2.24,3.18,1,0,162,Normal,0,0
1/1/2025 19:31,24,90.51,55.91,74.63,1.14,2.72,2,1,40,Vibration Issue,1,1
1/1/2025 19:32,15,73.47,49.27,48.08,2.74,1.74,1,0,217,Normal,0,0
1/1/2025 19:33,29,77.61,35.25,46.54,1.56,4.44,0,0,444,Normal,0,0
1/1/2025 19:34,8,99.63,43.62,56.17,2.45,2.19,1,1,48,Normal,1,1
1/1/2025 19:35,5,55.95,83.32,52.36,3.32,3.48,1,1,17,Normal,1,1
1/1/2025 19:36,29,76.92,36.76,59.88,4.36,1.25,1,0,437,Normal,0,0
1/1/2025 19:37,47,86.44,39.31,59.78,1.39,4.93,1,0,353,Normal,0,0
1/1/2025 19:38,4,78.13,35.59,41.79,2.68,4.02,1,0,225,Normal,0,0
1/1/2025 19:39,12,58.73,43.24,64.53,1.24,2,1,0,473,Normal,0,0
1/1/2025 19:40,45,94.29,52.23,37.54,3.49,3.12,0,1,12,Normal,1,1
1/1/2025 19:41,2,83.39,40.07,46.63,1.11,1.87,1,0,303,Normal,0,0
1/1/2025 19:42,27,77.69,39.15,51.67,4.42,3.41,1,0,17,Normal,0,1
1/1/2025 19:43,31,61.18,46.6,77.67,2,2.06,1,0,11,Normal,0,1
1/1/2025 19:44,36,97.91,92.56,61.91,3.34,2.92,1,1,8,Normal,1,1
1/1/2025 19:45,36,80.87,59.7,63.26,1.45,2.64,1,0,124,Normal,0,0
1/1/2025 19:46,26,79.46,31.27,47.82,1.83,4.87,1,0,211,Normal,0,0
1/1/2025 19:47,43,80.86,49.14,47.61,4.77,3.88,1,0,285,Normal,0,0
1/1/2025 19:48,27,84.58,45.13,70.72,2.14,4.62,1,0,382,Normal,0,0
1/1/2025 19:49,5,76.14,58.86,54.04,4.01,3.03,2,0,128,Normal,0,1
1/1/2025 19:50,20,73.82,58.71,57.17,3.68,4.4,1,0,303,Normal,0,0
1/1/2025 19:51,11,52.58,65.82,32.63,2.34,0.76,1,0,295,Normal,0,0
1/1/2025 19:52,10,67.15,25.46,77.2,4.85,1.11,1,0,210,Normal,0,0
1/1/2025 19:53,40,94.81,45.07,37.18,4.35,3.49,1,1,26,Normal,1,1
1/1/2025 19:54,38,66.7,58.5,35.62,3.76,0.79,1,0,330,Normal,0,0
1/1/2025 19:55,6,72.03,52.98,46.64,3.71,4.18,1,0,107,Normal,0,0
1/1/2025 19:56,8,63.47,59.1,46.71,4.14,0.56,1,0,426,Normal,0,0
1/1/2025 19:57,23,80.1,62.76,46.49,4.76,4.5,1,0,408,Normal,0,0
1/1/2025 19:58,47,72.44,64.38,53.23,2.25,3.45,1,0,307,Normal,0,0
1/1/2025 19:59,26,72.09,35.56,71.57,1.69,3.21,1,0,35,Normal,0,0
1/1/2025 20:00,46,66.99,57.54,75.33,3.95,1.9,1,0,248,Normal,0,0
1/1/2025 20:01,43,79.17,90.01,53.85,1.27,4.45,1,1,37,Normal,1,1
1/1/2025 20:02,12,89.72,59,41.37,2.34,1.59,1,0,279,Normal,0,0
1/1/2025 20:03,26,58.08,66.82,68.92,1.49,1.4,0,0,76,Normal,0,0
1/1/2025 20:04,13,71.97,45.56,48.72,4.33,3.42,1,0,409,Normal,0,0
1/1/2025 20:05,40,73.38,79.82,41.95,1.63,0.88,2,0,214,Vibration Issue,0,1
1/1/2025 20:06,18,67.36,55.24,70.95,1.54,4.61,1,0,162,Normal,0,0
1/1/2025 20:07,25,86.57,45.55,66.72,4.14,1.74,1,0,472,Normal,0,0
1/1/2025 20:08,33,86.69,44.74,46.74,1.59,4.57,1,0,125,Normal,0,0
1/1/2025 20:09,47,77.3,36.75,53.73,1.55,3.91,1,0,355,Normal,0,0
1/1/2025 20:10,40,68.21,48.89,58.16,1.88,3.55,1,0,472,Normal,0,0
1/1/2025 20:11,43,86.48,43.56,72.09,4.34,3.83,1,0,297,Normal,0,0
1/1/2025 20:12,12,72.05,35.89,44.27,2.12,3.99,1,0,375,Normal,0,0
1/1/2025 20:13,44,84.79,46.98,42.2,4.62,0.56,1,0,364,Normal,0,0
1/1/2025 20:14,36,99.43,51.31,75.39,4.9,1.34,1,1,42,Normal,1,1
1/1/2025 20:15,48,75.01,39.01,38.08,4.84,1.64,1,0,206,Normal,0,0
1/1/2025 20:16,4,76.58,43.71,34.54,3.71,4.51,1,0,492,Normal,0,0
1/1/2025 20:17,5,68.02,52.67,67.85,3.06,3.96,1,0,180,Normal,0,0
1/1/2025 20:18,37,85.19,49.19,78.41,3.99,4.87,1,0,427,Normal,0,0
1/1/2025 20:19,8,77.11,78.52,58.65,3.1,3.27,1,0,40,Normal,0,0
1/1/2025 20:20,42,62.42,59.48,46.95,4.57,1.95,1,0,313,Normal,0,0
1/1/2025 20:21,49,67.86,52.08,65,3.95,3.37,1,0,297,Normal,0,0
1/1/2025 20:22,28,94.58,46.94,64.71,2.82,2.85,1,1,21,Normal,1,1
1/1/2025 20:23,31,72.54,47.47,54.85,1.11,1.13,1,0,213,Normal,0,0
1/1/2025 20:24,9,64.04,55.2,34.84,2.19,0.56,1,0,430,Normal,0,0
1/1/2025 20:25,29,76.88,58.61,31.33,1.33,1.84,1,0,423,Normal,0,0
1/1/2025 20:26,14,69.69,38.4,44.17,1.27,2.71,1,0,85,Normal,0,0
1/1/2025 20:27,40,73.15,42.67,47.59,3.84,0.9,1,0,82,Normal,0,0
1/1/2025 20:28,41,80.41,46,61.35,3.73,2.53,1,0,244,Normal,0,0
1/1/2025 20:29,22,78.38,52.16,66.99,3.93,3.67,1,0,344,Normal,0,0
1/1/2025 20:30,11,75.34,41.54,72.93,2.35,1.75,1,0,96,Normal,0,0
1/1/2025 20:31,23,68.87,52.03,52.34,1.19,3.06,1,0,103,Normal,0,0
1/1/2025 20:32,1,57.19,47.85,62.76,2.17,3.91,1,0,466,Normal,0,0
1/1/2025 20:33,46,94.21,59.73,72.59,1.75,3.04,1,1,13,Normal,1,1
1/1/2025 20:34,37,93.61,53.99,74.87,3.46,0.69,1,1,4,Normal,1,1
1/1/2025 20:35,21,75.24,58.05,73.64,3.04,3.11,1,0,111,Normal,0,0
1/1/2025 20:36,26,83.35,65.59,78.02,2.49,2.49,1,0,319,Normal,0,0
1/1/2025 20:37,46,74.68,52.92,33.06,1.58,2.82,1,0,142,Normal,0,0
1/1/2025 20:38,36,67.28,40.01,59.51,1.53,3.13,1,0,429,Normal,0,0
1/1/2025 20:39,23,75.74,53.64,58.47,4.79,2.94,0,0,25,Normal,0,0
1/1/2025 20:40,1,76.41,40.67,73.51,3.52,4.02,1,0,274,Normal,0,0
1/1/2025 20:41,40,89.89,43.75,40.27,3.58,1.02,1,0,170,Normal,0,0
1/1/2025 20:42,15,75.95,74.3,45.17,3.94,4.95,1,0,280,Normal,0,0
1/1/2025 20:43,21,92.05,28.48,55.81,2.19,2.01,0,1,17,Normal,1,1
1/1/2025 20:44,47,73.39,65.06,42.64,4.4,1.27,1,0,275,Normal,0,0
1/1/2025 20:45,9,69.33,33.74,66.02,3.05,0.72,2,0,69,Pressure Drop,0,1
1/1/2025 20:46,9,89.89,53.04,69.02,3.96,0.81,1,0,239,Normal,0,0
1/1/2025 20:47,10,88.95,63.6,77.13,3.83,4.42,1,0,264,Normal,0,0
1/1/2025 20:48,26,75.77,18.61,79.54,4.78,4.99,1,0,426,Normal,0,0
1/1/2025 20:49,41,78.42,39.69,77.64,4.03,0.88,1,0,294,Normal,0,0
1/1/2025 20:50,35,77.85,40.14,43.21,4.64,3.55,1,0,109,Normal,0,0
1/1/2025 20:51,25,77.11,40.68,44.91,3.24,4.62,1,0,360,Normal,0,0
1/1/2025 20:52,26,71.28,47.79,48.58,1.82,0.56,1,0,83,Normal,0,0
1/1/2025 20:53,11,98.96,31.47,37.36,2.86,4.92,1,1,15,Normal,1,1
1/1/2025 20:54,38,71,54.48,30.47,4.16,3.09,2,0,367,Overheating,0,1
1/1/2025 20:55,2,80.56,59.69,36.51,4.58,3.95,1,0,202,Normal,0,0
1/1/2025 20:56,7,76.9,40.11,45.98,4.45,4.28,1,0,353,Normal,0,0
1/1/2025 20:57,18,49.82,38.58,51.92,1.29,1.35,1,0,191,Normal,0,0
1/1/2025 20:58,27,76.18,48.94,44.52,2.31,3.13,1,0,55,Normal,0,0
1/1/2025 20:59,34,72.19,49.07,68.96,1.35,3.81,1,0,340,Normal,0,0
1/1/2025 21:00,27,69.43,54.28,70.54,2.68,2.83,0,0,115,Normal,0,0
1/1/2025 21:01,17,64.61,62.73,79.44,1.09,0.76,1,0,100,Normal,0,0
1/1/2025 21:02,43,93.03,37.16,40.43,4.42,1.08,1,1,21,Normal,1,1
1/1/2025 21:03,44,63.87,33.47,48.75,2.96,3.82,1,0,399,Normal,0,0
1/1/2025 21:04,24,73.09,68.35,45.42,4.65,3.08,2,0,457,Vibration Issue,0,1
1/1/2025 21:05,25,69.77,27.37,51.62,4.65,0.88,1,0,54,Normal,0,0
1/1/2025 21:06,7,64.43,34.38,77.95,3,2.73,1,0,188,Normal,0,0
1/1/2025 21:07,6,82.68,56.48,53.9,4.09,1.47,1,0,379,Normal,0,0
1/1/2025 21:08,24,79.45,31.31,36.31,4.97,0.98,1,0,136,Normal,0,0
1/1/2025 21:09,33,70.02,55.87,30.62,1.11,2.16,1,0,409,Normal,0,0
1/1/2025 21:10,49,65.8,59.22,44.41,2.17,3.15,1,0,64,Normal,0,0
1/1/2025 21:11,29,80.24,58.87,33.83,1.17,1.75,1,0,109,Normal,0,0
1/1/2025 21:12,43,79.36,52.5,39.91,2.89,3.08,1,0,466,Normal,0,0
1/1/2025 21:13,22,73.55,32.54,58.07,3.78,3.24,0,0,209,Normal,0,0
1/1/2025 21:14,26,89.37,29.68,66.57,1.84,0.98,1,0,298,Normal,0,0
1/1/2025 21:15,28,90.71,80.51,44.36,2.35,4.58,1,1,13,Normal,1,1
1/1/2025 21:16,50,69.92,58.59,62.11,3.17,3.1,1,0,321,Normal,0,0
1/1/2025 21:17,21,95.88,56.84,35.5,2.37,1.39,1,1,7,Normal,1,1
1/1/2025 21:18,49,72.25,45.59,48.61,3.59,0.6,1,0,34,Normal,0,0
1/1/2025 21:19,7,72.38,50.65,76.63,2.92,1.16,1,0,414,Normal,0,0
1/1/2025 21:20,17,82.13,10.73,78.28,1.61,4.97,0,0,392,Normal,0,0
1/1/2025 21:21,20,78.48,55.45,68.32,3.85,3.15,1,0,151,Normal,0,0
1/1/2025 21:22,41,75.33,34.07,31.02,1.19,3.36,0,0,317,Normal,0,0
1/1/2025 21:23,49,55.85,40.04,33.45,1.77,0.67,1,0,384,Normal,0,0
1/1/2025 21:24,20,59.04,40.91,36.89,2.16,0.8,1,0,399,Normal,0,0
1/1/2025 21:25,22,62.16,55.17,47.02,1.21,3.79,2,0,91,Overheating,0,1
1/1/2025 21:26,28,75.11,56.15,61.04,2.99,3.9,1,0,14,Normal,0,1
1/1/2025 21:27,40,69.82,61.3,75.88,1.03,3.26,1,0,398,Normal,0,0
1/1/2025 21:28,49,71.22,68.72,41.23,3.72,3.53,0,0,180,Normal,0,0
1/1/2025 21:29,7,72.04,80.22,33.7,2.21,1.81,1,1,12,Normal,1,1
1/1/2025 21:30,1,84.78,33.8,71.61,3.8,4.9,1,0,278,Normal,0,0
1/1/2025 21:31,32,82.74,48.19,60.74,4.55,4.11,1,0,253,Normal,0,0
1/1/2025 21:32,13,70.84,29.15,62.26,4.65,0.92,0,0,489,Normal,0,0
1/1/2025 21:33,30,71.96,67.82,60.16,4.49,4.99,0,0,347,Normal,0,0
1/1/2025 21:34,23,66.37,48.34,78.5,1.62,2.47,2,0,226,Vibration Issue,0,1
1/1/2025 21:35,19,71.64,71.15,36.56,3.19,0.96,1,0,274,Normal,0,0
1/1/2025 21:36,32,87.99,68.81,64.82,1.4,4.27,1,0,308,Normal,0,0
1/1/2025 21:37,30,84.19,55.63,59.97,4.44,1.18,1,0,87,Normal,0,0
1/1/2025 21:38,29,78.83,34.83,31.43,4.67,1.05,1,0,372,Normal,0,0
1/1/2025 21:39,49,64.27,41.05,41.16,3.64,1.14,1,0,158,Normal,0,0
1/1/2025 21:40,45,74.47,62.59,72.33,4.39,4.59,1,0,286,Normal,0,0
1/1/2025 21:41,29,71.15,55.4,65.37,1.3,0.52,1,0,391,Normal,0,0
1/1/2025 21:42,30,73.46,72.79,34.61,1.02,4.89,0,0,281,Normal,0,0
1/1/2025 21:43,16,82.9,44.52,38.96,1.68,3.54,0,0,136,Normal,0,0
1/1/2025 21:44,40,85.78,51.57,75.72,1.37,4.32,1,0,257,Normal,0,0
1/1/2025 21:45,19,99.47,55.14,64.1,1.93,4.98,1,1,15,Normal,1,1
1/1/2025 21:46,18,66.02,75.4,73.28,2.02,2.13,1,0,440,Normal,0,0
1/1/2025 21:47,1,87.3,49.51,59.02,4.29,2.19,1,0,384,Normal,0,0
1/1/2025 21:48,14,73.63,49.88,47.69,1.27,1.08,1,0,356,Normal,0,0
1/1/2025 21:49,47,67.86,29.71,50.16,3,4.68,1,0,43,Normal,0,0
1/1/2025 21:50,50,96.73,75.9,59.21,4.41,2.71,1,1,43,Normal,1,1
1/1/2025 21:51,2,92.61,62.04,37.71,3.37,4.97,1,1,28,Normal,1,1
1/1/2025 21:52,28,72.19,42.99,72.48,1.85,0.76,2,0,67,Overheating,0,1
1/1/2025 21:53,49,67.78,37.49,60.66,4.78,2.4,1,0,336,Normal,0,0
1/1/2025 21:54,50,57.4,44.9,58.04,3.63,0.96,1,0,21,Normal,0,0
1/1/2025 21:55,30,87.54,21.92,51.2,1.61,2.65,1,0,88,Normal,0,0
1/1/2025 21:56,38,54.53,89.16,47.32,4.92,1.42,1,1,35,Normal,1,1
1/1/2025 21:57,4,73.54,32.24,49.83,4.95,4.43,1,0,365,Normal,0,0
1/1/2025 21:58,1,66.07,56.35,79.65,4.33,2.87,1,0,33,Normal,0,0
1/1/2025 21:59,8,88.94,57.9,54.85,2.83,4.43,1,0,250,Normal,0,0
1/1/2025 22:00,29,93.45,52.46,55.17,3.56,0.87,2,1,43,Overheating,1,1
1/1/2025 22:01,39,57.96,38.14,42.9,1.73,2.81,0,0,313,Normal,0,0
1/1/2025 22:02,3,75.82,66.5,53.7,1.51,2.34,1,0,53,Normal,0,0
1/1/2025 22:03,32,77.7,40.66,72.75,1.96,4.26,2,0,175,Pressure Drop,0,1
1/1/2025 22:04,10,72.12,33.88,42.94,4.24,3.35,0,0,486,Normal,0,0
1/1/2025 22:05,10,68.59,58.99,77.9,2.75,4.73,0,0,154,Normal,0,0
1/1/2025 22:06,19,90.64,59.96,60.51,4.61,2.86,1,1,26,Normal,1,1
1/1/2025 22:07,46,69.77,40.52,77.62,1.94,4.97,1,0,124,Normal,0,0
1/1/2025 22:08,34,94.83,31.65,48.36,3.19,2.65,1,1,18,Normal,1,1
1/1/2025 22:09,33,68.38,69.98,55.32,3.56,2.48,1,0,360,Normal,0,0
1/1/2025 22:10,23,82.72,47.29,65.83,1.54,1.8,1,0,499,Normal,0,0
1/1/2025 22:11,28,83.35,60.27,66.89,4.98,1.25,1,0,205,Normal,0,0
1/1/2025 22:12,32,68.37,47.56,39.37,3.94,2.07,1,0,240,Normal,0,0
1/1/2025 22:13,50,57.22,46.68,48.69,2.39,2.79,1,0,145,Normal,0,0
1/1/2025 22:14,7,66.41,81.56,67.54,2.22,3.81,2,1,17,Pressure Drop,1,1
1/1/2025 22:15,29,63.21,42.85,40.81,3.08,3.59,1,0,139,Normal,0,0
1/1/2025 22:16,8,83.24,50.94,44.9,2.53,2.53,1,0,282,Normal,0,0
1/1/2025 22:17,1,71.21,33.01,75.4,4.63,3.29,1,0,218,Normal,0,0
1/1/2025 22:18,3,88.74,63.62,36.7,4,0.77,1,0,164,Normal,0,0
1/1/2025 22:19,24,80.73,59.39,42.85,2.27,1.82,1,0,423,Normal,0,0
1/1/2025 22:20,23,73.08,49.07,45.29,1.04,1.43,1,0,363,Normal,0,0
1/1/2025 22:21,8,75.84,43.5,65.65,2.6,3.91,1,0,218,Normal,0,0
1/1/2025 22:22,47,61.73,64.83,59.93,1.64,4.17,1,0,358,Normal,0,0
1/1/2025 22:23,37,73.06,47.34,50.76,2.4,0.6,1,0,364,Normal,0,0
1/1/2025 22:24,3,76.44,66.19,64.22,2.36,5,1,0,334,Normal,0,0
1/1/2025 22:25,33,71.16,45.31,46.55,2.45,2.31,1,0,189,Normal,0,0
1/1/2025 22:26,28,69.37,58.15,77.24,2.25,3.63,1,0,150,Normal,0,0
1/1/2025 22:27,47,85.06,46,77.26,4.69,2.53,1,0,108,Normal,0,0
1/1/2025 22:28,8,65.57,34.23,59.43,1.42,3.89,1,0,19,Normal,0,1
1/1/2025 22:29,34,80.85,37.56,62.04,4.56,2.67,1,0,22,Normal,0,0
1/1/2025 22:30,35,86,47.72,45.49,1.19,2.83,1,0,157,Normal,0,0
1/1/2025 22:31,32,79.95,45.76,47.91,3.44,0.62,1,0,376,Normal,0,0
1/1/2025 22:32,24,62.96,51.08,32.69,4.53,1.4,2,0,216,Normal,0,1
1/1/2025 22:33,14,76.14,67.64,72.06,3.6,2.83,1,0,108,Normal,0,0
1/1/2025 22:34,32,83.93,25.74,42.19,1.41,1.13,1,0,449,Normal,0,0
1/1/2025 22:35,46,72.11,58.89,75.72,3.9,4.68,0,0,180,Normal,0,0
1/1/2025 22:36,43,66.46,44.34,52.02,2.42,2.31,1,0,308,Normal,0,0
1/1/2025 22:37,16,66.12,57.98,76.69,1.29,3.67,1,0,395,Normal,0,0
1/1/2025 22:38,4,78.22,58.38,72.61,1.65,1.78,1,0,246,Normal,0,0
1/1/2025 22:39,37,71.68,64.56,59.83,1.69,3.11,1,0,127,Normal,0,0
1/1/2025 22:40,21,68.82,50.89,73.57,3.75,2.59,1,0,234,Normal,0,0
1/1/2025 22:41,14,54.01,54.55,76.15,1.31,0.87,1,0,385,Normal,0,0
1/1/2025 22:42,31,93.03,36.07,58.08,1.81,1.84,1,1,32,Normal,1,1
1/1/2025 22:43,48,71.86,48.76,79.53,1.28,3.03,1,0,297,Normal,0,0
1/1/2025 22:44,18,83.14,33.24,47.14,2.34,2.63,0,0,446,Normal,0,0
1/1/2025 22:45,7,88.38,60.99,43.53,1.03,4.58,1,0,275,Normal,0,0
1/1/2025 22:46,10,109.06,40.7,38.01,4.77,4,1,1,41,Normal,1,1
1/1/2025 22:47,7,81.82,39.35,52.05,1.81,1.75,1,0,268,Normal,0,0
1/1/2025 22:48,33,78.35,61.98,54.96,3.14,2.68,1,0,161,Normal,0,0
1/1/2025 22:49,23,59.5,40.31,37.05,1.3,1.03,2,0,148,Vibration Issue,0,1
1/1/2025 22:50,21,54.73,65.06,37.64,4.02,0.54,1,0,114,Normal,0,0
1/1/2025 22:51,19,51.13,49.84,32.98,2.27,3.34,1,0,79,Normal,0,0
1/1/2025 22:52,48,73.31,47.14,31.18,4.45,2.53,1,0,420,Normal,0,0
1/1/2025 22:53,19,65.02,66.25,67.14,4.77,3.44,1,0,257,Normal,0,0
1/1/2025 22:54,36,70.14,31.62,50.7,4.71,1.67,1,0,82,Normal,0,0
1/1/2025 22:55,29,89.37,31.31,70.54,4.1,4.39,1,0,183,Normal,0,0
1/1/2025 22:56,18,80.17,53.88,52.04,2.26,0.58,1,0,292,Normal,0,0
1/1/2025 22:57,2,74.86,35.98,72.23,1.72,0.53,1,0,322,Normal,0,0
1/1/2025 22:58,1,76.96,53.85,64.91,2.53,3.52,1,0,404,Normal,0,0
1/1/2025 22:59,47,68.03,45.16,37.02,4.66,3.7,1,0,62,Normal,0,0
1/1/2025 23:00,5,70.21,44.65,40.92,1.81,2.9,1,0,406,Normal,0,0
1/1/2025 23:01,20,61.17,63.66,31.93,4.93,1.9,1,0,209,Normal,0,0
1/1/2025 23:02,11,82.77,27.59,55.92,1.98,1.06,1,0,460,Normal,0,0
1/1/2025 23:03,42,92.71,51.55,61.1,1.36,0.57,1,1,41,Normal,1,1
1/1/2025 23:04,2,88.62,98.25,37.87,4.52,0.64,1,1,35,Normal,1,1
1/1/2025 23:05,3,75.25,48.49,57.04,2.36,4.13,1,0,44,Normal,0,0
1/1/2025 23:06,23,84.57,47.18,73.14,4.69,1.79,1,0,353,Normal,0,0
1/1/2025 23:07,12,80.44,44.01,74.21,2.12,3.74,0,0,363,Normal,0,0
1/1/2025 23:08,20,76.73,50.98,40.55,2.17,1.7,1,0,348,Normal,0,0
1/1/2025 23:09,5,78.52,59.89,47.69,1.26,2.45,1,0,182,Normal,0,0
1/1/2025 23:10,37,61.82,51.69,43.9,3.93,1.65,1,0,109,Normal,0,0
1/1/2025 23:11,38,70.2,36.93,65.38,3.49,1.86,1,0,405,Normal,0,0
1/1/2025 23:12,30,68.18,35.68,41.83,1.74,0.94,1,0,283,Normal,0,0
1/1/2025 23:13,9,59.88,76.86,48.23,4.25,2.31,1,0,88,Normal,0,0
1/1/2025 23:14,34,80.77,59.77,60.99,2.21,4.01,1,0,282,Normal,0,0
1/1/2025 23:15,44,82.02,61.32,39.72,2.56,1.46,1,0,442,Normal,0,0
1/1/2025 23:16,35,49.65,47.48,47.31,2.25,1.86,1,0,185,Normal,0,0
1/1/2025 23:17,22,74.85,25.55,73.82,4.65,4.87,1,0,497,Normal,0,0
1/1/2025 23:18,44,71.61,71.17,37.07,1.46,4.9,1,0,172,Normal,0,0
1/1/2025 23:19,24,68.76,56.8,46.98,1.25,0.65,1,0,54,Normal,0,0
1/1/2025 23:20,17,58.52,36.37,63.26,4.38,3.33,1,0,214,Normal,0,0
1/1/2025 23:21,10,75.61,16.35,59.77,1.62,3.13,2,0,385,Vibration Issue,0,1
1/1/2025 23:22,30,75.19,51.13,35.88,4.96,0.9,1,0,26,Normal,0,0
1/1/2025 23:23,46,71.23,67.73,46.44,3.79,2.83,1,0,339,Normal,0,0
1/1/2025 23:24,23,83.09,43.06,34.1,2.73,0.85,1,0,29,Normal,0,0
1/1/2025 23:25,32,82.65,72.31,36.94,2.97,1.06,1,0,200,Normal,0,0
1/1/2025 23:26,17,56.37,54.91,32.15,3.02,1.92,1,0,131,Normal,0,0
1/1/2025 23:27,50,82.63,48.83,74.57,3,2.08,0,0,220,Normal,0,0
1/1/2025 23:28,17,65.44,52.55,44.77,3.2,3.69,0,0,414,Normal,0,0
1/1/2025 23:29,14,72.27,61.63,46.12,2.93,3.8,2,0,227,Overheating,0,1
1/1/2025 23:30,9,91.48,64.92,61.89,3.54,3.32,1,1,21,Normal,1,1
1/1/2025 23:31,40,74.57,38.19,36.86,2.55,3.01,1,0,163,Normal,0,0
1/1/2025 23:32,2,85.28,32.22,66.83,3.57,3.15,1,0,34,Normal,0,0
1/1/2025 23:33,45,72.46,38.44,34.37,2.54,1.15,1,0,440,Normal,0,0
1/1/2025 23:34,25,84.36,51.03,64.03,1.04,1.36,1,0,236,Normal,0,0
1/1/2025 23:35,39,74.46,67.49,48.88,3.38,3.48,1,0,479,Normal,0,0
1/1/2025 23:36,9,72.31,47.6,49.35,4.45,1.56,1,0,443,Normal,0,0
1/1/2025 23:37,22,76.23,47.46,78.18,4.51,3.28,1,0,18,Normal,0,1
1/1/2025 23:38,43,63.81,43.35,79.09,1.58,4.86,2,0,425,Pressure Drop,0,1
1/1/2025 23:39,46,69.85,65.13,69.85,1.64,1.12,0,0,401,Normal,0,0
1/1/2025 23:40,4,81.11,44.68,35.49,3.1,4.88,2,0,487,Overheating,0,1
1/1/2025 23:41,26,83.38,70,57.49,3.74,3.08,1,0,65,Normal,0,0
1/1/2025 23:42,29,65.88,47.75,59.35,4.62,4.24,1,0,471,Normal,0,0
1/1/2025 23:43,45,92.23,41.46,74.65,4.93,1.45,1,1,32,Normal,1,1
1/1/2025 23:44,34,93.08,34.01,68.92,3.16,0.73,1,1,9,Normal,1,1
1/1/2025 23:45,23,65.75,73.21,61.7,3.25,4.9,1,0,73,Normal,0,0
1/1/2025 23:46,37,70.44,38.48,42.1,2.2,0.6,1,0,448,Normal,0,0
1/1/2025 23:47,11,74.7,55.1,43.41,1.66,4.96,1,0,423,Normal,0,0
1/1/2025 23:48,6,87.15,71.34,36.34,1.45,3.04,1,0,23,Normal,0,0
1/1/2025 23:49,18,80.73,39.5,77.47,1.48,4.84,1,0,171,Normal,0,0
1/1/2025 23:50,21,71.94,58.26,67.46,2.86,4.49,1,0,95,Normal,0,0
1/1/2025 23:51,42,62.36,47.07,39.05,1.8,2.69,1,0,284,Normal,0,0
1/1/2025 23:52,36,55.43,53.87,68.93,2.82,1.8,1,0,115,Normal,0,0
1/1/2025 23:53,41,77.86,63.17,45.21,4.21,4.95,1,0,493,Normal,0,0
1/1/2025 23:54,38,93.2,68.88,60,1.1,3.17,1,1,36,Normal,1,1
1/1/2025 23:55,34,75.04,70.12,46.31,3.66,2.26,1,0,123,Normal,0,0
1/1/2025 23:56,17,79.15,57.36,75.56,2.08,4.15,0,0,114,Normal,0,0
1/1/2025 23:57,37,77.11,56.65,47.92,4.21,1.21,1,0,278,Normal,0,0
1/1/2025 23:58,25,58.61,61.43,78.11,4.14,2.7,1,0,272,Normal,0,0
1/1/2025 23:59,38,90.71,35.23,34.51,3.46,3.9,1,1,37,Normal,1,1
1/2/2025 0:00,12,67.12,33.67,74.26,3.55,4.28,1,0,150,Normal,0,0
1/2/2025 0:01,23,67,66.08,38.98,4.17,4.22,1,0,475,Normal,0,0
1/2/2025 0:02,42,79.66,28.75,68.54,1.26,2.83,1,0,268,Normal,0,0
1/2/2025 0:03,22,67.82,50.33,36.91,2.22,1.02,1,0,438,Normal,0,0
1/2/2025 0:04,21,61.97,30.91,66.39,2.86,2.78,1,0,60,Normal,0,0
1/2/2025 0:05,27,84.68,48.01,41.92,1.57,2.33,0,0,306,Normal,0,0
1/2/2025 0:06,31,76.28,49.23,32.07,3.81,3.08,2,0,193,Vibration Issue,0,1
1/2/2025 0:07,6,84.59,50.53,37.95,1.82,1.3,1,0,179,Normal,0,0
1/2/2025 0:08,27,71.32,63.07,70.83,4.19,4.75,1,0,35,Normal,0,0
1/2/2025 0:09,40,70.45,25.78,67.97,2.79,1.36,2,0,449,Overheating,0,1
1/2/2025 0:10,34,77.53,61.89,58.84,3.14,1.25,1,0,40,Normal,0,0
1/2/2025 0:11,12,78.52,43.1,56.76,4,1.9,1,0,488,Normal,0,0
1/2/2025 0:12,45,68.58,31.61,32.37,2.45,4.98,1,0,32,Normal,0,0
1/2/2025 0:13,7,67.38,47.6,47.66,1.11,3.86,0,0,423,Normal,0,0
1/2/2025 0:14,10,84.07,52.1,75.16,3.96,1.25,2,0,445,Overheating,0,1
1/2/2025 0:15,45,78.34,77.63,50.58,3.81,4.73,1,0,204,Normal,0,0
1/2/2025 0:16,17,77.75,6,62.83,4.51,3.81,1,0,429,Normal,0,0
1/2/2025 0:17,26,55.25,32.07,57.41,3.35,1.23,1,0,184,Normal,0,0
1/2/2025 0:18,21,77.58,46.9,75.61,4.51,2.23,1,0,323,Normal,0,0
1/2/2025 0:19,28,78.72,68.06,34.23,1.06,1.26,1,0,179,Normal,0,0
1/2/2025 0:20,46,71.8,53.62,52.46,1.66,1.35,1,0,446,Normal,0,0
1/2/2025 0:21,2,80.65,62.44,39.93,1.12,1.59,1,0,208,Normal,0,0
1/2/2025 0:22,43,68.07,45.07,59.53,4.96,2.79,1,0,125,Normal,0,0
1/2/2025 0:23,1,78.43,68.41,49.43,3.58,3.12,1,0,441,Normal,0,0
1/2/2025 0:24,36,59.75,40.8,61.15,3.84,4.95,1,0,204,Normal,0,0
1/2/2025 0:25,26,84.04,29.06,33.57,3.56,3.15,2,0,460,Overheating,0,1
1/2/2025 0:26,29,67.28,39.44,30.69,3.29,0.8,1,0,367,Normal,0,0
1/2/2025 0:27,21,79.34,55.13,46.03,1.81,2.29,1,0,203,Normal,0,0
1/2/2025 0:28,11,87.43,57.48,38.22,1.17,3.57,1,0,424,Normal,0,0
1/2/2025 0:29,40,84.87,58.85,36.38,3.16,4.54,0,0,257,Normal,0,0
1/2/2025 0:30,11,79.31,15.11,67.69,1.16,2.04,1,0,336,Normal,0,0
1/2/2025 0:31,36,83.22,62.15,79.27,2.9,0.94,1,0,173,Normal,0,0
1/2/2025 0:32,49,89.94,44.12,46.47,2.46,4.8,1,0,192,Normal,0,0
1/2/2025 0:33,39,76.2,56.91,74.44,1.22,1.99,1,0,335,Normal,0,0
1/2/2025 0:34,40,84.7,24.37,50.37,1.76,1.27,1,0,111,Normal,0,0
1/2/2025 0:35,35,63.21,29.72,75.99,3.12,3.81,1,0,470,Normal,0,0
1/2/2025 0:36,34,67.79,45.43,30.74,4.86,3.8,1,0,293,Normal,0,0
1/2/2025 0:37,47,90.07,59.52,61.14,3.79,2.01,1,1,36,Normal,1,1
1/2/2025 0:38,24,72.52,51.14,58.83,1.34,1.91,0,0,421,Normal,0,0
1/2/2025 0:39,22,69.75,43.31,66.15,3.89,2.31,2,0,35,Vibration Issue,0,1
1/2/2025 0:40,5,72.14,22.43,33.48,2.45,4.79,1,0,83,Normal,0,0
1/2/2025 0:41,33,67.88,51.01,39.68,4.28,0.63,2,0,35,Pressure Drop,0,1
1/2/2025 0:42,36,73.3,44.85,61.06,1.09,4.49,2,0,232,Overheating,0,1
1/2/2025 0:43,47,64.51,50.97,42.41,4.12,3.24,1,0,151,Normal,0,0
1/2/2025 0:44,20,69.32,53.18,68.39,4.9,3.23,1,0,65,Normal,0,0
1/2/2025 0:45,19,75.79,11.15,74.62,3.4,4.76,1,0,421,Normal,0,0
1/2/2025 0:46,35,90.72,33.46,70.98,1.61,2.78,1,1,31,Normal,1,1
1/2/2025 0:47,43,74.55,45.35,64.19,4.13,4.5,1,0,257,Normal,0,0
1/2/2025 0:48,17,57.75,66.34,53.19,3.29,3.08,1,0,20,Normal,0,0
1/2/2025 0:49,45,85.06,44.22,70.73,3.67,1.6,1,0,187,Normal,0,0
1/2/2025 0:50,43,83.06,62.87,75.01,2.44,2.22,1,0,231,Normal,0,0
1/2/2025 0:51,34,67.06,43.97,77.48,4.15,1.9,1,0,254,Normal,0,0
1/2/2025 0:52,9,82.89,52.57,74.22,2.05,2.68,1,0,354,Normal,0,0
1/2/2025 0:53,26,73.68,60.62,33.16,3.33,3.76,1,0,247,Normal,0,0
1/2/2025 0:54,2,89.44,60.71,37.84,1.55,1.06,1,0,86,Normal,0,0
1/2/2025 0:55,9,98.88,46.4,69.16,2.43,3.99,1,1,2,Normal,1,1
1/2/2025 0:56,9,78.98,47.47,48.95,4.48,1.44,1,0,187,Normal,0,0
1/2/2025 0:57,40,82.68,49.95,43.7,1.38,0.79,1,0,321,Normal,0,0
1/2/2025 0:58,17,91.03,55.75,44.78,1.78,2.13,1,1,29,Normal,1,1
1/2/2025 0:59,1,84.61,30.19,30.3,3.36,3.03,1,0,47,Normal,0,0
1/2/2025 1:00,25,79.55,48.25,68.05,1.17,1.6,1,0,11,Normal,0,1
1/2/2025 1:01,43,73.91,18.18,41.79,4.21,1.71,1,0,200,Normal,0,0
1/2/2025 1:02,40,63.66,38.01,47.03,3.77,1.95,0,0,342,Normal,0,0
1/2/2025 1:03,42,72.23,36.05,38.7,4.46,3.62,1,0,465,Normal,0,0
1/2/2025 1:04,25,72.64,67.32,35.61,3.26,4.01,1,0,318,Normal,0,0
1/2/2025 1:05,39,75.22,40.17,77.5,3.45,2.54,1,0,212,Normal,0,0
1/2/2025 1:06,35,56.67,51.22,78.96,3.77,4.33,1,0,235,Normal,0,0
1/2/2025 1:07,3,71.4,60.72,54.71,2.18,1.64,1,0,235,Normal,0,0
1/2/2025 1:08,50,72.41,52.91,31.57,2.57,1.67,1,0,420,Normal,0,0
1/2/2025 1:09,37,61.07,56.99,32.41,1.89,2.61,1,0,67,Normal,0,0
1/2/2025 1:10,44,79.06,47.25,73.58,4.17,4.41,1,0,318,Normal,0,0
1/2/2025 1:11,44,84.27,52.69,56.89,3.79,0.73,1,0,444,Normal,0,0
1/2/2025 1:12,30,74.96,64.53,76.44,2.69,4.79,1,0,251,Normal,0,0
1/2/2025 1:13,38,62.58,79.07,62.83,3.18,0.87,2,0,195,Pressure Drop,0,1
1/2/2025 1:14,34,73.97,18.62,74.97,4.51,0.83,1,0,242,Normal,0,0
1/2/2025 1:15,12,82.33,50.61,49.12,2.5,2.72,1,0,415,Normal,0,0
1/2/2025 1:16,19,81.99,22.01,34.91,2.35,3.24,1,0,74,Normal,0,0
1/2/2025 1:17,37,74.53,68.87,41.7,4.87,3.77,1,0,188,Normal,0,0
1/2/2025 1:18,44,79.1,24.21,51.99,4.81,4.7,1,0,486,Normal,0,0
1/2/2025 1:19,49,68.65,21.83,41.2,2.76,1.98,1,0,172,Normal,0,0
1/2/2025 1:20,17,82.45,101.42,70.87,4.17,3.52,1,1,18,Normal,1,1
1/2/2025 1:21,10,70.91,48.91,63.03,4.52,0.88,0,0,142,Normal,0,0
1/2/2025 1:22,49,67.36,55.85,71.61,1.68,3.02,1,0,223,Normal,0,0
1/2/2025 1:23,47,84.52,88.47,70.68,1.61,1.1,1,1,18,Normal,1,1
1/2/2025 1:24,12,76.33,70.55,70.11,1.51,4.05,1,0,387,Normal,0,0
1/2/2025 1:25,16,75.82,63.35,60.44,3.42,2.51,1,0,38,Normal,0,0
1/2/2025 1:26,24,80.34,62.3,54.48,2.03,3.46,1,0,238,Normal,0,0
1/2/2025 1:27,19,74.32,40.54,78.89,3.75,4.91,1,0,413,Normal,0,0
1/2/2025 1:28,8,65.68,38.63,31.55,4.47,1.23,1,0,163,Normal,0,0
1/2/2025 1:29,31,72.75,23.31,43.62,2.29,0.94,1,0,447,Normal,0,0
1/2/2025 1:30,21,60.1,59,68.99,4.8,4.84,2,0,277,Vibration Issue,0,1
1/2/2025 1:31,17,86.72,57.07,70.96,1.72,2.88,1,0,470,Normal,0,0
1/2/2025 1:32,23,63.91,64.22,41.97,4.4,3.66,1,0,56,Normal,0,0
1/2/2025 1:33,37,94.44,51.05,68.3,1.36,2.6,1,1,4,Normal,1,1
1/2/2025 1:34,16,67.11,38.26,65.92,1.25,2.53,1,0,336,Normal,0,0
1/2/2025 1:35,6,81.16,52.77,70.57,2.42,2.79,1,0,274,Normal,0,0
1/2/2025 1:36,8,93.78,55.22,61.44,2.33,2.11,1,1,14,Normal,1,1
1/2/2025 1:37,25,77.61,30.41,72.67,1.13,2.24,1,0,392,Normal,0,0
1/2/2025 1:38,18,71.78,63.14,66.37,3.68,3.61,1,0,73,Normal,0,0
1/2/2025 1:39,25,75.32,49.52,68.57,4.08,3.79,1,0,151,Normal,0,0
1/2/2025 1:40,12,66.35,54.53,34.6,1.14,0.78,1,0,269,Normal,0,0
1/2/2025 1:41,15,54.74,62.88,56.63,3.94,3.17,1,0,149,Normal,0,0
1/2/2025 1:42,26,80.96,46.52,61.94,1.23,3.39,1,0,43,Normal,0,0
1/2/2025 1:43,41,54.74,42.78,45.93,3.4,2.26,1,0,410,Normal,0,0
1/2/2025 1:44,45,61.32,102.89,35.97,2.28,2.49,1,1,45,Normal,1,1
1/2/2025 1:45,26,75.58,67.56,36.79,3.73,4.24,0,0,190,Normal,0,0
1/2/2025 1:46,47,68.4,41.88,34.4,4.82,4.72,0,0,427,Normal,0,0
1/2/2025 1:47,32,79.91,49.31,56.59,2.18,2.21,0,0,270,Normal,0,0
1/2/2025 1:48,10,90.99,52.43,35.54,1.72,2.14,1,1,22,Normal,1,1
1/2/2025 1:49,16,72.44,38.09,52.75,3.08,3.07,1,0,304,Normal,0,0
1/2/2025 1:50,7,68.92,32.16,76.66,4.23,0.99,1,0,31,Normal,0,0
1/2/2025 1:51,17,92.68,44.88,79.64,1.12,2.91,2,1,35,Normal,1,1
1/2/2025 1:52,23,81.84,68.6,79.65,3.55,1.05,2,0,46,Vibration Issue,0,1
1/2/2025 1:53,26,84.24,49.89,51.64,3.59,4.23,2,0,259,Pressure Drop,0,1
1/2/2025 1:54,21,83.45,44.87,74.39,2.52,2.83,1,0,390,Normal,0,0
1/2/2025 1:55,22,72.53,48.46,64.29,1.72,3.23,2,0,192,Vibration Issue,0,1
1/2/2025 1:56,7,71.24,34.47,41.37,3.63,4.96,1,0,82,Normal,0,0
1/2/2025 1:57,14,65.49,48.75,70.22,1.91,2.8,0,0,104,Normal,0,0
1/2/2025 1:58,15,82.27,39.03,45.3,4.12,3.21,1,0,483,Normal,0,0
1/2/2025 1:59,7,78.85,42.98,60.22,3.9,3.44,2,0,127,Vibration Issue,0,1
1/2/2025 2:00,9,81.46,48.71,36.99,4.41,1.47,1,0,221,Normal,0,0
1/2/2025 2:01,48,56.29,49.86,54.38,1.62,2.12,1,0,72,Normal,0,0
1/2/2025 2:02,8,84.31,22.35,78.58,1.68,4.48,1,0,114,Normal,0,0
1/2/2025 2:03,50,70.41,55.91,44.99,2.81,1.23,1,0,15,Normal,0,1
1/2/2025 2:04,23,54,42.42,78.08,2.8,4.63,1,0,495,Normal,0,0
1/2/2025 2:05,29,62.01,44.51,30.25,1.11,4.07,1,0,323,Normal,0,0
1/2/2025 2:06,18,69.99,64.48,79.34,2.92,2.1,1,0,300,Normal,0,0
1/2/2025 2:07,31,67.83,28.24,32.73,1.98,3.27,2,0,136,Overheating,0,1
1/2/2025 2:08,30,75.13,50.39,59.98,4.24,2.08,1,0,150,Normal,0,0
1/2/2025 2:09,39,79.59,66.2,78.82,1.77,2.87,1,0,232,Normal,0,0
1/2/2025 2:10,35,73.86,55.89,30.05,4.4,2.71,2,0,251,Normal,0,1
1/2/2025 2:11,18,70.28,52.22,49.8,3.6,3.7,1,0,439,Normal,0,0
1/2/2025 2:12,42,76.42,59.77,74.66,3.65,4.18,1,0,79,Normal,0,0
1/2/2025 2:13,39,76.56,50.94,62.99,1.2,4.22,1,0,312,Normal,0,0
1/2/2025 2:14,17,87.69,33.32,54.07,2.68,0.66,1,0,214,Normal,0,0
1/2/2025 2:15,14,68.89,57.85,45.69,3.9,4.17,1,0,286,Normal,0,0
1/2/2025 2:16,31,73.89,72.66,41.19,3.08,3.64,1,0,368,Normal,0,0
1/2/2025 2:17,24,91.48,15.29,34.97,3.97,3.45,1,1,28,Normal,1,1
1/2/2025 2:18,35,62.8,42.28,61.47,1.31,4.13,1,0,358,Normal,0,0
1/2/2025 2:19,44,71.35,47.07,45.91,1.13,3.64,1,0,197,Normal,0,0
1/2/2025 2:20,45,65.86,29.31,47.92,3.71,4.98,1,0,165,Normal,0,0
1/2/2025 2:21,34,62.46,41.98,55.65,3.31,4.73,1,0,224,Normal,0,0
1/2/2025 2:22,3,77.25,81.25,50.18,3.21,2.05,1,1,25,Normal,1,1
1/2/2025 2:23,37,88.3,26.26,62.62,3.08,4.96,1,0,470,Normal,0,0
1/2/2025 2:24,43,95.98,44.77,43.84,2.23,1.99,1,1,47,Normal,1,1
1/2/2025 2:25,40,74.58,53.1,64.17,1.71,3.27,2,0,73,Normal,0,1
1/2/2025 2:26,26,80.05,38.98,46.04,2.8,3.52,1,0,381,Normal,0,0
1/2/2025 2:27,23,80.41,58.32,49.94,2.02,4.21,2,0,330,Vibration Issue,0,1
1/2/2025 2:28,44,72.94,48.14,47.54,3.3,3.76,1,0,33,Normal,0,0
1/2/2025 2:29,39,87.81,51.12,62.2,4.11,2.47,2,0,79,Normal,0,1
1/2/2025 2:30,15,73.36,56.43,42.24,1.73,2.65,1,0,463,Normal,0,0
1/2/2025 2:31,49,85.86,62.68,43.85,1.92,1.66,1,0,179,Normal,0,0
1/2/2025 2:32,4,71.43,44.75,65.76,3.13,1.47,1,0,310,Normal,0,0
1/2/2025 2:33,29,63.47,40.86,69.35,4.61,1.53,0,0,17,Normal,0,1
1/2/2025 2:34,22,64.09,65.29,70.09,1.19,1.89,1,0,22,Normal,0,0
1/2/2025 2:35,25,58.82,20.31,50.97,1.93,2.98,1,0,333,Normal,0,0
1/2/2025 2:36,13,87.63,79.08,36.59,1.02,3.62,1,0,76,Normal,0,0
1/2/2025 2:37,18,87.77,50.78,38.62,1.7,0.67,1,0,230,Normal,0,0
1/2/2025 2:38,33,67.86,38.11,72.6,3.49,2.79,0,0,267,Normal,0,0
1/2/2025 2:39,16,64.32,26.9,32.28,2.07,3.79,1,0,58,Normal,0,0
1/2/2025 2:40,45,67.24,56.75,61.77,2.76,4.72,1,0,390,Normal,0,0
1/2/2025 2:41,42,76.78,15.05,72.49,4.73,2.83,1,0,251,Normal,0,0
1/2/2025 2:42,44,65.64,38.84,75.77,3.68,2.72,1,0,227,Normal,0,0
1/2/2025 2:43,2,80.5,49.73,53.95,3.18,1.52,1,0,284,Normal,0,0
1/2/2025 2:44,35,71.96,37.45,75.7,3.02,4.64,1,0,454,Normal,0,0
1/2/2025 2:45,42,85.84,25.55,54.74,3.19,1.64,1,0,488,Normal,0,0
1/2/2025 2:46,34,81.74,57.64,33.58,3.83,2.06,2,0,133,Electrical Fault,0,1
1/2/2025 2:47,30,63.78,30.94,44.86,4.9,4.79,1,0,23,Normal,0,0
1/2/2025 2:48,13,62.39,39.1,79.09,2.65,0.59,1,0,130,Normal,0,0
1/2/2025 2:49,13,77.08,79.39,68.84,2.65,3.16,2,0,267,Vibration Issue,0,1
1/2/2025 2:50,18,73.18,49.38,61.51,4.32,1.76,1,0,199,Normal,0,0
1/2/2025 2:51,32,87.74,20.86,71.06,1.35,2.45,1,0,317,Normal,0,0
1/2/2025 2:52,32,78.9,39.22,47.83,3.45,0.63,1,0,380,Normal,0,0
1/2/2025 2:53,35,70.42,74.16,44.18,1.25,1.79,1,0,252,Normal,0,0
1/2/2025 2:54,39,91.81,58.86,30.42,2.7,1.81,0,1,41,Normal,1,1
1/2/2025 2:55,46,70.71,33.02,34.19,2.8,2.86,2,0,404,Vibration Issue,0,1
1/2/2025 2:56,29,61.61,80.86,65.68,1.52,3.47,1,1,3,Normal,1,1
1/2/2025 2:57,49,72.94,52.46,79.34,1.72,2.47,1,0,187,Normal,0,0
1/2/2025 2:58,29,66.94,47.29,60.19,4.59,1.36,1,0,485,Normal,0,0
1/2/2025 2:59,44,84.87,35.27,30.17,3.29,2.25,1,0,209,Normal,0,0
1/2/2025 3:00,16,63.71,43.77,62.04,1.84,3.35,0,0,254,Normal,0,0
1/2/2025 3:01,44,83.49,41.9,31.44,4.12,4.42,1,0,214,Normal,0,0
1/2/2025 3:02,47,72.4,71.06,42.42,1.21,2.36,1,0,175,Normal,0,0
1/2/2025 3:03,10,59.15,67.25,45.19,4.19,4.82,0,0,346,Normal,0,0
1/2/2025 3:04,30,79.26,52.92,45.5,1.31,3.33,1,0,258,Normal,0,0
1/2/2025 3:05,25,86.87,50.31,35.9,1.07,3.33,1,0,232,Normal,0,0
1/2/2025 3:06,39,76.02,39.59,67.63,3.9,0.7,1,0,24,Normal,0,0
1/2/2025 3:07,20,73.09,36.61,41.73,4.14,0.58,1,0,88,Normal,0,0
1/2/2025 3:08,5,93.59,28.53,35.19,4.62,4.83,1,1,20,Normal,1,1
1/2/2025 3:09,1,87,77.98,42.36,3.01,1.95,1,0,424,Normal,0,0
1/2/2025 3:10,30,82.71,51.58,77.76,2.21,1.67,1,0,278,Normal,0,0
1/2/2025 3:11,49,54.89,27.1,77.11,1.46,2.06,1,0,275,Normal,0,0
1/2/2025 3:12,3,68.02,31.92,60.22,4.13,3.29,1,0,132,Normal,0,0
1/2/2025 3:13,45,72.86,37.75,60.03,2.57,4.07,1,0,450,Normal,0,0
1/2/2025 3:14,14,79.63,65.09,51.77,4.98,4.63,0,0,319,Normal,0,0
1/2/2025 3:15,30,83.96,49.71,71.18,4.64,1.45,1,0,352,Normal,0,0
1/2/2025 3:16,50,64.59,55.4,47.88,2.37,2.07,0,0,233,Normal,0,0
1/2/2025 3:17,4,80.79,48.03,70.32,3.9,0.78,1,0,95,Normal,0,0
1/2/2025 3:18,18,63.36,77.57,64.06,3.47,2.91,1,0,478,Normal,0,0
1/2/2025 3:19,37,82.11,53.67,41.14,2.17,4.37,1,0,258,Normal,0,0
1/2/2025 3:20,25,63.97,79.28,72.62,2.65,4.1,1,0,373,Normal,0,0
1/2/2025 3:21,48,87.43,48.12,61.58,4.65,3.88,1,0,269,Normal,0,0
1/2/2025 3:22,1,77.54,66.26,61.23,2.85,3.53,1,0,86,Normal,0,0
1/2/2025 3:23,46,71.16,37.48,79.19,4.62,3.32,1,0,271,Normal,0,0
1/2/2025 3:24,15,78.04,47.98,78.5,2.26,1.95,1,0,355,Normal,0,0
1/2/2025 3:25,9,68.45,38.08,61.49,2.68,1.85,1,0,13,Normal,0,1
1/2/2025 3:26,15,75.23,66.85,73.89,4.02,2.08,1,0,238,Normal,0,0
1/2/2025 3:27,49,65.02,61.19,41.32,4.56,3.4,1,0,393,Normal,0,0
1/2/2025 3:28,24,77.97,59.57,53.77,2.64,2.93,1,0,282,Normal,0,0
1/2/2025 3:29,4,72.47,52.82,60.93,4.21,2.78,1,0,30,Normal,0,0
1/2/2025 3:30,12,72.94,52.99,48.43,4.72,4.59,1,0,385,Normal,0,0
1/2/2025 3:31,37,74.58,31.48,67.23,2.22,1.48,2,0,402,Vibration Issue,0,1
1/2/2025 3:32,37,66.11,41.84,50.53,3.04,3.83,1,0,133,Normal,0,0
1/2/2025 3:33,43,95.78,40.68,65.04,2.01,2.92,2,1,31,Electrical Fault,1,1
1/2/2025 3:34,6,72.96,36.03,56,1.05,2.54,1,0,118,Normal,0,0
1/2/2025 3:35,39,85.99,39.15,40.41,3.79,3.49,1,0,329,Normal,0,0
1/2/2025 3:36,46,63.35,43.19,77.66,4.04,3.4,1,0,229,Normal,0,0
1/2/2025 3:37,24,52.46,56.86,45.78,2.92,0.71,1,0,141,Normal,0,0
1/2/2025 3:38,11,77.57,31.25,34.52,1.39,4.23,1,0,317,Normal,0,0
1/2/2025 3:39,13,85.66,41.92,32.53,3.51,4.2,1,0,77,Normal,0,0
1/2/2025 3:40,34,87.15,46.4,79.49,3.96,2.65,1,0,335,Normal,0,0
1/2/2025 3:41,25,84.34,36.51,51.52,2.86,3.32,1,0,375,Normal,0,0
1/2/2025 3:42,7,72.89,49.48,48.94,3.28,2.71,1,0,289,Normal,0,0
1/2/2025 3:43,4,80.76,60.2,69.91,2.82,2.47,1,0,50,Normal,0,0
1/2/2025 3:44,8,68.63,64.72,75.83,2.85,3.6,1,0,294,Normal,0,0
1/2/2025 3:45,20,68.88,50.46,71.68,2.1,3.16,1,0,217,Normal,0,0
1/2/2025 3:46,29,77.19,41.7,63.38,4.15,3.01,1,0,21,Normal,0,0
1/2/2025 3:47,45,77.37,51.54,31.78,2.04,3.58,1,0,167,Normal,0,0
1/2/2025 3:48,46,69.7,52.83,38.54,3.33,3.87,1,0,94,Normal,0,0
1/2/2025 3:49,10,76.82,34.79,46.57,1.29,1.4,1,0,441,Normal,0,0
1/2/2025 3:50,43,86.41,57.92,33.52,4.46,4.84,1,0,401,Normal,0,0
1/2/2025 3:51,34,66.13,40.08,37.38,3.96,2.97,1,0,441,Normal,0,0
1/2/2025 3:52,26,81.73,28.54,75.02,2.96,5,0,0,390,Normal,0,0
1/2/2025 3:53,41,61.36,14.86,71.1,3.61,4.01,0,0,290,Normal,0,0
1/2/2025 3:54,49,58.19,49.41,79.5,4.38,3.21,0,0,372,Normal,0,0
1/2/2025 3:55,3,78.03,48.78,58.69,4.54,1.98,1,0,471,Normal,0,0
1/2/2025 3:56,6,74.35,21.09,50.05,3.35,3.47,1,0,67,Normal,0,0
1/2/2025 3:57,5,76.15,51.5,36.93,3.14,0.7,1,0,480,Normal,0,0
1/2/2025 3:58,5,75.99,42.23,44.99,4.65,2.37,1,0,71,Normal,0,0
1/2/2025 3:59,47,84.56,56.3,37.28,4.71,2.26,1,0,251,Normal,0,0
1/2/2025 4:00,23,80.32,44.78,63.49,2.87,4.99,1,0,183,Normal,0,0
1/2/2025 4:01,49,79.68,27.35,61.78,2.46,2.02,1,0,182,Normal,0,0
1/2/2025 4:02,9,88.83,63.6,57.55,4.91,4.56,1,0,309,Normal,0,0
1/2/2025 4:03,35,84.03,34.88,38.41,2.02,4.88,1,0,46,Normal,0,0
1/2/2025 4:04,20,76.8,60.22,61.57,1.09,4.95,1,0,471,Normal,0,0
1/2/2025 4:05,49,85.56,38.76,57.53,3.68,4.82,1,0,327,Normal,0,0
1/2/2025 4:06,42,72.24,49.94,72.48,2.97,0.59,1,0,410,Normal,0,0
1/2/2025 4:07,35,72.51,58.18,55.21,2.97,4.99,1,0,393,Normal,0,0
1/2/2025 4:08,50,88.15,59.11,65.49,1.57,3.82,1,0,372,Normal,0,0
1/2/2025 4:09,18,72.73,53.41,42.15,3.12,4.69,0,0,149,Normal,0,0
1/2/2025 4:10,17,79.05,65.63,30.2,1.04,4.72,1,0,218,Normal,0,0
1/2/2025 4:11,24,78.52,44.86,58.85,3.71,3.21,1,0,92,Normal,0,0
1/2/2025 4:12,3,76.55,68.19,77.68,1.48,4.62,1,0,291,Normal,0,0
1/2/2025 4:13,32,93.01,33.47,44.22,4.77,4.41,1,1,38,Normal,1,1
1/2/2025 4:14,35,73.77,60.51,71.51,3.74,0.95,0,0,230,Normal,0,0
1/2/2025 4:15,38,92.73,38.38,60.66,1.61,2.43,1,1,35,Normal,1,1
1/2/2025 4:16,13,64.24,50.84,56.04,4.66,1.35,2,0,31,Vibration Issue,0,1
1/2/2025 4:17,47,74.53,56.69,72.14,2.63,3.28,1,0,350,Normal,0,0
1/2/2025 4:18,25,72.6,37.88,53.97,2.75,2.82,0,0,337,Normal,0,0
1/2/2025 4:19,9,82.75,85.21,42.9,1.87,2.67,1,1,35,Normal,1,1
1/2/2025 4:20,4,61.43,32.45,55.96,4.81,3.62,1,0,361,Normal,0,0
1/2/2025 4:21,14,78.82,72.23,62.46,4.46,1.51,1,0,27,Normal,0,0
1/2/2025 4:22,37,84.25,57.3,61.57,2.48,1.89,1,0,29,Normal,0,0
1/2/2025 4:23,34,71.73,32.92,78.98,1.63,2.5,1,0,240,Normal,0,0
1/2/2025 4:24,11,68.79,23.93,73.74,4.39,2.61,1,0,115,Normal,0,0
1/2/2025 4:25,41,68.86,39.45,71.63,4.8,1.74,1,0,338,Normal,0,0
1/2/2025 4:26,3,79.94,60.84,78.77,3.82,2.52,1,0,226,Normal,0,0
1/2/2025 4:27,28,59.14,50.31,50.48,1.57,0.9,1,0,78,Normal,0,0
1/2/2025 4:28,29,61.92,39.11,62.88,2.81,0.73,1,0,445,Normal,0,0
1/2/2025 4:29,9,75.83,46.16,57.05,1.1,4.27,1,0,280,Normal,0,0
1/2/2025 4:30,3,80.84,38.61,58.21,2.63,4.76,1,0,309,Normal,0,0
1/2/2025 4:31,25,77.75,40.15,72.51,4.63,2.59,1,0,316,Normal,0,0
1/2/2025 4:32,34,81.01,30.23,42.03,4.96,4.66,1,0,210,Normal,0,0
1/2/2025 4:33,12,64.53,57.2,57.47,3.65,3.4,1,0,127,Normal,0,0
1/2/2025 4:34,42,57.52,47.46,38.33,1.84,2.59,1,0,90,Normal,0,0
1/2/2025 4:35,9,83.83,56.45,38.9,1.41,4.78,1,0,268,Normal,0,0
1/2/2025 4:36,15,62.32,71.46,45.75,2.51,0.53,1,0,377,Normal,0,0
1/2/2025 4:37,40,80.15,49.26,65.34,3.77,2.74,1,0,454,Normal,0,0
1/2/2025 4:38,25,56.71,36.26,54.13,4.52,3.23,1,0,420,Normal,0,0
1/2/2025 4:39,5,81.77,41.71,50.47,2.48,3.34,1,0,60,Normal,0,0
1/2/2025 4:40,11,74.98,51.03,64.61,1.21,3.15,1,0,200,Normal,0,0
1/2/2025 4:41,34,85.41,48.36,55.32,3,3.92,1,0,54,Normal,0,0
1/2/2025 4:42,24,82.92,55.47,38.14,3.71,4.06,1,0,119,Normal,0,0
1/2/2025 4:43,15,71.55,40.39,40.44,3.75,4.7,1,0,329,Normal,0,0
1/2/2025 4:44,38,69.53,52.91,57.28,1.38,1.28,1,0,15,Normal,0,1
1/2/2025 4:45,8,78.16,53.77,48.64,4.85,3.57,1,0,217,Normal,0,0
1/2/2025 4:46,5,69.98,59.04,68.67,4.51,1.76,1,0,467,Normal,0,0
1/2/2025 4:47,48,42.23,51.92,34.8,2.18,4.12,0,0,26,Normal,0,0
1/2/2025 4:48,26,72.19,35.18,76.47,3.48,3.64,1,0,136,Normal,0,0
1/2/2025 4:49,18,66.39,44.94,50.51,3.6,2.69,1,0,115,Normal,0,0
1/2/2025 4:50,6,69.65,71.11,57.35,1.21,0.63,2,0,70,Pressure Drop,0,1
1/2/2025 4:51,37,77.97,36.85,71.52,3.7,3.62,1,0,361,Normal,0,0
1/2/2025 4:52,48,87.41,56.35,44.09,2.37,2.53,1,0,110,Normal,0,0
1/2/2025 4:53,13,93.38,41.81,37.01,3.35,1.19,1,1,39,Normal,1,1
1/2/2025 4:54,28,79.9,46.76,47.98,2.61,4.62,1,0,192,Normal,0,0
1/2/2025 4:55,5,69.05,16.87,44.38,3.54,4.56,1,0,320,Normal,0,0
1/2/2025 4:56,13,84.69,32.61,69.66,4.01,4.45,0,0,73,Normal,0,0
1/2/2025 4:57,17,59.89,41.48,63.41,4.91,2.68,1,0,439,Normal,0,0
1/2/2025 4:58,50,68.09,73.43,45.84,1.92,4.62,1,0,318,Normal,0,0
1/2/2025 4:59,40,72.7,40.06,30.19,4.77,1.92,0,0,440,Normal,0,0
1/2/2025 5:00,45,55.75,8.79,73.41,4.3,4.21,1,0,255,Normal,0,0
1/2/2025 5:01,32,77.47,71.31,58.49,2.37,2.96,1,0,145,Normal,0,0
1/2/2025 5:02,29,66.78,61.66,68.88,3.25,3.22,1,0,130,Normal,0,0
1/2/2025 5:03,3,77.45,43.63,42.52,3.25,4.93,1,0,225,Normal,0,0
1/2/2025 5:04,40,72.34,54.43,54.04,2.2,2.04,1,0,490,Normal,0,0
1/2/2025 5:05,34,66.59,36.3,76.86,1,1,0,0,304,Normal,0,0
1/2/2025 5:06,40,65.01,40.45,52.78,2.52,2.06,1,0,136,Normal,0,0
1/2/2025 5:07,27,74.52,53.85,69.3,4.92,4.02,2,0,330,Vibration Issue,0,1
1/2/2025 5:08,13,82.25,58.78,58.42,4.29,3.09,1,0,259,Normal,0,0
1/2/2025 5:09,45,81.94,45.88,68.44,4.98,1.17,0,0,149,Normal,0,0
1/2/2025 5:10,33,77.94,71.47,37.62,2.33,4.76,1,0,331,Normal,0,0
1/2/2025 5:11,6,80.73,35.24,75.31,4.69,1.17,1,0,350,Normal,0,0
1/2/2025 5:12,24,75.74,62.42,32.2,3.61,1.34,1,0,303,Normal,0,0
1/2/2025 5:13,19,68.42,35.6,61.4,3.49,1.43,1,0,56,Normal,0,0
1/2/2025 5:14,16,89.04,47.9,52.26,2.12,0.54,1,0,303,Normal,0,0
1/2/2025 5:15,40,68.45,65.71,79.29,1.57,2.35,1,0,468,Normal,0,0
1/2/2025 5:16,28,90.76,41.33,73.35,4.64,4.88,1,1,15,Normal,1,1
1/2/2025 5:17,33,81.36,39.66,74.48,3.74,0.81,2,0,423,Vibration Issue,0,1
1/2/2025 5:18,48,72.47,45.35,66.41,4.85,2.56,1,0,264,Normal,0,0
1/2/2025 5:19,41,62.15,41.74,60.09,2.6,2.98,2,0,434,Pressure Drop,0,1
1/2/2025 5:20,13,78.37,31.53,68.47,3.93,1.19,1,0,272,Normal,0,0
1/2/2025 5:21,43,74.52,48.33,56.41,2.91,2.66,1,0,211,Normal,0,0
1/2/2025 5:22,45,87.13,56.2,37.29,4.67,1.44,1,0,483,Normal,0,0
1/2/2025 5:23,25,64.62,37.1,78.17,2.39,2.5,1,0,155,Normal,0,0
1/2/2025 5:24,42,85.57,53.5,38.38,1.61,2.55,2,0,118,Normal,0,1
1/2/2025 5:25,36,89.75,52.57,67.97,3.63,4.26,1,0,206,Normal,0,0
1/2/2025 5:26,27,67.81,60.18,40.01,2.3,1.13,2,0,261,Vibration Issue,0,1
1/2/2025 5:27,38,82.38,53.39,73.55,2.99,0.69,1,0,138,Normal,0,0
1/2/2025 5:28,7,89.04,66.27,76.91,2.62,2.18,1,0,456,Normal,0,0
1/2/2025 5:29,5,88.61,45.82,37.49,2.47,3.28,1,0,349,Normal,0,0
1/2/2025 5:30,43,85.53,42.08,48.54,1.67,1.05,1,0,425,Normal,0,0
1/2/2025 5:31,45,92.2,34.44,76.1,3.79,2.68,1,1,5,Normal,1,1
1/2/2025 5:32,31,75.67,68.51,51.77,3.71,2.74,1,0,79,Normal,0,0
1/2/2025 5:33,23,74.55,63.31,69.91,1.01,2.59,1,0,411,Normal,0,0
1/2/2025 5:34,42,90.69,57.95,33.72,4.49,3.99,1,1,38,Normal,1,1
1/2/2025 5:35,10,51.4,33.46,45.82,4.43,4.73,1,0,250,Normal,0,0
1/2/2025 5:36,32,72.15,42.99,66.38,2.92,4.13,1,0,443,Normal,0,0
1/2/2025 5:37,43,66.84,63.68,58.89,3.04,1.15,2,0,85,Normal,0,1
1/2/2025 5:38,30,75.42,44.1,74.22,2.38,1.19,1,0,387,Normal,0,0
1/2/2025 5:39,39,79.17,57.43,62.9,2.57,3.66,1,0,298,Normal,0,0
1/2/2025 5:40,31,80.87,66.32,67.48,1.66,3.74,1,0,39,Normal,0,0
1/2/2025 5:41,18,75.78,51.45,69.3,2.1,3.22,1,0,337,Normal,0,0
1/2/2025 5:42,36,76.72,61.72,41.54,2.41,3.47,1,0,471,Normal,0,0
1/2/2025 5:43,2,84.69,52.56,34.55,3.58,0.82,1,0,489,Normal,0,0
1/2/2025 5:44,14,69.29,89.69,67.4,1.2,3.93,1,1,6,Normal,1,1
1/2/2025 5:45,13,71.55,48,43.53,1.56,3.77,1,0,124,Normal,0,0
1/2/2025 5:46,29,65.85,55.18,51.92,2.17,1.22,1,0,39,Normal,0,0
1/2/2025 5:47,12,74.87,58.45,58.83,3.17,0.74,1,0,86,Normal,0,0
1/2/2025 5:48,39,58.78,24.1,38.02,2.51,2.28,1,0,447,Normal,0,0
1/2/2025 5:49,2,88,62.61,65.85,3.94,1.12,1,0,482,Normal,0,0
1/2/2025 5:50,32,82.96,52.41,54.77,2.39,2.19,1,0,203,Normal,0,0
1/2/2025 5:51,13,65.18,46.52,71.13,3.03,3.14,1,0,47,Normal,0,0
1/2/2025 5:52,46,87.35,38,63.45,4.79,3.92,1,0,339,Normal,0,0
1/2/2025 5:53,27,72.34,44.91,76.64,1.06,3.53,1,0,288,Normal,0,0
1/2/2025 5:54,49,67.99,60.2,76.96,2.6,1.16,1,0,122,Normal,0,0
1/2/2025 5:55,41,78.74,23.08,64.58,1.25,2.48,1,0,264,Normal,0,0
1/2/2025 5:56,17,58.49,30.95,30.32,1.82,3.98,1,0,66,Normal,0,0
1/2/2025 5:57,40,71.54,67.23,32.56,1.56,2.12,2,0,237,Overheating,0,1
1/2/2025 5:58,31,78.73,58.27,72.16,1.76,3.36,2,0,159,Normal,0,1
1/2/2025 5:59,34,92.83,63.01,70.94,2.12,3.87,1,1,12,Normal,1,1
1/2/2025 6:00,24,62.27,60.44,36.9,1.7,2.96,1,0,274,Normal,0,0
1/2/2025 6:01,45,63.07,46.17,47.28,1,4.35,1,0,133,Normal,0,0
1/2/2025 6:02,35,72.6,68.7,74.98,4.17,0.89,0,0,352,Normal,0,0
1/2/2025 6:03,48,71.77,68.2,61.59,4.02,1.83,1,0,129,Normal,0,0
1/2/2025 6:04,6,82.84,36.96,66.8,2.65,1.42,1,0,468,Normal,0,0
1/2/2025 6:05,19,90.23,63.21,44.78,4.1,0.76,1,1,22,Normal,1,1
1/2/2025 6:06,30,85.27,33.64,54.07,4.88,2.95,0,0,402,Normal,0,0
1/2/2025 6:07,7,70.59,66.29,38.14,3.21,3.06,1,0,210,Normal,0,0
1/2/2025 6:08,10,89.51,37.28,33.73,4.09,3.99,1,0,111,Normal,0,0
1/2/2025 6:09,41,74.23,34.75,75.07,3.49,3.83,1,0,267,Normal,0,0
1/2/2025 6:10,32,80.19,59.42,73.51,2.73,1.09,1,0,388,Normal,0,0
1/2/2025 6:11,34,79.19,39.96,31.57,3.59,2.92,1,0,219,Normal,0,0
1/2/2025 6:12,28,79.47,77.71,63.42,3.65,0.62,1,0,365,Normal,0,0
1/2/2025 6:13,15,83.74,54.79,46.65,3.64,0.58,1,0,200,Normal,0,0
1/2/2025 6:14,30,83.06,35.61,39.21,4.8,3.63,2,0,162,Vibration Issue,0,1
1/2/2025 6:15,37,82.26,32.18,54.52,2.02,4.97,1,0,199,Normal,0,0
1/2/2025 6:16,29,69.75,41.74,75.65,1.95,0.59,1,0,468,Normal,0,0
1/2/2025 6:17,22,66.31,33.96,43.67,1.26,3.83,1,0,111,Normal,0,0
1/2/2025 6:18,4,82.44,34.94,38.67,2.14,2.8,1,0,428,Normal,0,0
1/2/2025 6:19,20,78.35,49.21,68.42,4.39,2.39,0,0,194,Normal,0,0
1/2/2025 6:20,32,83.79,43.3,72.43,2.93,1.29,2,0,151,Pressure Drop,0,1
1/2/2025 6:21,36,70.38,39.62,41.81,4.24,1.99,1,0,421,Normal,0,0
1/2/2025 6:22,50,82.42,69.02,58.04,1.77,2.44,1,0,130,Normal,0,0
1/2/2025 6:23,4,71.97,38.99,57.66,3.82,2.22,1,0,381,Normal,0,0
1/2/2025 6:24,27,71.35,55.16,37.18,3.27,1.17,1,0,415,Normal,0,0
1/2/2025 6:25,17,86.74,17.18,42.83,3.83,1.22,1,0,130,Normal,0,0
1/2/2025 6:26,12,86,48.18,63.61,2.65,3.67,1,0,231,Normal,0,0
1/2/2025 6:27,22,77.19,45.31,60.21,3.74,4.06,1,0,127,Normal,0,0
1/2/2025 6:28,17,71.54,61.48,59.93,1.47,1.3,2,0,239,Pressure Drop,0,1
1/2/2025 6:29,10,74.17,62.19,76.72,4.97,0.53,1,0,498,Normal,0,0
1/2/2025 6:30,1,76.48,71.57,73.34,3.32,1.6,1,0,341,Normal,0,0
1/2/2025 6:31,22,71.12,42.88,41.66,4.84,2.63,2,0,249,Normal,0,1
1/2/2025 6:32,26,78.22,22.63,46.12,4.48,1.52,1,0,387,Normal,0,0
1/2/2025 6:33,18,69.94,34.6,38.13,2.14,4.66,1,0,498,Normal,0,0
1/2/2025 6:34,50,90.53,41.96,43.89,3.83,2.25,0,1,43,Normal,1,1
1/2/2025 6:35,14,55.17,38.41,77.12,2.54,4.77,1,0,238,Normal,0,0
1/2/2025 6:36,47,68.66,78.13,73.12,2.64,4.98,1,0,88,Normal,0,0
1/2/2025 6:37,29,82.73,50.79,58.11,3.46,1.81,1,0,277,Normal,0,0
1/2/2025 6:38,12,90.77,49.52,35.07,2.22,2.63,1,1,14,Normal,1,1
1/2/2025 6:39,36,69.02,49.67,47.93,2.65,1.08,1,0,285,Normal,0,0
1/2/2025 6:40,35,72.7,45.66,31.22,1.72,2.51,1,0,468,Normal,0,0
1/2/2025 6:41,12,79.6,26.93,32.64,1.57,2.87,1,0,369,Normal,0,0
1/2/2025 6:42,7,79.99,70.06,32.02,3.7,3.19,1,0,20,Normal,0,0
1/2/2025 6:43,29,76.36,79.72,51.29,2.55,4.92,1,0,218,Normal,0,0
1/2/2025 6:44,11,82.81,34.83,69.31,4.89,2.76,1,0,36,Normal,0,0
1/2/2025 6:45,33,77.96,54.81,37.94,1.26,2.13,2,0,149,Vibration Issue,0,1
1/2/2025 6:46,6,78.16,45.18,36.57,1.98,3.18,2,0,16,Normal,0,1
1/2/2025 6:47,47,90.68,74.23,33.72,1.8,4.87,1,1,1,Normal,1,1
1/2/2025 6:48,15,73.34,66.85,59.61,2.98,4.84,1,0,482,Normal,0,0
1/2/2025 6:49,32,72.59,43.05,66.22,1.79,1.06,1,0,258,Normal,0,0
1/2/2025 6:50,11,71.96,68.05,52.24,3.45,4.14,1,0,129,Normal,0,0
1/2/2025 6:51,23,69.1,59.28,78.61,4.35,2.05,1,0,227,Normal,0,0
1/2/2025 6:52,26,73.85,41.14,74.53,1.25,4.45,1,0,131,Normal,0,0
1/2/2025 6:53,34,68.85,35.02,56.73,4.25,4.04,1,0,206,Normal,0,0
1/2/2025 6:54,46,79.62,68.56,46.22,3.86,3.01,1,0,373,Normal,0,0
1/2/2025 6:55,34,79.75,41.65,70,1,4.65,1,0,145,Normal,0,0
1/2/2025 6:56,29,77.42,53.55,67.41,2.49,1.74,0,0,186,Normal,0,0
1/2/2025 6:57,4,78.99,67.22,74.06,3.33,2.38,1,0,365,Normal,0,0
1/2/2025 6:58,17,83.12,52.61,76.49,1.41,3.43,1,0,111,Normal,0,0
1/2/2025 6:59,35,64.75,41.17,40.12,3.96,3.68,1,0,364,Normal,0,0
1/2/2025 7:00,13,77.73,66.69,31.53,2.49,2.14,1,0,470,Normal,0,0
1/2/2025 7:01,41,91.06,63.05,52.76,1.06,3.26,1,1,4,Normal,1,1
1/2/2025 7:02,39,69.68,79.02,60.82,3.83,0.64,1,0,367,Normal,0,0
1/2/2025 7:03,15,100.06,63.19,51.81,3.71,2.44,1,1,46,Normal,1,1
1/2/2025 7:04,29,71.97,46.56,42.46,1.96,0.75,1,0,347,Normal,0,0
1/2/2025 7:05,29,77.48,57.64,47.39,1.57,1.68,2,0,265,Pressure Drop,0,1
1/2/2025 7:06,11,77.92,65.72,72.04,1.36,4.79,1,0,69,Normal,0,0
1/2/2025 7:07,32,60.69,56.93,41.81,2.03,2.99,1,0,417,Normal,0,0
1/2/2025 7:08,2,67.01,42.22,45.76,1.34,4.08,2,0,492,Vibration Issue,0,1
1/2/2025 7:09,47,81.6,41.35,39.84,4.23,4.41,1,0,375,Normal,0,0
1/2/2025 7:10,14,72.68,64.43,33.06,2.55,0.6,1,0,430,Normal,0,0
1/2/2025 7:11,20,66.3,65.4,66.99,3.16,3.4,1,0,397,Normal,0,0
1/2/2025 7:12,22,87.16,61.82,60.93,2.22,4.42,1,0,326,Normal,0,0
1/2/2025 7:13,11,78.09,53.44,47.34,4.39,1.94,1,0,340,Normal,0,0
1/2/2025 7:14,27,73.59,51.87,41.06,1.18,1.01,1,0,170,Normal,0,0
1/2/2025 7:15,3,97.84,44.24,77.54,1.57,1.35,2,1,32,Overheating,1,1
1/2/2025 7:16,17,65,64.98,66.14,3.96,4.8,1,0,89,Normal,0,0
1/2/2025 7:17,44,64.67,43.79,40.03,2.7,2.27,1,0,445,Normal,0,0
1/2/2025 7:18,28,71.02,49.06,55.97,3.83,3.53,1,0,33,Normal,0,0
1/2/2025 7:19,29,77.79,45.18,40.62,4.22,1.09,1,0,274,Normal,0,0
1/2/2025 7:20,21,79.52,54.17,44.54,3.16,0.79,1,0,338,Normal,0,0
1/2/2025 7:21,47,67.73,43.38,71.11,3.95,1.54,0,0,293,Normal,0,0
1/2/2025 7:22,16,61.08,60.52,48.2,2.12,1.36,1,0,360,Normal,0,0
1/2/2025 7:23,37,80.84,70.53,73.92,4.53,4.35,1,0,428,Normal,0,0
1/2/2025 7:24,20,70.58,66.52,75.31,2.37,3.1,1,0,395,Normal,0,0
1/2/2025 7:25,6,75.08,44.33,62.66,2.43,1.09,1,0,138,Normal,0,0
1/2/2025 7:26,19,75.86,68.67,37.34,1.7,1.29,1,0,176,Normal,0,0
1/2/2025 7:27,5,84.56,31.88,54.6,2.88,2.81,1,0,300,Normal,0,0
1/2/2025 7:28,3,69.87,40.3,52.81,3.59,4.26,1,0,21,Normal,0,0
1/2/2025 7:29,1,90.89,60.43,58.72,3.47,1.6,1,1,25,Normal,1,1
1/2/2025 7:30,38,73.53,44.06,56.59,2.65,4.71,1,0,233,Normal,0,0
1/2/2025 7:31,15,61.58,41.35,53.7,2.9,4.77,2,0,452,Vibration Issue,0,1
1/2/2025 7:32,34,64.92,43.71,52.03,1.9,4.93,2,0,101,Overheating,0,1
1/2/2025 7:33,35,64.47,49.47,73.51,1.52,2.26,1,0,281,Normal,0,0
1/2/2025 7:34,49,67.72,37.66,56.07,1.54,3.07,1,0,127,Normal,0,0
1/2/2025 7:35,25,77.58,47.02,76.1,1.53,2.25,1,0,88,Normal,0,0
1/2/2025 7:36,24,85.06,64.47,40.06,3.99,1.62,1,0,106,Normal,0,0
1/2/2025 7:37,12,52.79,44.38,66.36,4.5,4.68,1,0,124,Normal,0,0
1/2/2025 7:38,18,83.95,78.92,36.53,2.38,0.99,1,0,49,Normal,0,0
1/2/2025 7:39,15,89.13,36.35,77.05,3.67,3.5,1,0,23,Normal,0,0
1/2/2025 7:40,44,95.51,35.32,79.13,3.78,2.19,1,1,24,Normal,1,1
1/2/2025 7:41,16,79.2,52,35.28,2.99,3.14,1,0,60,Normal,0,0
1/2/2025 7:42,27,57.22,52.93,53.56,2.19,3.54,1,0,426,Normal,0,0
1/2/2025 7:43,8,61.56,59.75,70.54,2.18,3.52,1,0,432,Normal,0,0
1/2/2025 7:44,46,83.92,14.2,55.93,2.17,4.29,0,0,354,Normal,0,0
1/2/2025 7:45,25,75.93,62.38,77.3,2.27,2.47,1,0,419,Normal,0,0
1/2/2025 7:46,17,68.7,35.65,74.61,1.97,1.85,1,0,357,Normal,0,0
1/2/2025 7:47,29,60.08,38.59,70.32,4.74,2.6,1,0,52,Normal,0,0
1/2/2025 7:48,8,64.23,47.94,41.89,2.27,2.3,1,0,360,Normal,0,0
1/2/2025 7:49,15,80.25,60.94,67.57,1.69,3.47,1,0,19,Normal,0,1
1/2/2025 7:50,27,79.79,45.16,61.65,1.93,1.56,1,0,341,Normal,0,0
1/2/2025 7:51,46,84.66,28.84,42.38,2.38,3.59,1,0,351,Normal,0,0
1/2/2025 7:52,50,88.2,76.12,41.82,1.21,2.49,1,0,215,Normal,0,0
1/2/2025 7:53,7,66.22,65.26,74.61,1.61,4.6,1,0,59,Normal,0,0
1/2/2025 7:54,3,84.23,64.87,41.48,1.38,1.58,1,0,373,Normal,0,0
1/2/2025 7:55,29,67.58,30.73,67.2,1.21,4.72,0,0,464,Normal,0,0
1/2/2025 7:56,44,73.75,20.26,48.85,1.88,2.69,1,0,59,Normal,0,0
1/2/2025 7:57,24,67.67,31.17,31.79,1.37,0.92,1,0,195,Normal,0,0
1/2/2025 7:58,3,82.7,41.28,46.87,2.64,3.19,1,0,168,Normal,0,0
1/2/2025 7:59,20,69.2,75.71,42.83,4.47,3.11,1,0,146,Normal,0,0
1/2/2025 8:00,46,81.48,37.58,57.94,2.49,0.85,1,0,256,Normal,0,0
1/2/2025 8:01,15,79.79,49.54,79.02,2.47,4.21,1,0,245,Normal,0,0
1/2/2025 8:02,25,86.39,78.28,63,4.73,0.9,1,0,486,Normal,0,0
1/2/2025 8:03,30,80.84,49.66,58.87,2.25,0.63,1,0,65,Normal,0,0
1/2/2025 8:04,14,93.69,42.09,74.18,4.04,3.08,2,1,23,Vibration Issue,1,1
1/2/2025 8:05,7,68.57,54.52,49.95,1.37,1.04,1,0,490,Normal,0,0
1/2/2025 8:06,17,82.95,64.65,50.98,1.38,3.62,1,0,327,Normal,0,0
1/2/2025 8:07,44,79.01,30.26,54.32,3.07,3.02,0,0,471,Normal,0,0
1/2/2025 8:08,20,67.45,44.43,55.44,4.36,1.31,2,0,388,Pressure Drop,0,1
1/2/2025 8:09,36,84.57,65.25,37.62,1.81,3.51,1,0,129,Normal,0,0
1/2/2025 8:10,9,83.51,61.28,54.17,3.63,2.8,1,0,399,Normal,0,0
1/2/2025 8:11,38,68.55,72.57,30.76,2.2,0.79,0,0,30,Normal,0,0
1/2/2025 8:12,48,58.28,35.15,70.84,1.8,2.76,1,0,382,Normal,0,0
1/2/2025 8:13,22,73.96,53.9,78.53,1.93,2.36,2,0,160,Vibration Issue,0,1
1/2/2025 8:14,2,68.14,56.12,68.42,3.01,1.59,1,0,256,Normal,0,0
1/2/2025 8:15,24,76.63,91.04,56.87,1.99,2.47,0,1,10,Normal,1,1
1/2/2025 8:16,8,75.11,38.61,74.3,3.47,3.24,1,0,324,Normal,0,0
1/2/2025 8:17,11,92.82,54.87,79.11,3.23,1.13,1,1,49,Normal,1,1
1/2/2025 8:18,13,67.62,33.6,56.66,3.6,0.73,1,0,428,Normal,0,0
1/2/2025 8:19,17,80.92,60.28,32.07,2.64,2.03,1,0,395,Normal,0,0
1/2/2025 8:20,8,61.48,58.96,30.76,1.71,4.85,1,0,467,Normal,0,0
1/2/2025 8:21,21,65.21,52.58,51.34,4.22,4.53,1,0,61,Normal,0,0
1/2/2025 8:22,18,70.57,22.59,43.03,4.91,2.39,1,0,109,Normal,0,0
1/2/2025 8:23,30,66.55,41.84,74.52,2.73,3.88,1,0,216,Normal,0,0
1/2/2025 8:24,18,79.36,45.02,46.88,2.17,0.68,1,0,157,Normal,0,0
1/2/2025 8:25,46,74.72,50.97,54.46,2.17,2.13,1,0,109,Normal,0,0
1/2/2025 8:26,47,83.25,45.25,54.88,4.48,4.01,1,0,148,Normal,0,0
1/2/2025 8:27,31,64.74,61.72,60.67,1.52,0.63,1,0,207,Normal,0,0
1/2/2025 8:28,38,76.79,71.04,45.91,4.92,2.99,1,0,225,Normal,0,0
1/2/2025 8:29,32,67.56,63.68,65.63,4.86,1.87,1,0,412,Normal,0,0
1/2/2025 8:30,11,87.72,46.41,59.57,3.73,2.62,2,0,364,Normal,0,1
1/2/2025 8:31,45,64.74,57.36,75.56,4.92,2.24,1,0,349,Normal,0,0
1/2/2025 8:32,25,57.42,22.26,59.01,3.56,4.61,1,0,18,Normal,0,1
1/2/2025 8:33,33,69.13,46.52,54.28,1.55,4.91,1,0,362,Normal,0,0
1/2/2025 8:34,38,63.79,38.95,38.92,1.96,3.2,2,0,366,Pressure Drop,0,1
1/2/2025 8:35,41,76.43,41.5,64.64,2.64,3.7,1,0,460,Normal,0,0
1/2/2025 8:36,8,80.82,53.68,68.49,3.17,4.35,1,0,335,Normal,0,0
1/2/2025 8:37,11,82.3,49.68,32.35,1.42,2.66,1,0,92,Normal,0,0
1/2/2025 8:38,22,53.65,39.7,34.42,4.01,2.67,1,0,462,Normal,0,0
1/2/2025 8:39,24,82.22,21.7,74.94,1.37,4.46,1,0,263,Normal,0,0
1/2/2025 8:40,41,77.27,41.3,77.27,1.04,1.3,1,0,486,Normal,0,0
1/2/2025 8:41,17,82.01,73.51,52.36,3.16,3.3,1,0,366,Normal,0,0
1/2/2025 8:42,12,83.79,52.67,33.43,2.93,4.52,1,0,45,Normal,0,0
1/2/2025 8:43,46,68.83,48.26,68.96,4.03,4.41,1,0,354,Normal,0,0
1/2/2025 8:44,32,65.95,43.8,30.66,3.71,2.24,0,0,89,Normal,0,0
1/2/2025 8:45,15,78.28,58.44,74.11,3.76,2.14,2,0,418,Electrical Fault,0,1
1/2/2025 8:46,16,84.65,58.45,54.58,3.72,1.83,1,0,382,Normal,0,0
1/2/2025 8:47,22,62.48,52.09,41.52,2.43,2.3,1,0,374,Normal,0,0
1/2/2025 8:48,28,75.63,45.6,57.45,3.8,0.92,1,0,435,Normal,0,0
1/2/2025 8:49,20,69.81,45.39,53.19,2.15,3.88,1,0,433,Normal,0,0
1/2/2025 8:50,33,69.78,44.04,76.12,2.95,3.05,1,0,223,Normal,0,0
1/2/2025 8:51,10,71.1,40.78,61.14,4.44,1.75,1,0,268,Normal,0,0
1/2/2025 8:52,40,81.55,54.85,63.56,3.26,1.49,1,0,298,Normal,0,0
1/2/2025 8:53,32,80.79,63.56,76.37,3.46,2,1,0,315,Normal,0,0
1/2/2025 8:54,50,66.12,65.59,47.6,1.88,1.92,1,0,370,Normal,0,0
1/2/2025 8:55,33,61.26,62.84,34.64,1.92,3.31,1,0,54,Normal,0,0
1/2/2025 8:56,2,85.74,52.69,50.58,1.09,4.36,1,0,460,Normal,0,0
1/2/2025 8:57,33,83.02,70.25,72.47,4.15,2.25,1,0,457,Normal,0,0
1/2/2025 8:58,33,87.39,37.92,66.42,3.23,3.64,1,0,160,Normal,0,0
1/2/2025 8:59,41,80.48,70.77,36.45,1.62,4.8,1,0,299,Normal,0,0
1/2/2025 9:00,13,88.33,51.1,71.11,3.38,4.74,1,0,107,Normal,0,0
1/2/2025 9:01,30,51.84,37.64,73.32,1.65,1.4,1,0,193,Normal,0,0
1/2/2025 9:02,33,73.84,47.27,47.77,3.64,4.69,2,0,459,Overheating,0,1
1/2/2025 9:03,13,68.06,45.74,75.82,2.58,1.76,1,0,137,Normal,0,0
1/2/2025 9:04,26,94.85,53.71,71.17,2.44,4.89,1,1,12,Normal,1,1
1/2/2025 9:05,22,63.01,44.05,61.93,3.19,2.79,1,0,324,Normal,0,0
1/2/2025 9:06,39,61.57,40.01,38.82,4.77,2.62,1,0,37,Normal,0,0
1/2/2025 9:07,2,68.73,74.77,53.21,4.71,2.74,1,0,189,Normal,0,0
1/2/2025 9:08,38,69.75,56.89,70.82,3.16,1.94,1,0,385,Normal,0,0
1/2/2025 9:09,39,71.24,50.06,66.02,3.16,1.87,0,0,135,Normal,0,0
1/2/2025 9:10,26,84.04,44.14,50.17,4.2,2.27,1,0,183,Normal,0,0
1/2/2025 9:11,46,89.82,33.45,75.98,3.16,3.08,1,0,388,Normal,0,0
1/2/2025 9:12,50,84.7,25.57,74.4,2.04,4.58,1,0,219,Normal,0,0
1/2/2025 9:13,15,99.78,35.44,53.06,4.35,2.69,1,1,24,Normal,1,1
1/2/2025 9:14,34,87.84,45.24,54.27,1.29,1.6,1,0,287,Normal,0,0
1/2/2025 9:15,42,68.67,43.04,74.05,3.75,0.51,1,0,348,Normal,0,0
1/2/2025 9:16,44,73.88,60.7,67.03,2.79,2.39,1,0,366,Normal,0,0
1/2/2025 9:17,49,82.91,13.73,59.61,1.22,1.92,1,0,94,Normal,0,0
1/2/2025 9:18,40,63.44,51.37,48.1,2.01,2.19,1,0,132,Normal,0,0
1/2/2025 9:19,11,71.88,74,47.34,4.17,2.83,2,0,404,Overheating,0,1
1/2/2025 9:20,3,81.51,36.06,76.33,3.38,2.16,1,0,315,Normal,0,0
1/2/2025 9:21,6,94.12,45.05,45.77,2.78,0.75,1,1,5,Normal,1,1
1/2/2025 9:22,9,75.33,48.66,52.44,4.16,2.27,1,0,255,Normal,0,0
1/2/2025 9:23,6,76.93,56.49,62.25,2.05,0.65,1,0,250,Normal,0,0
1/2/2025 9:24,9,80.16,38.03,78.12,2.04,1.34,1,0,192,Normal,0,0
1/2/2025 9:25,39,57.66,47.14,41.44,3.19,4.68,1,0,221,Normal,0,0
1/2/2025 9:26,31,71.39,24.92,34.4,3.69,3.63,0,0,495,Normal,0,0
1/2/2025 9:27,32,66.45,68.84,38.05,2.69,3.79,2,0,248,Normal,0,1
1/2/2025 9:28,41,82.77,42.86,77.06,1.67,2.99,1,0,305,Normal,0,0
1/2/2025 9:29,50,70.61,61.71,47.72,2.07,2.04,0,0,107,Normal,0,0
1/2/2025 9:30,12,87.16,65.02,49.63,3.27,2.54,2,0,233,Pressure Drop,0,1
1/2/2025 9:31,8,79.36,39.99,33.24,4.03,2.31,1,0,196,Normal,0,0
1/2/2025 9:32,8,73.41,46.11,49.12,2.8,2.26,1,0,483,Normal,0,0
1/2/2025 9:33,50,69.38,70.51,74.45,1.79,1.89,1,0,444,Normal,0,0
1/2/2025 9:34,28,67.86,36.15,30.03,1.23,4.06,1,0,381,Normal,0,0
1/2/2025 9:35,20,91.12,34.78,39.15,1.75,2.4,0,1,2,Normal,1,1
1/2/2025 9:36,47,54.64,32.71,55.89,1.16,0.73,1,0,496,Normal,0,0
1/2/2025 9:37,7,74.16,24.89,59.62,4.29,4.95,2,0,190,Electrical Fault,0,1
1/2/2025 9:38,11,75.86,29.94,59.11,2.77,3.33,0,0,265,Normal,0,0
1/2/2025 9:39,20,52.41,66.54,75.77,1.2,2.88,1,0,316,Normal,0,0
1/2/2025 9:40,16,88.09,46.36,49.19,4.01,4.49,1,0,459,Normal,0,0
1/2/2025 9:41,4,77.11,35.23,35,3.74,4.53,1,0,175,Normal,0,0
1/2/2025 9:42,6,82.31,59.51,52.13,3,4.29,1,0,360,Normal,0,0
1/2/2025 9:43,22,82.44,53.73,47.95,4.03,4.4,0,0,128,Normal,0,0
1/2/2025 9:44,26,84.1,31.22,77.4,4.97,0.52,0,0,88,Normal,0,0
1/2/2025 9:45,3,83.1,34.77,61.66,1.98,4.51,1,0,261,Normal,0,0
1/2/2025 9:46,41,83.09,58.65,51.23,2.91,2.98,1,0,32,Normal,0,0
1/2/2025 9:47,42,78.9,45.15,38.07,1.29,3.69,1,0,355,Normal,0,0
1/2/2025 9:48,14,84.89,73.9,40.12,1.12,3.59,1,0,45,Normal,0,0
1/2/2025 9:49,11,102.26,30.72,71.02,1.59,4.26,1,1,12,Normal,1,1
1/2/2025 9:50,18,66.46,58.71,58.88,3.88,1.96,0,0,29,Normal,0,0
1/2/2025 9:51,12,80.15,42.75,36.57,3.16,1.12,1,0,53,Normal,0,0
1/2/2025 9:52,23,83.39,23.43,42.96,3.7,3,0,0,164,Normal,0,0
1/2/2025 9:53,12,59.61,56.29,63.55,2.52,4.96,1,0,48,Normal,0,0
1/2/2025 9:54,13,93.93,85.28,55.03,1.41,3.04,1,1,28,Normal,1,1
1/2/2025 9:55,25,81.5,60.76,49.02,4.76,4.66,1,0,160,Normal,0,0
1/2/2025 9:56,45,78.12,33.28,69.65,4.94,4.94,1,0,402,Normal,0,0
1/2/2025 9:57,19,71.4,68.59,54.09,3.23,0.51,0,0,478,Normal,0,0
1/2/2025 9:58,46,83.46,42.34,76.55,3.44,1.83,1,0,92,Normal,0,0
1/2/2025 9:59,36,63.83,59.67,77.19,1.64,2.7,1,0,214,Normal,0,0
1/2/2025 10:00,45,92.3,20.46,72.96,1.84,3.44,1,1,32,Normal,1,1
1/2/2025 10:01,8,85.48,42.14,65.4,4.98,1.92,1,0,314,Normal,0,0
1/2/2025 10:02,29,73.77,28.5,41.14,3.89,4.8,1,0,491,Normal,0,0
1/2/2025 10:03,32,89.41,76.53,44.47,2.97,1.36,1,0,395,Normal,0,0
1/2/2025 10:04,44,57.6,47.18,62.59,1.31,0.98,1,0,320,Normal,0,0
1/2/2025 10:05,18,64.93,65.64,46.54,3.64,2.63,1,0,377,Normal,0,0
1/2/2025 10:06,6,75.63,68.66,60.66,2.27,4.25,1,0,142,Normal,0,0
1/2/2025 10:07,18,76.05,54.76,70.87,1.27,1.08,1,0,180,Normal,0,0
1/2/2025 10:08,19,79.53,72.18,74.31,1.83,2.62,1,0,69,Normal,0,0
1/2/2025 10:09,22,77.12,71.28,32.62,3.63,4.42,2,0,17,Vibration Issue,0,1
1/2/2025 10:10,37,87.5,37.16,62.77,4.09,2.32,1,0,32,Normal,0,0
1/2/2025 10:11,32,60.47,72.83,72.4,2.07,2.79,1,0,64,Normal,0,0
1/2/2025 10:12,41,55.9,45.55,31.83,2.75,2.18,0,0,340,Normal,0,0
1/2/2025 10:13,3,61.06,30.33,53.24,4.32,3.7,1,0,144,Normal,0,0
1/2/2025 10:14,28,62.07,34.65,57.16,4.86,2.03,1,0,295,Normal,0,0
1/2/2025 10:15,10,75.46,44.89,45.42,3.83,2.14,1,0,131,Normal,0,0
1/2/2025 10:16,35,73.7,26.17,54.67,3.11,0.74,1,0,368,Normal,0,0
1/2/2025 10:17,29,78.36,31.8,32.06,3.14,4.77,0,0,453,Normal,0,0
1/2/2025 10:18,15,78.79,43.97,37.91,3.81,0.68,1,0,464,Normal,0,0
1/2/2025 10:19,33,77.95,59.05,76.01,1.51,4.95,1,0,200,Normal,0,0
1/2/2025 10:20,7,59.83,37.68,44.85,3.75,0.73,1,0,242,Normal,0,0
1/2/2025 10:21,12,73.06,61.77,33.96,3.85,4.71,1,0,276,Normal,0,0
1/2/2025 10:22,49,70.13,35.83,64.05,4.97,4.87,0,0,278,Normal,0,0
1/2/2025 10:23,30,87.51,49.82,78.16,1.54,4.76,1,0,392,Normal,0,0
1/2/2025 10:24,21,78.78,80.21,49.21,3.72,0.62,1,1,38,Normal,1,1
1/2/2025 10:25,31,93.91,56.95,79.4,2.06,1.02,1,1,14,Normal,1,1
1/2/2025 10:26,24,65.43,58.58,53.58,2,1.2,1,0,320,Normal,0,0
1/2/2025 10:27,20,72.32,15.8,39.67,3.08,3.82,0,0,473,Normal,0,0
1/2/2025 10:28,37,84.47,73.6,53.27,2.27,2.63,1,0,96,Normal,0,0
1/2/2025 10:29,4,70.37,68.9,40.57,2.7,3.32,1,0,152,Normal,0,0
1/2/2025 10:30,28,79.09,69.65,40.48,1.82,0.69,1,0,149,Normal,0,0
1/2/2025 10:31,44,69.25,46.1,65.82,1.69,2,1,0,128,Normal,0,0
1/2/2025 10:32,20,86.99,28.14,79.66,3.66,4.01,1,0,350,Normal,0,0
1/2/2025 10:33,24,61.29,63.68,47.97,4.4,2.39,0,0,126,Normal,0,0
1/2/2025 10:34,50,94.5,40.12,61.2,3.28,0.69,1,1,9,Normal,1,1
1/2/2025 10:35,49,83.04,48.1,38.04,3.62,0.64,1,0,423,Normal,0,0
1/2/2025 10:36,32,80.32,34.32,44.25,1.18,2.4,1,0,282,Normal,0,0
1/2/2025 10:37,41,79.28,56.21,49.8,1.05,1.54,1,0,426,Normal,0,0
1/2/2025 10:38,36,68.4,29.77,70.75,3.71,3.28,1,0,329,Normal,0,0
1/2/2025 10:39,34,82.44,51.88,61.95,3.58,2.71,1,0,162,Normal,0,0
1/2/2025 10:40,36,70.19,59.02,32.36,4.18,1.32,1,0,437,Normal,0,0
1/2/2025 10:41,2,54.34,55.54,39.23,4.25,2.5,1,0,408,Normal,0,0
1/2/2025 10:42,15,76.3,34.22,40.95,3.51,2.56,1,0,38,Normal,0,0
1/2/2025 10:43,34,67.94,44.99,43.73,2.78,3.58,0,0,415,Normal,0,0
1/2/2025 10:44,36,76.83,68.89,35.49,3.11,3.29,1,0,120,Normal,0,0
1/2/2025 10:45,6,75.22,36.83,38.45,4.66,4.59,1,0,179,Normal,0,0
1/2/2025 10:46,39,61.21,78.75,70.38,1.57,3.81,2,0,371,Overheating,0,1
1/2/2025 10:47,42,91.37,44.3,39.09,3.24,3.43,1,1,18,Normal,1,1
1/2/2025 10:48,12,68.72,63.15,32.93,2.58,1.4,1,0,476,Normal,0,0
1/2/2025 10:49,3,86.05,43.45,61.08,2.25,0.73,1,0,282,Normal,0,0
1/2/2025 10:50,45,68.24,41.88,75.66,3.59,4.94,1,0,223,Normal,0,0
1/2/2025 10:51,18,75.5,44,68.36,2.27,0.52,1,0,473,Normal,0,0
1/2/2025 10:52,40,78.17,76.53,42.55,2.4,2.35,1,0,456,Normal,0,0
1/2/2025 10:53,21,55.01,77.01,75.85,3.16,4.81,1,0,55,Normal,0,0
1/2/2025 10:54,15,69.15,58.19,62.69,1.76,1.81,1,0,31,Normal,0,0
1/2/2025 10:55,33,77.95,41.7,65.62,3.85,4.99,1,0,429,Normal,0,0
1/2/2025 10:56,35,75.9,34.37,77.79,2.38,3.03,1,0,412,Normal,0,0
1/2/2025 10:57,26,75.67,67.45,39.05,3.88,1.94,0,0,180,Normal,0,0
1/2/2025 10:58,8,84.43,52.75,52.72,2.89,2.28,1,0,493,Normal,0,0
1/2/2025 10:59,36,67.22,56.82,39.17,4.22,4.41,1,0,338,Normal,0,0
1/2/2025 11:00,48,75.97,78.75,44.09,2.03,0.78,1,0,104,Normal,0,0
1/2/2025 11:01,30,61.7,69.69,41.63,4.64,2.44,1,0,406,Normal,0,0
1/2/2025 11:02,23,70.21,70.26,61.27,4.77,0.92,1,0,253,Normal,0,0
1/2/2025 11:03,42,87.55,49.85,58.34,2.87,3.11,1,0,353,Normal,0,0
1/2/2025 11:04,44,75.38,31.04,36.82,4.76,1.92,0,0,139,Normal,0,0
1/2/2025 11:05,14,70.52,30.48,33.08,3.36,2.24,0,0,341,Normal,0,0
1/2/2025 11:06,14,67.09,52.42,36.09,4.66,4.36,1,0,290,Normal,0,0
1/2/2025 11:07,2,61.41,62.2,38.13,3,3.96,1,0,266,Normal,0,0
1/2/2025 11:08,37,84.74,35.43,36.12,3.44,1.5,1,0,215,Normal,0,0
1/2/2025 11:09,5,96.37,56.85,31.25,2.92,3.46,1,1,4,Normal,1,1
1/2/2025 11:10,38,70.9,58.31,49.56,2.59,2.21,1,0,352,Normal,0,0
1/2/2025 11:11,45,56.98,68.81,36.2,3.25,3.68,1,0,152,Normal,0,0
1/2/2025 11:12,41,90.51,52.82,35.58,4.68,1.63,1,1,33,Normal,1,1
1/2/2025 11:13,47,66.11,58.59,70.62,3.35,2,1,0,173,Normal,0,0
1/2/2025 11:14,14,78.88,35.93,37.87,4.27,3.19,1,0,280,Normal,0,0
1/2/2025 11:15,39,80.31,60.89,52.82,2.68,3.51,1,0,283,Normal,0,0
1/2/2025 11:16,25,86.29,49.46,46.93,3.89,1,1,0,340,Normal,0,0
1/2/2025 11:17,20,72.73,55.02,65.28,3.79,2.72,1,0,84,Normal,0,0
1/2/2025 11:18,2,79.66,59.63,42,4.81,4.34,2,0,468,Normal,0,1
1/2/2025 11:19,39,71.76,27.53,56.99,3.09,1.13,0,0,11,Normal,0,1
1/2/2025 11:20,6,55.09,46.34,69.06,3,4.03,1,0,107,Normal,0,0
1/2/2025 11:21,17,70.86,40.26,39.86,2.29,2.3,0,0,353,Normal,0,0
1/2/2025 11:22,25,78.74,61.3,60.67,3.63,1.59,1,0,357,Normal,0,0
1/2/2025 11:23,28,65.02,25.57,52.62,3.64,4.19,1,0,156,Normal,0,0
1/2/2025 11:24,2,75.92,54.65,70.35,4.79,4.29,1,0,280,Normal,0,0
1/2/2025 11:25,35,77.71,53.72,37.06,2.64,3.85,1,0,214,Normal,0,0
1/2/2025 11:26,37,88.41,69.22,32.4,2.18,2.96,1,0,228,Normal,0,0
1/2/2025 11:27,5,65.74,57.31,45.49,4.14,0.52,1,0,56,Normal,0,0
1/2/2025 11:28,1,77.45,52.14,71.26,4.32,2.65,1,0,346,Normal,0,0
1/2/2025 11:29,40,64.08,38.29,51.51,1.61,2.94,1,0,134,Normal,0,0
1/2/2025 11:30,12,53.16,41.07,39.3,2.61,2.03,1,0,144,Normal,0,0
1/2/2025 11:31,36,70.24,48.08,71.04,3.99,1.15,1,0,354,Normal,0,0
1/2/2025 11:32,45,69.53,64.24,57.53,4.99,3.66,1,0,296,Normal,0,0
1/2/2025 11:33,23,78.43,32.14,30.71,4.18,1.5,1,0,77,Normal,0,0
1/2/2025 11:34,47,86.61,40.78,31.67,4.81,4.45,1,0,360,Normal,0,0
1/2/2025 11:35,31,76.07,90.41,37.7,1.38,2.31,0,1,11,Normal,1,1
1/2/2025 11:36,11,68.51,60.76,49.13,3.8,1.88,1,0,492,Normal,0,0
1/2/2025 11:37,10,66.78,41.08,35.94,4.79,2.99,1,0,285,Normal,0,0
1/2/2025 11:38,3,86.65,60.5,63.63,3.16,1.55,2,0,298,Pressure Drop,0,1
1/2/2025 11:39,14,81.87,77.12,50.88,2.51,4.27,1,0,478,Normal,0,0
1/2/2025 11:40,16,66.17,70.44,66.85,4.27,1.16,1,0,436,Normal,0,0
1/2/2025 11:41,10,61.34,42.21,37.29,2.14,4.12,1,0,282,Normal,0,0
1/2/2025 11:42,29,66.15,44.51,68.96,1.1,4.98,1,0,87,Normal,0,0
1/2/2025 11:43,10,84.89,57.84,37.01,4.21,0.7,1,0,132,Normal,0,0
1/2/2025 11:44,12,65.56,65.97,71.39,4.78,3.85,1,0,220,Normal,0,0
1/2/2025 11:45,30,79.6,39.61,38.25,3.23,2.49,2,0,285,Normal,0,1
1/2/2025 11:46,41,91.93,54.49,51.47,1.81,3.52,1,1,25,Normal,1,1
1/2/2025 11:47,1,67.04,39.08,53.71,4.54,4.51,1,0,425,Normal,0,0
1/2/2025 11:48,5,71.23,54.84,30.71,3.06,2.05,1,0,318,Normal,0,0
1/2/2025 11:49,20,74.69,46.64,67.43,3.43,2.97,1,0,203,Normal,0,0
1/2/2025 11:50,8,58.95,46.93,61.97,1.81,4.17,1,0,201,Normal,0,0
1/2/2025 11:51,43,67.9,65.32,43.02,4.9,4.03,1,0,456,Normal,0,0
1/2/2025 11:52,12,76.78,69.09,40.65,1.44,1.62,1,0,53,Normal,0,0
1/2/2025 11:53,1,65.28,59.35,37.42,1.66,2.98,1,0,174,Normal,0,0
1/2/2025 11:54,20,96.37,22.56,61.46,3.24,4.9,1,1,19,Normal,1,1
1/2/2025 11:55,28,70.08,45.43,58.05,2.67,3.87,1,0,268,Normal,0,0
1/2/2025 11:56,43,73.22,19.96,43.43,1.94,4.28,1,0,336,Normal,0,0
1/2/2025 11:57,37,69.26,47.13,53.28,1.16,2.9,1,0,448,Normal,0,0
1/2/2025 11:58,47,72.57,12.42,44.54,3.28,1.07,1,0,53,Normal,0,0
1/2/2025 11:59,37,67.78,30.69,39.53,4.24,2.81,0,0,288,Normal,0,0
1/2/2025 12:00,12,54.25,46.89,68.95,4.16,4.78,1,0,97,Normal,0,0
1/2/2025 12:01,37,71.4,50.41,32.75,2.52,2.81,1,0,243,Normal,0,0
1/2/2025 12:02,49,93.07,59.81,57.02,2.74,2.5,1,1,15,Normal,1,1
1/2/2025 12:03,49,91.29,42.82,73.65,1.61,1.96,1,1,40,Normal,1,1
1/2/2025 12:04,44,64.45,69.41,32.41,3.34,3.04,1,0,383,Normal,0,0
1/2/2025 12:05,28,59.04,39.43,77.31,2.82,1,1,0,48,Normal,0,0
1/2/2025 12:06,47,54.47,64.93,43.22,4.12,4.99,2,0,84,Normal,0,1
1/2/2025 12:07,15,65.27,57.31,77.25,4.76,3.76,1,0,91,Normal,0,0
1/2/2025 12:08,6,69.44,39.98,38.87,2.52,4.49,1,0,397,Normal,0,0
1/2/2025 12:09,44,79.02,54.21,51.13,3.82,1.95,2,0,320,Normal,0,1
1/2/2025 12:10,20,70.85,68.97,40.31,1.12,0.65,1,0,395,Normal,0,0
1/2/2025 12:11,50,83.78,64.61,46.33,3.86,1.01,1,0,75,Normal,0,0
1/2/2025 12:12,14,80.93,62.78,44.43,4.22,2.83,2,0,284,Electrical Fault,0,1
1/2/2025 12:13,2,78.46,42.5,44.55,3.2,2.73,1,0,424,Normal,0,0
1/2/2025 12:14,9,73.79,41.36,56.06,4.16,1.37,1,0,440,Normal,0,0
1/2/2025 12:15,37,84.88,41.43,67.56,1.57,2.6,1,0,138,Normal,0,0
1/2/2025 12:16,20,81.34,39.84,37.4,1.1,2.63,1,0,87,Normal,0,0
1/2/2025 12:17,26,60.4,47.21,51.12,1.31,3.57,1,0,100,Normal,0,0
1/2/2025 12:18,29,80.28,29.15,68.14,4.55,1.27,1,0,108,Normal,0,0
1/2/2025 12:19,1,69.25,18.58,30.04,1.7,1.67,2,0,407,Overheating,0,1
1/2/2025 12:20,35,84.19,49.47,38.81,3.89,1.86,0,0,484,Normal,0,0
1/2/2025 12:21,6,81.57,71.51,42.69,2.68,0.59,1,0,314,Normal,0,0
1/2/2025 12:22,37,92.19,52.58,59.28,1.8,2.59,1,1,27,Normal,1,1
1/2/2025 12:23,5,55.02,58.6,60.41,3.04,1.19,1,0,107,Normal,0,0
1/2/2025 12:24,33,78.07,52.35,66.91,4.18,1.16,1,0,433,Normal,0,0
1/2/2025 12:25,49,68.5,55.83,70.53,3.29,1.04,1,0,145,Normal,0,0
1/2/2025 12:26,14,96.3,45.39,53.93,2.18,3.9,1,1,36,Normal,1,1
1/2/2025 12:27,12,44.65,38.65,59.46,4.92,1.75,0,0,175,Normal,0,0
1/2/2025 12:28,42,79.37,64.8,52.04,1.94,2.29,1,0,267,Normal,0,0
1/2/2025 12:29,20,80.57,51.42,42.2,1.67,3.61,0,0,459,Normal,0,0
1/2/2025 12:30,50,53.62,49.86,32.84,3.12,3.52,1,0,277,Normal,0,0
1/2/2025 12:31,24,80.19,69.7,66.65,4.42,0.97,2,0,434,Vibration Issue,0,1
1/2/2025 12:32,43,54.83,47.53,60.42,1.18,3.39,1,0,164,Normal,0,0
1/2/2025 12:33,34,67.76,53,37.01,4.03,4.36,1,0,103,Normal,0,0
1/2/2025 12:34,25,79.09,32.6,74.2,2.04,3.25,1,0,26,Normal,0,0
1/2/2025 12:35,50,65.23,53.26,44.04,4.77,3.53,1,0,187,Normal,0,0
1/2/2025 12:36,29,75.77,56.65,46.87,2.07,3.81,1,0,113,Normal,0,0
1/2/2025 12:37,39,74.93,52.66,74.31,2.74,0.58,0,0,18,Normal,0,1
1/2/2025 12:38,31,80.35,57.11,40.3,3.64,2.84,1,0,229,Normal,0,0
1/2/2025 12:39,47,64.32,32.67,44.45,3.07,2.45,1,0,163,Normal,0,0
1/2/2025 12:40,43,84.25,49.1,37.56,3.67,4.16,0,0,431,Normal,0,0
1/2/2025 12:41,50,46.1,38.39,68.92,2.92,3.31,1,0,40,Normal,0,0
1/2/2025 12:42,23,90.19,70.31,59.11,2.47,1.75,1,1,14,Normal,1,1
1/2/2025 12:43,44,72.43,33.75,70.47,1.46,4.56,1,0,367,Normal,0,0
1/2/2025 12:44,38,73.45,43.77,52.22,4.61,1.12,1,0,384,Normal,0,0
1/2/2025 12:45,20,78.08,48.38,44.73,2.52,4.08,0,0,20,Normal,0,0
1/2/2025 12:46,23,76.91,57.87,45.97,2.92,3.21,1,0,350,Normal,0,0
1/2/2025 12:47,45,74.97,35.05,68.01,1.74,3.04,1,0,462,Normal,0,0
1/2/2025 12:48,16,87.47,57.32,61.22,2.58,3.58,1,0,476,Normal,0,0
1/2/2025 12:49,50,59.73,50.14,45.65,2.27,1.94,1,0,99,Normal,0,0
1/2/2025 12:50,42,65.45,25.28,45.33,4.39,2.68,1,0,414,Normal,0,0
1/2/2025 12:51,8,79.34,40.13,37.34,2.55,1.17,1,0,356,Normal,0,0
1/2/2025 12:52,50,71.33,42.37,70.43,1.2,3.17,0,0,488,Normal,0,0
1/2/2025 12:53,21,87.91,49.04,63.15,4.19,2.34,1,0,36,Normal,0,0
1/2/2025 12:54,1,97.39,38.27,57.64,1.1,3.43,1,1,8,Normal,1,1
1/2/2025 12:55,8,75.05,73.52,64.18,3.16,3.8,1,0,450,Normal,0,0
1/2/2025 12:56,29,57.79,39.94,52.63,3.81,3.36,0,0,229,Normal,0,0
1/2/2025 12:57,32,66.19,74.62,63.06,4.81,0.58,1,0,10,Normal,0,1
1/2/2025 12:58,38,54.57,67.21,76.46,1.19,4.88,1,0,335,Normal,0,0
1/2/2025 12:59,5,81.19,48.48,33.82,1.63,3.28,1,0,38,Normal,0,0
1/2/2025 13:00,47,65.53,37.17,30.64,2.74,2.02,1,0,282,Normal,0,0
1/2/2025 13:01,22,73.41,54.46,40.68,1.14,4.87,1,0,84,Normal,0,0
1/2/2025 13:02,47,72.11,59.8,79.04,2.63,2.47,1,0,440,Normal,0,0
1/2/2025 13:03,34,86.3,57.94,41.39,1.39,2.61,1,0,98,Normal,0,0
1/2/2025 13:04,1,75.56,41.47,34.66,4.65,0.84,1,0,287,Normal,0,0
1/2/2025 13:05,26,72.29,53.1,57.36,2.06,3.03,1,0,465,Normal,0,0
1/2/2025 13:06,43,65.8,85.94,60.59,1.08,2.1,1,1,41,Normal,1,1
1/2/2025 13:07,10,81.04,57.25,56.93,4.34,4.09,1,0,126,Normal,0,0
1/2/2025 13:08,30,63.99,50.16,53,4.88,4.22,1,0,338,Normal,0,0
1/2/2025 13:09,50,62.46,50.36,37.13,3.11,1.74,1,0,209,Normal,0,0
1/2/2025 13:10,18,69.06,33.63,64.41,3.08,1.15,1,0,94,Normal,0,0
1/2/2025 13:11,17,95.84,44.23,64.22,3.58,2.29,1,1,32,Normal,1,1
1/2/2025 13:12,26,74.01,63.82,54.14,4.28,2.79,2,0,68,Vibration Issue,0,1
1/2/2025 13:13,8,74.49,24.88,56.29,2.06,3.74,1,0,178,Normal,0,0
1/2/2025 13:14,47,78.18,48.71,37.85,1.23,3.63,1,0,319,Normal,0,0
1/2/2025 13:15,40,77.33,13.94,41.43,2.39,3.26,1,0,165,Normal,0,0
1/2/2025 13:16,49,72.82,63.04,34.42,4.58,0.75,1,0,287,Normal,0,0
1/2/2025 13:17,12,65.32,61.9,76.34,1.86,4,1,0,424,Normal,0,0
1/2/2025 13:18,27,70.61,55.6,37.82,1.01,1.31,2,0,428,Normal,0,1
1/2/2025 13:19,8,72.93,64.59,66.77,2.58,0.58,1,0,192,Normal,0,0
1/2/2025 13:20,25,60.85,38.35,62.11,3.46,3.65,1,0,233,Normal,0,0
1/2/2025 13:21,46,72.84,41.97,79.9,2.61,0.82,1,0,177,Normal,0,0
1/2/2025 13:22,4,76.95,56.63,58.55,2.63,2.39,1,0,185,Normal,0,0
1/2/2025 13:23,33,69.64,65.84,74.63,2.72,4.1,1,0,75,Normal,0,0
1/2/2025 13:24,1,87.39,29.7,45.97,4.58,1.71,1,0,77,Normal,0,0
1/2/2025 13:25,19,77.75,41.94,41.43,2.84,4.72,1,0,476,Normal,0,0
1/2/2025 13:26,31,67.38,52.86,75.43,2.48,2.01,0,0,31,Normal,0,0
1/2/2025 13:27,16,70.86,28.57,72.87,1.29,1.99,1,0,27,Normal,0,0
1/2/2025 13:28,14,87.28,34.62,54.53,3.94,3.27,2,0,450,Overheating,0,1
1/2/2025 13:29,48,68.84,24.64,69.2,4.31,4.07,1,0,322,Normal,0,0
1/2/2025 13:30,5,66.98,50.99,59.66,4.71,4.35,2,0,307,Overheating,0,1
1/2/2025 13:31,41,66.54,53.65,62.51,1.94,1.72,2,0,332,Normal,0,1
1/2/2025 13:32,26,75.74,57.86,39.46,1.13,2.4,1,0,462,Normal,0,0
1/2/2025 13:33,28,77.2,54.98,30.5,2.6,3.58,1,0,139,Normal,0,0
1/2/2025 13:34,2,81.79,55.77,47.52,3.68,1.25,1,0,421,Normal,0,0
1/2/2025 13:35,50,67.73,41.69,50.78,3.19,3.09,2,0,118,Normal,0,1
1/2/2025 13:36,6,90.18,48.86,60.8,2.24,4.95,2,1,38,Vibration Issue,1,1
1/2/2025 13:37,9,80.11,46.39,50.89,4.45,3.16,1,0,481,Normal,0,0
1/2/2025 13:38,33,70.84,43.24,66.4,3.85,3.78,1,0,189,Normal,0,0
1/2/2025 13:39,41,83.27,75.52,31.38,4.5,1.15,1,0,416,Normal,0,0
1/2/2025 13:40,25,94.04,56.71,68.89,2.33,0.7,1,1,27,Normal,1,1
1/2/2025 13:41,48,79.86,48.82,52.51,3.42,3.55,1,0,443,Normal,0,0
1/2/2025 13:42,13,92.59,30.22,67.07,2.36,2.92,1,1,11,Normal,1,1
1/2/2025 13:43,9,64.91,34.14,44.72,2.45,2.01,1,0,256,Normal,0,0
1/2/2025 13:44,13,55.72,33.06,51.76,3.33,1.76,1,0,345,Normal,0,0
1/2/2025 13:45,31,80.33,44.33,64.87,3.78,1.53,1,0,436,Normal,0,0
1/2/2025 13:46,41,86.36,66.02,52.12,2.21,2.14,1,0,494,Normal,0,0
1/2/2025 13:47,11,61.73,36.44,49.3,2.35,1.4,1,0,96,Normal,0,0
1/2/2025 13:48,4,87.43,46.51,68.34,1.56,0.97,0,0,331,Normal,0,0
1/2/2025 13:49,34,70.63,70.74,55.79,1.8,4.22,1,0,498,Normal,0,0
1/2/2025 13:50,38,81.1,62.87,62.36,1.8,4.94,1,0,344,Normal,0,0
1/2/2025 13:51,46,77.64,52.62,35.1,1.38,4.18,1,0,259,Normal,0,0
1/2/2025 13:52,4,79.65,55.01,73.25,1.83,4.03,1,0,432,Normal,0,0
1/2/2025 13:53,38,80.67,29.67,77.01,1.01,1.03,1,0,406,Normal,0,0
1/2/2025 13:54,19,74.14,44.28,65.08,3.89,3.35,0,0,368,Normal,0,0
1/2/2025 13:55,6,70.68,37.41,41.78,4.87,4.7,1,0,78,Normal,0,0
1/2/2025 13:56,34,78.44,45.3,41.42,3.36,2.59,1,0,276,Normal,0,0
1/2/2025 13:57,18,72.24,46.27,79.78,3.64,3.12,1,0,393,Normal,0,0
1/2/2025 13:58,13,68.07,40.47,47.26,1.23,1.86,1,0,154,Normal,0,0
1/2/2025 13:59,41,78.18,32.82,75.39,3.76,4.99,1,0,127,Normal,0,0
1/2/2025 14:00,23,69.03,33.17,77.03,1.92,0.99,1,0,357,Normal,0,0
1/2/2025 14:01,19,73.05,38.81,53.93,2.89,3.99,1,0,382,Normal,0,0
1/2/2025 14:02,45,69.69,30.76,62.15,3.87,3.64,1,0,234,Normal,0,0
1/2/2025 14:03,11,90.6,76.96,69.88,2.07,2.6,2,1,22,Vibration Issue,1,1
1/2/2025 14:04,1,76.06,13.11,57.11,3.34,0.88,2,0,213,Overheating,0,1
1/2/2025 14:05,24,59.16,83.53,78.18,4.61,0.81,1,1,30,Normal,1,1
1/2/2025 14:06,7,87.46,69.3,54.2,4.54,1.7,0,0,191,Normal,0,0
1/2/2025 14:07,25,56.87,55.18,62.53,2.44,1.12,1,0,86,Normal,0,0
1/2/2025 14:08,21,96.39,55.92,39.12,2.01,1.24,1,1,14,Normal,1,1
1/2/2025 14:09,15,75.4,72.69,36.04,4.95,2.9,1,0,44,Normal,0,0
1/2/2025 14:10,1,68.76,55.33,75,1.31,2.07,1,0,391,Normal,0,0
1/2/2025 14:11,12,71.36,47.77,33.12,4.24,1.44,1,0,169,Normal,0,0
1/2/2025 14:12,7,59.08,51.08,30.65,2.5,4.29,0,0,352,Normal,0,0
1/2/2025 14:13,15,73.96,61.3,45.06,3.07,1.27,0,0,201,Normal,0,0
1/2/2025 14:14,21,70.54,86.53,33.6,4.77,3.05,1,1,33,Normal,1,1
1/2/2025 14:15,19,74.37,62.61,32.6,3.17,2.18,1,0,334,Normal,0,0
1/2/2025 14:16,29,84,41.87,35.81,1.97,3.94,1,0,298,Normal,0,0
1/2/2025 14:17,25,78.03,34.92,51.76,1.3,4.22,1,0,182,Normal,0,0
1/2/2025 14:18,33,63.44,63.71,71.8,2.37,4.96,1,0,494,Normal,0,0
1/2/2025 14:19,49,65.1,40.86,34.28,4.42,2.34,0,0,18,Normal,0,1
1/2/2025 14:20,32,77.51,57.99,78,1.66,1.11,1,0,146,Normal,0,0
1/2/2025 14:21,49,79.9,42.03,69.02,2.02,3.21,1,0,449,Normal,0,0
1/2/2025 14:22,35,74.28,65.02,77.37,1.6,0.75,1,0,493,Normal,0,0
1/2/2025 14:23,44,80.55,53.87,51.44,3.99,3.62,1,0,128,Normal,0,0
1/2/2025 14:24,38,76.43,49.77,51.1,3.74,3.29,1,0,251,Normal,0,0
1/2/2025 14:25,26,76.71,34.51,70.15,4.13,1.72,1,0,497,Normal,0,0
1/2/2025 14:26,11,83.4,81.42,52.82,3.49,3.87,2,1,14,Normal,1,1
1/2/2025 14:27,35,94.22,38.4,73.42,4.46,3.13,1,1,40,Normal,1,1
1/2/2025 14:28,8,77.99,54.89,37.61,3.69,4.51,2,0,454,Overheating,0,1
1/2/2025 14:29,46,105.83,50.86,79.1,1.33,2.06,1,1,29,Normal,1,1
1/2/2025 14:30,14,76.44,47.37,38.05,4.85,1.55,1,0,76,Normal,0,0
1/2/2025 14:31,10,76.28,56.98,42.79,1.31,3.4,1,0,235,Normal,0,0
1/2/2025 14:32,2,94.53,45.59,73.7,3.85,1.93,1,1,3,Normal,1,1
1/2/2025 14:33,46,73.35,69.93,47.94,3.63,0.58,0,0,291,Normal,0,0
1/2/2025 14:34,9,56.89,54.05,35.84,1.51,2.51,1,0,456,Normal,0,0
1/2/2025 14:35,3,64.06,33.49,78.69,1.28,3.04,1,0,380,Normal,0,0
1/2/2025 14:36,21,84.05,43.38,47.54,1.81,3.91,1,0,420,Normal,0,0
1/2/2025 14:37,26,79.88,36.91,39.64,4.61,2.69,1,0,403,Normal,0,0
1/2/2025 14:38,8,65.71,55.57,65.57,2.38,4.08,1,0,354,Normal,0,0
1/2/2025 14:39,48,55.42,60.01,53.5,2.26,4.22,1,0,81,Normal,0,0
1/2/2025 14:40,2,71.19,39.08,50.73,4.97,0.5,1,0,267,Normal,0,0
1/2/2025 14:41,6,86.98,58.74,40.41,3.05,4.85,1,0,455,Normal,0,0
1/2/2025 14:42,28,73.87,60.72,77.08,2.75,3.48,0,0,148,Normal,0,0
1/2/2025 14:43,29,71.44,55.53,52.57,1.37,3.72,1,0,315,Normal,0,0
1/2/2025 14:44,26,64.01,71.57,74.94,4.26,3.68,0,0,380,Normal,0,0
1/2/2025 14:45,25,71.76,53.57,58.22,4.89,4.37,1,0,150,Normal,0,0
1/2/2025 14:46,12,80.33,70.34,50.32,3.09,2.99,2,0,247,Electrical Fault,0,1
1/2/2025 14:47,5,73.09,51.14,59.79,4.4,3.2,0,0,23,Normal,0,0
1/2/2025 14:48,34,73.31,60.2,47.38,4.63,4.02,1,0,331,Normal,0,0
1/2/2025 14:49,48,86.21,71.15,37.24,1.99,4.3,1,0,334,Normal,0,0
1/2/2025 14:50,37,67.21,20.33,63.67,1.79,3.4,2,0,187,Vibration Issue,0,1
1/2/2025 14:51,15,79.7,25.08,60.55,4.14,0.84,1,0,427,Normal,0,0
1/2/2025 14:52,44,73.43,75.73,56.38,3.98,0.75,1,0,242,Normal,0,0
1/2/2025 14:53,36,91.4,34.82,78.7,1.13,4.93,1,1,35,Normal,1,1
1/2/2025 14:54,15,83.65,57.87,38.52,3.12,4.85,1,0,147,Normal,0,0
1/2/2025 14:55,43,88.37,64.7,51.44,1.14,4.01,1,0,484,Normal,0,0
1/2/2025 14:56,48,81.15,35.66,46.47,3.8,4.2,1,0,332,Normal,0,0
1/2/2025 14:57,23,70.09,47.77,62.49,3.14,3.92,1,0,466,Normal,0,0
1/2/2025 14:58,6,89.16,54.56,59.05,4.09,4.2,1,0,247,Normal,0,0
1/2/2025 14:59,46,78.6,46.63,73.34,2.56,1.03,1,0,337,Normal,0,0
1/2/2025 15:00,50,77.25,45.71,68.37,3.76,1.98,1,0,302,Normal,0,0
1/2/2025 15:01,44,67.08,76.82,73.51,2.39,2.4,1,0,499,Normal,0,0
1/2/2025 15:02,43,82.4,49.46,59.85,3.89,3.32,1,0,323,Normal,0,0
1/2/2025 15:03,45,70.73,51.26,56.56,4.08,1.71,2,0,66,Vibration Issue,0,1
1/2/2025 15:04,21,69.71,51.73,61.37,2.81,1.44,1,0,432,Normal,0,0
1/2/2025 15:05,23,77.99,92.94,50.13,4.25,4.96,1,1,7,Normal,1,1
1/2/2025 15:06,43,68.81,24.27,79.11,1.52,1.94,1,0,328,Normal,0,0
1/2/2025 15:07,16,67.4,36.15,78.69,3.86,1.64,1,0,205,Normal,0,0
1/2/2025 15:08,47,65.63,48.09,68.72,2.25,1.41,2,0,454,Overheating,0,1
1/2/2025 15:09,15,85.29,32.47,43,1.02,4.11,0,0,358,Normal,0,0
1/2/2025 15:10,25,89.32,45.39,62.56,1.03,2.1,1,0,74,Normal,0,0
1/2/2025 15:11,36,94.12,56.17,66.4,3.09,2.28,1,1,44,Normal,1,1
1/2/2025 15:12,11,84.35,47.94,45.69,3.59,1.75,2,0,104,Vibration Issue,0,1
1/2/2025 15:13,15,51.86,31.46,58.22,2.41,0.64,1,0,317,Normal,0,0
1/2/2025 15:14,4,78.2,43.33,32.49,4.31,2.41,0,0,26,Normal,0,0
1/2/2025 15:15,21,72.53,29.03,64.43,1.62,4.83,1,0,352,Normal,0,0
1/2/2025 15:16,13,98.89,42.22,49.89,2.26,3.58,1,1,35,Normal,1,1
1/2/2025 15:17,22,78.93,84.64,64.08,3.4,3.47,1,1,18,Normal,1,1
1/2/2025 15:18,19,66.69,60.43,74.91,2.15,0.95,1,0,217,Normal,0,0
1/2/2025 15:19,34,67.74,49.44,68.14,4.83,2.84,1,0,338,Normal,0,0
1/2/2025 15:20,14,57.53,30.41,65.42,4.34,0.5,1,0,167,Normal,0,0
1/2/2025 15:21,4,74.3,16.06,67.57,4.86,3.19,1,0,142,Normal,0,0
1/2/2025 15:22,48,59.29,39.15,57.49,4.5,1.59,1,0,431,Normal,0,0
1/2/2025 15:23,46,54.81,40.03,53.75,4.72,2.83,1,0,119,Normal,0,0
1/2/2025 15:24,27,65.69,55.17,52.63,3.06,1.52,1,0,382,Normal,0,0
1/2/2025 15:25,29,64.75,50.57,76.36,4.45,2.24,1,0,491,Normal,0,0
1/2/2025 15:26,47,75.72,52.54,47.76,3.14,2.17,0,0,258,Normal,0,0
1/2/2025 15:27,28,78.88,52.3,66.11,1.13,1.44,1,0,74,Normal,0,0
1/2/2025 15:28,35,75.04,31.86,48.16,2.24,4.86,1,0,382,Normal,0,0
1/2/2025 15:29,8,73.88,32.59,73.9,2.91,4.39,2,0,356,Vibration Issue,0,1
1/2/2025 15:30,16,78.91,63.49,67.7,3.52,4.76,1,0,29,Normal,0,0
1/2/2025 15:31,42,86.53,50.99,50.25,4.06,1.85,1,0,169,Normal,0,0
1/2/2025 15:32,36,65.04,54.53,79.48,1.52,0.91,2,0,297,Pressure Drop,0,1
1/2/2025 15:33,30,78.28,31.97,43.06,3.94,3.77,1,0,126,Normal,0,0
1/2/2025 15:34,18,75.25,18.99,31.03,2.39,3.25,1,0,481,Normal,0,0
1/2/2025 15:35,2,79.09,48.19,50.96,4.5,2.01,1,0,287,Normal,0,0
1/2/2025 15:36,49,73.08,28.86,52.93,3.57,1.62,1,0,265,Normal,0,0
1/2/2025 15:37,13,66.11,70.79,33.85,4.17,2.22,1,0,225,Normal,0,0
1/2/2025 15:38,4,73.61,58.07,54.1,1.77,1.28,1,0,59,Normal,0,0
1/2/2025 15:39,26,67.72,30.41,58.2,2.06,2.98,1,0,360,Normal,0,0
1/2/2025 15:40,25,65.11,81.29,50.07,3.2,1.02,1,1,2,Normal,1,1
1/2/2025 15:41,30,86.86,47.36,52.27,2.22,2.93,1,0,212,Normal,0,0
1/2/2025 15:42,11,76.52,50.7,46.27,4.41,1.06,1,0,333,Normal,0,0
1/2/2025 15:43,7,55.25,54.06,63.36,4.51,3.89,1,0,151,Normal,0,0
1/2/2025 15:44,31,42.04,49.58,37.33,1.4,1.37,1,0,442,Normal,0,0
1/2/2025 15:45,44,73.48,63.18,39.42,1.37,1.1,1,0,199,Normal,0,0
1/2/2025 15:46,10,68.68,67.34,62.64,1.73,1.88,1,0,82,Normal,0,0
1/2/2025 15:47,39,75.24,35.66,54.17,4.87,0.59,1,0,133,Normal,0,0
1/2/2025 15:48,13,77.42,38.2,77.56,2.81,3.12,1,0,118,Normal,0,0
1/2/2025 15:49,31,74.87,41.86,58.63,3.53,2.35,0,0,288,Normal,0,0
1/2/2025 15:50,7,67.19,32.04,53.6,4.62,3.42,1,0,309,Normal,0,0
1/2/2025 15:51,49,84.71,52.35,51.34,2.91,0.78,1,0,191,Normal,0,0
1/2/2025 15:52,42,63.35,45.68,58.09,3.08,2.2,1,0,233,Normal,0,0
1/2/2025 15:53,42,87.17,55.53,33.96,2.78,2.14,1,0,449,Normal,0,0
1/2/2025 15:54,36,80.83,43.78,68.52,1.59,4.6,1,0,311,Normal,0,0
1/2/2025 15:55,20,68.43,52.63,74.73,1.35,4.3,2,0,16,Overheating,0,1
1/2/2025 15:56,4,79.4,56.2,55.63,1.35,4.21,1,0,477,Normal,0,0
1/2/2025 15:57,7,71.44,37.16,79.43,2.8,1.1,1,0,221,Normal,0,0
1/2/2025 15:58,1,88.66,59.66,33.9,3.36,0.91,1,0,82,Normal,0,0
1/2/2025 15:59,44,68.64,54.57,61.3,2.17,1.58,1,0,231,Normal,0,0
1/2/2025 16:00,45,83.05,48.15,71.69,4.4,1.74,1,0,108,Normal,0,0
1/2/2025 16:01,42,62.34,29.42,48.05,1.85,2.33,1,0,40,Normal,0,0
1/2/2025 16:02,47,78.38,52.22,57.4,4.87,1.44,0,0,192,Normal,0,0
1/2/2025 16:03,13,77.99,43.03,33.43,3.83,0.84,1,0,362,Normal,0,0
1/2/2025 16:04,22,81.35,34.98,69.6,2.59,2.15,1,0,262,Normal,0,0
1/2/2025 16:05,21,79.94,54.41,58.95,4.56,1.9,1,0,413,Normal,0,0
1/2/2025 16:06,22,71.96,47.62,38.4,1.28,2.6,1,0,185,Normal,0,0
1/2/2025 16:07,28,55.6,45.97,43.86,1.25,1.6,1,0,138,Normal,0,0
1/2/2025 16:08,9,61.58,45.56,30.65,3.86,2.72,1,0,208,Normal,0,0
1/2/2025 16:09,26,54.36,33.95,47.16,1.57,4.52,2,0,156,Overheating,0,1
1/2/2025 16:10,9,72.32,82.31,39.89,1.73,4.47,1,1,41,Normal,1,1
1/2/2025 16:11,15,86.33,49.43,62.05,1.07,2.21,1,0,84,Normal,0,0
1/2/2025 16:12,10,67.59,21.54,51.55,2.92,1.67,0,0,410,Normal,0,0
1/2/2025 16:13,24,71.04,80.8,46.24,3.52,2.95,1,1,28,Normal,1,1
1/2/2025 16:14,42,69.08,52.9,57.18,3.61,4.04,1,0,260,Normal,0,0
1/2/2025 16:15,8,77.49,49.01,50.35,4.29,0.85,1,0,124,Normal,0,0
1/2/2025 16:16,24,76.74,46.72,61.59,1.3,2.05,1,0,344,Normal,0,0
1/2/2025 16:17,16,70.81,35.34,73.76,1.73,4.72,1,0,368,Normal,0,0
1/2/2025 16:18,49,65.3,51.11,51.98,2.82,4.26,1,0,354,Normal,0,0
1/2/2025 16:19,26,81.27,32.2,62.38,1.22,4.69,1,0,185,Normal,0,0
1/2/2025 16:20,27,85.95,56.88,70.35,4.23,1.86,1,0,255,Normal,0,0
1/2/2025 16:21,37,83.03,73.93,66.73,2.41,3.76,1,0,239,Normal,0,0
1/2/2025 16:22,4,63.54,43.62,52.78,3.37,3.99,1,0,219,Normal,0,0
1/2/2025 16:23,50,52.24,34.94,39.71,3.65,2.56,1,0,400,Normal,0,0
1/2/2025 16:24,24,72.61,62.68,50.4,1.77,4.5,0,0,240,Normal,0,0
1/2/2025 16:25,19,88.77,28.72,79.22,4.31,1.06,1,0,448,Normal,0,0
1/2/2025 16:26,36,55.09,48.35,71.41,4.41,3.77,1,0,214,Normal,0,0
1/2/2025 16:27,39,70.89,39.76,74.3,3.62,3.13,1,0,263,Normal,0,0
1/2/2025 16:28,10,91.09,64.32,51.51,2.93,1.5,1,1,43,Normal,1,1
1/2/2025 16:29,25,84.81,54.26,51.25,4.78,1.14,1,0,372,Normal,0,0
1/2/2025 16:30,18,77.31,60.35,54.76,2.31,3.86,1,0,24,Normal,0,0
1/2/2025 16:31,19,63.07,62.45,47.69,2.6,4.42,2,0,366,Overheating,0,1
1/2/2025 16:32,36,89.92,56.01,55.33,4.68,0.9,1,0,332,Normal,0,0
1/2/2025 16:33,10,73.14,59.92,47.9,2.74,3.87,1,0,294,Normal,0,0
1/2/2025 16:34,33,52.51,63.8,65.99,3.46,1.72,1,0,383,Normal,0,0
1/2/2025 16:35,50,89.46,64.56,38.61,1.76,2.98,1,0,407,Normal,0,0
1/2/2025 16:36,5,64.63,44.46,33.18,2.31,2.69,1,0,164,Normal,0,0
1/2/2025 16:37,47,106.81,54.03,62.16,2.47,4.39,1,1,45,Normal,1,1
1/2/2025 16:38,49,73.17,56.42,35.98,2.82,3.12,1,0,402,Normal,0,0
1/2/2025 16:39,35,79.23,40.23,36.83,1.4,4.09,1,0,362,Normal,0,0
1/2/2025 16:40,44,75.93,51.86,75.6,3.78,1.75,1,0,314,Normal,0,0
1/2/2025 16:41,34,72.34,57.43,36.57,3.93,4.88,1,0,456,Normal,0,0
1/2/2025 16:42,33,82.93,63.52,77,2.83,0.63,2,0,198,Vibration Issue,0,1
1/2/2025 16:43,21,77.01,63.7,61.98,2.33,4.05,1,0,146,Normal,0,0
1/2/2025 16:44,17,75.61,45.72,59.16,1.05,1.1,1,0,249,Normal,0,0
1/2/2025 16:45,22,64.7,43.03,71.2,3.8,1.77,1,0,187,Normal,0,0
1/2/2025 16:46,48,73.51,1.74,78.7,3.69,0.61,1,0,203,Normal,0,0
1/2/2025 16:47,37,63.25,56.03,47.46,2.24,4.67,1,0,434,Normal,0,0
1/2/2025 16:48,15,79.06,33.13,73.41,4.09,4.52,1,0,354,Normal,0,0
1/2/2025 16:49,35,78.4,21.2,60.82,2.5,2.7,1,0,386,Normal,0,0
1/2/2025 16:50,28,76.76,56.61,37.36,1.23,3.12,1,0,327,Normal,0,0
1/2/2025 16:51,7,87.43,60.24,34.91,4.17,0.66,2,0,141,Vibration Issue,0,1
1/2/2025 16:52,32,83.03,58.99,31.92,1.28,1.13,1,0,493,Normal,0,0
1/2/2025 16:53,11,95.85,53.79,58.86,2.67,4.6,1,1,10,Normal,1,1
1/2/2025 16:54,10,84.85,45.96,43.71,4.63,3.21,2,0,214,Overheating,0,1
1/2/2025 16:55,9,76.57,48.63,68.17,3.46,4.66,1,0,155,Normal,0,0
1/2/2025 16:56,14,72.03,57.88,56.31,3.92,2.28,1,0,201,Normal,0,0
1/2/2025 16:57,13,60.88,57.96,34.74,1.93,4.92,1,0,354,Normal,0,0
1/2/2025 16:58,25,88.75,45.9,73.95,2.81,3.34,1,0,475,Normal,0,0
1/2/2025 16:59,2,80.7,42.46,73.95,2.75,3.54,1,0,368,Normal,0,0
1/2/2025 17:00,35,70.47,49.14,65.34,4.42,2.87,1,0,165,Normal,0,0
1/2/2025 17:01,7,78.1,31.15,45.35,4.06,4.99,2,0,438,Vibration Issue,0,1
1/2/2025 17:02,21,76.35,31.56,54.61,3.98,3.66,2,0,480,Vibration Issue,0,1
1/2/2025 17:03,18,74.08,40.86,61.26,2.92,4.58,1,0,260,Normal,0,0
1/2/2025 17:04,3,84.25,43.8,68.22,3.38,1.01,1,0,370,Normal,0,0
1/2/2025 17:05,42,59.52,55.25,60.59,4.07,1.37,2,0,59,Pressure Drop,0,1
1/2/2025 17:06,39,83.53,11.56,30.03,3.7,4.63,2,0,375,Vibration Issue,0,1
1/2/2025 17:07,41,88.19,58.03,51.88,1.98,2.11,1,0,63,Normal,0,0
1/2/2025 17:08,49,63.88,58.59,77.74,2.23,1.05,1,0,458,Normal,0,0
1/2/2025 17:09,11,55.43,24.23,58.98,2.88,3.25,2,0,229,Vibration Issue,0,1
1/2/2025 17:10,39,79.65,43.77,32.26,3.53,2.55,1,0,471,Normal,0,0
1/2/2025 17:11,24,84.66,12.21,62.28,1.06,4.2,1,0,78,Normal,0,0
1/2/2025 17:12,46,66.19,59.26,70.5,4.67,4.51,1,0,403,Normal,0,0
1/2/2025 17:13,19,61.01,61.34,78.24,3.6,0.68,1,0,354,Normal,0,0
1/2/2025 17:14,4,56.2,48.01,69.88,4.88,3.96,0,0,183,Normal,0,0
1/2/2025 17:15,26,85.83,43.62,69.88,3.67,0.9,1,0,463,Normal,0,0
1/2/2025 17:16,38,73.95,72.26,39.84,1.51,2.57,1,0,199,Normal,0,0
1/2/2025 17:17,42,88.03,55.57,60.83,1.05,0.97,2,0,461,Pressure Drop,0,1
1/2/2025 17:18,32,47.23,109.71,65.32,1.13,1.86,2,1,42,Vibration Issue,1,1
1/2/2025 17:19,39,75.83,76.93,41.19,4.96,2.22,1,0,59,Normal,0,0
1/2/2025 17:20,45,86.14,49.19,36.99,4.17,0.66,1,0,310,Normal,0,0
1/2/2025 17:21,46,65.61,27.84,44.43,4.59,2.46,1,0,135,Normal,0,0
1/2/2025 17:22,36,82.39,60.47,37.86,3.54,4.03,1,0,137,Normal,0,0
1/2/2025 17:23,40,64.45,52.89,63.39,1.63,4.55,1,0,237,Normal,0,0
1/2/2025 17:24,37,65.52,45.67,51.03,4.83,1.04,1,0,412,Normal,0,0
1/2/2025 17:25,33,75.71,36.84,34.11,2.17,2.24,1,0,105,Normal,0,0
1/2/2025 17:26,36,68.94,36.23,33.72,2.55,4.1,1,0,308,Normal,0,0
1/2/2025 17:27,3,88.7,52.48,79.36,3.19,1.24,0,0,314,Normal,0,0
1/2/2025 17:28,9,75.09,44.57,34.86,3.18,0.55,1,0,352,Normal,0,0
1/2/2025 17:29,8,89.07,79.46,36.87,2.16,1.97,0,0,267,Normal,0,0
1/2/2025 17:30,33,81.74,74.84,32.44,3.49,1.58,1,0,279,Normal,0,0
1/2/2025 17:31,6,65.89,59.57,55.61,4.25,4.34,1,0,191,Normal,0,0
1/2/2025 17:32,41,77.23,72.46,69.12,3.9,3.57,2,0,253,Normal,0,1
1/2/2025 17:33,39,66.67,57.08,70.89,2.83,4.61,1,0,496,Normal,0,0
1/2/2025 17:34,4,86.54,39.46,50.4,3.89,1.14,1,0,216,Normal,0,0
1/2/2025 17:35,13,89.57,41.87,66.65,3.93,2.47,1,0,308,Normal,0,0
1/2/2025 17:36,49,57.71,51.47,77.98,4.44,4.12,1,0,260,Normal,0,0
1/2/2025 17:37,2,80.66,35.03,71.02,3.5,3.26,1,0,352,Normal,0,0
1/2/2025 17:38,5,87.11,74.09,65.77,2.91,3.35,0,0,479,Normal,0,0
1/2/2025 17:39,44,83.93,63.17,68.54,4.93,2.33,0,0,415,Normal,0,0
1/2/2025 17:40,27,73.97,39.77,65.99,3.45,1.59,1,0,80,Normal,0,0
1/2/2025 17:41,32,102.45,57.3,59.12,1.76,1.93,2,1,35,Vibration Issue,1,1
1/2/2025 17:42,21,77.36,34.2,44.26,2.84,2.47,1,0,332,Normal,0,0
1/2/2025 17:43,8,60.17,16.51,77.23,3.71,1.33,2,0,437,Pressure Drop,0,1
1/2/2025 17:44,38,81.93,33.83,36.99,2.37,4.99,0,0,20,Normal,0,0
1/2/2025 17:45,8,85.92,56.1,39.54,2.39,2.31,1,0,132,Normal,0,0
1/2/2025 17:46,50,80.91,52.53,57.31,2.97,1.32,1,0,313,Normal,0,0
1/2/2025 17:47,3,77.06,30.24,43.6,3.66,3.94,1,0,283,Normal,0,0
1/2/2025 17:48,44,61.1,45.97,37.3,4.83,0.88,1,0,70,Normal,0,0
1/2/2025 17:49,3,58.47,63.08,61.33,4.73,3.4,2,0,361,Vibration Issue,0,1
1/2/2025 17:50,22,65.31,67.97,36.96,4.25,2.54,1,0,376,Normal,0,0
1/2/2025 17:51,6,50.94,54.03,53.19,2.7,4.14,1,0,307,Normal,0,0
1/2/2025 17:52,2,90.29,56.68,49.82,3.43,1.22,1,1,24,Normal,1,1
1/2/2025 17:53,23,75.71,43.19,32.86,4.52,2.4,1,0,267,Normal,0,0
1/2/2025 17:54,44,71.64,54.04,51.12,1.41,2.46,1,0,334,Normal,0,0
1/2/2025 17:55,2,60.62,42.73,56.04,1.69,3.27,1,0,271,Normal,0,0
1/2/2025 17:56,38,62.15,50.99,48.61,2.59,4.95,1,0,167,Normal,0,0
1/2/2025 17:57,17,75.2,36.69,38.4,1.27,0.81,1,0,87,Normal,0,0
1/2/2025 17:58,35,72.11,64.41,65.51,2.58,2.23,1,0,302,Normal,0,0
1/2/2025 17:59,34,76.32,52.13,74.96,3.22,4.37,1,0,116,Normal,0,0
1/2/2025 18:00,23,61.71,30.19,67.93,3,4.06,1,0,333,Normal,0,0
1/2/2025 18:01,30,78.83,55.18,70.46,4.1,0.76,1,0,288,Normal,0,0
1/2/2025 18:02,8,87.81,23.87,42.63,2.98,4.07,1,0,167,Normal,0,0
1/2/2025 18:03,22,72.14,66.38,59.37,3.24,3.57,1,0,132,Normal,0,0
1/2/2025 18:04,44,82.84,29.1,43.2,3.21,4.92,1,0,401,Normal,0,0
1/2/2025 18:05,36,73.26,46.38,55.85,3.02,4.66,0,0,482,Normal,0,0
1/2/2025 18:06,5,71.15,36.18,38.18,3.63,1.08,2,0,180,Pressure Drop,0,1
1/2/2025 18:07,13,79.29,58.91,60.12,4.77,3.83,1,0,191,Normal,0,0
1/2/2025 18:08,29,70.33,68.88,45.36,4.28,3.06,1,0,294,Normal,0,0
1/2/2025 18:09,31,68.73,45.28,53.19,4.49,3.41,1,0,23,Normal,0,0
1/2/2025 18:10,47,85.82,68.92,42.14,3.11,3.36,1,0,494,Normal,0,0
1/2/2025 18:11,16,56.82,49.16,57.44,4.47,1.06,1,0,368,Normal,0,0
1/2/2025 18:12,42,75.9,52.13,56.01,1.27,2.16,1,0,316,Normal,0,0
1/2/2025 18:13,30,64.42,21.56,47.12,2.74,4.12,0,0,403,Normal,0,0
1/2/2025 18:14,16,93.07,35.34,45.61,1.11,2,1,1,9,Normal,1,1
1/2/2025 18:15,12,84.07,52.22,34.21,2.32,2.29,1,0,389,Normal,0,0
1/2/2025 18:16,17,87.79,67.55,45.25,2.8,4.64,1,0,230,Normal,0,0
1/2/2025 18:17,16,76.97,59.46,51.03,3.93,4.35,1,0,151,Normal,0,0
1/2/2025 18:18,12,81.32,65.43,63.78,1.71,3.04,1,0,331,Normal,0,0
1/2/2025 18:19,8,77.11,49.63,31.91,2.6,1.84,1,0,324,Normal,0,0
1/2/2025 18:20,20,69.37,40.12,33.33,3.87,0.61,1,0,325,Normal,0,0
1/2/2025 18:21,3,92.71,59.08,56.39,2.71,0.59,1,1,47,Normal,1,1
1/2/2025 18:22,16,82.03,55.97,45,1.16,1.9,1,0,74,Normal,0,0
1/2/2025 18:23,30,66.76,17.18,32.62,2.22,4.72,1,0,295,Normal,0,0
1/2/2025 18:24,45,59.34,58.85,75.19,3.57,3.87,1,0,424,Normal,0,0
1/2/2025 18:25,23,64.83,32.34,44.31,4.34,4.7,1,0,270,Normal,0,0
1/2/2025 18:26,28,75.56,55.56,46.92,1.34,3.92,1,0,216,Normal,0,0
1/2/2025 18:27,40,68.48,32.14,61.89,3.96,3.31,1,0,289,Normal,0,0
1/2/2025 18:28,5,84.34,36.5,32.38,4.2,2.9,1,0,190,Normal,0,0
1/2/2025 18:29,20,77.79,45.07,65.18,3.77,2.74,0,0,445,Normal,0,0
1/2/2025 18:30,40,72.51,47.01,49.03,1.72,2.55,1,0,196,Normal,0,0
1/2/2025 18:31,44,75.01,26.7,77.99,3.75,3.69,1,0,343,Normal,0,0
1/2/2025 18:32,1,73.77,55.37,52.35,2.35,4.84,0,0,82,Normal,0,0
1/2/2025 18:33,30,72.66,42.83,67.56,3.76,3.31,1,0,374,Normal,0,0
1/2/2025 18:34,21,78.85,43.13,37.22,1.62,1.34,1,0,351,Normal,0,0
1/2/2025 18:35,20,69.86,41.69,43.16,4.62,3.22,2,0,382,Vibration Issue,0,1
1/2/2025 18:36,6,63.33,52.12,76.27,4.18,2.5,2,0,37,Pressure Drop,0,1
1/2/2025 18:37,22,82.48,74.88,66.17,1.97,1.39,0,0,86,Normal,0,0
1/2/2025 18:38,18,67.04,26.97,53.88,2.8,4.09,1,0,247,Normal,0,0
1/2/2025 18:39,8,87.4,39.21,62.38,4.51,1.75,1,0,316,Normal,0,0
1/2/2025 18:40,39,73.35,73.75,60.67,4.34,4.42,1,0,97,Normal,0,0
1/2/2025 18:41,32,70.53,54.51,67.28,4.21,0.62,0,0,352,Normal,0,0
1/2/2025 18:42,33,65.65,35.23,35.31,2.45,1.94,1,0,109,Normal,0,0
1/2/2025 18:43,16,71.91,72.94,31.65,3.89,2.2,1,0,206,Normal,0,0
1/2/2025 18:44,12,78.5,40.59,31.85,4.02,2.7,1,0,155,Normal,0,0
1/2/2025 18:45,38,67.1,47.38,70.96,1.85,2.14,1,0,322,Normal,0,0
1/2/2025 18:46,34,82.36,55.97,58.28,2.38,3.71,2,0,472,Normal,0,1
1/2/2025 18:47,14,63.93,55.64,58.22,4.92,3.93,2,0,317,Vibration Issue,0,1
1/2/2025 18:48,36,84.15,26.98,37.42,4.65,2.74,1,0,492,Normal,0,0
1/2/2025 18:49,33,76.1,64.27,54.99,3.89,1.34,1,0,302,Normal,0,0
1/2/2025 18:50,23,70.5,72.37,46.19,4.63,2.67,1,0,310,Normal,0,0
1/2/2025 18:51,50,78.84,39.34,46.39,3.45,3.36,1,0,214,Normal,0,0
1/2/2025 18:52,45,91.03,21.21,69.69,3.96,1.46,1,1,34,Normal,1,1
1/2/2025 18:53,2,86.53,60.1,60.31,1.79,3.15,2,0,178,Pressure Drop,0,1
1/2/2025 18:54,41,78.64,63.54,42,3.51,2.71,1,0,389,Normal,0,0
1/2/2025 18:55,21,84.36,46.95,58.78,3.18,0.76,1,0,471,Normal,0,0
1/2/2025 18:56,2,70.77,65.3,44.47,3.16,4.22,1,0,324,Normal,0,0
1/2/2025 18:57,27,68.7,50.74,65.28,4.37,1.42,1,0,387,Normal,0,0
1/2/2025 18:58,9,82.12,67.08,35.86,1.43,1.57,1,0,139,Normal,0,0
1/2/2025 18:59,1,77.38,83.92,67.84,4.4,1.76,1,1,8,Normal,1,1
1/2/2025 19:00,11,72.1,35.11,65.78,1.76,4.88,1,0,87,Normal,0,0
1/2/2025 19:01,3,83.07,47.75,57.37,4.23,1.35,1,0,404,Normal,0,0
1/2/2025 19:02,23,75.44,57.65,66.12,3.97,3.46,1,0,61,Normal,0,0
1/2/2025 19:03,26,87.84,72,34.25,4.45,2,2,0,198,Vibration Issue,0,1
1/2/2025 19:04,4,53.85,29.71,30.31,4.58,2.9,1,0,188,Normal,0,0
1/2/2025 19:05,18,69.94,25.75,50.85,3.08,3.29,1,0,264,Normal,0,0
1/2/2025 19:06,6,84.23,43.53,72.37,3.02,3.91,1,0,277,Normal,0,0
1/2/2025 19:07,35,91.52,40.16,63.11,2.2,0.83,1,1,40,Normal,1,1
1/2/2025 19:08,22,88.27,59.69,65.61,1.47,4.11,1,0,76,Normal,0,0
1/2/2025 19:09,43,68.67,58.03,74.11,2.34,2.49,1,0,423,Normal,0,0
1/2/2025 19:10,15,87.67,45.17,77.77,1.64,1.18,1,0,369,Normal,0,0
1/2/2025 19:11,22,56.88,30.65,75.91,1.74,4.52,1,0,163,Normal,0,0
1/2/2025 19:12,37,65.8,24.74,34.06,3.17,3.04,1,0,64,Normal,0,0
1/2/2025 19:13,42,72.42,44,34.16,3.04,1.03,1,0,221,Normal,0,0
1/2/2025 19:14,12,79.54,53.83,34.09,4.76,2.3,2,0,341,Overheating,0,1
1/2/2025 19:15,47,65.19,42.37,66.37,4.38,0.95,2,0,153,Pressure Drop,0,1
1/2/2025 19:16,49,73.62,42.59,35.97,2.12,0.72,1,0,296,Normal,0,0
1/2/2025 19:17,42,88.63,53.13,31.92,4.03,3.32,1,0,290,Normal,0,0
1/2/2025 19:18,38,63.25,48.79,67.53,2.57,1.71,1,0,354,Normal,0,0
1/2/2025 19:19,18,62.47,46.91,76.09,3.19,1.95,1,0,325,Normal,0,0
1/2/2025 19:20,45,67.1,77.84,30.99,4.1,3.66,1,0,288,Normal,0,0
1/2/2025 19:21,35,98.88,80.89,70.89,1.4,2.49,1,1,26,Normal,1,1
1/2/2025 19:22,30,79.19,74.16,53.86,3.56,3.16,0,0,227,Normal,0,0
1/2/2025 19:23,24,66.42,53.02,48.37,3.75,1.05,1,0,277,Normal,0,0
1/2/2025 19:24,42,84.19,41.15,64.8,1.39,4.84,1,0,353,Normal,0,0
1/2/2025 19:25,30,56.64,59.2,77.53,3.11,2.42,1,0,38,Normal,0,0
1/2/2025 19:26,14,73.69,52.74,68.76,4.29,3.51,0,0,276,Normal,0,0
1/2/2025 19:27,6,76.34,67.8,52.93,4.71,0.95,1,0,10,Normal,0,1
1/2/2025 19:28,3,86.12,71.34,71.54,4.18,1.32,1,0,34,Normal,0,0
1/2/2025 19:29,16,60.6,38.71,62.66,3.57,2.46,1,0,145,Normal,0,0
1/2/2025 19:30,7,87.84,56.22,74.57,4.39,1.47,1,0,146,Normal,0,0
1/2/2025 19:31,14,85.26,62.68,62.93,2.76,3.14,1,0,253,Normal,0,0
1/2/2025 19:32,9,88.36,23.48,40.36,2.24,2.08,1,0,183,Normal,0,0
1/2/2025 19:33,15,63,18.71,60.73,2.46,1.02,1,0,122,Normal,0,0
1/2/2025 19:34,21,92.35,67.57,44.71,3.81,2.95,0,1,2,Normal,1,1
1/2/2025 19:35,35,56.18,49.73,36.11,1.53,3.84,1,0,333,Normal,0,0
1/2/2025 19:36,2,62.48,69.33,32.77,4.66,1.68,0,0,341,Normal,0,0
1/2/2025 19:37,27,76.78,46.7,57.4,1.5,3.56,0,0,44,Normal,0,0
1/2/2025 19:38,2,71.22,46.59,31.33,4.2,1.75,1,0,226,Normal,0,0
1/2/2025 19:39,35,61.59,59.77,51.44,2.58,1.4,1,0,42,Normal,0,0
1/2/2025 19:40,18,98.64,76.66,48.28,2.75,4.12,1,1,33,Normal,1,1
1/2/2025 19:41,14,58.03,49.12,39.64,4.57,3.87,1,0,16,Normal,0,1
1/2/2025 19:42,20,57.64,61.1,59.8,3.89,3.11,1,0,395,Normal,0,0
1/2/2025 19:43,18,78.26,10.72,60.92,2.97,4.29,0,0,201,Normal,0,0
1/2/2025 19:44,10,74.46,45.4,61.1,2.65,2.94,1,0,449,Normal,0,0
1/2/2025 19:45,25,60.38,56.84,70.83,2.9,3.71,2,0,89,Vibration Issue,0,1
1/2/2025 19:46,2,96.8,1.47,43.42,4.85,2.92,2,1,9,Pressure Drop,0.98,1
1/2/2025 19:47,25,76.03,45.6,79.45,2.49,4.76,1,0,239,Normal,0,0
1/2/2025 19:48,33,69.31,80.67,75,4.48,0.98,0,1,36,Normal,1,1
1/2/2025 19:49,36,74.99,47.87,52.77,4.61,4.96,1,0,103,Normal,0,0
1/2/2025 19:50,31,59.27,43.56,40.85,4.59,4.84,1,0,137,Normal,0,0
1/2/2025 19:51,14,85.88,22.67,59.01,4.37,0.85,1,0,124,Normal,0,0
1/2/2025 19:52,1,77.61,56.17,36.85,3.61,1.95,1,0,156,Normal,0,0
1/2/2025 19:53,46,72.52,47.68,57.97,2.46,4.55,1,0,425,Normal,0,0
1/2/2025 19:54,16,74.99,34.14,72.22,2.72,3.81,1,0,345,Normal,0,0
1/2/2025 19:55,46,66.12,37.29,75.82,3.3,2.84,1,0,456,Normal,0,0
1/2/2025 19:56,3,86.36,44.64,39.97,3.33,1.93,1,0,206,Normal,0,0
1/2/2025 19:57,35,68.47,31.46,53.62,2.69,4.53,1,0,141,Normal,0,0
1/2/2025 19:58,41,69.44,45.16,78.4,2.13,3.15,1,0,356,Normal,0,0
1/2/2025 19:59,6,76.99,24.32,38.88,2.74,3.13,1,0,474,Normal,0,0
1/2/2025 20:00,25,54.94,72.15,46.58,2.61,4.47,1,0,218,Normal,0,0
1/2/2025 20:01,13,80.51,68.27,39.52,2.05,4.94,0,0,225,Normal,0,0
1/2/2025 20:02,34,74.72,31.33,63.7,1.99,4.98,1,0,265,Normal,0,0
1/2/2025 20:03,8,80.32,63.43,72.2,2.3,4.81,0,0,292,Normal,0,0
1/2/2025 20:04,21,72.59,39.88,40.3,2.97,4.89,2,0,310,Pressure Drop,0,1
1/2/2025 20:05,34,66.58,62.34,69.42,1.55,1.11,1,0,130,Normal,0,0
1/2/2025 20:06,4,76.14,50.25,48.38,2.34,3.32,1,0,407,Normal,0,0
1/2/2025 20:07,25,84.93,33.23,39.54,1.64,2.31,1,0,137,Normal,0,0
1/2/2025 20:08,15,69.46,75.96,62.77,4.66,4.68,1,0,265,Normal,0,0
1/2/2025 20:09,4,83.3,62.99,62.36,1.52,3.41,1,0,176,Normal,0,0
1/2/2025 20:10,45,72.02,53.71,79.26,2.27,0.72,1,0,88,Normal,0,0
1/2/2025 20:11,12,70.43,53.63,42.5,4.07,3.84,1,0,187,Normal,0,0
1/2/2025 20:12,32,83.86,26.61,69.75,4.12,1.11,0,0,116,Normal,0,0
1/2/2025 20:13,32,78.46,37.22,39.25,3.39,1.21,1,0,193,Normal,0,0
1/2/2025 20:14,28,61.3,42.64,49.72,1.43,0.85,1,0,363,Normal,0,0
1/2/2025 20:15,13,72.99,45.09,51.79,4.55,0.78,1,0,88,Normal,0,0
1/2/2025 20:16,31,63.38,57.59,61.05,3.57,0.74,1,0,107,Normal,0,0
1/2/2025 20:17,14,80.27,39.76,33.24,1.17,4.75,1,0,360,Normal,0,0
1/2/2025 20:18,20,65.9,43.36,63.95,4.12,2.27,1,0,114,Normal,0,0
1/2/2025 20:19,18,76.61,23.93,77.1,1.12,2.12,1,0,193,Normal,0,0
1/2/2025 20:20,29,80.19,43.8,32.21,1.08,4.27,0,0,126,Normal,0,0
1/2/2025 20:21,6,80.29,65.29,57.2,4.1,2.98,1,0,16,Normal,0,1
1/2/2025 20:22,32,69.53,25.75,55.79,3.36,1.36,1,0,162,Normal,0,0
1/2/2025 20:23,29,75.49,41.53,37.25,3.36,3.71,1,0,292,Normal,0,0
1/2/2025 20:24,43,68.02,58.76,59.1,1.71,2.6,1,0,35,Normal,0,0
1/2/2025 20:25,2,70.76,45.02,54.48,4.34,0.75,1,0,436,Normal,0,0
1/2/2025 20:26,23,65.51,31.86,70.84,4.49,2.5,1,0,207,Normal,0,0
1/2/2025 20:27,19,75.56,45.35,74.69,2.55,3.06,1,0,372,Normal,0,0
1/2/2025 20:28,31,79.78,63.46,63.19,2.05,2.68,1,0,266,Normal,0,0
1/2/2025 20:29,5,66.56,48.25,71.65,4.08,1.08,1,0,158,Normal,0,0
1/2/2025 20:30,19,66.62,52.24,37.66,3.22,0.71,1,0,90,Normal,0,0
1/2/2025 20:31,34,90.95,39.56,55.5,2.91,3.86,1,1,49,Normal,1,1
1/2/2025 20:32,10,66.6,34.41,38.95,4.75,0.83,1,0,460,Normal,0,0
1/2/2025 20:33,25,82.19,56.52,34.94,4.81,1.09,0,0,312,Normal,0,0
1/2/2025 20:34,2,85.07,56.97,35.08,1.92,1.21,1,0,85,Normal,0,0
1/2/2025 20:35,11,77.85,33.6,54.5,2.72,3.78,1,0,88,Normal,0,0
1/2/2025 20:36,50,78.65,64.9,67.84,1.96,3.94,1,0,346,Normal,0,0
1/2/2025 20:37,31,75.72,87.92,74.58,2.91,0.77,1,1,43,Normal,1,1
1/2/2025 20:38,15,61.36,52.33,36.49,4.82,3.69,1,0,39,Normal,0,0
1/2/2025 20:39,9,85.71,64.21,58.57,1.79,3.9,1,0,458,Normal,0,0
1/2/2025 20:40,23,70.53,40.67,55.23,4.25,2.85,2,0,173,Pressure Drop,0,1
1/2/2025 20:41,19,83.33,43.57,51.94,4.36,1.76,2,0,204,Pressure Drop,0,1
1/2/2025 20:42,9,74.77,45.61,57.62,4.65,3.33,1,0,338,Normal,0,0
1/2/2025 20:43,35,79.79,50.62,48.8,3.12,3.94,1,0,158,Normal,0,0
1/2/2025 20:44,21,77.72,61.79,53.65,1.93,1.56,1,0,390,Normal,0,0
1/2/2025 20:45,9,70.33,43.05,41.07,4.56,3.28,2,0,372,Pressure Drop,0,1
1/2/2025 20:46,28,82.91,34.59,74.26,1.87,4.41,1,0,425,Normal,0,0
1/2/2025 20:47,46,61.64,42.37,40.22,1.6,1.66,1,0,407,Normal,0,0
1/2/2025 20:48,7,87.3,53.44,65.88,3.65,3.99,1,0,478,Normal,0,0
1/2/2025 20:49,16,86.02,36.17,59.61,3.89,1.54,1,0,30,Normal,0,0
1/2/2025 20:50,16,72.35,46.72,70.43,4.45,3.91,1,0,356,Normal,0,0
1/2/2025 20:51,33,77.51,34.02,74.02,1.48,1.51,1,0,97,Normal,0,0
1/2/2025 20:52,4,72.47,61.6,78.01,2.89,3.47,1,0,448,Normal,0,0
1/2/2025 20:53,4,66.7,41.2,32.47,1.15,3.34,1,0,405,Normal,0,0
1/2/2025 20:54,39,74.14,26.45,43.54,3.91,2.05,1,0,30,Normal,0,0
1/2/2025 20:55,40,77.73,59.42,64.51,1.09,0.51,2,0,129,Pressure Drop,0,1
1/2/2025 20:56,17,88.31,48.64,74.5,2.43,1.81,1,0,472,Normal,0,0
1/2/2025 20:57,37,73.01,41.94,42.62,4.93,0.7,1,0,156,Normal,0,0
1/2/2025 20:58,39,75.1,28.68,74.06,4.01,0.69,1,0,214,Normal,0,0
1/2/2025 20:59,29,88.06,34.2,64.45,1.69,3.15,0,0,364,Normal,0,0
1/2/2025 21:00,36,80.08,41.59,45.97,1.22,3.07,0,0,332,Normal,0,0
1/2/2025 21:01,38,61.03,25.05,39.52,2.96,2.38,1,0,331,Normal,0,0
1/2/2025 21:02,39,74.7,46.98,71.22,4.56,1.04,1,0,466,Normal,0,0
1/2/2025 21:03,50,83.37,36.56,71.2,4.68,1.35,1,0,55,Normal,0,0
1/2/2025 21:04,37,99.57,51.85,50.14,3.8,2.71,1,1,7,Normal,1,1
1/2/2025 21:05,35,76.85,45.34,58.76,1.23,2.12,1,0,470,Normal,0,0
1/2/2025 21:06,7,54.18,49.74,44.85,1.69,3.61,1,0,429,Normal,0,0
1/2/2025 21:07,27,56.79,8.88,73.1,3.12,1.7,1,0,421,Normal,0,0
1/2/2025 21:08,28,68.13,44.13,73.01,4.52,2.84,1,0,267,Normal,0,0
1/2/2025 21:09,22,65.52,58.83,36.12,3.48,1.85,1,0,180,Normal,0,0
1/2/2025 21:10,14,83.28,51.05,45.64,3.69,2.77,1,0,225,Normal,0,0
1/2/2025 21:11,7,93.71,50.3,74.87,4.29,3.01,1,1,37,Normal,1,1
1/2/2025 21:12,37,82.76,60.96,41.59,2.09,2.61,2,0,137,Overheating,0,1
1/2/2025 21:13,22,84.07,54.18,53.98,4.37,3.95,1,0,375,Normal,0,0
1/2/2025 21:14,5,81.62,50.25,59.88,3.92,3.99,1,0,199,Normal,0,0
1/2/2025 21:15,2,78.63,24.55,79,1.29,1.63,0,0,222,Normal,0,0
1/2/2025 21:16,27,67.39,64.63,31.4,3.85,1.06,2,0,355,Pressure Drop,0,1
1/2/2025 21:17,21,82.88,55.22,75.76,2.28,0.79,0,0,154,Normal,0,0
1/2/2025 21:18,38,71.35,27.34,44.47,3.14,1.22,1,0,231,Normal,0,0
1/2/2025 21:19,15,83.28,51.28,36.33,1.35,2.19,0,0,486,Normal,0,0
1/2/2025 21:20,21,79.33,66.82,60.12,4.75,3.88,1,0,280,Normal,0,0
1/2/2025 21:21,10,75,47.69,31.61,3.1,3.3,1,0,230,Normal,0,0
1/2/2025 21:22,23,67.57,47.59,68.38,2.75,4.28,1,0,324,Normal,0,0
1/2/2025 21:23,39,74.29,54.68,74.66,4.62,4.6,2,0,458,Overheating,0,1
1/2/2025 21:24,5,69.18,45.53,65.97,1.17,0.97,1,0,19,Normal,0,1
1/2/2025 21:25,1,57.75,38.97,48.65,2.64,3.59,1,0,321,Normal,0,0
1/2/2025 21:26,13,63.91,50.77,43.6,3.39,4.94,1,0,39,Normal,0,0
1/2/2025 21:27,21,77.93,50.79,54.55,3.57,4.64,0,0,273,Normal,0,0
1/2/2025 21:28,26,48.96,53.55,49.77,4.63,1.94,1,0,431,Normal,0,0
1/2/2025 21:29,50,98.76,31.15,66.6,1.73,4.27,0,1,21,Normal,1,1
1/2/2025 21:30,45,69.96,45.36,72.11,2.24,2.32,1,0,487,Normal,0,0
1/2/2025 21:31,21,83.58,52.77,38.85,3.18,1.44,1,0,244,Normal,0,0
1/2/2025 21:32,18,53.38,54.66,43.42,4.33,3.81,1,0,454,Normal,0,0
1/2/2025 21:33,37,65.2,50.67,44.46,2.4,4.07,1,0,175,Normal,0,0
1/2/2025 21:34,45,85.61,44.65,35.65,3.89,0.91,1,0,68,Normal,0,0
1/2/2025 21:35,32,79.17,62.51,51.65,2.08,2.99,1,0,378,Normal,0,0
1/2/2025 21:36,36,71.04,27.07,48.25,2.01,2.41,1,0,359,Normal,0,0
1/2/2025 21:37,17,94.88,48.93,69.6,3.57,3.58,1,1,36,Normal,1,1
1/2/2025 21:38,35,60.87,45.95,78.8,3.12,1.18,1,0,334,Normal,0,0
1/2/2025 21:39,49,85.95,75.42,76.92,3.49,4.08,1,0,368,Normal,0,0
1/2/2025 21:40,11,70.71,62.05,49.54,3.02,4.47,2,0,209,Overheating,0,1
1/2/2025 21:41,21,66.52,21.03,58.81,3.33,0.66,1,0,201,Normal,0,0
1/2/2025 21:42,26,55.33,39.31,76.49,1.67,4.22,1,0,288,Normal,0,0
1/2/2025 21:43,4,56.77,55.81,47.61,1.8,3.74,1,0,32,Normal,0,0
1/2/2025 21:44,34,76.4,50.29,31.14,4.14,4.5,1,0,202,Normal,0,0
1/2/2025 21:45,48,75.76,46.57,47.69,2.11,1.51,0,0,411,Normal,0,0
1/2/2025 21:46,18,67.39,59.43,71.37,1.12,1.69,1,0,488,Normal,0,0
1/2/2025 21:47,40,72.96,28.48,57.66,1.19,3.31,1,0,34,Normal,0,0
1/2/2025 21:48,35,73.51,49.21,47.54,3.61,1.41,1,0,458,Normal,0,0
1/2/2025 21:49,41,70.3,38.08,43.19,2.62,4.08,1,0,154,Normal,0,0
1/2/2025 21:50,29,64.99,45.72,52.45,2.45,1.95,1,0,195,Normal,0,0
1/2/2025 21:51,29,80.28,83.04,36.51,2.02,1.76,1,1,29,Normal,1,1
1/2/2025 21:52,38,87.46,61.78,71.29,4.24,0.61,1,0,88,Normal,0,0
1/2/2025 21:53,42,78.75,24.11,71.35,2.92,4.29,2,0,208,Pressure Drop,0,1
1/2/2025 21:54,21,79.36,62.54,74.73,3,3.72,1,0,355,Normal,0,0
1/2/2025 21:55,42,82.56,30.36,62.92,4.98,2.15,1,0,266,Normal,0,0
1/2/2025 21:56,13,72.67,44.82,59.75,4.12,0.91,2,0,323,Electrical Fault,0,1
1/2/2025 21:57,49,68.57,61.2,79.91,4.67,1.79,1,0,399,Normal,0,0
1/2/2025 21:58,41,55.1,66.76,75.34,1.3,3.38,1,0,368,Normal,0,0
1/2/2025 21:59,17,69.47,53.61,57.69,1.57,3.13,0,0,340,Normal,0,0
1/2/2025 22:00,9,68.7,23.06,50.17,3.75,0.54,1,0,375,Normal,0,0
1/2/2025 22:01,41,64.48,48.68,31.64,1.06,0.56,1,0,350,Normal,0,0
1/2/2025 22:02,1,77.35,34.83,31.93,2.88,3.52,1,0,263,Normal,0,0
1/2/2025 22:03,2,73.07,18.18,38.65,1.93,3.18,1,0,141,Normal,0,0
1/2/2025 22:04,48,79.27,35.55,33.43,4.46,0.5,1,0,223,Normal,0,0
1/2/2025 22:05,29,63.75,47.6,76.87,2.01,2.35,0,0,330,Normal,0,0
1/2/2025 22:06,33,59.76,66.21,77,3.11,0.75,1,0,471,Normal,0,0
1/2/2025 22:07,10,81.68,82.72,43.12,4.22,3.62,1,1,44,Normal,1,1
1/2/2025 22:08,50,83.26,57.67,46.56,3.13,2.6,1,0,232,Normal,0,0
1/2/2025 22:09,40,66.59,38.86,48.88,1.38,0.54,1,0,116,Normal,0,0
1/2/2025 22:10,21,71.43,29.48,37.98,2.02,3.02,1,0,224,Normal,0,0
1/2/2025 22:11,28,77.74,50.01,32.24,4.69,2.51,1,0,335,Normal,0,0
1/2/2025 22:12,11,80.8,45.62,44.71,2.43,1.5,1,0,428,Normal,0,0
1/2/2025 22:13,34,57.43,38.84,59.54,4.11,3.62,1,0,47,Normal,0,0
1/2/2025 22:14,8,84.85,38.85,54.6,2.41,2.56,1,0,487,Normal,0,0
1/2/2025 22:15,22,61.71,75.29,54.99,3.66,4.85,1,0,356,Normal,0,0
1/2/2025 22:16,8,60.97,47.32,51.67,3.07,3.4,2,0,198,Vibration Issue,0,1
1/2/2025 22:17,49,70.86,61.03,50.2,3,0.52,1,0,456,Normal,0,0
1/2/2025 22:18,15,70.67,54.78,39.81,2.95,1.67,1,0,364,Normal,0,0
1/2/2025 22:19,17,75.28,49.3,57.82,4.01,0.96,1,0,197,Normal,0,0
1/2/2025 22:20,23,76.57,60.15,47.88,1.36,1.44,1,0,118,Normal,0,0
1/2/2025 22:21,24,91.96,51.79,69.95,4.65,4.33,2,1,13,Vibration Issue,1,1
1/2/2025 22:22,45,65.88,52.72,49.92,1.72,3.12,1,0,46,Normal,0,0
1/2/2025 22:23,19,85.65,49.02,55.57,4.56,3.03,0,0,74,Normal,0,0
1/2/2025 22:24,5,60.22,33.54,60.29,3.73,2.11,1,0,415,Normal,0,0
1/2/2025 22:25,32,62.63,53.58,64.23,2.98,4.36,1,0,82,Normal,0,0
1/2/2025 22:26,44,65.6,60.7,63.64,4.4,1.34,2,0,95,Vibration Issue,0,1
1/2/2025 22:27,1,55.7,60.33,63.97,1.65,1.35,1,0,278,Normal,0,0
1/2/2025 22:28,23,79.48,62.83,42.98,1.36,2.77,2,0,18,Pressure Drop,0,1
1/2/2025 22:29,37,87.2,51.71,48,1.28,1.39,1,0,191,Normal,0,0
1/2/2025 22:30,8,84.07,55.06,63.6,3.83,0.85,1,0,313,Normal,0,0
1/2/2025 22:31,13,59.58,42.58,37.99,3.22,1.42,1,0,348,Normal,0,0
1/2/2025 22:32,8,97.8,46.45,67.65,4.62,3.86,2,1,42,Electrical Fault,1,1
1/2/2025 22:33,23,76.12,71.34,35.42,1.32,3.25,1,0,278,Normal,0,0
1/2/2025 22:34,43,90.45,37.43,54.13,2.04,1.39,1,1,17,Normal,1,1
1/2/2025 22:35,1,73.61,61.82,39.43,3.52,2.88,1,0,122,Normal,0,0
1/2/2025 22:36,45,73.71,27.98,39.42,3.76,2.83,1,0,249,Normal,0,0
1/2/2025 22:37,24,71.24,49.47,48.2,1.78,4.66,1,0,357,Normal,0,0
1/2/2025 22:38,35,95.66,80.14,36.64,4.28,4.57,1,1,28,Normal,1,1
1/2/2025 22:39,24,88.88,50.76,58.24,4.26,0.8,1,0,335,Normal,0,0
1/2/2025 22:40,17,74.42,36,54.28,4.95,3.01,1,0,238,Normal,0,0
1/2/2025 22:41,5,71.79,49.43,68.17,4.93,4.03,1,0,481,Normal,0,0
1/2/2025 22:42,20,82.45,62.83,70.5,3.19,2.23,1,0,339,Normal,0,0
1/2/2025 22:43,21,56.36,44.89,70.58,3.13,2.31,1,0,43,Normal,0,0
1/2/2025 22:44,40,53.26,30.26,33.48,4.17,2.4,1,0,228,Normal,0,0
1/2/2025 22:45,31,64.64,61.25,50.55,4.48,2.91,1,0,392,Normal,0,0
1/2/2025 22:46,46,78.76,48.68,66.09,2.61,3.41,1,0,76,Normal,0,0
1/2/2025 22:47,36,85.61,54.06,33.86,4.5,0.68,2,0,355,Vibration Issue,0,1
1/2/2025 22:48,11,62.56,45.96,61.61,1.69,1.81,1,0,333,Normal,0,0
1/2/2025 22:49,15,90.38,29.89,56.25,1.65,3.46,1,1,20,Normal,1,1
1/2/2025 22:50,19,69.64,59.63,59.21,3.42,3.28,0,0,112,Normal,0,0
1/2/2025 22:51,7,79.27,56.44,41.69,4.43,3.68,1,0,72,Normal,0,0
1/2/2025 22:52,28,69.6,46.51,44.14,2.58,4.45,1,0,462,Normal,0,0
1/2/2025 22:53,43,73.83,41.2,77.74,1.86,3.13,2,0,240,Overheating,0,1
1/2/2025 22:54,5,93.06,44.57,73.36,4.47,1.16,1,1,38,Normal,1,1
1/2/2025 22:55,5,69.64,64.34,72.89,2.05,3.25,0,0,177,Normal,0,0
1/2/2025 22:56,30,65.59,65.54,56.76,1.23,3.4,1,0,359,Normal,0,0
1/2/2025 22:57,32,81.67,44.99,61.37,4.05,4.37,1,0,34,Normal,0,0
1/2/2025 22:58,8,84.74,33.23,75.9,1.09,4.46,1,0,229,Normal,0,0
1/2/2025 22:59,10,59.92,48.14,45.87,1.58,2.54,1,0,179,Normal,0,0
1/2/2025 23:00,38,78.67,64.87,65.44,1.41,2.44,1,0,342,Normal,0,0
1/2/2025 23:01,47,80.37,30.84,70.77,3.42,1.07,1,0,311,Normal,0,0
1/2/2025 23:02,32,92.45,60.59,33.04,4.64,4.42,2,1,2,Vibration Issue,1,1
1/2/2025 23:03,48,70.98,20.84,53.94,2.31,3.65,1,0,211,Normal,0,0
1/2/2025 23:04,28,88.47,60.42,36.92,2.13,0.9,1,0,242,Normal,0,0
1/2/2025 23:05,17,76.61,44.84,37.23,3.24,4.87,0,0,98,Normal,0,0
1/2/2025 23:06,31,72.01,40.49,51.69,4.49,1.67,1,0,205,Normal,0,0
1/2/2025 23:07,8,67.57,59.02,64.49,3,0.87,1,0,387,Normal,0,0
1/2/2025 23:08,40,79.97,39.65,59.61,2.73,2.92,1,0,255,Normal,0,0
1/2/2025 23:09,25,63.32,53.67,44.73,2.15,4.06,1,0,21,Normal,0,0
1/2/2025 23:10,9,64.08,63.67,69.91,1.77,0.82,1,0,234,Normal,0,0
1/2/2025 23:11,2,81.05,20.09,43.37,2.09,3.66,1,0,93,Normal,0,0
1/2/2025 23:12,15,93.47,58.72,37.99,4.05,2.49,1,1,4,Normal,1,1
1/2/2025 23:13,50,60.81,47.12,66.29,4.83,1.56,1,0,422,Normal,0,0
1/2/2025 23:14,3,67.68,58.01,71.16,4.6,1.29,0,0,410,Normal,0,0
1/2/2025 23:15,49,77.93,43.03,49.96,1.43,0.88,1,0,349,Normal,0,0
1/2/2025 23:16,36,69.47,60.45,71.24,1.12,3,1,0,333,Normal,0,0
1/2/2025 23:17,4,56.2,50.27,66.6,3.62,2.21,1,0,438,Normal,0,0
1/2/2025 23:18,14,66.45,45.29,74.06,2.2,0.99,2,0,289,Overheating,0,1
1/2/2025 23:19,41,79.9,49.63,37.12,1.91,3.77,0,0,60,Normal,0,0
1/2/2025 23:20,41,72.2,31.89,74.77,3.49,3.02,2,0,117,Vibration Issue,0,1
1/2/2025 23:21,25,78.67,36.76,71.84,3.22,1.19,1,0,93,Normal,0,0
1/2/2025 23:22,50,61.36,59.02,60.52,4.7,2.16,0,0,446,Normal,0,0
1/2/2025 23:23,10,78.36,48.72,61.45,2.73,3.69,1,0,291,Normal,0,0
1/2/2025 23:24,21,54.05,56.72,46.42,2.51,3.79,1,0,27,Normal,0,0
1/2/2025 23:25,36,82.81,64.92,40.67,2.88,0.98,1,0,163,Normal,0,0
1/2/2025 23:26,12,88.68,47.99,64.2,2.64,3.9,1,0,161,Normal,0,0
1/2/2025 23:27,27,61.07,61.47,42.65,4.47,1.31,2,0,293,Pressure Drop,0,1
1/2/2025 23:28,40,69.28,53.48,56.17,1.84,2.25,1,0,76,Normal,0,0
1/2/2025 23:29,2,60.18,67.62,66.76,3.55,4.54,1,0,282,Normal,0,0
1/2/2025 23:30,13,75.92,40.42,45.32,3.46,4.11,0,0,72,Normal,0,0
1/2/2025 23:31,32,76.53,38.25,59.89,4.79,3.4,1,0,420,Normal,0,0
1/2/2025 23:32,31,61.62,50,46.53,3.3,2.93,1,0,368,Normal,0,0
1/2/2025 23:33,16,69.21,55.63,79.94,1.42,2.6,1,0,222,Normal,0,0
1/2/2025 23:34,32,85.77,57.57,45.58,3.49,2.35,1,0,126,Normal,0,0
1/2/2025 23:35,32,80.56,35,41.29,3.78,4.75,1,0,92,Normal,0,0
1/2/2025 23:36,34,76.96,51.88,51.76,4.35,4.45,1,0,27,Normal,0,0
1/2/2025 23:37,11,85.98,46.9,57.81,3.22,1.54,2,0,371,Normal,0,1
1/2/2025 23:38,10,93.05,47.14,43.05,1.26,3.74,1,1,5,Normal,1,1
1/2/2025 23:39,15,76.38,53.47,43.1,1.43,4.75,2,0,135,Vibration Issue,0,1
1/2/2025 23:40,17,78.07,64.58,60.89,4.71,3.24,1,0,301,Normal,0,0
1/2/2025 23:41,40,72.17,48.68,40.12,1.2,4.27,0,0,30,Normal,0,0
1/2/2025 23:42,18,76.7,52.77,70.23,1.03,4.79,1,0,92,Normal,0,0
1/2/2025 23:43,9,67.95,24.71,42.74,2.3,3.2,1,0,264,Normal,0,0
1/2/2025 23:44,25,58.14,28.73,58.39,1.78,3.83,1,0,67,Normal,0,0
1/2/2025 23:45,40,82.99,44.42,41.18,1.4,2.17,2,0,407,Pressure Drop,0,1
1/2/2025 23:46,14,81.97,58.81,62.82,4.18,2.09,1,0,124,Normal,0,0
1/2/2025 23:47,25,75.7,51.91,57.37,4.81,1.07,1,0,433,Normal,0,0
1/2/2025 23:48,50,76.26,60.64,46.61,1.27,0.72,0,0,317,Normal,0,0
1/2/2025 23:49,22,68.04,73.58,75.64,2.31,3.62,1,0,202,Normal,0,0
1/2/2025 23:50,30,87.03,28.92,75.65,1.04,4.94,1,0,167,Normal,0,0
1/2/2025 23:51,20,62.85,57.02,76.49,3.66,2.57,0,0,290,Normal,0,0
1/2/2025 23:52,21,89.09,64.95,76.34,2.27,1.2,1,0,212,Normal,0,0
1/2/2025 23:53,44,80.84,64.7,61.22,2.1,3.67,1,0,307,Normal,0,0
1/2/2025 23:54,32,77.92,70.53,73.62,1.47,0.56,1,0,469,Normal,0,0
1/2/2025 23:55,46,78.51,70.81,54.06,3.02,2.02,0,0,126,Normal,0,0
1/2/2025 23:56,49,85.13,2.17,46.28,1.04,3.24,0,0,461,Normal,0,0
1/2/2025 23:57,21,69.38,42.31,32.7,1.28,2.09,1,0,222,Normal,0,0
1/2/2025 23:58,35,82.86,74.09,53.23,4.27,2.72,1,0,142,Normal,0,0
1/2/2025 23:59,32,71.01,68.59,76.12,3.87,0.77,0,0,171,Normal,0,0
1/3/2025 0:00,30,79.65,20.36,78.16,1.77,1.19,1,0,207,Normal,0,0
1/3/2025 0:01,39,59.26,67.56,52.24,1,3.41,1,0,76,Normal,0,0
1/3/2025 0:02,49,68.25,55.06,65.56,1.49,3.02,1,0,372,Normal,0,0
1/3/2025 0:03,12,92.54,47.3,60.17,4.14,2.39,1,1,22,Normal,1,1
1/3/2025 0:04,41,88.32,59.2,62.67,2.67,4.34,1,0,416,Normal,0,0
1/3/2025 0:05,47,91.49,67.96,66.89,2.63,1.06,0,1,10,Normal,1,1
1/3/2025 0:06,18,86.41,33.76,59.99,2.8,0.92,1,0,408,Normal,0,0
1/3/2025 0:07,21,68.66,78.54,40.64,1.4,3.92,1,0,408,Normal,0,0
1/3/2025 0:08,13,69.9,51.15,36.58,4.78,4.93,2,0,429,Vibration Issue,0,1
1/3/2025 0:09,21,84.89,45.75,49.62,2.61,3.91,1,0,100,Normal,0,0
1/3/2025 0:10,8,85.8,39.05,31.14,1.63,0.82,2,0,460,Vibration Issue,0,1
1/3/2025 0:11,46,88.86,40.17,75.49,3.14,0.72,2,0,431,Overheating,0,1
1/3/2025 0:12,40,76.93,36.17,39.45,2.05,4.85,1,0,166,Normal,0,0
1/3/2025 0:13,46,74.35,30.73,79.55,4.42,2.14,1,0,126,Normal,0,0
1/3/2025 0:14,7,86.96,31.61,55.95,4.07,2.3,1,0,304,Normal,0,0
1/3/2025 0:15,23,59.72,75.32,40.48,2.2,1.97,1,0,215,Normal,0,0
1/3/2025 0:16,44,73.31,70.33,52.31,4.26,3.98,1,0,44,Normal,0,0
1/3/2025 0:17,32,72.42,28.34,56.01,3.85,0.51,2,0,191,Normal,0,1
1/3/2025 0:18,11,72.54,59.57,41.62,1.45,1.89,1,0,311,Normal,0,0
1/3/2025 0:19,22,88.25,69.33,41.63,3.15,0.64,1,0,168,Normal,0,0
1/3/2025 0:20,22,81.19,44.2,46.51,1.09,1.92,0,0,425,Normal,0,0
1/3/2025 0:21,43,76.24,77.01,74.28,4.71,4.47,1,0,302,Normal,0,0
1/3/2025 0:22,25,59.74,62.21,44.97,2.84,1.82,1,0,354,Normal,0,0
1/3/2025 0:23,22,63.66,68.05,51.18,4.24,3.33,1,0,49,Normal,0,0
1/3/2025 0:24,28,83.08,66.34,31.05,2.32,4.16,2,0,322,Pressure Drop,0,1
1/3/2025 0:25,29,77.54,51.68,57.95,1.5,2.95,1,0,420,Normal,0,0
1/3/2025 0:26,13,87.28,41.31,36.14,4.82,1.9,1,0,178,Normal,0,0
1/3/2025 0:27,18,67.88,64.43,44.64,3.84,2.17,1,0,287,Normal,0,0
1/3/2025 0:28,2,75.43,26.73,56.08,4.38,4.73,1,0,135,Normal,0,0
1/3/2025 0:29,29,73.32,41.3,58.84,4.39,0.91,1,0,470,Normal,0,0
1/3/2025 0:30,21,83.85,61.67,46.73,2.06,0.72,1,0,110,Normal,0,0
1/3/2025 0:31,15,95.61,32.63,33.04,2.11,3.63,1,1,28,Normal,1,1
1/3/2025 0:32,27,69.37,20.79,32.18,4.13,1.17,1,0,441,Normal,0,0
1/3/2025 0:33,50,54.64,41.14,65.62,1.65,0.96,1,0,396,Normal,0,0
1/3/2025 0:34,31,79.87,59.09,58.67,3.99,4.64,1,0,446,Normal,0,0
1/3/2025 0:35,15,79.14,33.57,30.51,2.17,4.17,2,0,338,Overheating,0,1
1/3/2025 0:36,23,56.84,57.07,70.44,2.99,2.89,1,0,347,Normal,0,0
1/3/2025 0:37,24,65.13,5.82,59.44,1.04,4.24,1,0,143,Normal,0,0
1/3/2025 0:38,44,70.61,62.21,54.58,1.62,3.53,1,0,263,Normal,0,0
1/3/2025 0:39,13,86.44,32.42,72.98,3.39,3.86,1,0,480,Normal,0,0
1/3/2025 0:40,22,64.69,35.66,54.56,4.31,4.02,1,0,168,Normal,0,0
1/3/2025 0:41,43,72.32,83.92,47.46,2.54,2.97,1,1,6,Normal,1,1
1/3/2025 0:42,37,55.31,53.24,42.13,3.95,2.46,1,0,466,Normal,0,0
1/3/2025 0:43,33,79.87,31.35,64.73,4.39,3.75,2,0,465,Vibration Issue,0,1
1/3/2025 0:44,3,62.58,62.03,41.26,4.92,4.33,1,0,458,Normal,0,0
1/3/2025 0:45,19,96.73,42.29,31.3,1.45,4.97,1,1,36,Normal,1,1
1/3/2025 0:46,23,66.5,47.97,66.65,3.29,3.13,1,0,371,Normal,0,0
1/3/2025 0:47,29,84.49,50.06,34.37,3.21,1.46,1,0,389,Normal,0,0
1/3/2025 0:48,30,80.36,64.25,64.91,1.36,3.08,1,0,232,Normal,0,0
1/3/2025 0:49,39,66.34,46.81,69.09,1.38,2.58,1,0,159,Normal,0,0
1/3/2025 0:50,44,86.1,34.23,39.1,2.3,2.8,1,0,207,Normal,0,0
1/3/2025 0:51,47,54.78,40.49,49.88,3.7,2.14,1,0,473,Normal,0,0
1/3/2025 0:52,25,74.75,47.16,32.23,3.42,4,1,0,113,Normal,0,0
1/3/2025 0:53,37,82.06,42.06,70.27,2.6,3.2,1,0,170,Normal,0,0
1/3/2025 0:54,47,72.59,46.33,59.41,1.81,3.3,1,0,124,Normal,0,0
1/3/2025 0:55,8,63.56,57.59,37.43,2.9,4.18,1,0,153,Normal,0,0
1/3/2025 0:56,42,90.8,44.35,49.81,2.25,0.77,0,1,23,Normal,1,1
1/3/2025 0:57,16,73.72,30.16,70.36,3.86,2.45,1,0,258,Normal,0,0
1/3/2025 0:58,8,69.45,61.38,31.6,1.54,1.57,1,0,329,Normal,0,0
1/3/2025 0:59,1,63.95,49.51,65.04,3.73,2.86,1,0,60,Normal,0,0
1/3/2025 1:00,44,75.96,60.85,78.24,1.23,4.04,1,0,133,Normal,0,0
1/3/2025 1:01,5,72.87,48.17,68.57,2.41,4.55,1,0,460,Normal,0,0
1/3/2025 1:02,3,72.1,44.06,40.5,1.56,3.28,1,0,253,Normal,0,0
1/3/2025 1:03,1,91.51,30.22,71.5,1.87,3.06,2,1,15,Pressure Drop,1,1
1/3/2025 1:04,4,91.33,56.94,69.08,1.28,1.95,2,1,28,Vibration Issue,1,1
1/3/2025 1:05,40,77.5,45.1,75.44,1.75,3.52,1,0,394,Normal,0,0
1/3/2025 1:06,35,81.87,26.25,39.44,2.15,1.02,1,0,180,Normal,0,0
1/3/2025 1:07,32,60.11,34.01,43.88,1.7,1.19,0,0,240,Normal,0,0
1/3/2025 1:08,42,75.91,62.51,73.84,3.92,1.53,1,0,73,Normal,0,0
1/3/2025 1:09,34,77.68,72.81,69.36,4.39,3.71,1,0,445,Normal,0,0
1/3/2025 1:10,43,72.83,41.8,55.81,2.69,2.3,1,0,243,Normal,0,0
1/3/2025 1:11,25,70.63,47.09,62.92,2.28,3.62,1,0,350,Normal,0,0
1/3/2025 1:12,10,67.11,58.1,71.35,3.15,2.05,1,0,171,Normal,0,0
1/3/2025 1:13,21,75.35,67.05,32.14,1.73,3.84,1,0,229,Normal,0,0
1/3/2025 1:14,46,86.45,50.06,63.64,2.12,1.36,1,0,389,Normal,0,0
1/3/2025 1:15,39,88.11,51.04,65.89,3.51,2.89,1,0,255,Normal,0,0
1/3/2025 1:16,27,75,50.31,73.85,2.8,4.59,0,0,170,Normal,0,0
1/3/2025 1:17,27,85.66,45.68,40.96,1.51,2.08,2,0,297,Pressure Drop,0,1
1/3/2025 1:18,2,65.67,32.93,54,3.48,4.91,1,0,203,Normal,0,0
1/3/2025 1:19,41,80.64,60.88,34.37,2.42,3.88,1,0,115,Normal,0,0
1/3/2025 1:20,48,73.87,27.57,46.2,4.28,4.07,1,0,34,Normal,0,0
1/3/2025 1:21,13,68.18,67.1,45.92,3.58,2.53,1,0,144,Normal,0,0
1/3/2025 1:22,9,96.56,53.7,48.55,4.9,2.94,1,1,8,Normal,1,1
1/3/2025 1:23,36,70.27,52.99,39.55,2.73,2.18,1,0,307,Normal,0,0
1/3/2025 1:24,22,71.35,50.76,38.6,1.11,3.42,1,0,487,Normal,0,0
1/3/2025 1:25,42,70.4,61.78,55.33,1.54,2.1,1,0,26,Normal,0,0
1/3/2025 1:26,26,78.46,57.23,64.97,2.11,3.24,1,0,340,Normal,0,0
1/3/2025 1:27,12,88.49,47.88,49.02,4.34,4.19,1,0,334,Normal,0,0
1/3/2025 1:28,17,63.49,28.51,38.48,2.94,2.4,1,0,474,Normal,0,0
1/3/2025 1:29,14,79.77,61.09,43.7,1.16,4.64,1,0,255,Normal,0,0
1/3/2025 1:30,14,78.48,60.27,57.9,4.34,4.08,2,0,277,Vibration Issue,0,1
1/3/2025 1:31,34,58.9,34.76,35.45,2.78,4.25,1,0,380,Normal,0,0
1/3/2025 1:32,20,88.51,26.58,60.79,4.86,1.43,1,0,416,Normal,0,0
1/3/2025 1:33,11,77.69,38.44,43.16,2.51,1.41,1,0,252,Normal,0,0
1/3/2025 1:34,16,82.23,41.8,56.16,3.32,1.76,1,0,200,Normal,0,0
1/3/2025 1:35,31,54.26,43.72,78.92,2.31,4.46,1,0,398,Normal,0,0
1/3/2025 1:36,6,89.64,18.13,35.48,1.26,4.48,1,0,440,Normal,0,0
1/3/2025 1:37,19,95.6,45.39,73.89,3.81,4.04,2,1,7,Overheating,1,1
1/3/2025 1:38,37,73.5,25.39,56.97,1.34,3.26,1,0,141,Normal,0,0
1/3/2025 1:39,4,67.77,46.84,69.39,3.2,1.61,1,0,235,Normal,0,0
1/3/2025 1:40,47,50.51,48.56,48.45,2.4,4.87,1,0,306,Normal,0,0
1/3/2025 1:41,4,62.03,59.56,65.74,2.52,0.63,1,0,151,Normal,0,0
1/3/2025 1:42,20,83.37,30.17,67.09,4.83,4.1,1,0,270,Normal,0,0
1/3/2025 1:43,10,74.67,49.29,51.33,1.52,2.47,1,0,310,Normal,0,0
1/3/2025 1:44,24,59.83,35.56,49.79,3.44,3.87,1,0,443,Normal,0,0
1/3/2025 1:45,35,90.25,47.88,67.49,3.41,1.18,1,1,47,Normal,1,1
1/3/2025 1:46,26,68.31,48.52,79.7,1.5,4.44,2,0,185,Overheating,0,1
1/3/2025 1:47,37,60.21,55.36,38.55,1.08,1.34,1,0,239,Normal,0,0
1/3/2025 1:48,38,75.45,60.39,54.55,3.51,4.46,2,0,157,Overheating,0,1
1/3/2025 1:49,21,80.1,37.95,47.19,3.13,2.81,1,0,419,Normal,0,0
1/3/2025 1:50,40,61.6,65.24,36.38,3.08,0.91,1,0,24,Normal,0,0
1/3/2025 1:51,39,72,25.72,55.15,3.9,1.26,2,0,116,Vibration Issue,0,1
1/3/2025 1:52,21,90.39,47.94,58.66,3.42,2.07,1,1,5,Normal,1,1
1/3/2025 1:53,10,61.45,33.82,74.14,3.8,3.58,2,0,467,Pressure Drop,0,1
1/3/2025 1:54,38,78.51,63.65,48.89,4.24,2.18,1,0,235,Normal,0,0
1/3/2025 1:55,46,71.83,39.41,46.72,1.03,3.46,1,0,111,Normal,0,0
1/3/2025 1:56,4,80.36,55.25,61.07,4.93,3.44,1,0,418,Normal,0,0
1/3/2025 1:57,45,64.52,35.84,77.9,4.56,3.5,1,0,453,Normal,0,0
1/3/2025 1:58,20,77.34,65.54,53.06,1.89,0.65,1,0,141,Normal,0,0
1/3/2025 1:59,17,65.47,53.72,73.05,3.18,4.65,1,0,186,Normal,0,0
1/3/2025 2:00,7,54.99,14.43,41.14,4.22,3.55,1,0,388,Normal,0,0
1/3/2025 2:01,4,60.89,32.94,42.73,4.25,4.04,2,0,249,Overheating,0,1
1/3/2025 2:02,29,72.82,25.94,44.4,4.95,3.03,0,0,459,Normal,0,0
1/3/2025 2:03,14,77.34,48.27,50.9,1.52,0.62,1,0,99,Normal,0,0
1/3/2025 2:04,3,87.11,46.3,34.81,4.19,1.62,1,0,491,Normal,0,0
1/3/2025 2:05,24,78.58,71.05,38.55,3.99,4.63,1,0,397,Normal,0,0
1/3/2025 2:06,37,90.59,51.43,77.98,3.41,4.19,1,1,46,Normal,1,1
1/3/2025 2:07,16,72.99,54.68,72.37,2.77,1.34,2,0,90,Normal,0,1
1/3/2025 2:08,4,80.52,50.55,35.48,2.41,1.06,1,0,133,Normal,0,0
1/3/2025 2:09,24,65.19,25.48,68.34,4.41,2,1,0,136,Normal,0,0
1/3/2025 2:10,34,78.14,55.12,42.87,1.17,2.47,1,0,375,Normal,0,0
1/3/2025 2:11,30,71.27,53.59,72.08,2.65,1.12,2,0,478,Vibration Issue,0,1
1/3/2025 2:12,18,70.17,62.31,40.99,3.29,1.94,1,0,228,Normal,0,0
1/3/2025 2:13,19,75.71,52.8,41.65,2.06,1.03,2,0,491,Pressure Drop,0,1
1/3/2025 2:14,31,60.82,66.74,62.93,2.49,1.42,1,0,405,Normal,0,0
1/3/2025 2:15,19,78.31,47.27,47.91,2.3,2.91,2,0,115,Vibration Issue,0,1
1/3/2025 2:16,49,82.05,50.36,56.57,1.26,4.66,1,0,215,Normal,0,0
1/3/2025 2:17,46,67.96,49.04,43.69,1.98,1.93,1,0,444,Normal,0,0
1/3/2025 2:18,19,76.83,72.41,77.78,1.17,1.81,1,0,494,Normal,0,0
1/3/2025 2:19,22,87.5,39.7,41.64,4.13,2.5,1,0,183,Normal,0,0
1/3/2025 2:20,24,82.55,56.74,56.33,1.93,2.89,1,0,332,Normal,0,0
1/3/2025 2:21,45,73.67,76.74,44.16,2.27,2.55,0,0,415,Normal,0,0
1/3/2025 2:22,12,78.96,53.94,40.89,3.22,3.19,1,0,461,Normal,0,0
1/3/2025 2:23,30,89.93,54.34,73.3,3.49,2.91,1,0,350,Normal,0,0
1/3/2025 2:24,38,77.54,77.51,78.12,1.97,2,1,0,283,Normal,0,0
1/3/2025 2:25,31,84.47,54.45,48.01,4.46,2.45,1,0,124,Normal,0,0
1/3/2025 2:26,36,82.96,104.08,45.65,4.04,4.58,1,1,27,Normal,1,1
1/3/2025 2:27,19,75.95,24.86,34.29,3.21,1.06,1,0,476,Normal,0,0
1/3/2025 2:28,48,87.9,52.34,47.82,4.32,1.48,1,0,292,Normal,0,0
1/3/2025 2:29,45,64.88,47.9,31.9,3.1,3.59,1,0,63,Normal,0,0
1/3/2025 2:30,36,79.28,65.5,75.57,1.89,3.4,1,0,163,Normal,0,0
1/3/2025 2:31,30,69.47,34.69,55.96,1.87,0.63,1,0,79,Normal,0,0
1/3/2025 2:32,49,83.92,28.11,68.45,3.51,0.73,0,0,212,Normal,0,0
1/3/2025 2:33,33,74.82,62.41,65.87,3.04,3.88,1,0,11,Normal,0,1
1/3/2025 2:34,18,84.55,49.55,48.77,1.31,0.53,1,0,391,Normal,0,0
1/3/2025 2:35,49,82.66,62.4,69.64,2.1,2.62,0,0,246,Normal,0,0
1/3/2025 2:36,28,70.8,46.01,38.97,1.11,4.34,1,0,50,Normal,0,0
1/3/2025 2:37,47,80.37,56.19,56.29,1.73,2.99,1,0,194,Normal,0,0
1/3/2025 2:38,11,79.57,55.51,71.76,1.87,3.91,1,0,460,Normal,0,0
1/3/2025 2:39,45,72.96,31.7,66.81,1.87,1.65,0,0,458,Normal,0,0
1/3/2025 2:40,33,83.67,13.31,45.66,1.55,3.86,1,0,423,Normal,0,0
1/3/2025 2:41,17,73.9,44.18,67.06,1.45,4.59,1,0,167,Normal,0,0
1/3/2025 2:42,6,67.21,66.05,73.44,3.9,3.42,0,0,344,Normal,0,0
1/3/2025 2:43,4,77.86,27.57,79.24,1.91,3.19,1,0,258,Normal,0,0
1/3/2025 2:44,20,79.55,39.78,48.05,1.98,2.65,1,0,206,Normal,0,0
1/3/2025 2:45,48,45.23,64.1,46.24,2.39,0.9,1,0,405,Normal,0,0
1/3/2025 2:46,47,98.98,56.88,42.47,1.23,4.59,2,1,31,Normal,1,1
1/3/2025 2:47,27,103.31,46.74,35.97,3.14,3.46,1,1,49,Normal,1,1
1/3/2025 2:48,15,66.65,44.41,35.19,3.74,4.87,1,0,326,Normal,0,0
1/3/2025 2:49,6,81.16,38.45,72.03,5,1.39,1,0,145,Normal,0,0
1/3/2025 2:50,47,64.32,51.85,32.18,3.1,4.47,1,0,115,Normal,0,0
1/3/2025 2:51,14,58.38,95.9,35.79,1.24,3.88,1,1,17,Normal,1,1
1/3/2025 2:52,11,70.41,38.76,30.67,2.92,4.8,1,0,68,Normal,0,0
1/3/2025 2:53,39,61.14,54.55,34.18,1.88,1.64,1,0,469,Normal,0,0
1/3/2025 2:54,9,80.34,47.95,45.34,2.67,1.66,1,0,409,Normal,0,0
1/3/2025 2:55,26,83.79,59.02,49.43,2.11,2.64,1,0,10,Normal,0,1
1/3/2025 2:56,16,92.61,69.68,56.93,4.29,3.42,1,1,25,Normal,1,1
1/3/2025 2:57,5,75.47,62.16,69.51,2.24,1.93,1,0,189,Normal,0,0
1/3/2025 2:58,10,83.63,67.34,57.68,2.04,1.92,1,0,310,Normal,0,0
1/3/2025 2:59,50,78.9,63.76,46.5,3.24,2.68,1,0,190,Normal,0,0
1/3/2025 3:00,3,77.88,59.79,64.48,4.24,1.31,1,0,101,Normal,0,0
1/3/2025 3:01,13,65.01,51.06,78.74,2.11,3.4,1,0,141,Normal,0,0
1/3/2025 3:02,43,72.6,67.66,54.06,3.29,2.89,0,0,420,Normal,0,0
1/3/2025 3:03,49,71.33,47.99,31.38,1.13,3.91,1,0,250,Normal,0,0
1/3/2025 3:04,30,80.91,60.75,70.3,2.57,1.29,1,0,332,Normal,0,0
1/3/2025 3:05,45,53.93,40.52,30.84,2.79,3.85,1,0,371,Normal,0,0
1/3/2025 3:06,6,85.52,62.72,51.75,1.19,4.11,1,0,207,Normal,0,0
1/3/2025 3:07,17,72.34,54.26,46.52,2.74,2.19,1,0,493,Normal,0,0
1/3/2025 3:08,45,68.34,30.04,43.28,3.34,0.88,1,0,459,Normal,0,0
1/3/2025 3:09,19,78.45,60.33,49.83,2,4.22,1,0,332,Normal,0,0
1/3/2025 3:10,42,74.77,52.32,58.55,4.92,1.75,1,0,136,Normal,0,0
1/3/2025 3:11,35,76.59,44.74,62.55,2.88,1.11,1,0,441,Normal,0,0
1/3/2025 3:12,46,88.08,54.54,44.17,1.92,1.53,1,0,121,Normal,0,0
1/3/2025 3:13,26,57.1,47.23,71.54,1.99,3.84,1,0,375,Normal,0,0
1/3/2025 3:14,5,61.09,53.25,43.97,3.43,1.39,1,0,316,Normal,0,0
1/3/2025 3:15,29,69.46,28.49,63.09,2.49,2.4,1,0,272,Normal,0,0
1/3/2025 3:16,37,88.98,52.2,36.82,1.52,0.78,1,0,422,Normal,0,0
1/3/2025 3:17,20,82.91,33.2,43.68,3,3,1,0,21,Normal,0,0
1/3/2025 3:18,49,73.76,31.1,72.43,1.61,1.01,1,0,52,Normal,0,0
1/3/2025 3:19,21,81.05,45.75,69.75,2.02,1.69,2,0,154,Overheating,0,1
1/3/2025 3:20,10,83.4,35.46,43.63,1.39,4.36,1,0,23,Normal,0,0
1/3/2025 3:21,5,80.18,46.99,70.08,1.99,3.71,1,0,117,Normal,0,0
1/3/2025 3:22,36,85.84,42.82,34.48,2.05,1.08,0,0,395,Normal,0,0
1/3/2025 3:23,6,76.75,46.63,68.44,4.55,2.44,1,0,237,Normal,0,0
1/3/2025 3:24,26,79.9,57.32,71.74,3.9,4.85,1,0,239,Normal,0,0
1/3/2025 3:25,4,79.96,48.82,52.61,2.21,1.89,1,0,255,Normal,0,0
1/3/2025 3:26,39,70.9,34.34,52.79,4.33,0.54,1,0,148,Normal,0,0
1/3/2025 3:27,39,73.66,68.89,50.76,4.43,4.03,1,0,14,Normal,0,1
1/3/2025 3:28,50,80.09,45.84,72.86,4.9,2.58,1,0,467,Normal,0,0
1/3/2025 3:29,35,65.24,45.99,41.65,2.23,3.26,1,0,40,Normal,0,0
1/3/2025 3:30,1,67.75,35.18,66.91,2.66,1.12,1,0,175,Normal,0,0
1/3/2025 3:31,24,72.39,52.22,51.58,3.04,3.48,1,0,57,Normal,0,0
1/3/2025 3:32,36,75.54,49.17,76.14,2.26,4.95,1,0,305,Normal,0,0
1/3/2025 3:33,6,74.8,51.99,45.14,4.06,2.68,0,0,323,Normal,0,0
1/3/2025 3:34,41,74.83,49.66,44.51,4.68,2.44,1,0,296,Normal,0,0
1/3/2025 3:35,46,76.35,58.31,42.28,2.89,1.95,1,0,145,Normal,0,0
1/3/2025 3:36,44,72.66,41.1,36.11,2.7,1.96,1,0,478,Normal,0,0
1/3/2025 3:37,31,68.17,52.55,32.05,1.31,4.73,0,0,84,Normal,0,0
1/3/2025 3:38,20,75.36,71.11,42.28,1.96,2.13,1,0,247,Normal,0,0
1/3/2025 3:39,24,81.39,61.58,65.5,4.6,3.44,1,0,34,Normal,0,0
1/3/2025 3:40,25,83.61,69.94,49.24,3.45,1.7,0,0,244,Normal,0,0
1/3/2025 3:41,36,55.09,60.56,31.59,2.42,2.87,1,0,447,Normal,0,0
1/3/2025 3:42,21,65.08,67.17,78.99,4.67,1.06,0,0,287,Normal,0,0
1/3/2025 3:43,30,84.44,56.6,44.13,1.23,1.49,1,0,387,Normal,0,0
1/3/2025 3:44,24,72.2,58.36,31.35,4.5,1.34,1,0,129,Normal,0,0
1/3/2025 3:45,44,56.65,55.38,31.52,2.11,2.12,1,0,191,Normal,0,0
1/3/2025 3:46,42,87.22,60.03,32.88,3.38,3.6,1,0,128,Normal,0,0
1/3/2025 3:47,30,85.06,63.67,77.59,2.2,2.35,1,0,459,Normal,0,0
1/3/2025 3:48,22,63.17,63.78,79.99,2.39,4.55,1,0,207,Normal,0,0
1/3/2025 3:49,28,63.28,66.99,66.13,1.52,4.04,1,0,294,Normal,0,0
1/3/2025 3:50,7,104.82,33.36,33.06,1.23,0.79,0,1,22,Normal,1,1
1/3/2025 3:51,35,65.83,37.83,54.63,4.06,2.91,0,0,145,Normal,0,0
1/3/2025 3:52,28,87.17,53.55,48.39,3.3,2.5,1,0,205,Normal,0,0
1/3/2025 3:53,14,90.44,54.57,32.15,1.25,1.51,1,1,47,Normal,1,1
1/3/2025 3:54,10,60.48,26.57,30.62,3.58,1.81,1,0,70,Normal,0,0
1/3/2025 3:55,16,65.89,24.36,68.69,4.32,3.94,1,0,28,Normal,0,0
1/3/2025 3:56,16,85.32,50.08,49.06,3.83,4.31,1,0,439,Normal,0,0
1/3/2025 3:57,31,61.37,72.34,32.19,4.19,4.89,2,0,499,Normal,0,1
1/3/2025 3:58,42,64.29,31.98,68.39,3.84,2.92,0,0,442,Normal,0,0
1/3/2025 3:59,25,73.04,62.94,39.11,3.55,4.15,1,0,448,Normal,0,0
1/3/2025 4:00,13,73.75,74.22,70.18,3.92,1.6,1,0,467,Normal,0,0
1/3/2025 4:01,6,85.91,71.17,54.72,2.44,1.6,1,0,379,Normal,0,0
1/3/2025 4:02,44,80.63,61.31,79.08,1.44,2.59,1,0,251,Normal,0,0
1/3/2025 4:03,9,77.07,62.17,38.56,2.01,4.58,1,0,162,Normal,0,0
1/3/2025 4:04,45,73.53,33.14,71.16,2.95,2.98,1,0,395,Normal,0,0
1/3/2025 4:05,36,64.49,47.35,39.99,3.24,2.82,1,0,217,Normal,0,0
1/3/2025 4:06,43,87.16,49.12,75.36,3.29,2.37,0,0,95,Normal,0,0
1/3/2025 4:07,20,76.39,35.48,67.64,3.93,2.96,1,0,369,Normal,0,0
1/3/2025 4:08,18,81.56,41.98,35.46,2.3,4.78,1,0,474,Normal,0,0
1/3/2025 4:09,43,77.21,45.97,75.61,2.89,4.01,0,0,390,Normal,0,0
1/3/2025 4:10,21,76.13,63,64.96,2.83,4.6,1,0,151,Normal,0,0
1/3/2025 4:11,4,76.04,50.82,33.15,2.63,3.26,1,0,414,Normal,0,0
1/3/2025 4:12,50,75.04,36.4,42.14,3.45,0.97,1,0,223,Normal,0,0
1/3/2025 4:13,33,73.59,56.22,45.69,4.63,1.02,1,0,146,Normal,0,0
1/3/2025 4:14,27,69.01,40.21,59.59,1.97,0.92,1,0,277,Normal,0,0
1/3/2025 4:15,7,80.32,59.35,79.18,1.21,2.43,1,0,224,Normal,0,0
1/3/2025 4:16,6,86.24,60.01,58.12,3.57,2.24,2,0,96,Electrical Fault,0,1
1/3/2025 4:17,15,77.41,50.33,50.03,1.52,3.2,0,0,355,Normal,0,0
1/3/2025 4:18,18,91.05,60.68,78.67,3.53,4.92,1,1,37,Normal,1,1
1/3/2025 4:19,32,70.4,58.38,44.28,4.2,3.11,1,0,193,Normal,0,0
1/3/2025 4:20,11,96.47,50.91,58.55,2.53,2.71,1,1,6,Normal,1,1
1/3/2025 4:21,20,79.43,50,40.57,2.44,3.84,1,0,74,Normal,0,0
1/3/2025 4:22,24,47.28,61.22,33.55,1.79,1.96,0,0,450,Normal,0,0
1/3/2025 4:23,15,94.12,34.61,79.86,1.66,4.02,1,1,29,Normal,1,1
1/3/2025 4:24,48,65.48,53.61,47.24,1.54,2.86,2,0,476,Vibration Issue,0,1
1/3/2025 4:25,7,77.09,63.16,58.5,2.35,1.41,1,0,292,Normal,0,0
1/3/2025 4:26,21,80.11,55.69,31.54,4.71,4.82,2,0,278,Normal,0,1
1/3/2025 4:27,42,75.69,60.76,66.07,4.24,2.11,1,0,368,Normal,0,0
1/3/2025 4:28,26,73.87,47.08,38.28,2.59,2.48,2,0,375,Vibration Issue,0,1
1/3/2025 4:29,44,68.59,54.03,30.95,4.64,1.17,1,0,164,Normal,0,0
1/3/2025 4:30,14,69.87,30.04,71.19,4.53,3.93,1,0,36,Normal,0,0
1/3/2025 4:31,37,86.89,62.43,63.12,1.37,0.78,1,0,265,Normal,0,0
1/3/2025 4:32,21,64.83,54.37,47.48,2.28,4.94,0,0,70,Normal,0,0
1/3/2025 4:33,18,75.54,42.5,67.96,3.73,3.49,1,0,216,Normal,0,0
1/3/2025 4:34,5,82.1,41.56,77.6,3.36,1.88,1,0,211,Normal,0,0
1/3/2025 4:35,3,64.46,44.11,74.84,2.33,3.16,1,0,120,Normal,0,0
1/3/2025 4:36,23,79.67,34.94,70.24,2.56,4.26,1,0,466,Normal,0,0
1/3/2025 4:37,26,85.48,52.19,45.85,3.68,3.55,1,0,434,Normal,0,0
1/3/2025 4:38,37,78.53,76.09,65.62,2.57,1.34,1,0,157,Normal,0,0
1/3/2025 4:39,24,86.26,57.27,58.27,1.51,1.36,1,0,148,Normal,0,0
1/3/2025 4:40,49,74.59,53.09,67.59,3.18,2.34,1,0,406,Normal,0,0
1/3/2025 4:41,19,66.53,42.5,36.21,3.09,4.48,1,0,219,Normal,0,0
1/3/2025 4:42,25,73.47,33.03,67.13,2.22,4.86,1,0,102,Normal,0,0
1/3/2025 4:43,21,61.35,56.73,70.18,1.45,2.47,1,0,208,Normal,0,0
1/3/2025 4:44,12,98.76,66.15,51.68,1.61,2.1,0,1,2,Normal,1,1
1/3/2025 4:45,41,74.92,66.44,44.5,1.21,2.04,1,0,294,Normal,0,0
1/3/2025 4:46,33,56.18,17.12,75.99,2.21,3.1,1,0,38,Normal,0,0
1/3/2025 4:47,50,68.48,25.91,77.43,1.88,1.68,1,0,44,Normal,0,0
1/3/2025 4:48,4,72.99,33.03,44.8,4.66,2.02,1,0,208,Normal,0,0
1/3/2025 4:49,42,62.22,46.15,34.53,1.36,4.02,0,0,260,Normal,0,0
1/3/2025 4:50,7,62.1,43.88,75.1,4.11,0.74,1,0,124,Normal,0,0
1/3/2025 4:51,22,71.56,63.89,57.7,3.59,2.42,1,0,115,Normal,0,0
1/3/2025 4:52,33,80.41,55.14,72.63,2.57,4.76,1,0,371,Normal,0,0
1/3/2025 4:53,17,84.5,52.9,55.88,1.01,2.07,1,0,446,Normal,0,0
1/3/2025 4:54,24,86.16,29.67,54.33,2.67,3.71,1,0,212,Normal,0,0
1/3/2025 4:55,34,69.11,45.68,63.84,4.65,2.89,1,0,247,Normal,0,0
1/3/2025 4:56,28,48.25,37.23,35.21,4.55,3.39,1,0,341,Normal,0,0
1/3/2025 4:57,43,92.78,25.51,49.67,4.41,3.27,1,1,31,Normal,1,1
1/3/2025 4:58,41,72.82,59,71.55,2.5,2.1,1,0,306,Normal,0,0
1/3/2025 4:59,39,70.63,25.41,50,2.42,3.85,1,0,181,Normal,0,0
1/3/2025 5:00,22,87.4,54.21,37.47,2.98,1.12,1,0,210,Normal,0,0
1/3/2025 5:01,49,71.88,66.25,37.64,4.49,4.9,1,0,457,Normal,0,0
1/3/2025 5:02,17,79.91,44.79,77.23,4.29,2.34,1,0,491,Normal,0,0
1/3/2025 5:03,34,77.46,54.21,79.41,3.58,2.53,0,0,439,Normal,0,0
1/3/2025 5:04,6,62.63,35.78,50.97,2.95,3.17,1,0,25,Normal,0,0
1/3/2025 5:05,46,64.13,54.08,69.55,1.52,1.69,1,0,202,Normal,0,0
1/3/2025 5:06,6,72.78,60.01,69,3.56,2.38,1,0,311,Normal,0,0
1/3/2025 5:07,34,74.83,32.26,48.79,4.1,0.68,1,0,25,Normal,0,0
1/3/2025 5:08,1,68.78,58.1,67.73,2.33,3.32,1,0,72,Normal,0,0
1/3/2025 5:09,10,68.69,33.11,49.97,2.87,2.89,2,0,280,Electrical Fault,0,1
1/3/2025 5:10,21,74.28,62.35,77.24,4.02,4.76,1,0,243,Normal,0,0
1/3/2025 5:11,5,67.96,42.82,48.43,4.24,1.02,2,0,51,Pressure Drop,0,1
1/3/2025 5:12,2,83.92,34.32,52.09,4.81,3.36,2,0,386,Electrical Fault,0,1
1/3/2025 5:13,22,78.02,53.36,38.87,2.45,4.81,1,0,97,Normal,0,0
1/3/2025 5:14,48,69.73,54.73,65,4.68,4.32,1,0,91,Normal,0,0
1/3/2025 5:15,2,80.89,11.84,74.04,1.35,0.67,1,0,298,Normal,0,0
1/3/2025 5:16,10,88.3,54.86,52.59,2.26,2.87,1,0,420,Normal,0,0
1/3/2025 5:17,34,76.78,56.36,57.4,3.73,3.64,1,0,150,Normal,0,0
1/3/2025 5:18,16,60.55,40.78,64.62,1.67,4.64,1,0,215,Normal,0,0
1/3/2025 5:19,48,90.73,49.49,49.65,4.19,2.27,2,1,26,Electrical Fault,1,1
1/3/2025 5:20,39,91.69,49.71,41.35,1.81,2.3,1,1,10,Normal,1,1
1/3/2025 5:21,22,87.4,34.45,72.05,1.8,4.2,2,0,375,Pressure Drop,0,1
1/3/2025 5:22,12,81.3,29.1,61.05,2.07,1.8,1,0,303,Normal,0,0
1/3/2025 5:23,24,80.07,50.79,55.5,4.66,1.68,1,0,390,Normal,0,0
1/3/2025 5:24,47,76.43,44.36,32.67,1.48,2.01,1,0,307,Normal,0,0
1/3/2025 5:25,40,75.97,44,61.93,3.68,2.81,1,0,496,Normal,0,0
1/3/2025 5:26,38,63.38,50.69,76.22,2.29,3.3,1,0,230,Normal,0,0
1/3/2025 5:27,10,63.59,46.9,55,4.61,4.88,1,0,182,Normal,0,0
1/3/2025 5:28,35,66.2,39.46,58,3.82,2.8,1,0,450,Normal,0,0
1/3/2025 5:29,49,54.91,34.55,52.31,2.97,2.62,1,0,142,Normal,0,0
1/3/2025 5:30,32,62.53,44.75,37.3,3.85,2.73,1,0,42,Normal,0,0
1/3/2025 5:31,7,74.94,35.87,36.1,1.09,3.82,1,0,111,Normal,0,0
1/3/2025 5:32,21,52.66,47.69,42.66,3.55,2.22,1,0,334,Normal,0,0
1/3/2025 5:33,20,65.48,35.77,46.15,2.83,3.9,1,0,334,Normal,0,0
1/3/2025 5:34,26,72.68,55.66,65.62,4.12,1.17,2,0,37,Vibration Issue,0,1
1/3/2025 5:35,4,67.34,49.11,70.23,4.32,3.07,1,0,65,Normal,0,0
1/3/2025 5:36,46,71.65,51.45,50.73,4.01,1.62,1,0,333,Normal,0,0
1/3/2025 5:37,22,77.86,19.44,51.43,1.17,3.87,1,0,48,Normal,0,0
1/3/2025 5:38,15,84.61,65.15,70.55,4.79,2.8,2,0,405,Normal,0,1
1/3/2025 5:39,40,67.63,23.15,62.18,1.02,4.52,1,0,158,Normal,0,0
1/3/2025 5:40,21,71.95,37.13,53.7,4.22,2.61,1,0,416,Normal,0,0
1/3/2025 5:41,15,52.88,61.54,63.5,2.88,0.67,2,0,20,Normal,0,1
1/3/2025 5:42,22,80.93,42.39,78.25,4.73,2.3,1,0,435,Normal,0,0
1/3/2025 5:43,28,66.38,58.24,38.56,2.38,4.36,1,0,263,Normal,0,0
1/3/2025 5:44,14,78.43,57.75,69.13,3.89,2.29,1,0,74,Normal,0,0
1/3/2025 5:45,27,71.85,48.03,76.07,3.03,2.11,1,0,285,Normal,0,0
1/3/2025 5:46,41,97.32,48.94,57.11,4.69,0.88,1,1,45,Normal,1,1
1/3/2025 5:47,40,93.31,46.02,40.4,2.58,3.9,1,1,47,Normal,1,1
1/3/2025 5:48,28,81.29,35.27,55.96,1.42,2.28,1,0,210,Normal,0,0
1/3/2025 5:49,26,79.27,55.4,67.03,4.85,0.97,1,0,54,Normal,0,0
1/3/2025 5:50,49,77.55,50.14,52.15,3.65,3.06,1,0,256,Normal,0,0
1/3/2025 5:51,2,70.4,66.4,77.84,3.11,0.89,1,0,470,Normal,0,0
1/3/2025 5:52,25,67.28,56.46,76.57,3.79,3,1,0,303,Normal,0,0
1/3/2025 5:53,3,65.59,42.49,46.26,4.84,3.5,1,0,126,Normal,0,0
1/3/2025 5:54,8,68.67,53.15,75.98,4.43,4.31,1,0,498,Normal,0,0
1/3/2025 5:55,44,79.2,67.7,43.13,2.98,4.9,1,0,414,Normal,0,0
1/3/2025 5:56,33,72.61,45.23,37.73,2.62,4.17,1,0,10,Normal,0,1
1/3/2025 5:57,42,54.55,59.65,35.1,3.8,4.5,1,0,487,Normal,0,0
1/3/2025 5:58,35,100.65,36.63,64.14,4.13,1.13,1,1,34,Normal,1,1
1/3/2025 5:59,6,73.37,73.17,67.41,2.76,1.8,1,0,129,Normal,0,0
1/3/2025 6:00,39,96.5,62.07,73.68,2.91,2.76,1,1,41,Normal,1,1
1/3/2025 6:01,23,70.98,53.96,40.04,4.92,4.4,0,0,359,Normal,0,0
1/3/2025 6:02,25,72.54,48.28,39.07,3.25,3.85,1,0,371,Normal,0,0
1/3/2025 6:03,50,84.28,33.26,38.63,4.53,2.47,1,0,232,Normal,0,0
1/3/2025 6:04,43,72.01,56.33,34.18,1.66,0.54,1,0,177,Normal,0,0
1/3/2025 6:05,19,79.02,43.87,43.88,4.45,1.14,1,0,491,Normal,0,0
1/3/2025 6:06,5,71.71,46.39,61.53,1.84,3.61,1,0,106,Normal,0,0
1/3/2025 6:07,11,70.22,51.58,36.77,4.12,4.71,1,0,141,Normal,0,0
1/3/2025 6:08,12,90.36,54.01,48.52,2.71,4.59,1,1,42,Normal,1,1
1/3/2025 6:09,10,62.94,46.57,66.85,3.48,1.31,1,0,11,Normal,0,1
1/3/2025 6:10,8,69.9,50.35,69.79,3.48,1.79,1,0,482,Normal,0,0
1/3/2025 6:11,24,93.26,42.72,51.06,3.48,2.58,2,1,12,Vibration Issue,1,1
1/3/2025 6:12,28,71.71,37.34,38.52,2.01,1.46,1,0,95,Normal,0,0
1/3/2025 6:13,41,60.29,37.89,74.71,1.35,3.96,1,0,261,Normal,0,0
1/3/2025 6:14,36,81.15,52.43,34.04,3.25,2.11,1,0,399,Normal,0,0
1/3/2025 6:15,37,74.64,30.77,55.55,1.12,4.67,1,0,66,Normal,0,0
1/3/2025 6:16,21,79.5,70.42,66.86,3.73,1.46,1,0,162,Normal,0,0
1/3/2025 6:17,8,75.66,69.56,31.98,2.25,2.99,1,0,61,Normal,0,0
1/3/2025 6:18,9,63.95,48.37,71.25,2.81,3.15,0,0,296,Normal,0,0
1/3/2025 6:19,47,77.39,39.24,47.47,1.42,1.04,1,0,242,Normal,0,0
1/3/2025 6:20,15,87.67,35.43,33.63,2.11,4.74,1,0,91,Normal,0,0
1/3/2025 6:21,48,69.99,44.98,61.47,4.24,2.17,1,0,436,Normal,0,0
1/3/2025 6:22,46,66.14,47.36,63.97,4.24,2.82,1,0,122,Normal,0,0
1/3/2025 6:23,40,73.27,38.09,50.47,3.32,3.71,1,0,405,Normal,0,0
1/3/2025 6:24,18,72.91,60.61,31.6,2.26,2.68,1,0,207,Normal,0,0
1/3/2025 6:25,42,71.79,46.36,66.25,4.75,2.32,1,0,280,Normal,0,0
1/3/2025 6:26,20,87.35,58.66,66.78,3.14,1.37,1,0,319,Normal,0,0
1/3/2025 6:27,6,77.42,43.34,79.49,1.71,3.11,1,0,142,Normal,0,0
1/3/2025 6:28,12,91.57,45.83,67.71,1.37,2.23,1,1,44,Normal,1,1
1/3/2025 6:29,2,77.27,45.76,47.24,4.31,0.64,1,0,11,Normal,0,1
1/3/2025 6:30,7,78.61,54.06,74.72,3.26,1.07,1,0,426,Normal,0,0
1/3/2025 6:31,16,96.8,72.15,30.59,2.89,1.25,1,1,33,Normal,1,1
1/3/2025 6:32,3,78.43,53.65,55.85,4.43,3.31,1,0,209,Normal,0,0
1/3/2025 6:33,45,72.45,60.58,65.29,3.31,4.72,1,0,265,Normal,0,0
1/3/2025 6:34,3,65.58,80.98,35.48,1.64,1.01,1,1,23,Normal,1,1
1/3/2025 6:35,27,66.46,50.57,30.61,3.07,2.15,1,0,172,Normal,0,0
1/3/2025 6:36,50,70.83,29.12,70.88,4.71,4.07,1,0,92,Normal,0,0
1/3/2025 6:37,43,72.5,27.59,78.08,3.77,3.82,1,0,495,Normal,0,0
1/3/2025 6:38,40,54.37,54.55,34.48,1.06,1.43,1,0,375,Normal,0,0
1/3/2025 6:39,38,74.84,27.07,60.37,3.65,1.94,1,0,229,Normal,0,0
1/3/2025 6:40,33,47.72,44.2,33.94,3.43,2.15,0,0,227,Normal,0,0
1/3/2025 6:41,28,87.77,30.55,60.86,2.99,4.04,2,0,362,Normal,0,1
1/3/2025 6:42,1,56.12,44.81,52.25,4.73,3.96,1,0,154,Normal,0,0
1/3/2025 6:43,8,76.85,54.25,56.41,4.53,4.65,1,0,431,Normal,0,0
1/3/2025 6:44,37,76.46,48.4,38.33,1.08,0.67,1,0,346,Normal,0,0
1/3/2025 6:45,32,88.42,55.33,34.97,1.77,1.7,1,0,258,Normal,0,0
1/3/2025 6:46,48,76.37,68.81,56.65,3.43,3.81,1,0,392,Normal,0,0
1/3/2025 6:47,43,74.01,50.27,40.53,2.04,3.5,1,0,229,Normal,0,0
1/3/2025 6:48,37,78.15,58.65,70.11,4.26,0.71,1,0,335,Normal,0,0
1/3/2025 6:49,4,69.73,66.79,35.02,1.8,1.23,0,0,487,Normal,0,0
1/3/2025 6:50,30,69.88,60.69,38.17,3.39,0.59,1,0,17,Normal,0,1
1/3/2025 6:51,6,77.14,47.52,58.21,4.69,4.04,1,0,359,Normal,0,0
1/3/2025 6:52,46,72.07,79.91,68.63,2.3,0.57,1,0,348,Normal,0,0
1/3/2025 6:53,19,81.41,54.41,61.18,1.11,0.69,1,0,370,Normal,0,0
1/3/2025 6:54,32,66.19,39.95,77.09,1.03,2.44,1,0,352,Normal,0,0
1/3/2025 6:55,9,84.52,39.26,71.14,1.2,4.07,1,0,497,Normal,0,0
1/3/2025 6:56,12,79.7,56.74,65.09,3.28,3.94,2,0,461,Pressure Drop,0,1
1/3/2025 6:57,11,75.26,42.33,39.57,4.18,2.01,1,0,111,Normal,0,0
1/3/2025 6:58,46,59.6,45.97,65.07,1.12,1.87,1,0,261,Normal,0,0
1/3/2025 6:59,16,83.38,39.35,32.38,4.68,1.94,1,0,370,Normal,0,0
1/3/2025 7:00,1,94.63,54.55,55.33,4.23,0.7,1,1,3,Normal,1,1
1/3/2025 7:01,45,70.36,41.04,41.12,1.62,3.34,1,0,85,Normal,0,0
1/3/2025 7:02,21,83.59,57.35,34.91,1.11,4.83,1,0,160,Normal,0,0
1/3/2025 7:03,30,73.85,54.66,70.4,3.89,4.74,2,0,462,Pressure Drop,0,1
1/3/2025 7:04,13,64.03,70.83,51.1,3.58,2.47,1,0,170,Normal,0,0
1/3/2025 7:05,34,67.33,23.4,44.63,3.3,3.14,1,0,299,Normal,0,0
1/3/2025 7:06,4,73.93,45.97,45.54,1.87,3.92,1,0,90,Normal,0,0
1/3/2025 7:07,28,79.53,32.97,44.12,4.69,2.21,1,0,289,Normal,0,0
1/3/2025 7:08,38,60.4,44.6,46.64,1.95,3.33,1,0,323,Normal,0,0
1/3/2025 7:09,31,67.95,41.13,32.94,2.04,1.61,1,0,390,Normal,0,0
1/3/2025 7:10,27,75.33,63.04,57.71,3.78,1.99,1,0,88,Normal,0,0
1/3/2025 7:11,5,62.4,59.5,30.91,4.14,2.42,1,0,119,Normal,0,0
1/3/2025 7:12,25,78.92,52.69,75.62,4.45,0.9,1,0,452,Normal,0,0
1/3/2025 7:13,3,92.24,62.18,57.89,2.44,4.96,1,1,22,Normal,1,1
1/3/2025 7:14,33,73.98,62.61,72.15,1.63,1.63,0,0,318,Normal,0,0
1/3/2025 7:15,4,82.35,58.74,37.47,3.86,4.95,0,0,297,Normal,0,0
1/3/2025 7:16,25,62.24,56.35,69.05,2.9,4.78,1,0,272,Normal,0,0
1/3/2025 7:17,20,68.69,42.21,70.92,1.88,2.26,1,0,360,Normal,0,0
1/3/2025 7:18,34,84.95,55.64,53.84,3.89,1.05,0,0,490,Normal,0,0
1/3/2025 7:19,26,61.36,78.99,51.97,4.36,3.64,1,0,251,Normal,0,0
1/3/2025 7:20,5,67.9,63.02,64.16,1.56,3.18,1,0,474,Normal,0,0
1/3/2025 7:21,35,86.43,37.49,50.3,4.61,4.18,1,0,190,Normal,0,0
1/3/2025 7:22,28,68.9,28.28,70.33,2.34,4.49,1,0,218,Normal,0,0
1/3/2025 7:23,29,55,37.76,33.08,2.2,1.6,1,0,139,Normal,0,0
1/3/2025 7:24,9,69.36,27.85,36.51,2.66,4,1,0,80,Normal,0,0
1/3/2025 7:25,38,92.44,34.71,79.13,3.33,1.11,0,1,21,Normal,1,1
1/3/2025 7:26,50,89.4,49.79,76.89,2.16,4.53,1,0,166,Normal,0,0
1/3/2025 7:27,6,74.21,48.65,69.29,4.68,3.36,1,0,326,Normal,0,0
1/3/2025 7:28,19,72.67,66.49,69.97,2.54,3.59,1,0,497,Normal,0,0
1/3/2025 7:29,44,98.59,54.38,50.4,4.35,0.87,2,1,41,Vibration Issue,1,1
1/3/2025 7:30,11,65.64,53.27,56.72,4.9,1.74,1,0,404,Normal,0,0
1/3/2025 7:31,2,68.58,45.81,51.23,1.15,1.73,1,0,418,Normal,0,0
1/3/2025 7:32,47,85.59,75.38,43.24,2.6,3.85,1,0,320,Normal,0,0
1/3/2025 7:33,44,66.34,55.23,49.15,1.38,4.63,1,0,259,Normal,0,0
1/3/2025 7:34,44,78.67,62.03,46.21,1.29,2.99,1,0,269,Normal,0,0
1/3/2025 7:35,9,62.64,52.99,38.03,3.43,0.83,1,0,340,Normal,0,0
1/3/2025 7:36,21,89.9,74.09,74.19,2.92,2.46,1,0,435,Normal,0,0
1/3/2025 7:37,24,70.68,14.15,68.72,1.93,4.48,1,0,346,Normal,0,0
1/3/2025 7:38,34,68.5,48.44,51.99,2.65,4.85,1,0,469,Normal,0,0
1/3/2025 7:39,22,66.57,79.06,32.83,1.47,3.05,1,0,254,Normal,0,0
1/3/2025 7:40,3,63.5,26.36,60.42,4.22,1.29,1,0,132,Normal,0,0
1/3/2025 7:41,12,71.51,61.52,32.27,2.63,1.22,1,0,443,Normal,0,0
1/3/2025 7:42,28,51.42,42.58,43.07,1.61,2.12,1,0,158,Normal,0,0
1/3/2025 7:43,30,64.1,59.13,40.91,3.59,3.32,2,0,125,Pressure Drop,0,1
1/3/2025 7:44,26,75.17,59.1,32.26,2.01,4.2,1,0,149,Normal,0,0
1/3/2025 7:45,48,75.88,55.31,43.18,3.74,1.26,1,0,396,Normal,0,0
1/3/2025 7:46,21,74.29,59.29,73.65,3.85,0.62,1,0,494,Normal,0,0
1/3/2025 7:47,28,67.41,36.06,56.04,2.97,2.37,1,0,485,Normal,0,0
1/3/2025 7:48,26,90.14,47.76,33.21,4.71,0.78,2,1,6,Normal,1,1
1/3/2025 7:49,33,83.69,58,37.97,3.43,2.25,1,0,185,Normal,0,0
1/3/2025 7:50,21,73.96,73.65,48.74,1.73,0.79,1,0,216,Normal,0,0
1/3/2025 7:51,35,73.85,55.3,52.53,2.06,2.66,1,0,81,Normal,0,0
1/3/2025 7:52,34,70.26,63.93,41,2.18,5,1,0,463,Normal,0,0
1/3/2025 7:53,41,68.57,17.86,56.11,3.68,4.61,1,0,425,Normal,0,0
1/3/2025 7:54,47,73.43,42.54,54.8,4.62,1.49,1,0,121,Normal,0,0
1/3/2025 7:55,18,84.45,42.93,57.78,4.9,3.27,1,0,38,Normal,0,0
1/3/2025 7:56,11,70.53,40.22,39.56,2.66,2.52,1,0,280,Normal,0,0
1/3/2025 7:57,23,87.8,51.06,47.01,2.7,3.75,1,0,234,Normal,0,0
1/3/2025 7:58,48,68.49,65.8,72.26,4.82,2.3,1,0,79,Normal,0,0
1/3/2025 7:59,22,89.91,61.53,43.67,3.18,3.83,1,0,227,Normal,0,0
1/3/2025 8:00,17,72.03,62.88,42.52,1.11,3.33,1,0,495,Normal,0,0
1/3/2025 8:01,5,81.8,56.94,58.32,3.7,3.74,1,0,53,Normal,0,0
1/3/2025 8:02,44,97.76,43.3,43.36,3.31,1.7,1,1,24,Normal,1,1
1/3/2025 8:03,11,99.18,44.76,44.59,2.53,4.39,1,1,9,Normal,1,1
1/3/2025 8:04,30,61.58,34.19,33.85,3.99,3.35,1,0,376,Normal,0,0
1/3/2025 8:05,15,85.34,51.11,71.8,2.29,0.52,0,0,267,Normal,0,0
1/3/2025 8:06,27,65.56,36.1,49.82,3.76,3.97,1,0,434,Normal,0,0
1/3/2025 8:07,35,78.75,43.53,73.88,4.71,0.68,1,0,467,Normal,0,0
1/3/2025 8:08,33,79.89,40.21,33.19,4.06,4.17,1,0,288,Normal,0,0
1/3/2025 8:09,20,83.61,53.49,63.76,4.44,1.6,1,0,370,Normal,0,0
1/3/2025 8:10,16,62.2,76.77,68.54,4.32,4.63,1,0,170,Normal,0,0
1/3/2025 8:11,34,63.21,56.23,77.65,1.19,0.94,1,0,174,Normal,0,0
1/3/2025 8:12,2,66.73,33.23,50.99,4.51,1.27,1,0,76,Normal,0,0
1/3/2025 8:13,35,80.83,25.4,41,2.15,4.06,1,0,300,Normal,0,0
1/3/2025 8:14,40,77.46,36.71,49.28,2.3,2.5,1,0,192,Normal,0,0
1/3/2025 8:15,28,79.11,55.68,61.73,2.71,0.95,1,0,388,Normal,0,0
1/3/2025 8:16,47,63.24,46.76,31.96,3.34,4.44,1,0,450,Normal,0,0
1/3/2025 8:17,39,76.67,48.28,75.34,1.5,2.84,2,0,259,Pressure Drop,0,1
1/3/2025 8:18,6,68.41,23.74,40.34,4.07,1.08,2,0,453,Normal,0,1
1/3/2025 8:19,9,68.85,60.97,74.28,3.66,2.58,2,0,304,Vibration Issue,0,1
1/3/2025 8:20,20,73.72,56.14,46.18,1.8,3.39,2,0,80,Pressure Drop,0,1
1/3/2025 8:21,1,59.84,55.72,66.47,3.22,0.98,1,0,143,Normal,0,0
1/3/2025 8:22,8,80.31,45.58,48.36,4.45,0.85,1,0,400,Normal,0,0
1/3/2025 8:23,23,60.67,40.95,45.11,1.69,3.42,1,0,409,Normal,0,0
1/3/2025 8:24,3,70.89,57.29,56.27,2.98,2.81,1,0,410,Normal,0,0
1/3/2025 8:25,4,82.42,65.06,75.22,3.74,1.47,1,0,263,Normal,0,0
1/3/2025 8:26,25,59.89,59.89,30.28,2.77,3.33,1,0,477,Normal,0,0
1/3/2025 8:27,47,60.97,58.41,59.54,1.82,2.8,2,0,206,Pressure Drop,0,1
1/3/2025 8:28,38,85.36,60.84,66.54,4.63,4.98,1,0,490,Normal,0,0
1/3/2025 8:29,15,64.25,35.89,79.2,4.11,3.53,1,0,384,Normal,0,0
1/3/2025 8:30,21,84.68,39.76,72.02,1.5,1.33,1,0,114,Normal,0,0
1/3/2025 8:31,35,79.39,30.03,78.18,3.89,3.72,1,0,447,Normal,0,0
1/3/2025 8:32,46,61.6,37.72,50.25,3.56,2.37,1,0,234,Normal,0,0
1/3/2025 8:33,14,76.71,43.44,32.96,3.01,2.81,1,0,65,Normal,0,0
1/3/2025 8:34,36,79.53,47.34,33.03,1.93,4.73,1,0,312,Normal,0,0
1/3/2025 8:35,12,61.06,56,49.79,4.81,0.77,1,0,105,Normal,0,0
1/3/2025 8:36,17,75.61,58.12,47.72,1.82,4.27,1,0,417,Normal,0,0
1/3/2025 8:37,39,83.36,55.32,52.77,3.59,3.46,1,0,113,Normal,0,0
1/3/2025 8:38,9,74.18,47.69,76.27,1.74,3.08,1,0,208,Normal,0,0
1/3/2025 8:39,35,76.5,59.41,45.51,3.16,3.21,1,0,475,Normal,0,0
1/3/2025 8:40,13,73.6,39.63,60.72,3.5,4.12,1,0,462,Normal,0,0
1/3/2025 8:41,15,85.23,43.01,79.57,3.67,3.12,0,0,23,Normal,0,0
1/3/2025 8:42,18,74.03,61.11,59.73,4.09,0.88,1,0,416,Normal,0,0
1/3/2025 8:43,33,68.02,51.23,48.79,3.63,0.79,1,0,20,Normal,0,0
1/3/2025 8:44,6,72.75,43.71,67.31,1.75,3.19,2,0,134,Overheating,0,1
1/3/2025 8:45,27,59.36,62.69,45.68,2.66,2.41,1,0,496,Normal,0,0
1/3/2025 8:46,23,44.86,55.23,42.53,1.13,0.71,1,0,491,Normal,0,0
1/3/2025 8:47,27,66.72,47.68,59.74,2.74,3.61,1,0,388,Normal,0,0
1/3/2025 8:48,34,90.24,52.95,79.56,4.09,0.6,1,1,2,Normal,1,1
1/3/2025 8:49,46,85.19,60.64,64.85,1.81,0.67,1,0,326,Normal,0,0
1/3/2025 8:50,38,58.57,57.01,56.09,3.04,4.86,1,0,388,Normal,0,0
1/3/2025 8:51,14,64.51,44.16,51.61,3.01,3.91,1,0,355,Normal,0,0
1/3/2025 8:52,36,68.76,18.19,31.66,1.72,2.56,2,0,293,Overheating,0,1
1/3/2025 8:53,8,73.09,44.37,52.06,1.52,1.36,1,0,453,Normal,0,0
1/3/2025 8:54,35,64.7,50.15,43.03,2.64,1.8,1,0,175,Normal,0,0
1/3/2025 8:55,19,68.87,27.34,64.5,1.56,3.26,2,0,190,Vibration Issue,0,1
1/3/2025 8:56,30,85.25,41.52,64.94,4.32,3.25,0,0,125,Normal,0,0
1/3/2025 8:57,14,65,59.73,32.37,4.03,4.75,1,0,247,Normal,0,0
1/3/2025 8:58,20,80.62,42.97,54.33,2.33,4.51,2,0,293,Pressure Drop,0,1
1/3/2025 8:59,49,82.62,65.83,77.1,3.16,4.57,1,0,137,Normal,0,0
1/3/2025 9:00,25,98.99,84.53,64.36,3.22,4.56,1,1,20,Normal,1,1
1/3/2025 9:01,40,68.13,49.77,56.78,1.39,4.43,1,0,441,Normal,0,0
1/3/2025 9:02,24,63.82,48.15,79.05,4.82,3.7,1,0,83,Normal,0,0
1/3/2025 9:03,14,57.8,75.69,74.81,2.85,0.88,1,0,281,Normal,0,0
1/3/2025 9:04,26,81.6,66.63,63.75,2.14,1.52,0,0,452,Normal,0,0
1/3/2025 9:05,38,79.29,37.79,31.59,2.99,4.35,1,0,329,Normal,0,0
1/3/2025 9:06,23,73.96,42.54,53.36,2.82,2.87,1,0,416,Normal,0,0
1/3/2025 9:07,22,78.23,52.77,71.77,4.01,3.8,1,0,340,Normal,0,0
1/3/2025 9:08,48,75.83,37.23,55.85,3.81,1.2,1,0,368,Normal,0,0
1/3/2025 9:09,19,70.91,43.68,42.05,4.93,4.12,1,0,228,Normal,0,0
1/3/2025 9:10,46,71.64,57.22,61.18,1.82,4.36,1,0,25,Normal,0,0
1/3/2025 9:11,3,74.03,72.1,30.47,3.71,1.78,1,0,410,Normal,0,0
1/3/2025 9:12,42,99.51,52.06,78.35,4.05,3.08,1,1,7,Normal,1,1
1/3/2025 9:13,19,84.1,79.34,37.14,4.54,4.39,1,0,414,Normal,0,0
1/3/2025 9:14,9,63.35,45.78,49.23,1.19,1.23,0,0,426,Normal,0,0
1/3/2025 9:15,28,78.97,53.14,35.19,1.12,4.03,1,0,10,Normal,0,1
1/3/2025 9:16,20,74.93,46.82,46.88,3,0.82,1,0,447,Normal,0,0
1/3/2025 9:17,45,93.06,34.49,65.37,2.45,3.35,0,1,46,Normal,1,1
1/3/2025 9:18,7,87.59,51.21,30.91,3.04,4.61,1,0,32,Normal,0,0
1/3/2025 9:19,14,73.99,62.43,52.27,2.33,2.54,1,0,18,Normal,0,1
1/3/2025 9:20,9,74.72,55.25,40.29,1.8,2.75,1,0,198,Normal,0,0
1/3/2025 9:21,19,63.63,71.5,67.04,1.96,4.95,1,0,495,Normal,0,0
1/3/2025 9:22,47,81.55,59.02,42.06,3.34,3.58,2,0,413,Pressure Drop,0,1
1/3/2025 9:23,14,86.47,60.81,53.37,2.92,1.54,0,0,391,Normal,0,0
1/3/2025 9:24,38,76.22,58.49,43.23,2.79,1.51,1,0,406,Normal,0,0
1/3/2025 9:25,36,77.65,47.31,57.64,3.32,2.5,1,0,456,Normal,0,0
1/3/2025 9:26,40,71.73,39.49,39.38,4.11,2.93,0,0,238,Normal,0,0
1/3/2025 9:27,17,83.82,42.34,68.2,2.24,0.84,1,0,116,Normal,0,0
1/3/2025 9:28,30,61.59,65.3,49.93,3.04,2.47,1,0,158,Normal,0,0
1/3/2025 9:29,9,63.81,69.18,54.4,2.46,4.41,1,0,134,Normal,0,0
1/3/2025 9:30,33,84.29,51.38,57.86,2.95,0.74,1,0,150,Normal,0,0
1/3/2025 9:31,25,60.89,54.28,71.14,2.54,0.72,1,0,346,Normal,0,0
1/3/2025 9:32,14,68.67,17.56,59.38,3.49,1.26,1,0,103,Normal,0,0
1/3/2025 9:33,11,72.21,54.73,62.39,1.29,4.5,1,0,424,Normal,0,0
1/3/2025 9:34,35,79.71,50.41,38.15,1.38,3.09,1,0,58,Normal,0,0
1/3/2025 9:35,41,76.54,61.55,73.22,1.3,2.01,0,0,171,Normal,0,0
1/3/2025 9:36,14,44.22,73.94,46.87,2.17,1.31,1,0,391,Normal,0,0
1/3/2025 9:37,30,80.81,54.56,76.09,3.6,1.73,1,0,308,Normal,0,0
1/3/2025 9:38,41,72.79,41.09,70.97,3.24,2.4,1,0,159,Normal,0,0
1/3/2025 9:39,4,85.67,4.87,68.82,3.64,1.89,2,0,284,Vibration Issue,0,1
1/3/2025 9:40,4,65.3,63.12,53.78,3.06,4.96,1,0,81,Normal,0,0
1/3/2025 9:41,28,90.76,28.26,35.56,1.72,4.46,1,1,26,Normal,1,1
1/3/2025 9:42,8,63.24,60.13,57.49,3.43,4.01,1,0,427,Normal,0,0
1/3/2025 9:43,2,70.37,63.06,46.96,4.25,1.36,1,0,27,Normal,0,0
1/3/2025 9:44,41,87.6,40.52,70.55,4.56,2.81,1,0,279,Normal,0,0
1/3/2025 9:45,46,97.55,54.17,59.54,4.06,2.08,1,1,15,Normal,1,1
1/3/2025 9:46,22,63.26,46.27,40.04,4.7,2.31,1,0,176,Normal,0,0
1/3/2025 9:47,41,99.93,40.13,77.77,2.87,1.38,1,1,36,Normal,1,1
1/3/2025 9:48,16,51.2,38.43,45.6,1.86,2.65,1,0,316,Normal,0,0
1/3/2025 9:49,29,82.56,19.82,43.75,2.47,2.14,1,0,411,Normal,0,0
1/3/2025 9:50,49,92.61,54.06,61.04,1.71,1.88,1,1,19,Normal,1,1
1/3/2025 9:51,48,64.68,52.24,30.76,4.39,3.59,1,0,395,Normal,0,0
1/3/2025 9:52,30,87.29,48.79,62.8,4.45,3.7,2,0,209,Vibration Issue,0,1
1/3/2025 9:53,12,69.89,32.83,52.98,4.5,0.89,1,0,329,Normal,0,0
1/3/2025 9:54,35,67.5,58.31,68.34,1.75,1.43,1,0,389,Normal,0,0
1/3/2025 9:55,11,61.44,44.31,33.68,2.44,3.58,0,0,139,Normal,0,0
1/3/2025 9:56,46,74.21,45.38,38.54,2.2,2.5,1,0,116,Normal,0,0
1/3/2025 9:57,50,76.43,75.49,56.13,3.6,3.49,1,0,100,Normal,0,0
1/3/2025 9:58,21,63.06,49.97,52.27,4.73,4.37,1,0,499,Normal,0,0
1/3/2025 9:59,21,89.24,58.34,41.59,3.61,2.95,1,0,488,Normal,0,0
1/3/2025 10:00,5,68.92,53.01,61.42,1.43,2.43,1,0,296,Normal,0,0
1/3/2025 10:01,48,74.62,54.17,63.48,4.26,3.41,1,0,410,Normal,0,0
1/3/2025 10:02,20,77.32,65.98,31.88,3.15,0.54,1,0,99,Normal,0,0
1/3/2025 10:03,37,104.96,58.65,77.25,4.5,4.56,1,1,8,Normal,1,1
1/3/2025 10:04,3,87.83,59.56,39.88,4.2,2.42,1,0,222,Normal,0,0
1/3/2025 10:05,44,83.16,87.67,45.14,4.64,4.3,1,1,33,Normal,1,1
1/3/2025 10:06,33,70.59,55.79,66.66,4.74,1.85,1,0,74,Normal,0,0
1/3/2025 10:07,9,78.74,39.61,74.15,4.6,0.56,1,0,120,Normal,0,0
1/3/2025 10:08,9,79.77,56.75,65.17,3.07,4.82,1,0,421,Normal,0,0
1/3/2025 10:09,4,74.69,49.58,41.15,3.8,4.12,1,0,203,Normal,0,0
1/3/2025 10:10,35,84.58,51,34.09,4.4,1.77,0,0,307,Normal,0,0
1/3/2025 10:11,17,106.31,36.54,72.18,2.14,2.41,1,1,7,Normal,1,1
1/3/2025 10:12,34,63.9,64.5,65.78,2.64,1.97,1,0,29,Normal,0,0
1/3/2025 10:13,24,79.14,50.31,40.49,4.52,1.79,0,0,16,Normal,0,1
1/3/2025 10:14,32,78.91,34.25,48.12,3.45,1.05,1,0,22,Normal,0,0
1/3/2025 10:15,1,72.63,56.13,51.64,4.42,1.76,1,0,270,Normal,0,0
1/3/2025 10:16,8,68.31,71.1,48.49,3.17,4.29,1,0,483,Normal,0,0
1/3/2025 10:17,45,67.79,57.09,43.44,4.13,4.45,2,0,272,Normal,0,1
1/3/2025 10:18,23,97.41,49.97,59.79,1.38,2.21,1,1,2,Normal,1,1
1/3/2025 10:19,47,76.59,39.42,63.94,3.93,1.16,1,0,491,Normal,0,0
1/3/2025 10:20,40,85.13,51.51,79.44,2.96,2.12,1,0,441,Normal,0,0
1/3/2025 10:21,12,72.2,30.56,73.55,2.55,1.59,1,0,83,Normal,0,0
1/3/2025 10:22,12,79.33,83.81,58.93,2.16,3.8,2,1,38,Normal,1,1
1/3/2025 10:23,46,80.17,47.45,56.03,3.93,1.53,1,0,152,Normal,0,0
1/3/2025 10:24,47,72.61,59.41,63.87,1.71,4.78,1,0,491,Normal,0,0
1/3/2025 10:25,15,77.64,64.17,68.52,1.11,2.56,1,0,157,Normal,0,0
1/3/2025 10:26,41,87.84,62.1,59.72,4.11,0.88,1,0,400,Normal,0,0
1/3/2025 10:27,19,63.87,81.17,53.47,1.65,1.45,1,1,48,Normal,1,1
1/3/2025 10:28,26,77.26,36.33,54.91,4.53,4.08,0,0,261,Normal,0,0
1/3/2025 10:29,29,80.72,42.15,73.97,1.73,2.66,1,0,20,Normal,0,0
1/3/2025 10:30,22,82.98,87.14,62.02,1.02,1.58,1,1,28,Normal,1,1
1/3/2025 10:31,40,84.6,63.53,43.38,4.42,2.87,1,0,185,Normal,0,0
1/3/2025 10:32,21,82.24,43.82,47.54,3.48,4.89,2,0,173,Pressure Drop,0,1
1/3/2025 10:33,38,86.95,17.79,46.63,3.24,2.6,1,0,11,Normal,0,1
1/3/2025 10:34,20,70.95,45.75,37.54,1.7,1.04,1,0,42,Normal,0,0
1/3/2025 10:35,29,89.59,57.01,73.84,3.29,4.27,1,0,324,Normal,0,0
1/3/2025 10:36,4,76.24,47.89,73.9,3.52,0.54,0,0,231,Normal,0,0
1/3/2025 10:37,7,83.74,55.34,36.57,2.33,1.12,1,0,122,Normal,0,0
1/3/2025 10:38,28,61.91,41.21,48.42,2.96,1.66,0,0,351,Normal,0,0
1/3/2025 10:39,28,81.63,35.69,32.71,4.25,1.23,1,0,248,Normal,0,0
1/3/2025 10:40,4,76.54,52.75,38.67,3.5,1.43,1,0,464,Normal,0,0
1/3/2025 10:41,22,71.99,63.05,40.7,2.25,3.42,1,0,324,Normal,0,0
1/3/2025 10:42,12,87.94,60.08,41.14,4.16,2.31,2,0,42,Pressure Drop,0,1
1/3/2025 10:43,45,77.24,43.52,52.56,4.76,2.19,1,0,112,Normal,0,0
1/3/2025 10:44,3,77.02,70.93,65.08,4.48,4.28,1,0,110,Normal,0,0
1/3/2025 10:45,22,60.71,58.03,34,1.36,3.43,1,0,52,Normal,0,0
1/3/2025 10:46,44,68.14,30.56,44.43,1.13,3.95,1,0,79,Normal,0,0
1/3/2025 10:47,2,76.84,22.84,63.05,3.38,3.51,0,0,20,Normal,0,0
1/3/2025 10:48,24,68.26,43.04,58.95,2.07,2.83,2,0,235,Normal,0,1
1/3/2025 10:49,34,89.52,37.88,32.08,3.36,2.62,1,0,227,Normal,0,0
1/3/2025 10:50,27,72.07,31.24,52.84,2.42,4.73,2,0,394,Vibration Issue,0,1
1/3/2025 10:51,41,65.36,37.46,52.09,4.5,1.44,0,0,441,Normal,0,0
1/3/2025 10:52,1,63.84,47.11,36.65,2.06,1.34,1,0,17,Normal,0,1
1/3/2025 10:53,8,73.67,22.5,77.91,1.39,2.47,1,0,389,Normal,0,0
1/3/2025 10:54,23,83.51,39.56,69.83,1.34,2.59,2,0,495,Pressure Drop,0,1
1/3/2025 10:55,38,65.61,54,33.56,3.24,2.21,1,0,41,Normal,0,0
1/3/2025 10:56,6,64.55,49.56,33.18,3.4,4.65,2,0,406,Overheating,0,1
1/3/2025 10:57,22,69.24,49.67,70.51,2,3.2,1,0,378,Normal,0,0
1/3/2025 10:58,25,74.33,56.73,72.49,1.38,1.96,1,0,111,Normal,0,0
1/3/2025 10:59,18,64.43,54.27,39.28,3.43,3.75,1,0,88,Normal,0,0
1/3/2025 11:00,17,76.21,50.51,63.25,4.06,3.91,1,0,192,Normal,0,0
1/3/2025 11:01,12,90.56,71.89,49.42,1.32,4.06,1,1,34,Normal,1,1
1/3/2025 11:02,6,74.86,54.01,36.95,4.68,4.77,1,0,248,Normal,0,0
1/3/2025 11:03,26,70.92,43.87,47.79,1.05,3.29,0,0,97,Normal,0,0
1/3/2025 11:04,27,86.18,48.79,69.44,4.55,2.47,1,0,265,Normal,0,0
1/3/2025 11:05,8,63.48,42.73,32.07,2.77,3.09,1,0,283,Normal,0,0
1/3/2025 11:06,19,80.31,58.24,60.87,4.14,4.26,1,0,397,Normal,0,0
1/3/2025 11:07,42,75.27,44.24,74.95,1.81,2.34,1,0,330,Normal,0,0
1/3/2025 11:08,1,91.93,57.75,60.04,3.82,4.89,1,1,13,Normal,1,1
1/3/2025 11:09,29,87.54,52.46,42.1,4.61,3.07,1,0,25,Normal,0,0
1/3/2025 11:10,45,55.44,57.72,70.86,4.51,3.6,1,0,177,Normal,0,0
1/3/2025 11:11,49,77.09,60.82,68.38,4.22,4.35,1,0,46,Normal,0,0
1/3/2025 11:12,35,60.41,28.84,65.86,1.18,2.51,1,0,330,Normal,0,0
1/3/2025 11:13,40,86.41,32.54,60.65,1.94,1.62,1,0,427,Normal,0,0
1/3/2025 11:14,14,65.47,55.45,60.63,4.87,3.81,1,0,347,Normal,0,0
1/3/2025 11:15,35,82.87,54.13,45.69,3.97,0.77,1,0,157,Normal,0,0
1/3/2025 11:16,48,86.51,46.12,69.91,3.63,4.42,1,0,309,Normal,0,0
1/3/2025 11:17,45,56.78,41.54,58.54,4.95,0.98,1,0,214,Normal,0,0
1/3/2025 11:18,20,89.74,70.4,38.14,2.48,4.82,1,0,35,Normal,0,0
1/3/2025 11:19,49,86.23,30.39,46.92,1.93,2.41,1,0,211,Normal,0,0
1/3/2025 11:20,13,64.47,46.62,37.6,2.51,2.88,1,0,497,Normal,0,0
1/3/2025 11:21,38,86.61,96.96,70.51,4.74,0.92,1,1,18,Normal,1,1
1/3/2025 11:22,49,63.01,51.9,33.62,3.12,1.41,1,0,365,Normal,0,0
1/3/2025 11:23,46,84.09,52.58,74.92,2.74,3.11,1,0,481,Normal,0,0
1/3/2025 11:24,49,74.09,54.34,45.07,1.7,3.89,1,0,71,Normal,0,0
1/3/2025 11:25,8,60.8,11.21,33.52,4.62,1.99,1,0,273,Normal,0,0
1/3/2025 11:26,43,89.76,53.92,30.94,2.15,0.64,1,0,177,Normal,0,0
1/3/2025 11:27,20,89.74,38.21,43.87,1.08,3.06,1,0,430,Normal,0,0
1/3/2025 11:28,33,76.92,41.43,71.03,4.89,2.41,2,0,104,Vibration Issue,0,1
1/3/2025 11:29,26,75.22,31.53,32.79,4.18,2.92,2,0,222,Normal,0,1
1/3/2025 11:30,39,70.99,31.67,36.56,3.41,1.9,1,0,140,Normal,0,0
1/3/2025 11:31,21,80.53,78.99,63.75,3.78,3.65,0,0,486,Normal,0,0
1/3/2025 11:32,49,79.09,67.21,55.66,1.04,1.4,1,0,384,Normal,0,0
1/3/2025 11:33,42,90.26,75.72,38.03,4.04,3.81,1,1,49,Normal,1,1
1/3/2025 11:34,43,77.1,52.8,44.82,1.05,2.22,1,0,398,Normal,0,0
1/3/2025 11:35,41,89,39.56,67.56,2.53,1.61,1,0,379,Normal,0,0
1/3/2025 11:36,9,56.4,19.31,69.64,3.04,0.82,1,0,189,Normal,0,0
1/3/2025 11:37,24,83.1,31.13,62.36,3.89,4.57,2,0,87,Vibration Issue,0,1
1/3/2025 11:38,37,76.78,65.46,52.54,2.02,1.03,0,0,177,Normal,0,0
1/3/2025 11:39,49,78.59,37.41,43.83,1.56,2.01,1,0,485,Normal,0,0
1/3/2025 11:40,41,93.18,40.54,31.28,4.79,2.83,1,1,24,Normal,1,1
1/3/2025 11:41,17,86.07,44.26,49.67,2.2,0.58,1,0,394,Normal,0,0
1/3/2025 11:42,24,71.5,53.02,70.42,4.7,3.99,0,0,291,Normal,0,0
1/3/2025 11:43,21,66.48,45.57,33.03,3.03,1.88,1,0,171,Normal,0,0
1/3/2025 11:44,39,55.84,37.79,75.71,2.39,2.3,1,0,400,Normal,0,0
1/3/2025 11:45,41,79.5,31.98,33.57,3.58,1.98,2,0,86,Vibration Issue,0,1
1/3/2025 11:46,39,87.3,48.62,67.65,2.61,1.27,1,0,233,Normal,0,0
1/3/2025 11:47,13,87.68,55.78,76.45,3.92,4,1,0,295,Normal,0,0
1/3/2025 11:48,11,70.96,37.79,74.49,4.61,4.94,1,0,183,Normal,0,0
1/3/2025 11:49,46,87.51,37.96,75.24,4.37,3.41,0,0,170,Normal,0,0
1/3/2025 11:50,19,87.71,66.74,42.25,3.19,4.46,1,0,113,Normal,0,0
1/3/2025 11:51,11,84.66,42.34,64.75,2.46,4.91,1,0,330,Normal,0,0
1/3/2025 11:52,13,75.52,53.36,64.77,4.82,4,1,0,260,Normal,0,0
1/3/2025 11:53,46,74.55,48.42,38.08,4.73,2,1,0,263,Normal,0,0
1/3/2025 11:54,45,80.35,30.84,56.32,1.33,3.63,1,0,190,Normal,0,0
1/3/2025 11:55,1,81.82,44.1,58.98,3.19,1.19,1,0,95,Normal,0,0
1/3/2025 11:56,40,70.25,47.93,46.26,1.23,4.13,1,0,471,Normal,0,0
1/3/2025 11:57,44,71.38,31.53,40.94,4.34,4.24,0,0,397,Normal,0,0
1/3/2025 11:58,19,77.69,49.47,77.05,1.07,4.11,1,0,376,Normal,0,0
1/3/2025 11:59,12,68.81,63.36,69.32,2.51,3.57,1,0,330,Normal,0,0
1/3/2025 12:00,8,69.92,60.61,45.54,4.6,0.61,1,0,319,Normal,0,0
1/3/2025 12:01,8,57.4,29.3,48.93,3.71,1.21,1,0,40,Normal,0,0
1/3/2025 12:02,45,64.91,52.29,37.74,3.2,1.36,1,0,241,Normal,0,0
1/3/2025 12:03,12,82.44,44.29,46.53,3.72,1.86,1,0,411,Normal,0,0
1/3/2025 12:04,48,85.07,39.35,69.96,1.16,2.74,1,0,117,Normal,0,0
1/3/2025 12:05,33,74.61,61.02,76.66,4.48,3.23,1,0,447,Normal,0,0
1/3/2025 12:06,45,82.91,53.12,56.06,4.59,3.33,1,0,78,Normal,0,0
1/3/2025 12:07,26,52.69,47.81,46.87,1.15,2.62,2,0,278,Vibration Issue,0,1
1/3/2025 12:08,39,79.28,32.48,61.66,4.59,4.07,1,0,402,Normal,0,0
1/3/2025 12:09,28,60.41,47.74,70.9,3.97,4.89,1,0,56,Normal,0,0
1/3/2025 12:10,5,66.6,48.49,52.38,1.24,4.68,1,0,90,Normal,0,0
1/3/2025 12:11,8,81.49,36.78,52.14,2.3,2.69,1,0,88,Normal,0,0
1/3/2025 12:12,25,83.19,61.02,31.3,2.44,1.66,1,0,396,Normal,0,0
1/3/2025 12:13,27,55.95,43.04,37.22,4.33,0.85,1,0,225,Normal,0,0
1/3/2025 12:14,46,58.33,74.76,53.57,1.32,3.3,2,0,245,Normal,0,1
1/3/2025 12:15,23,68.29,52.73,61.64,2.23,3.51,1,0,112,Normal,0,0
1/3/2025 12:16,30,57.08,55.02,36.38,1.51,1.26,1,0,181,Normal,0,0
1/3/2025 12:17,45,70.86,75.18,49.09,2.28,4.87,1,0,206,Normal,0,0
1/3/2025 12:18,47,83.67,72.72,41.94,3.49,3.74,1,0,181,Normal,0,0
1/3/2025 12:19,23,59.48,41.82,53.46,4.27,0.51,1,0,114,Normal,0,0
1/3/2025 12:20,49,95.13,56.84,60.39,2.95,1.83,1,1,20,Normal,1,1
1/3/2025 12:21,47,72.39,55.95,53.06,3.52,1.71,1,0,109,Normal,0,0
1/3/2025 12:22,20,78.72,57.27,40.08,1.32,0.84,2,0,302,Overheating,0,1
1/3/2025 12:23,18,64.72,56.83,42.43,4.17,1.65,2,0,206,Pressure Drop,0,1
1/3/2025 12:24,18,85.41,53.78,34.54,4.6,2.5,1,0,209,Normal,0,0
1/3/2025 12:25,2,77.34,53.46,50.59,4.14,3.46,1,0,438,Normal,0,0
1/3/2025 12:26,4,77.55,75.04,71.07,3.44,3.13,1,0,466,Normal,0,0
1/3/2025 12:27,30,78.87,35.61,46.72,2.41,3.89,1,0,122,Normal,0,0
1/3/2025 12:28,33,62.07,42.12,46.85,4.95,3.98,1,0,38,Normal,0,0
1/3/2025 12:29,36,79.11,50.87,38.02,1.12,0.92,0,0,68,Normal,0,0
1/3/2025 12:30,18,82.04,65.65,70.89,4.46,2.89,1,0,338,Normal,0,0
1/3/2025 12:31,37,59.69,53.16,42.16,4.38,4.31,0,0,53,Normal,0,0
1/3/2025 12:32,19,72.31,60.68,77.37,1.88,1.14,1,0,484,Normal,0,0
1/3/2025 12:33,47,71.92,62.6,54.58,4.63,3.87,1,0,381,Normal,0,0
1/3/2025 12:34,28,75.42,52.72,65.37,1.29,4.27,0,0,395,Normal,0,0
1/3/2025 12:35,40,82.22,31.43,72.27,3.19,3.16,1,0,95,Normal,0,0
1/3/2025 12:36,20,83.18,29.01,38.41,2.39,4.51,1,0,169,Normal,0,0
1/3/2025 12:37,49,74,39.59,79.29,2.46,4.08,1,0,149,Normal,0,0
1/3/2025 12:38,33,84.56,47.35,73.89,4.34,3.56,1,0,470,Normal,0,0
1/3/2025 12:39,12,61.23,65.84,79.59,3.75,4.24,1,0,331,Normal,0,0
1/3/2025 12:40,15,77.61,55.3,32.73,1.48,3.97,1,0,154,Normal,0,0
1/3/2025 12:41,41,54.86,42.93,64.99,2.07,3.19,2,0,201,Electrical Fault,0,1
1/3/2025 12:42,39,70.02,51.58,52.85,2.01,3.91,2,0,231,Electrical Fault,0,1
1/3/2025 12:43,2,79.82,31.65,60.53,2.77,3.43,0,0,351,Normal,0,0
1/3/2025 12:44,29,82.14,63.62,65.37,3.85,2.82,2,0,348,Normal,0,1
1/3/2025 12:45,41,77.94,55.36,62.14,1.4,3.35,1,0,330,Normal,0,0
1/3/2025 12:46,10,90.74,40.77,37.16,1.63,0.91,2,1,29,Pressure Drop,1,1
1/3/2025 12:47,2,76.09,50.43,49.23,3.23,2.42,1,0,68,Normal,0,0
1/3/2025 12:48,11,57.96,31.46,60.43,4.75,2.35,1,0,330,Normal,0,0
1/3/2025 12:49,13,52.26,67.8,48.77,2.79,2.78,0,0,437,Normal,0,0
1/3/2025 12:50,10,65.08,36.7,41.02,3.73,1.24,1,0,443,Normal,0,0
1/3/2025 12:51,14,65.02,43.06,64.64,1.1,2.2,1,0,238,Normal,0,0
1/3/2025 12:52,18,75.38,75.26,30.88,2.27,2.97,1,0,194,Normal,0,0
1/3/2025 12:53,9,69.49,27.75,72.69,4.52,2.32,1,0,149,Normal,0,0
1/3/2025 12:54,39,65.48,50.12,47.55,2.46,3.04,1,0,117,Normal,0,0
1/3/2025 12:55,28,69.17,49.05,46.23,4.13,2.27,0,0,180,Normal,0,0
1/3/2025 12:56,3,71.62,62.97,36.58,4.32,2.78,1,0,427,Normal,0,0
1/3/2025 12:57,20,66.64,45.33,39.09,3.43,1.45,1,0,262,Normal,0,0
1/3/2025 12:58,6,75.39,35.07,38.83,3.33,3.66,1,0,271,Normal,0,0
1/3/2025 12:59,27,84.47,59.13,62.75,3.55,2.84,1,0,274,Normal,0,0
1/3/2025 13:00,2,68.51,59.14,56.57,4.92,4.44,1,0,214,Normal,0,0
1/3/2025 13:01,29,75.83,62.9,41.26,3.52,1.56,1,0,330,Normal,0,0
1/3/2025 13:02,38,95.7,38.07,74.84,3.63,2.28,1,1,18,Normal,1,1
1/3/2025 13:03,3,77.45,49.5,42.17,1.05,3.34,1,0,353,Normal,0,0
1/3/2025 13:04,16,85.9,54.04,35.73,1.81,2.49,1,0,393,Normal,0,0
1/3/2025 13:05,30,70.27,35.29,53.61,1.21,1.77,0,0,403,Normal,0,0
1/3/2025 13:06,40,86.69,61.4,60.11,2.5,3.79,0,0,220,Normal,0,0
1/3/2025 13:07,2,66.96,25.81,32.39,4.96,4.22,1,0,393,Normal,0,0
1/3/2025 13:08,17,81.02,53.63,49.11,4.22,0.5,1,0,281,Normal,0,0
1/3/2025 13:09,41,85.77,44.05,71.87,2.83,4.3,0,0,291,Normal,0,0
1/3/2025 13:10,12,90.42,48.83,38.24,3.44,0.92,0,1,13,Normal,1,1
1/3/2025 13:11,35,76.26,59.26,73.45,4.08,3.45,1,0,201,Normal,0,0
1/3/2025 13:12,43,72.3,47.79,41.19,1.32,4.67,1,0,277,Normal,0,0
1/3/2025 13:13,1,61.17,58.5,52.52,1.89,0.97,1,0,79,Normal,0,0
1/3/2025 13:14,45,74.26,59.88,73.24,3.59,4.71,1,0,125,Normal,0,0
1/3/2025 13:15,15,83.04,50.5,71.29,1.56,4.55,2,0,138,Vibration Issue,0,1
1/3/2025 13:16,26,81.98,15.25,73.1,4.27,1.78,1,0,267,Normal,0,0
1/3/2025 13:17,37,74.81,60.62,72.83,4.25,2.59,1,0,110,Normal,0,0
1/3/2025 13:18,21,78.71,53.87,59.82,4.7,1.09,1,0,407,Normal,0,0
1/3/2025 13:19,49,91.71,32.59,30.59,3.84,0.9,1,1,30,Normal,1,1
1/3/2025 13:20,31,81.81,40.6,62.32,2.17,0.73,1,0,385,Normal,0,0
1/3/2025 13:21,25,72.66,33.81,61.25,4.66,2.08,2,0,92,Normal,0,1
1/3/2025 13:22,23,74.97,41.97,74.21,3.57,3.47,1,0,238,Normal,0,0
1/3/2025 13:23,24,81.76,55.57,59.01,3.73,4.95,1,0,453,Normal,0,0
1/3/2025 13:24,38,80.94,41.84,54.08,2.38,2.22,1,0,367,Normal,0,0
1/3/2025 13:25,28,97.57,66.35,62.24,4.51,2.34,1,1,2,Normal,1,1
1/3/2025 13:26,21,91.51,69.85,45.71,1.97,1.25,0,1,29,Normal,1,1
1/3/2025 13:27,43,64.75,31.26,42.77,2.07,0.64,1,0,403,Normal,0,0
1/3/2025 13:28,18,68.5,37.34,39.46,3.25,3.53,0,0,17,Normal,0,1
1/3/2025 13:29,36,87.78,23.62,72.83,2.46,1.34,1,0,384,Normal,0,0
1/3/2025 13:30,35,67.23,29.38,73.46,4.83,0.83,2,0,52,Electrical Fault,0,1
1/3/2025 13:31,45,76.69,33.16,32.54,3.73,4.7,1,0,374,Normal,0,0
1/3/2025 13:32,9,91.24,46.34,30.96,1.58,3.85,1,1,33,Normal,1,1
1/3/2025 13:33,38,78.12,49.83,44.42,4.41,3.14,1,0,147,Normal,0,0
1/3/2025 13:34,30,84.83,63.87,71.51,4.8,2.56,1,0,68,Normal,0,0
1/3/2025 13:35,44,77.21,32.83,51.94,4.33,1.22,1,0,110,Normal,0,0
1/3/2025 13:36,34,74.29,37.73,74.76,2.79,3.22,1,0,168,Normal,0,0
1/3/2025 13:37,32,56.59,38.64,43.08,1.13,4.04,1,0,298,Normal,0,0
1/3/2025 13:38,3,77.57,74.72,38.87,4.38,1.31,1,0,138,Normal,0,0
1/3/2025 13:39,3,69.7,51.99,54.39,2.16,4.5,2,0,265,Normal,0,1
1/3/2025 13:40,28,88.43,43.37,65.77,2.54,2.99,1,0,394,Normal,0,0
1/3/2025 13:41,44,49.75,38.98,73.3,1.33,3.1,1,0,156,Normal,0,0
1/3/2025 13:42,15,69.93,61.11,31.12,1.11,1.05,2,0,435,Normal,0,1
1/3/2025 13:43,41,88.89,65.64,70.11,2.04,2.08,1,0,118,Normal,0,0
1/3/2025 13:44,23,94.56,43.14,38.76,1.45,1.7,1,1,13,Normal,1,1
1/3/2025 13:45,40,86.53,75.08,35.01,1.79,4.45,1,0,94,Normal,0,0
1/3/2025 13:46,11,81.69,59.44,35.26,3.44,1.2,1,0,90,Normal,0,0
1/3/2025 13:47,48,57.76,62.83,65.16,4.24,2.21,1,0,118,Normal,0,0
1/3/2025 13:48,32,64.41,71.54,57.61,1.11,5,2,0,474,Pressure Drop,0,1
1/3/2025 13:49,36,84.29,59.82,35.24,4.85,1.31,1,0,179,Normal,0,0
1/3/2025 13:50,33,62.1,30.47,56.59,3.19,3.76,1,0,434,Normal,0,0
1/3/2025 13:51,24,72.65,47.26,56.4,2.47,0.77,0,0,68,Normal,0,0
1/3/2025 13:52,39,71.89,54.76,43.31,4.61,2.7,0,0,372,Normal,0,0
1/3/2025 13:53,34,79.19,63.15,68.28,1.48,1.59,1,0,16,Normal,0,1
1/3/2025 13:54,28,81.7,55.75,72.91,3.32,3.12,1,0,209,Normal,0,0
1/3/2025 13:55,37,49.61,46.26,46.7,4.46,2.71,1,0,433,Normal,0,0
1/3/2025 13:56,7,77.85,48.22,62.02,2.96,2.82,1,0,394,Normal,0,0
1/3/2025 13:57,4,68.19,60,42.82,1.39,3.97,2,0,328,Pressure Drop,0,1
1/3/2025 13:58,37,80.56,66.79,39.6,1.53,2.04,1,0,479,Normal,0,0
1/3/2025 13:59,1,57.21,55.18,37.09,1.57,2.89,1,0,399,Normal,0,0
1/3/2025 14:00,1,85.16,38.88,51.03,3.85,3.84,2,0,376,Pressure Drop,0,1
1/3/2025 14:01,47,67.86,76,34.78,3.18,2.54,1,0,282,Normal,0,0
1/3/2025 14:02,20,71.13,47.75,51.83,1.11,3.78,1,0,222,Normal,0,0
1/3/2025 14:03,19,91.31,41.43,65.06,1.74,2.91,0,1,48,Normal,1,1
1/3/2025 14:04,29,73.64,32.18,58.89,1.05,2.67,0,0,394,Normal,0,0
1/3/2025 14:05,10,84.88,53.96,31.39,1.85,4.28,1,0,201,Normal,0,0
1/3/2025 14:06,18,74.76,79.5,58.71,1.86,0.94,1,0,174,Normal,0,0
1/3/2025 14:07,28,91.65,50.67,37.13,2.13,3.36,1,1,31,Normal,1,1
1/3/2025 14:08,35,78.4,58.92,71.82,3.48,1.8,1,0,325,Normal,0,0
1/3/2025 14:09,43,80.17,68.51,70.46,2.47,3.23,1,0,83,Normal,0,0
1/3/2025 14:10,47,76.8,50.35,78.69,1.9,3.29,0,0,297,Normal,0,0
1/3/2025 14:11,31,72.04,39.31,58.09,2.97,3.87,1,0,140,Normal,0,0
1/3/2025 14:12,27,83.75,27.37,65.6,3.68,3.83,1,0,55,Normal,0,0
1/3/2025 14:13,11,67.53,44.2,32.79,4.37,1.68,1,0,92,Normal,0,0
1/3/2025 14:14,49,82.29,52.5,41.91,1.19,3.96,1,0,394,Normal,0,0
1/3/2025 14:15,49,84.61,67.58,58.08,2.32,4.91,1,0,30,Normal,0,0
1/3/2025 14:16,38,80.37,56.39,43.99,3.54,1.16,2,0,28,Normal,0,1
1/3/2025 14:17,5,65.58,53.29,73.57,3.44,4.87,1,0,296,Normal,0,0
1/3/2025 14:18,8,79.48,55.36,48.09,3.86,3.65,1,0,433,Normal,0,0
1/3/2025 14:19,34,85.48,43.79,69.54,1.93,3.39,1,0,268,Normal,0,0
1/3/2025 14:20,48,62.33,19.49,64.96,3.88,3.16,0,0,368,Normal,0,0
1/3/2025 14:21,12,59.74,67.17,40.32,3.4,3.43,1,0,112,Normal,0,0
1/3/2025 14:22,38,83.45,70.14,40.45,4.03,1.99,1,0,304,Normal,0,0
1/3/2025 14:23,1,68.53,56.54,65.52,4.32,3.55,1,0,93,Normal,0,0
1/3/2025 14:24,31,82.46,73.79,45.99,4.78,0.96,0,0,331,Normal,0,0
1/3/2025 14:25,4,92.11,69.15,53.89,4.87,2.86,1,1,25,Normal,1,1
1/3/2025 14:26,49,60.28,46.92,45.6,4.62,2.05,1,0,217,Normal,0,0
1/3/2025 14:27,45,59.41,30.86,36.14,4.96,4.1,1,0,242,Normal,0,0
1/3/2025 14:28,50,83.02,56.38,54.37,3.65,3.58,1,0,442,Normal,0,0
1/3/2025 14:29,5,88.12,43.36,41.99,3.25,4.73,1,0,476,Normal,0,0
1/3/2025 14:30,30,92.14,71.07,58.02,3.29,4.07,1,1,10,Normal,1,1
1/3/2025 14:31,24,83.07,47.24,38.87,4.36,3.84,1,0,404,Normal,0,0
1/3/2025 14:32,3,73.66,63.9,48.18,1.29,0.81,2,0,384,Vibration Issue,0,1
1/3/2025 14:33,11,75.96,35.55,47.88,2.66,4.89,1,0,138,Normal,0,0
1/3/2025 14:34,45,78.36,4.96,66.2,1.57,0.57,1,0,71,Normal,0,0
1/3/2025 14:35,4,91.84,33.47,56.75,4.67,2.82,0,1,7,Normal,1,1
1/3/2025 14:36,26,77.93,38.15,53.07,2.7,3.88,1,0,134,Normal,0,0
1/3/2025 14:37,27,68.1,69.22,74.61,1.49,2.66,1,0,153,Normal,0,0
1/3/2025 14:38,46,77.23,52.26,70.83,4.4,3,1,0,24,Normal,0,0
1/3/2025 14:39,43,59.37,24,43.15,4.35,0.82,1,0,367,Normal,0,0
1/3/2025 14:40,27,69.45,44.8,39.04,1.18,2.84,1,0,310,Normal,0,0
1/3/2025 14:41,42,71.92,51.9,49.62,2.41,0.6,1,0,348,Normal,0,0
1/3/2025 14:42,50,71.1,54.42,45.64,2.88,0.97,1,0,206,Normal,0,0
1/3/2025 14:43,6,59.13,25.86,69.7,4.8,2.15,1,0,63,Normal,0,0
1/3/2025 14:44,15,63.13,19,43.29,2.47,2,1,0,76,Normal,0,0
1/3/2025 14:45,30,74.8,74.92,60.64,1.06,1.65,1,0,39,Normal,0,0
1/3/2025 14:46,42,83.38,62.35,41.7,4.75,1.15,0,0,58,Normal,0,0
1/3/2025 14:47,37,70.82,69.53,45.81,4.46,3.6,0,0,306,Normal,0,0
1/3/2025 14:48,37,75.75,40.56,34.86,4.25,1.32,1,0,87,Normal,0,0
1/3/2025 14:49,42,83.77,69.86,79.54,4.66,0.79,1,0,431,Normal,0,0
1/3/2025 14:50,37,101.71,58.32,58.26,1.96,4.64,1,1,48,Normal,1,1
1/3/2025 14:51,35,71.84,54.56,51.44,4.1,2.06,1,0,144,Normal,0,0
1/3/2025 14:52,23,66.58,13.77,74.98,4.68,1.82,1,0,67,Normal,0,0
1/3/2025 14:53,6,82.9,64.37,43.19,4.45,4.59,1,0,108,Normal,0,0
1/3/2025 14:54,4,83.52,60.41,59.72,2.16,3.9,1,0,286,Normal,0,0
1/3/2025 14:55,18,61.92,52.16,52.81,4.91,2.5,0,0,191,Normal,0,0
1/3/2025 14:56,9,63.81,49.77,47.45,1.77,2.5,0,0,345,Normal,0,0
1/3/2025 14:57,49,61.3,58.9,41.76,3.77,4.84,1,0,84,Normal,0,0
1/3/2025 14:58,29,67.84,30.3,51.76,1.19,4.78,1,0,208,Normal,0,0
1/3/2025 14:59,13,83.63,71.32,49.1,4.2,3.72,2,0,411,Electrical Fault,0,1
1/3/2025 15:00,47,78.57,49.02,78.71,2.39,4.61,0,0,302,Normal,0,0
1/3/2025 15:01,17,76.69,16.09,61.09,4.12,3.22,1,0,466,Normal,0,0
1/3/2025 15:02,45,65.18,69.91,44.83,3.26,3.45,2,0,39,Vibration Issue,0,1
1/3/2025 15:03,32,64.4,49.17,68.02,3.15,1.18,2,0,83,Normal,0,1
1/3/2025 15:04,48,75.74,75.88,78.6,3.63,0.86,1,0,403,Normal,0,0
1/3/2025 15:05,22,74.51,33.9,64.28,3.46,1.8,1,0,350,Normal,0,0
1/3/2025 15:06,4,79.89,60.68,37.25,2.23,2.38,1,0,17,Normal,0,1
1/3/2025 15:07,5,88.88,62.83,77.26,2.02,2.02,0,0,53,Normal,0,0
1/3/2025 15:08,37,63.61,61.54,76,2.76,2.62,1,0,283,Normal,0,0
1/3/2025 15:09,41,73.51,56,52.13,4.44,1.56,1,0,173,Normal,0,0
1/3/2025 15:10,49,76.13,51.32,69.64,1.93,4.76,1,0,469,Normal,0,0
1/3/2025 15:11,13,76.93,46.34,65.02,1.83,3.23,1,0,40,Normal,0,0
1/3/2025 15:12,34,75.74,58.61,64.7,4.51,2.89,1,0,240,Normal,0,0
1/3/2025 15:13,45,74.63,74.86,71.66,4.19,1.2,1,0,498,Normal,0,0
1/3/2025 15:14,22,76.89,46.24,75.81,1,1.87,1,0,151,Normal,0,0
1/3/2025 15:15,23,80.17,35.67,65.43,1.59,2.33,1,0,499,Normal,0,0
1/3/2025 15:16,3,67.94,28.03,55.06,2.66,1.41,1,0,97,Normal,0,0
1/3/2025 15:17,42,79.7,54.11,70.49,4.4,3.43,0,0,137,Normal,0,0
1/3/2025 15:18,34,80.15,52.72,34.47,2.55,3.56,2,0,57,Vibration Issue,0,1
1/3/2025 15:19,32,77.35,64.57,59.54,1.07,1.57,1,0,364,Normal,0,0
1/3/2025 15:20,45,90.76,38.45,56.6,1.85,2.2,1,1,44,Normal,1,1
1/3/2025 15:21,49,77.16,49.08,79.87,2.85,1.85,0,0,497,Normal,0,0
1/3/2025 15:22,21,78.65,66.57,52.9,3.17,3.83,1,0,475,Normal,0,0
1/3/2025 15:23,46,65.23,57.8,74.75,1.35,0.95,1,0,55,Normal,0,0
1/3/2025 15:24,44,85.4,43.14,42.29,2.72,2.65,1,0,217,Normal,0,0
1/3/2025 15:25,21,94.15,52.01,74.09,1.06,1.1,1,1,36,Normal,1,1
1/3/2025 15:26,44,76.56,27.5,74.28,1.45,1.72,1,0,130,Normal,0,0
1/3/2025 15:27,11,54.36,52.52,41.04,2.71,1.35,1,0,279,Normal,0,0
1/3/2025 15:28,39,85.75,49.75,66.09,3.73,2.52,1,0,112,Normal,0,0
1/3/2025 15:29,4,88.69,54.08,79.8,3.1,4.97,1,0,295,Normal,0,0
1/3/2025 15:30,1,77.17,48.1,57.48,4.91,0.75,1,0,373,Normal,0,0
1/3/2025 15:31,28,69.82,52.79,43.74,3.86,1.89,1,0,491,Normal,0,0
1/3/2025 15:32,24,87.74,66.43,51.68,2.87,2.48,1,0,353,Normal,0,0
1/3/2025 15:33,35,86.98,58.59,31.29,2.11,0.51,1,0,435,Normal,0,0
1/3/2025 15:34,13,77.52,57.95,31.5,4.94,1.62,1,0,87,Normal,0,0
1/3/2025 15:35,47,86.4,69.25,63.31,4.63,2.89,1,0,308,Normal,0,0
1/3/2025 15:36,34,67.75,39.34,66.76,2.26,2.8,1,0,379,Normal,0,0
1/3/2025 15:37,11,87.92,56.05,48.93,3.38,1.01,0,0,330,Normal,0,0
1/3/2025 15:38,36,77.74,41.69,57.73,3.83,4.11,1,0,216,Normal,0,0
1/3/2025 15:39,17,71.95,42.37,67.14,4.83,2.16,1,0,241,Normal,0,0
1/3/2025 15:40,35,76.15,74.41,70.69,4.41,4.15,1,0,279,Normal,0,0
1/3/2025 15:41,18,83.08,86.86,66.54,2.86,0.54,1,1,35,Normal,1,1
1/3/2025 15:42,40,78.09,50.87,56.63,4.06,2.97,2,0,29,Overheating,0,1
1/3/2025 15:43,22,93.36,51.43,67.07,3.11,4.61,1,1,32,Normal,1,1
1/3/2025 15:44,24,87.13,44.05,63.06,4.99,1.17,1,0,37,Normal,0,0
1/3/2025 15:45,19,63.28,44.22,52.13,1.12,3.1,1,0,277,Normal,0,0
1/3/2025 15:46,37,84.24,43.79,37.16,2.64,1.73,1,0,475,Normal,0,0
1/3/2025 15:47,39,85.06,33.39,64.25,4.97,2.8,1,0,483,Normal,0,0
1/3/2025 15:48,21,81.15,36.37,52.78,1.69,4.61,1,0,80,Normal,0,0
1/3/2025 15:49,8,65.5,39.8,39.13,3.13,3.72,1,0,74,Normal,0,0
1/3/2025 15:50,28,86.19,56.39,50.52,1.76,2.88,1,0,364,Normal,0,0
1/3/2025 15:51,5,77.6,55.69,33.7,1.95,4.54,1,0,126,Normal,0,0
1/3/2025 15:52,17,64.89,55.62,43.73,4.95,4.73,1,0,231,Normal,0,0
1/3/2025 15:53,37,78.57,46.46,73.77,4.4,3.28,2,0,76,Vibration Issue,0,1
1/3/2025 15:54,36,86.32,38.19,33.1,3.83,4.74,0,0,247,Normal,0,0
1/3/2025 15:55,19,66.58,51.2,37.56,1.25,4.21,1,0,106,Normal,0,0
1/3/2025 15:56,27,66.58,37.02,68.41,1.11,3.49,1,0,364,Normal,0,0
1/3/2025 15:57,34,82.29,53.48,76.43,4.81,2.49,1,0,454,Normal,0,0
1/3/2025 15:58,11,78.67,76.81,64.26,4.89,2.01,1,0,484,Normal,0,0
1/3/2025 15:59,45,83.21,85.18,31.62,1.09,4.67,1,1,22,Normal,1,1
1/3/2025 16:00,47,75.71,37.3,49.37,4.01,4.76,0,0,125,Normal,0,0
1/3/2025 16:01,12,100.09,54.77,79.95,2.79,2.32,1,1,44,Normal,1,1
1/3/2025 16:02,21,71.48,55.3,67.61,2.64,2.39,1,0,467,Normal,0,0
1/3/2025 16:03,11,81.69,58.29,66.48,1.27,3.8,0,0,182,Normal,0,0
1/3/2025 16:04,39,70.44,42.72,50.74,3.29,4.99,1,0,126,Normal,0,0
1/3/2025 16:05,28,61,89.43,46.73,3.72,1.94,1,1,11,Normal,1,1
1/3/2025 16:06,5,73.78,27.75,38.98,3.15,3.41,1,0,122,Normal,0,0
1/3/2025 16:07,17,72.24,40.92,50.63,2.81,3.61,2,0,138,Normal,0,1
1/3/2025 16:08,20,92.87,53.02,68.86,1.85,2.25,1,1,13,Normal,1,1
1/3/2025 16:09,41,79.41,53.51,74.8,1.7,1.89,1,0,492,Normal,0,0
1/3/2025 16:10,46,67.32,44.09,60.78,2.3,3.3,2,0,424,Pressure Drop,0,1
1/3/2025 16:11,12,75.66,13.53,40.1,3.54,1.86,1,0,27,Normal,0,0
1/3/2025 16:12,6,66.03,28.91,61.85,1.54,3.96,1,0,329,Normal,0,0
1/3/2025 16:13,17,72.58,65.78,76.37,1.86,4.64,0,0,391,Normal,0,0
1/3/2025 16:14,19,85.45,84.42,35.95,3.62,3.22,1,1,13,Normal,1,1
1/3/2025 16:15,26,79.8,22.01,32.7,3.46,2.32,1,0,146,Normal,0,0
1/3/2025 16:16,48,58.56,42.61,51.49,1.94,2.09,1,0,327,Normal,0,0
1/3/2025 16:17,44,67.13,38.71,48.53,4.51,2.83,1,0,127,Normal,0,0
1/3/2025 16:18,44,66.74,46.99,56.21,2.02,1.74,1,0,267,Normal,0,0
1/3/2025 16:19,32,68.15,37.59,31.19,3.9,0.98,1,0,432,Normal,0,0
1/3/2025 16:20,6,77.97,88.58,64.2,3.36,2.52,1,1,46,Normal,1,1
1/3/2025 16:21,36,85.48,36.52,74.56,1.6,0.61,0,0,448,Normal,0,0
1/3/2025 16:22,38,71.65,48.22,39.83,1.21,3.57,1,0,81,Normal,0,0
1/3/2025 16:23,11,68.72,51.92,49.88,3.41,0.92,1,0,38,Normal,0,0
1/3/2025 16:24,33,83.37,58.83,56.55,3.14,3,2,0,117,Electrical Fault,0,1
1/3/2025 16:25,24,78.14,54.7,63.49,4.65,2.71,1,0,390,Normal,0,0
1/3/2025 16:26,23,69.79,53.22,35.19,1.39,2.04,1,0,397,Normal,0,0
1/3/2025 16:27,15,71.12,53.26,37.59,1.27,3.6,1,0,232,Normal,0,0
1/3/2025 16:28,27,72.1,44.97,64.6,4.9,1.01,0,0,205,Normal,0,0
1/3/2025 16:29,11,86.11,47.45,64.55,3.55,1.95,1,0,490,Normal,0,0
1/3/2025 16:30,50,79.42,53.27,41.65,2.12,0.6,2,0,20,Normal,0,1
1/3/2025 16:31,17,93.35,53.47,33.51,3.98,3.34,1,1,3,Normal,1,1
1/3/2025 16:32,14,80.48,46.46,75.78,2.1,2.07,2,0,407,Vibration Issue,0,1
1/3/2025 16:33,27,66.14,37.51,58.02,3.2,2.46,1,0,365,Normal,0,0
1/3/2025 16:34,18,58.33,38.98,73.56,1.21,3.74,2,0,488,Vibration Issue,0,1
1/3/2025 16:35,28,68.78,45.86,44.68,3.76,4.49,1,0,180,Normal,0,0
1/3/2025 16:36,47,58.69,25.03,63.63,4.39,4.24,1,0,146,Normal,0,0
1/3/2025 16:37,47,67.22,68.83,68.67,1.19,1.93,2,0,433,Pressure Drop,0,1
1/3/2025 16:38,4,75.2,49.03,69.17,1.58,3.17,1,0,49,Normal,0,0
1/3/2025 16:39,7,62,53.12,58.4,2.42,1.8,1,0,232,Normal,0,0
1/3/2025 16:40,45,82.87,79.63,73.78,3.31,4.75,0,0,311,Normal,0,0
1/3/2025 16:41,35,69.94,64.48,56.63,1.92,0.84,1,0,172,Normal,0,0
1/3/2025 16:42,48,83,55.1,33.46,4.28,2.5,2,0,280,Normal,0,1
1/3/2025 16:43,9,65.55,38.77,51.98,2.71,0.56,1,0,464,Normal,0,0
1/3/2025 16:44,8,82.24,56.04,76.89,3.22,4.1,1,0,426,Normal,0,0
1/3/2025 16:45,45,69.95,44.4,36.01,4.72,1.97,1,0,301,Normal,0,0
1/3/2025 16:46,17,72.64,62.97,79.39,1.71,2.94,2,0,54,Electrical Fault,0,1
1/3/2025 16:47,17,68.65,32.79,78.21,4.64,2.62,1,0,390,Normal,0,0
1/3/2025 16:48,49,73.5,51.47,57.1,2.12,1.82,1,0,355,Normal,0,0
1/3/2025 16:49,33,80.76,35.01,51.19,2.63,3.85,1,0,408,Normal,0,0
1/3/2025 16:50,32,61.22,46.66,76.85,2.89,4.32,2,0,382,Overheating,0,1
1/3/2025 16:51,8,97.22,32.27,77.35,1.2,0.59,1,1,19,Normal,1,1
1/3/2025 16:52,19,97.33,37.41,30.54,4.88,4.33,1,1,17,Normal,1,1
1/3/2025 16:53,38,70,55.02,57.54,2.1,0.54,1,0,99,Normal,0,0
1/3/2025 16:54,3,84.96,53.58,62.26,1.78,2.82,1,0,338,Normal,0,0
1/3/2025 16:55,5,63.04,49.35,32.08,1.25,2.13,1,0,71,Normal,0,0
1/3/2025 16:56,13,58.61,33.61,57.53,1.16,2.25,1,0,230,Normal,0,0
1/3/2025 16:57,47,94.33,61.01,30.38,2.26,0.67,1,1,31,Normal,1,1
1/3/2025 16:58,46,82.94,28.96,74.65,3.48,0.58,1,0,334,Normal,0,0
1/3/2025 16:59,31,76.57,47.24,40.18,4.63,3.73,1,0,131,Normal,0,0
1/3/2025 17:00,16,82.54,50.13,30.66,4.64,3.07,1,0,235,Normal,0,0
1/3/2025 17:01,50,68.35,58.86,42.81,1.66,2.6,1,0,433,Normal,0,0
1/3/2025 17:02,32,76.07,52.8,35.12,4.84,4.86,0,0,106,Normal,0,0
1/3/2025 17:03,22,77.43,28.86,49.48,3.15,3.74,1,0,236,Normal,0,0
1/3/2025 17:04,29,60.59,47.03,60.72,3.96,4.38,1,0,200,Normal,0,0
1/3/2025 17:05,22,86.58,41.49,33.87,4.91,3.93,1,0,430,Normal,0,0
1/3/2025 17:06,43,70.55,48.52,43.29,4.44,3.88,1,0,90,Normal,0,0
1/3/2025 17:07,3,63.29,48.63,40.36,2.82,4.51,1,0,487,Normal,0,0
1/3/2025 17:08,10,91.92,57,71.94,3.38,1.77,1,1,35,Normal,1,1
1/3/2025 17:09,42,87.39,65.37,77.75,3.25,4.57,1,0,247,Normal,0,0
1/3/2025 17:10,21,72.94,34.84,72.52,1.65,4.24,2,0,30,Electrical Fault,0,1
1/3/2025 17:11,16,62.51,69.23,32.71,4.48,1.34,2,0,225,Pressure Drop,0,1
1/3/2025 17:12,12,80.35,53.28,56.76,2.86,2.06,1,0,476,Normal,0,0
1/3/2025 17:13,2,75.78,42.19,74.41,2.73,4.64,1,0,358,Normal,0,0
1/3/2025 17:14,41,97,57.81,36.68,1.39,2.32,1,1,10,Normal,1,1
1/3/2025 17:15,24,88.49,40.4,64.05,1.63,0.78,1,0,246,Normal,0,0
1/3/2025 17:16,35,70.51,44.28,71.77,4.62,2.22,1,0,458,Normal,0,0
1/3/2025 17:17,30,89.68,23.81,61.02,3.82,0.98,1,0,333,Normal,0,0
1/3/2025 17:18,30,88.62,61.23,66.84,3.97,1.99,1,0,426,Normal,0,0
1/3/2025 17:19,47,57.6,36.46,60.96,4.61,4.19,1,0,258,Normal,0,0
1/3/2025 17:20,35,80.94,79.12,64.78,4.52,1.39,1,0,17,Normal,0,1
1/3/2025 17:21,19,87.23,57.22,52.7,1.02,1.32,1,0,265,Normal,0,0
1/3/2025 17:22,50,71.01,27.59,42.45,3.97,4.33,1,0,73,Normal,0,0
1/3/2025 17:23,8,62.75,52.3,78.56,2.75,4.53,1,0,66,Normal,0,0
1/3/2025 17:24,26,105.21,51.13,76.01,2.35,4.47,0,1,35,Normal,1,1
1/3/2025 17:25,49,91.03,39.92,32.11,3.74,4.49,0,1,43,Normal,1,1
1/3/2025 17:26,40,77.94,55.41,62.45,3.59,2.93,2,0,466,Vibration Issue,0,1
1/3/2025 17:27,7,53.97,46.69,32.09,3.59,3.35,1,0,210,Normal,0,0
1/3/2025 17:28,30,71.28,54.67,77.51,3.27,4.84,0,0,57,Normal,0,0
1/3/2025 17:29,7,95.1,98.67,74.35,2.66,4.68,1,1,41,Normal,1,1
1/3/2025 17:30,3,88.86,77.01,30.7,3.96,4.24,1,0,74,Normal,0,0
1/3/2025 17:31,1,72.76,46.38,76.63,3.86,3.79,0,0,43,Normal,0,0
1/3/2025 17:32,36,70.44,51.16,57.98,4.21,2.52,1,0,487,Normal,0,0
1/3/2025 17:33,25,90.11,43.99,39.32,1.07,1.28,1,1,46,Normal,1,1
1/3/2025 17:34,37,73.08,25.1,79.39,2.06,2.42,1,0,171,Normal,0,0
1/3/2025 17:35,1,74.28,39.74,33.41,4.65,4.32,1,0,195,Normal,0,0
1/3/2025 17:36,15,79.85,43.04,34.65,3.96,2.47,1,0,84,Normal,0,0
1/3/2025 17:37,37,81.44,55.56,64.93,4.21,1.19,1,0,161,Normal,0,0
1/3/2025 17:38,13,64.53,43.65,61.38,3.09,2.29,1,0,447,Normal,0,0
1/3/2025 17:39,40,81.73,48.8,59.4,4.42,4.86,0,0,51,Normal,0,0
1/3/2025 17:40,8,65.57,42.44,59.13,1.66,2.8,1,0,83,Normal,0,0
1/3/2025 17:41,5,88.54,43.32,74.62,2.38,1.38,1,0,268,Normal,0,0
1/3/2025 17:42,9,72.17,22.77,50.16,4.17,3.25,0,0,464,Normal,0,0
1/3/2025 17:43,1,78.47,46.97,54.76,1.74,3.62,1,0,147,Normal,0,0
1/3/2025 17:44,36,46.82,50.93,73.41,3.08,4.57,2,0,379,Pressure Drop,0,1
1/3/2025 17:45,35,83.94,48.01,35.32,3.87,2.62,1,0,435,Normal,0,0
1/3/2025 17:46,2,85.34,36.15,33.96,4.07,4.49,1,0,172,Normal,0,0
1/3/2025 17:47,40,70.37,69.79,77.15,3.74,3.58,1,0,465,Normal,0,0
1/3/2025 17:48,23,61.84,43.23,48.52,2.59,3.64,1,0,270,Normal,0,0
1/3/2025 17:49,9,61.52,58.27,77.9,3.47,1.21,1,0,429,Normal,0,0
1/3/2025 17:50,34,75.58,58.01,51.85,4.63,4.5,1,0,25,Normal,0,0
1/3/2025 17:51,46,64.4,55.18,57.94,1.32,2.74,1,0,186,Normal,0,0
1/3/2025 17:52,14,74.91,47.48,36.76,3.25,4.16,1,0,410,Normal,0,0
1/3/2025 17:53,4,76.73,38.96,64.66,3.92,0.53,1,0,473,Normal,0,0
1/3/2025 17:54,30,77.86,48.96,71.05,4.07,2.66,1,0,16,Normal,0,1
1/3/2025 17:55,31,89.96,58.85,70.15,4.17,3.47,1,0,275,Normal,0,0
1/3/2025 17:56,38,88.66,64.04,62.85,1.64,2.6,1,0,309,Normal,0,0
1/3/2025 17:57,11,77.14,53.61,73.22,4.37,4.81,1,0,408,Normal,0,0
1/3/2025 17:58,35,82.28,39.43,36.06,4.16,1.25,1,0,351,Normal,0,0
1/3/2025 17:59,8,79.57,65.14,45.07,4.33,2.36,1,0,166,Normal,0,0
1/3/2025 18:00,3,90.29,64.8,34.99,4.25,1.5,1,1,21,Normal,1,1
1/3/2025 18:01,14,77.08,68.58,42.74,4.35,0.53,1,0,156,Normal,0,0
1/3/2025 18:02,13,84.89,51.55,53.72,1.21,3.99,2,0,197,Vibration Issue,0,1
1/3/2025 18:03,45,97.73,66.99,40.24,3.42,4.2,1,1,49,Normal,1,1
1/3/2025 18:04,32,79.91,49.53,79.11,2.54,0.7,1,0,417,Normal,0,0
1/3/2025 18:05,34,70.92,79.91,48.45,2.61,1.85,1,0,192,Normal,0,0
1/3/2025 18:06,45,71.35,49.37,51.03,2.17,4.48,1,0,94,Normal,0,0
1/3/2025 18:07,19,68.35,74.82,50.99,4,3.65,1,0,56,Normal,0,0
1/3/2025 18:08,38,83.34,49.67,37.44,4.68,3.01,2,0,306,Vibration Issue,0,1
1/3/2025 18:09,16,79.35,41.13,36.22,4.73,4.94,1,0,277,Normal,0,0
1/3/2025 18:10,2,72.15,50.2,68.88,2.78,3.79,1,0,150,Normal,0,0
1/3/2025 18:11,40,91.15,52.81,44.7,3.37,2.88,1,1,20,Normal,1,1
1/3/2025 18:12,17,71.8,49.13,46.56,2.24,1.26,1,0,54,Normal,0,0
1/3/2025 18:13,34,76.69,46.64,69.23,3.93,2.42,1,0,494,Normal,0,0
1/3/2025 18:14,42,67.92,51.79,55.59,1.8,4.73,1,0,80,Normal,0,0
1/3/2025 18:15,16,74.64,32.45,75.57,1.23,1.51,2,0,239,Vibration Issue,0,1
1/3/2025 18:16,38,67.71,64.12,60.32,4.33,1.39,0,0,445,Normal,0,0
1/3/2025 18:17,2,74.7,19.01,56.93,1.74,3.31,1,0,290,Normal,0,0
1/3/2025 18:18,2,65.24,49.3,52.21,3.01,4.72,1,0,448,Normal,0,0
1/3/2025 18:19,26,70.62,80.22,63.42,1.35,3.17,1,1,27,Normal,1,1
1/3/2025 18:20,13,68.61,52.57,68.99,1.82,4.94,0,0,164,Normal,0,0
1/3/2025 18:21,47,69.11,50.65,49.27,2.13,4.49,1,0,355,Normal,0,0
1/3/2025 18:22,31,66.66,28.09,79.75,2.9,1.36,1,0,353,Normal,0,0
1/3/2025 18:23,34,72.27,63.64,78.77,4.32,2.68,1,0,37,Normal,0,0
1/3/2025 18:24,39,50.46,54.87,56.99,2.25,1.06,0,0,275,Normal,0,0
1/3/2025 18:25,3,82.33,46.44,38.76,2.6,1.99,0,0,291,Normal,0,0
1/3/2025 18:26,8,78.39,21.4,43.35,1.31,3.25,1,0,209,Normal,0,0
1/3/2025 18:27,23,78.54,54.86,41.22,4.72,1.35,1,0,184,Normal,0,0
1/3/2025 18:28,14,73.78,50.89,66.56,2.03,0.75,0,0,478,Normal,0,0
1/3/2025 18:29,27,88.04,64.32,75.02,4.79,3.23,1,0,122,Normal,0,0
1/3/2025 18:30,29,68.31,73.36,51.97,2.09,2.33,1,0,387,Normal,0,0
1/3/2025 18:31,39,58.46,59.15,40.46,3.64,0.82,1,0,291,Normal,0,0
1/3/2025 18:32,39,78.09,15.96,79.67,3.56,0.67,1,0,389,Normal,0,0
1/3/2025 18:33,1,94.44,62.52,49.45,1.79,1.63,1,1,43,Normal,1,1
1/3/2025 18:34,17,89.83,49.85,46.57,1.35,1.62,1,0,265,Normal,0,0
1/3/2025 18:35,41,84.51,30.18,57.56,3.85,3.18,2,0,68,Vibration Issue,0,1
1/3/2025 18:36,30,98.03,70.21,70.59,3.55,0.59,1,1,42,Normal,1,1
1/3/2025 18:37,13,71.25,50.7,64.46,4.33,4.2,0,0,455,Normal,0,0
1/3/2025 18:38,21,70.76,44.46,59.2,3.68,1.46,1,0,379,Normal,0,0
1/3/2025 18:39,19,72.75,46.58,61.67,3.82,2.21,1,0,86,Normal,0,0
1/3/2025 18:40,19,50.34,33.91,57.22,4.7,1.94,0,0,371,Normal,0,0
1/3/2025 18:41,25,89.9,17.08,49.52,4.23,2.14,1,0,364,Normal,0,0
1/3/2025 18:42,22,75.26,43.79,41.05,1.75,1.61,1,0,463,Normal,0,0
1/3/2025 18:43,31,68.96,62.35,61.64,2.89,1.53,1,0,355,Normal,0,0
1/3/2025 18:44,17,73.21,68.98,73.94,1.35,0.63,1,0,303,Normal,0,0
1/3/2025 18:45,23,65.7,52.32,38.95,4.51,4.46,1,0,74,Normal,0,0
1/3/2025 18:46,32,75.65,50.67,47.61,1.15,1.25,1,0,437,Normal,0,0
1/3/2025 18:47,10,69.99,31.08,44.85,4,3.82,1,0,447,Normal,0,0
1/3/2025 18:48,10,70.46,53.24,65.5,4.28,2.37,1,0,443,Normal,0,0
1/3/2025 18:49,36,66.25,44.59,79.02,1.21,4.11,0,0,356,Normal,0,0
1/3/2025 18:50,8,75.44,32.25,71.39,3.05,3.1,1,0,426,Normal,0,0
1/3/2025 18:51,20,70,61.89,76,1.67,4.41,1,0,379,Normal,0,0
1/3/2025 18:52,32,88.6,26.62,36.36,2.51,1.47,2,0,456,Vibration Issue,0,1
1/3/2025 18:53,50,80.4,57.29,62.41,2.02,3.17,1,0,419,Normal,0,0
1/3/2025 18:54,14,61.92,67.69,34.15,2.16,1.01,1,0,76,Normal,0,0
1/3/2025 18:55,50,81.13,34.45,30.83,2.32,1.69,1,0,311,Normal,0,0
1/3/2025 18:56,28,78.42,40.63,78.23,4.51,1.74,1,0,150,Normal,0,0
1/3/2025 18:57,46,75.71,57.05,36.8,2.46,1.17,1,0,22,Normal,0,0
1/3/2025 18:58,24,73.43,39.49,63.66,1.91,1.97,1,0,463,Normal,0,0
1/3/2025 18:59,15,86.77,60.53,37.43,3.4,3.63,1,0,261,Normal,0,0
1/3/2025 19:00,22,63.94,61.28,51.18,1.01,4.29,1,0,452,Normal,0,0
1/3/2025 19:01,30,74.32,43.37,41.22,1.89,1.76,1,0,221,Normal,0,0
1/3/2025 19:02,4,58.23,63.54,62.4,1.8,4.72,2,0,492,Electrical Fault,0,1
1/3/2025 19:03,13,80.33,56.81,54.13,2.2,1.48,1,0,24,Normal,0,0
1/3/2025 19:04,23,74.35,40.05,65.1,4.03,1.03,1,0,139,Normal,0,0
1/3/2025 19:05,8,65.19,61.47,61.43,1.34,4.82,1,0,450,Normal,0,0
1/3/2025 19:06,18,76.85,49.9,42.46,3.95,4.62,1,0,278,Normal,0,0
1/3/2025 19:07,12,88.64,58.11,61.03,2.53,1.83,1,0,54,Normal,0,0
1/3/2025 19:08,31,76.11,43.47,44.76,3.78,2.57,0,0,411,Normal,0,0
1/3/2025 19:09,14,59.25,69.18,66.28,1.84,1.54,2,0,176,Vibration Issue,0,1
1/3/2025 19:10,34,74.81,52.19,44.38,3.03,0.6,1,0,411,Normal,0,0
1/3/2025 19:11,18,77.95,50.52,37.48,1.08,2.23,1,0,157,Normal,0,0
1/3/2025 19:12,34,68.07,83.91,34.16,1.05,0.79,1,1,29,Normal,1,1
1/3/2025 19:13,11,97.2,54.52,46.04,2.08,3.3,1,1,4,Normal,1,1
1/3/2025 19:14,41,60.51,60.42,61.64,2.92,4.21,1,0,450,Normal,0,0
1/3/2025 19:15,12,49.57,48.17,45.96,4.99,2.8,0,0,489,Normal,0,0
1/3/2025 19:16,49,65.63,47.31,41.7,1.64,4.17,1,0,319,Normal,0,0
1/3/2025 19:17,15,55.51,26.48,36.35,2.5,3.05,1,0,115,Normal,0,0
1/3/2025 19:18,31,84.44,66.54,71.14,1.01,4.03,1,0,332,Normal,0,0
1/3/2025 19:19,49,85.62,59.32,47.76,3.67,2.8,1,0,13,Normal,0,1
1/3/2025 19:20,29,58.89,48.15,53.76,1.73,2.41,2,0,107,Overheating,0,1
1/3/2025 19:21,26,64.11,57.21,75.07,2.61,4.03,1,0,133,Normal,0,0
1/3/2025 19:22,18,62.85,59.45,49.52,1.6,4.8,1,0,384,Normal,0,0
1/3/2025 19:23,32,74.77,30.13,33.24,1.38,1.12,2,0,319,Normal,0,1
1/3/2025 19:24,22,79.7,48.38,37.08,3.26,4.97,1,0,449,Normal,0,0
1/3/2025 19:25,38,89.95,28.07,51.01,3.88,3.19,1,0,211,Normal,0,0
1/3/2025 19:26,17,79.25,66.56,59.75,3.1,4.68,1,0,122,Normal,0,0
1/3/2025 19:27,23,71.63,52.73,49.53,2.17,4.23,1,0,394,Normal,0,0
1/3/2025 19:28,24,71.18,48.56,70.82,2.78,0.53,1,0,347,Normal,0,0
1/3/2025 19:29,50,75.98,79.68,48.26,2.41,1.28,1,0,310,Normal,0,0
1/3/2025 19:30,8,76.58,65.51,58.88,2.99,1.17,1,0,364,Normal,0,0
1/3/2025 19:31,41,73.77,65.44,69.17,2.63,3.28,1,0,316,Normal,0,0
1/3/2025 19:32,6,75.97,62,40.57,1.52,3.51,1,0,491,Normal,0,0
1/3/2025 19:33,5,74.76,54.55,44.21,4.67,3.99,1,0,370,Normal,0,0
1/3/2025 19:34,44,60.48,42.73,69.96,2.82,2.05,2,0,429,Overheating,0,1
1/3/2025 19:35,29,76.48,36.94,35.46,3.34,3.34,1,0,250,Normal,0,0
1/3/2025 19:36,28,66.25,36.47,42.59,1.36,4.44,1,0,424,Normal,0,0
1/3/2025 19:37,11,77.07,42.03,42.45,3.97,4.49,0,0,297,Normal,0,0
1/3/2025 19:38,1,79.89,41.37,67.58,1.85,0.61,0,0,391,Normal,0,0
1/3/2025 19:39,43,86.77,12.01,36.35,2.02,4.97,1,0,260,Normal,0,0
1/3/2025 19:40,19,74.67,54.79,61.55,2.78,4.38,1,0,39,Normal,0,0
1/3/2025 19:41,9,68.62,58.06,38.02,1.38,1.1,0,0,168,Normal,0,0
1/3/2025 19:42,27,83.44,55.27,60.51,4.18,3.31,1,0,159,Normal,0,0
1/3/2025 19:43,34,75.63,95.73,65.19,1.82,2.46,2,1,36,Vibration Issue,1,1
1/3/2025 19:44,44,94.64,50.36,58.97,1.1,3.42,1,1,43,Normal,1,1
1/3/2025 19:45,4,60.82,64.52,46.9,4.58,1.51,1,0,416,Normal,0,0
1/3/2025 19:46,36,69.2,62.15,63.05,3.67,2.9,2,0,28,Overheating,0,1
1/3/2025 19:47,18,67.87,32.56,61.84,2.26,1.93,1,0,13,Normal,0,1
1/3/2025 19:48,15,93.44,53.51,45.64,4.2,3.37,1,1,3,Normal,1,1
1/3/2025 19:49,13,79.55,46.53,70.15,4.02,3.13,1,0,433,Normal,0,0
1/3/2025 19:50,19,56.29,65.24,50.28,2.95,1.38,1,0,61,Normal,0,0
1/3/2025 19:51,49,57.07,47.17,72.06,4.18,4.68,1,0,83,Normal,0,0
1/3/2025 19:52,6,83.59,26.14,72.73,1.6,2.66,1,0,93,Normal,0,0
1/3/2025 19:53,48,64.42,52.06,71.29,4.6,2.4,1,0,104,Normal,0,0
1/3/2025 19:54,12,75.05,60.82,57.47,1.55,2.77,0,0,227,Normal,0,0
1/3/2025 19:55,37,72.93,37.21,71.26,1.18,3.42,1,0,270,Normal,0,0
1/3/2025 19:56,17,94.78,42.94,38.4,4.16,2.62,1,1,7,Normal,1,1
1/3/2025 19:57,23,72.63,37.67,30.82,3.21,1.93,1,0,180,Normal,0,0
1/3/2025 19:58,26,70.78,35.37,55.68,2.23,1.3,1,0,59,Normal,0,0
1/3/2025 19:59,29,80.64,52.49,45.23,2.43,1.84,1,0,82,Normal,0,0
1/3/2025 20:00,33,86.12,68.13,76.38,1.33,2.42,0,0,196,Normal,0,0
1/3/2025 20:01,27,76.23,43.39,62.11,4.53,1.49,2,0,78,Vibration Issue,0,1
1/3/2025 20:02,25,52.04,48.59,57.5,3.37,2.69,1,0,35,Normal,0,0
1/3/2025 20:03,10,83.09,45.83,71.17,4.42,1.84,1,0,441,Normal,0,0
1/3/2025 20:04,47,61.43,53.15,66.66,1.62,2.85,1,0,462,Normal,0,0
1/3/2025 20:05,23,59.65,43.85,74.75,2.58,0.96,1,0,281,Normal,0,0
1/3/2025 20:06,21,70.08,31.79,72.85,1.9,0.74,1,0,401,Normal,0,0
1/3/2025 20:07,21,76.25,52.93,68.41,2.58,2.79,1,0,239,Normal,0,0
1/3/2025 20:08,43,89.59,71.58,56.54,1.12,1.45,1,0,80,Normal,0,0
1/3/2025 20:09,13,54.63,38.13,56.07,3.76,1.91,1,0,29,Normal,0,0
1/3/2025 20:10,37,76.55,38.65,41.33,2.8,2.43,2,0,313,Normal,0,1
1/3/2025 20:11,33,89.78,78.5,32.55,4.38,1.08,0,0,403,Normal,0,0
1/3/2025 20:12,24,73.98,32.28,71.49,1.77,2.9,1,0,102,Normal,0,0
1/3/2025 20:13,44,82.71,50.75,71.78,4.82,4.69,1,0,156,Normal,0,0
1/3/2025 20:14,11,81.87,56.72,73.98,4.01,3.42,1,0,116,Normal,0,0
1/3/2025 20:15,17,69.31,41.84,48.73,1.76,1.37,1,0,304,Normal,0,0
1/3/2025 20:16,4,81.07,17.48,66.43,3.91,3.13,1,0,152,Normal,0,0
1/3/2025 20:17,47,76.17,32.43,77.48,2.36,3.08,1,0,379,Normal,0,0
1/3/2025 20:18,25,71.82,54.71,74.57,2.33,4.48,1,0,150,Normal,0,0
1/3/2025 20:19,30,90.96,42.77,49.07,1.47,2.79,0,1,21,Normal,1,1
1/3/2025 20:20,9,73.25,84.32,72.33,2.48,0.63,0,1,33,Normal,1,1
1/3/2025 20:21,21,90.1,57.56,59.6,2.42,4.48,1,1,11,Normal,1,1
1/3/2025 20:22,20,71.59,36.18,32.61,4.61,2.68,1,0,333,Normal,0,0
1/3/2025 20:23,19,73.72,41.43,76.25,1.42,4.17,1,0,124,Normal,0,0
1/3/2025 20:24,19,72.67,58.89,79.82,3.3,3.25,0,0,107,Normal,0,0
1/3/2025 20:25,12,85.5,81.4,68.96,4.31,2.58,1,1,32,Normal,1,1
1/3/2025 20:26,37,66.35,51.55,73.69,1.62,2.58,1,0,203,Normal,0,0
1/3/2025 20:27,42,79.61,59.67,44.1,3.42,0.51,1,0,141,Normal,0,0
1/3/2025 20:28,17,78.95,46.02,54.09,4.88,3.77,1,0,302,Normal,0,0
1/3/2025 20:29,37,79.01,30.47,66.81,4.64,1.62,2,0,352,Vibration Issue,0,1
1/3/2025 20:30,48,95.49,56.36,74.28,3.29,1.25,1,1,34,Normal,1,1
1/3/2025 20:31,39,72.88,30.66,51.79,4,2.29,0,0,376,Normal,0,0
1/3/2025 20:32,28,102.32,53.74,54.11,2.12,4.51,1,1,22,Normal,1,1
1/3/2025 20:33,41,86.21,41.65,31.67,3.62,0.71,0,0,474,Normal,0,0
1/3/2025 20:34,35,60.53,25.02,60.5,4.99,4.21,1,0,46,Normal,0,0
1/3/2025 20:35,47,63.61,61.52,52.77,4.4,2.06,1,0,463,Normal,0,0
1/3/2025 20:36,48,85.27,75.56,54.37,2.78,3.12,2,0,223,Pressure Drop,0,1
1/3/2025 20:37,18,67.56,31.68,53.47,2.84,3.48,1,0,99,Normal,0,0
1/3/2025 20:38,14,77.46,55.58,42.74,2.31,3.06,1,0,215,Normal,0,0
1/3/2025 20:39,35,68.07,53.14,39.34,2.93,3.53,1,0,31,Normal,0,0
1/3/2025 20:40,44,70.37,59.39,79.45,2.6,0.84,1,0,349,Normal,0,0
1/3/2025 20:41,41,72.45,55.21,43.9,4.81,0.78,1,0,73,Normal,0,0
1/3/2025 20:42,7,84.86,42.97,53.55,1.83,2.84,2,0,178,Overheating,0,1
1/3/2025 20:43,41,72.75,46.97,34.72,4.76,1.81,1,0,410,Normal,0,0
1/3/2025 20:44,13,89.27,69.78,57.8,3.55,3.47,1,0,83,Normal,0,0
1/3/2025 20:45,18,65.25,47.15,79.5,3.78,3.27,1,0,434,Normal,0,0
1/3/2025 20:46,37,82.94,82.48,66.19,2.96,3.61,1,1,19,Normal,1,1
1/3/2025 20:47,13,77.14,64.53,66.61,3.19,1.64,0,0,214,Normal,0,0
1/3/2025 20:48,36,62.65,42.91,34.46,2.91,0.74,0,0,118,Normal,0,0
1/3/2025 20:49,31,69.1,50.35,55.2,1.59,3.14,1,0,344,Normal,0,0
1/3/2025 20:50,2,73.82,68.88,39,2.15,2.27,1,0,470,Normal,0,0
1/3/2025 20:51,16,87.4,29.05,56.86,3.94,4.18,1,0,421,Normal,0,0
1/3/2025 20:52,9,73.74,55.97,75.26,3.09,4.32,0,0,418,Normal,0,0
1/3/2025 20:53,9,95.68,40.52,68.4,2.57,2.12,1,1,7,Normal,1,1
1/3/2025 20:54,38,71.81,54.92,32.1,2.65,1.57,1,0,28,Normal,0,0
1/3/2025 20:55,11,75.98,62.38,55.08,1.33,0.52,1,0,146,Normal,0,0
1/3/2025 20:56,22,88.22,46.06,50.19,1.08,3.34,1,0,45,Normal,0,0
1/3/2025 20:57,33,62.41,48.05,49.79,2.81,0.88,1,0,390,Normal,0,0
1/3/2025 20:58,36,87.02,42.24,53.27,4.1,1.88,1,0,329,Normal,0,0
1/3/2025 20:59,45,68.5,56.43,74.36,2.06,0.95,1,0,478,Normal,0,0
1/3/2025 21:00,23,72.67,48.76,52.37,2.36,1.69,1,0,346,Normal,0,0
1/3/2025 21:01,45,77.51,80.46,30.03,2.82,1.07,1,1,31,Normal,1,1
1/3/2025 21:02,45,66.93,47.76,51.41,2.23,1.09,1,0,401,Normal,0,0
1/3/2025 21:03,34,101.61,66.06,50.89,3.7,3.82,0,1,26,Normal,1,1
1/3/2025 21:04,9,77.23,34.68,76.13,3.23,2.41,1,0,211,Normal,0,0
1/3/2025 21:05,24,76.38,20.76,60.55,3.58,4.73,1,0,243,Normal,0,0
1/3/2025 21:06,8,69.1,45.29,70.08,4.87,1.14,1,0,16,Normal,0,1
1/3/2025 21:07,7,61.58,51.54,47.14,1.9,3.11,1,0,74,Normal,0,0
1/3/2025 21:08,36,86.36,31.49,57.01,3.89,3.23,1,0,146,Normal,0,0
1/3/2025 21:09,18,72.29,31.05,51.99,3.85,0.65,1,0,223,Normal,0,0
1/3/2025 21:10,3,78.31,57.49,44.11,1.78,3.44,1,0,462,Normal,0,0
1/3/2025 21:11,28,65.24,23.17,55.88,2.9,4.03,1,0,253,Normal,0,0
1/3/2025 21:12,6,83.14,61.49,47.73,4.28,2.58,2,0,99,Vibration Issue,0,1
1/3/2025 21:13,44,71.85,47.22,57.47,3.81,3.64,1,0,160,Normal,0,0
1/3/2025 21:14,44,58.47,62.95,34.01,2.27,2.27,2,0,204,Vibration Issue,0,1
1/3/2025 21:15,21,72.11,40.8,36.32,2.18,4.89,1,0,110,Normal,0,0
1/3/2025 21:16,28,82.79,56.52,77.25,2.76,1.27,2,0,254,Overheating,0,1
1/3/2025 21:17,40,80.88,54.35,31.8,4.17,2.45,1,0,66,Normal,0,0
1/3/2025 21:18,1,78.84,35.47,46.07,1.85,1.52,1,0,41,Normal,0,0
1/3/2025 21:19,36,74.65,45.86,58.8,2.11,2.38,1,0,319,Normal,0,0
1/3/2025 21:20,21,75.38,45.22,50.38,3.33,1.95,1,0,221,Normal,0,0
1/3/2025 21:21,43,69.44,65,77.52,3.25,3.37,2,0,228,Vibration Issue,0,1
1/3/2025 21:22,35,86.61,38.53,37.77,2.83,2.95,1,0,207,Normal,0,0
1/3/2025 21:23,13,74.49,46.07,48.29,4.2,4.53,0,0,245,Normal,0,0
1/3/2025 21:24,49,69.74,57.57,48.08,3.19,4.92,1,0,98,Normal,0,0
1/3/2025 21:25,10,92.91,58.71,52.22,2.88,1.4,1,1,5,Normal,1,1
1/3/2025 21:26,44,87.38,57.72,58.4,1.02,4.77,1,0,371,Normal,0,0
1/3/2025 21:27,47,75.97,43.11,78.56,1.91,4.87,1,0,118,Normal,0,0
1/3/2025 21:28,10,71.49,54.74,43.34,2.96,4.54,1,0,460,Normal,0,0
1/3/2025 21:29,46,71.79,39.63,33.63,1.11,3.44,1,0,339,Normal,0,0
1/3/2025 21:30,13,65.37,66.13,75.14,3.36,3.89,0,0,64,Normal,0,0
1/3/2025 21:31,37,84.53,62.27,42.91,2.42,3.49,1,0,108,Normal,0,0
1/3/2025 21:32,38,93.39,29.06,59,1.99,3.38,1,1,2,Normal,1,1
1/3/2025 21:33,24,80.73,91.8,59.98,2.72,2.84,1,1,26,Normal,1,1
1/3/2025 21:34,2,90.52,50.66,43.07,3.53,3.48,1,1,19,Normal,1,1
1/3/2025 21:35,22,83.61,56.79,48.67,4.49,1.36,1,0,397,Normal,0,0
1/3/2025 21:36,17,60.3,43.45,34.82,3.27,3.11,1,0,365,Normal,0,0
1/3/2025 21:37,36,89.63,64.06,68.53,2.11,2.03,1,0,20,Normal,0,0
1/3/2025 21:38,14,72.76,35.07,58.75,2.91,4.79,1,0,479,Normal,0,0
1/3/2025 21:39,10,77.19,51.95,58.98,2.04,3.55,1,0,458,Normal,0,0
1/3/2025 21:40,35,65.9,57.32,50.39,1.75,0.84,1,0,15,Normal,0,1
1/3/2025 21:41,25,57.45,50.2,42.96,3.32,0.62,1,0,423,Normal,0,0
1/3/2025 21:42,3,68.78,48.4,48.06,4.73,2.25,1,0,56,Normal,0,0
1/3/2025 21:43,47,77.74,66.08,60.81,4.55,1.95,1,0,434,Normal,0,0
1/3/2025 21:44,38,76.29,52.91,35.55,3.36,3.21,1,0,327,Normal,0,0
1/3/2025 21:45,17,82.97,41.8,66.8,2.56,2.02,1,0,64,Normal,0,0
1/3/2025 21:46,12,77.9,51.44,30.59,4.78,4.34,2,0,272,Vibration Issue,0,1
1/3/2025 21:47,24,76.53,72.47,37.3,1.77,3.31,1,0,417,Normal,0,0
1/3/2025 21:48,29,69.56,63.89,61.43,4.37,2.12,1,0,56,Normal,0,0
1/3/2025 21:49,43,95.24,33.51,36.98,3.11,2.42,1,1,46,Normal,1,1
1/3/2025 21:50,25,94.7,46.32,70.7,1.87,2.69,2,1,4,Vibration Issue,1,1
1/3/2025 21:51,36,77.68,74.46,41.5,4.27,2.71,0,0,400,Normal,0,0
1/3/2025 21:52,26,61.15,50.43,61.35,2.94,3.38,1,0,478,Normal,0,0
1/3/2025 21:53,38,78.69,68.68,59.38,1.96,2.74,1,0,363,Normal,0,0
1/3/2025 21:54,1,62.4,60.83,77.31,2.53,2.36,1,0,136,Normal,0,0
1/3/2025 21:55,20,61.03,35.19,51.08,4.32,4.9,0,0,150,Normal,0,0
1/3/2025 21:56,28,85,76,65.37,4.44,0.57,1,0,134,Normal,0,0
1/3/2025 21:57,16,66.46,51.31,55.9,4.17,1.4,1,0,176,Normal,0,0
1/3/2025 21:58,47,70.08,65.62,77.82,1.53,2.39,1,0,76,Normal,0,0
1/3/2025 21:59,17,84.18,49.75,54.63,2.5,2.98,1,0,195,Normal,0,0
1/3/2025 22:00,40,79.75,26.85,48.07,4.36,4.15,1,0,446,Normal,0,0
1/3/2025 22:01,28,82.01,57.68,70.24,3.38,4.91,1,0,340,Normal,0,0
1/3/2025 22:02,12,93,34.93,67.01,2.71,3.89,1,1,42,Normal,1,1
1/3/2025 22:03,27,69.67,17.32,49.44,3.66,4.07,1,0,236,Normal,0,0
1/3/2025 22:04,42,78.41,64.94,40.19,1.41,2.77,1,0,493,Normal,0,0
1/3/2025 22:05,47,90.03,50.55,76.44,4.27,4.62,1,1,44,Normal,1,1
1/3/2025 22:06,30,65.77,32.71,63.02,4.65,4.59,2,0,78,Overheating,0,1
1/3/2025 22:07,41,73.68,40.4,45.78,2.57,4.56,2,0,308,Vibration Issue,0,1
1/3/2025 22:08,34,83.64,44.16,56.54,3.63,1.98,2,0,40,Normal,0,1
1/3/2025 22:09,37,62.68,41.15,61.67,4.08,3.88,1,0,365,Normal,0,0
1/3/2025 22:10,6,77.3,62.42,34.81,4.36,4.22,1,0,98,Normal,0,0
1/3/2025 22:11,7,72.12,55.28,69.97,1.04,4.14,1,0,407,Normal,0,0
1/3/2025 22:12,32,65.93,46.79,68.82,1.52,2.77,1,0,419,Normal,0,0
1/3/2025 22:13,32,87.03,39.78,42.84,3.13,3.61,1,0,20,Normal,0,0
1/3/2025 22:14,25,84.18,39.6,31.63,1.96,4.78,1,0,15,Normal,0,1
1/3/2025 22:15,33,80.34,48.98,75.44,4.53,2.8,0,0,346,Normal,0,0
1/3/2025 22:16,7,82.08,45.71,34.16,2.47,4.97,1,0,155,Normal,0,0
1/3/2025 22:17,12,71,58.83,30.38,4.4,1.59,1,0,176,Normal,0,0
1/3/2025 22:18,16,75.54,33.95,68.49,4.19,3.8,1,0,286,Normal,0,0
1/3/2025 22:19,16,66.79,56.25,76.71,2.29,3.36,0,0,105,Normal,0,0
1/3/2025 22:20,43,82.73,52.62,79.04,1.97,2.04,1,0,65,Normal,0,0
1/3/2025 22:21,36,65.95,32.98,40.14,3.77,1.81,1,0,285,Normal,0,0
1/3/2025 22:22,13,70.01,35.02,63.39,1.45,2.19,2,0,408,Overheating,0,1
1/3/2025 22:23,7,64.77,49.51,57.07,1.34,2.43,1,0,57,Normal,0,0
1/3/2025 22:24,36,77.17,22.82,30.07,3.49,3.48,1,0,301,Normal,0,0
1/3/2025 22:25,47,72.41,39.59,63.62,2.9,3.55,1,0,395,Normal,0,0
1/3/2025 22:26,9,79.03,37.7,67.92,2.53,3.21,0,0,221,Normal,0,0
1/3/2025 22:27,32,68.37,24.72,66.41,1.51,2.87,2,0,327,Normal,0,1
1/3/2025 22:28,11,67.45,74.79,78.01,4.13,1.83,1,0,293,Normal,0,0
1/3/2025 22:29,8,79.37,61.56,54.82,4.95,2.65,1,0,399,Normal,0,0
1/3/2025 22:30,33,73.66,41.55,72.57,2.46,1.75,2,0,211,Pressure Drop,0,1
1/3/2025 22:31,23,103.42,37.34,40.22,1.45,4.94,0,1,37,Normal,1,1
1/3/2025 22:32,25,81.52,56.42,50.96,3.31,2.13,2,0,167,Electrical Fault,0,1
1/3/2025 22:33,8,76.41,59.66,75.55,2.81,2.15,2,0,498,Vibration Issue,0,1
1/3/2025 22:34,45,87.97,48.26,60.13,2.1,1.46,1,0,308,Normal,0,0
1/3/2025 22:35,22,85.02,27.73,43.05,3.21,1.71,1,0,99,Normal,0,0
1/3/2025 22:36,4,76.83,35.02,57.48,2.7,3.38,1,0,171,Normal,0,0
1/3/2025 22:37,40,105.46,16.48,76.32,3.08,3.79,1,1,33,Normal,1,1
1/3/2025 22:38,3,86.56,39.68,45.44,4.9,4.17,1,0,281,Normal,0,0
1/3/2025 22:39,29,63.86,46.77,38.62,3.35,4.44,1,0,90,Normal,0,0
1/3/2025 22:40,41,71.66,41.62,79.28,2.2,1.88,2,0,302,Normal,0,1
1/3/2025 22:41,29,57.09,45.95,50.73,2.09,4.62,1,0,144,Normal,0,0
1/3/2025 22:42,34,60.36,44.01,36.75,3.43,2.22,1,0,212,Normal,0,0
1/3/2025 22:43,34,104.83,54.46,49.45,2.42,1.04,1,1,23,Normal,1,1
1/3/2025 22:44,28,88.52,43.56,41.65,4.97,2.91,1,0,117,Normal,0,0
1/3/2025 22:45,13,58.16,37.11,48.39,4.83,2.77,1,0,410,Normal,0,0
1/3/2025 22:46,15,74.94,36.91,68.05,2.61,1.65,0,0,410,Normal,0,0
1/3/2025 22:47,23,71.44,57.03,62.34,2.68,3.94,1,0,65,Normal,0,0
1/3/2025 22:48,44,101.52,30.03,63.45,4.56,4.05,1,1,20,Normal,1,1
1/3/2025 22:49,26,51.45,43.79,69.86,1.34,1.24,1,0,105,Normal,0,0
1/3/2025 22:50,4,68.65,39.03,51.19,3.13,4.93,1,0,429,Normal,0,0
1/3/2025 22:51,26,68.76,68.72,48.98,4.97,0.87,1,0,393,Normal,0,0
1/3/2025 22:52,40,67.87,74.15,76.24,4.72,1.34,1,0,145,Normal,0,0
1/3/2025 22:53,9,77.58,41.79,56.39,2.74,2.19,1,0,227,Normal,0,0
1/3/2025 22:54,5,83.88,19.47,68.4,1.92,4.19,1,0,265,Normal,0,0
1/3/2025 22:55,32,69.79,28.43,41.88,2.88,4.64,1,0,320,Normal,0,0
1/3/2025 22:56,20,74.23,45.04,52.45,3.39,1.67,1,0,187,Normal,0,0
1/3/2025 22:57,50,65.45,39.16,64.62,1.16,3.63,2,0,378,Overheating,0,1
1/3/2025 22:58,11,66.26,54.88,52.2,1.66,4.55,0,0,192,Normal,0,0
1/3/2025 22:59,15,79.11,68.6,46.86,1.72,2.85,2,0,499,Electrical Fault,0,1
1/3/2025 23:00,32,80.78,58.88,76.4,3.92,4.04,1,0,345,Normal,0,0
1/3/2025 23:01,28,56.56,44.61,59.7,3.23,1.2,1,0,388,Normal,0,0
1/3/2025 23:02,22,67.71,48.33,36.55,3.41,1.84,1,0,427,Normal,0,0
1/3/2025 23:03,41,71.77,65.76,45.24,1.91,3.24,1,0,62,Normal,0,0
1/3/2025 23:04,17,71.15,27.5,77.06,3.61,3.94,1,0,251,Normal,0,0
1/3/2025 23:05,26,72.36,56.84,43.2,1.91,4.79,1,0,136,Normal,0,0
1/3/2025 23:06,44,49.91,40.3,70.59,1.85,4.73,1,0,498,Normal,0,0
1/3/2025 23:07,7,85.72,57.16,65.38,2.5,2.17,1,0,95,Normal,0,0
1/3/2025 23:08,42,74.23,44.13,64.22,1.77,1.31,1,0,117,Normal,0,0
1/3/2025 23:09,26,103.08,53.32,65,5,3.28,2,1,11,Pressure Drop,1,1
1/3/2025 23:10,25,81.28,39.21,30.16,3.18,3.34,1,0,102,Normal,0,0
1/3/2025 23:11,10,78.83,59.63,44.12,3.49,3.81,1,0,275,Normal,0,0
1/3/2025 23:12,45,66.43,48.62,68.05,4.85,4.84,1,0,83,Normal,0,0
1/3/2025 23:13,19,69.18,61.66,61.39,4.46,0.78,1,0,455,Normal,0,0
1/3/2025 23:14,11,83.02,68.08,58.71,4.4,4.73,1,0,226,Normal,0,0
1/3/2025 23:15,13,72.23,56.79,54.45,2.39,0.63,1,0,494,Normal,0,0
1/3/2025 23:16,8,68.07,37.44,64.52,1.15,3.25,1,0,177,Normal,0,0
1/3/2025 23:17,40,93.89,39.81,66.33,1.29,3.04,1,1,49,Normal,1,1
1/3/2025 23:18,4,78.73,48.01,76.27,3.07,1.55,1,0,232,Normal,0,0
1/3/2025 23:19,47,82.94,73.11,71.58,4.5,2.34,1,0,149,Normal,0,0
1/3/2025 23:20,31,71.93,48.91,67.24,1.15,4.51,0,0,381,Normal,0,0
1/3/2025 23:21,28,87.2,51.39,61.92,1.78,3.75,1,0,242,Normal,0,0
1/3/2025 23:22,11,69.7,69.54,40.57,1.57,1.16,1,0,366,Normal,0,0
1/3/2025 23:23,43,86.9,72.27,37.89,4.25,4.46,1,0,252,Normal,0,0
1/3/2025 23:24,1,70.52,57.79,74.48,3.95,2.59,1,0,465,Normal,0,0
1/3/2025 23:25,49,91.35,64.2,47.48,4.59,3.67,1,1,43,Normal,1,1
1/3/2025 23:26,47,88.11,62.33,56.74,2.48,3.62,1,0,366,Normal,0,0
1/3/2025 23:27,38,70.81,25.47,71.17,2.22,1.53,1,0,73,Normal,0,0
1/3/2025 23:28,24,97.75,51.54,61.23,3.5,0.96,1,1,26,Normal,1,1
1/3/2025 23:29,47,76.45,66.44,47.55,2.71,3.6,1,0,340,Normal,0,0
1/3/2025 23:30,31,92.24,38.63,53.69,4.61,2.18,1,1,13,Normal,1,1
1/3/2025 23:31,41,63.81,61.09,53.97,2.54,4.93,1,0,376,Normal,0,0
1/3/2025 23:32,46,82.05,50.83,60.12,4.59,3.4,1,0,221,Normal,0,0
1/3/2025 23:33,50,79.02,60.28,77.41,3.97,4.84,1,0,361,Normal,0,0
1/3/2025 23:34,26,71.13,65.42,39.45,2.64,3.13,1,0,280,Normal,0,0
1/3/2025 23:35,49,84.64,76.52,44.52,2.12,1.23,1,0,294,Normal,0,0
1/3/2025 23:36,50,88.06,57,50.52,2.86,3.54,1,0,148,Normal,0,0
1/3/2025 23:37,5,80.39,47.57,55.26,4.81,0.85,2,0,440,Electrical Fault,0,1
1/3/2025 23:38,20,78.96,42.66,54.96,4.6,4.38,0,0,305,Normal,0,0
1/3/2025 23:39,41,77.68,27,76.56,2.3,3.78,1,0,91,Normal,0,0
1/3/2025 23:40,11,80.27,39.59,44.38,1.08,2.63,1,0,66,Normal,0,0
1/3/2025 23:41,33,83.03,48.8,50.42,3.75,1.28,2,0,265,Overheating,0,1
1/3/2025 23:42,50,82.53,45.53,32.66,4.09,3.92,1,0,179,Normal,0,0
1/3/2025 23:43,38,81.09,43.72,74.35,2.74,4.4,1,0,402,Normal,0,0
1/3/2025 23:44,27,70.59,38.12,54.03,2.14,2.13,1,0,131,Normal,0,0
1/3/2025 23:45,34,85.12,55.88,33.62,2.93,2.19,1,0,105,Normal,0,0
1/3/2025 23:46,15,80.78,61.54,41.62,4.54,3.22,2,0,223,Normal,0,1
1/3/2025 23:47,32,78.9,69.86,52.46,3.32,4.92,1,0,33,Normal,0,0
1/3/2025 23:48,21,72.82,29.33,76.15,3.96,4.68,1,0,170,Normal,0,0
1/3/2025 23:49,46,84.91,99.71,69.66,4.16,4.81,1,1,39,Normal,1,1
1/3/2025 23:50,5,54.62,55.96,47.67,4.55,2.81,1,0,425,Normal,0,0
1/3/2025 23:51,6,74.45,83.7,35.72,4.39,2.62,1,1,35,Normal,1,1
1/3/2025 23:52,38,71.13,51.46,73.42,1.81,4.3,1,0,454,Normal,0,0
1/3/2025 23:53,22,70.25,43.49,70.49,4.72,1.83,2,0,235,Vibration Issue,0,1
1/3/2025 23:54,18,72.39,52.39,44.02,1.33,2.3,1,0,150,Normal,0,0
1/3/2025 23:55,14,64.69,47.74,62.14,1.5,2.96,1,0,499,Normal,0,0
1/3/2025 23:56,10,71.55,59.31,61.52,4.36,0.76,1,0,327,Normal,0,0
1/3/2025 23:57,46,63.24,54.64,78.4,2.03,0.67,2,0,45,Vibration Issue,0,1
1/3/2025 23:58,13,79.14,52.77,77.76,4.9,4.77,2,0,453,Overheating,0,1
1/3/2025 23:59,31,84.42,62.27,77.29,1.06,4.14,1,0,218,Normal,0,0
1/4/2025 0:00,30,85.51,45.3,68.04,2.9,4.47,1,0,108,Normal,0,0
1/4/2025 0:01,3,80.49,70.5,36.88,2.45,2.99,1,0,348,Normal,0,0
1/4/2025 0:02,30,69.39,63.98,67.56,4.93,4.39,1,0,401,Normal,0,0
1/4/2025 0:03,6,63.95,51.47,49.49,3.4,0.79,1,0,86,Normal,0,0
1/4/2025 0:04,29,68.49,74.1,45.49,3.23,1.94,1,0,166,Normal,0,0
1/4/2025 0:05,8,71.83,52.32,58.26,2.29,0.83,2,0,395,Electrical Fault,0,1
1/4/2025 0:06,44,68.7,13.28,42.47,2.55,3.23,1,0,410,Normal,0,0
1/4/2025 0:07,45,99.29,27.2,61.98,2.19,2.95,1,1,43,Normal,1,1
1/4/2025 0:08,43,82.05,64.2,76.61,1.44,4.52,1,0,350,Normal,0,0
1/4/2025 0:09,44,80.79,28.18,43.48,4.17,2.84,1,0,271,Normal,0,0
1/4/2025 0:10,33,78.11,44.42,34.47,4.42,2.84,1,0,235,Normal,0,0
1/4/2025 0:11,17,69.97,59.13,68.82,3.05,3.87,0,0,409,Normal,0,0
1/4/2025 0:12,48,76.38,51.88,79.4,1.33,0.89,2,0,318,Vibration Issue,0,1
1/4/2025 0:13,11,81.97,49.05,63.18,3.01,4.65,1,0,70,Normal,0,0
1/4/2025 0:14,13,84.64,59.16,62.26,2.25,4.08,1,0,75,Normal,0,0
1/4/2025 0:15,50,77.97,59.18,35.9,1.15,2.13,1,0,213,Normal,0,0
1/4/2025 0:16,11,82.63,53.91,38.86,1.09,1.95,1,0,332,Normal,0,0
1/4/2025 0:17,31,70.2,22.5,68.93,2.68,0.88,0,0,109,Normal,0,0
1/4/2025 0:18,28,59.29,57.37,41.37,1.49,4.72,1,0,327,Normal,0,0
1/4/2025 0:19,44,88.15,23.63,71.79,2.57,3.35,1,0,493,Normal,0,0
1/4/2025 0:20,6,69.05,56.66,79.64,1.52,3.75,1,0,138,Normal,0,0
1/4/2025 0:21,41,69.01,48.61,39.53,3.54,1.83,1,0,357,Normal,0,0
1/4/2025 0:22,16,66.22,51.44,44.08,3.05,0.74,1,0,58,Normal,0,0
1/4/2025 0:23,4,78.09,51.41,72.33,4.32,3.12,0,0,317,Normal,0,0
1/4/2025 0:24,35,69.62,77.68,51.01,2.78,0.58,1,0,95,Normal,0,0
1/4/2025 0:25,48,89.88,54.92,55.88,4.79,3.27,1,0,495,Normal,0,0
1/4/2025 0:26,26,89.61,38.98,32.82,3.55,0.61,2,0,84,Electrical Fault,0,1
1/4/2025 0:27,12,78.88,45.48,40.85,4.02,3.26,1,0,95,Normal,0,0
1/4/2025 0:28,11,68.01,47.91,48.26,2.97,4.84,1,0,357,Normal,0,0
1/4/2025 0:29,37,93.59,45.73,32.16,4.84,2.98,1,1,15,Normal,1,1
1/4/2025 0:30,25,86.54,53.47,44.77,2.97,4.01,1,0,401,Normal,0,0
1/4/2025 0:31,18,68.34,67.11,30.08,1.43,4.2,1,0,97,Normal,0,0
1/4/2025 0:32,19,79.24,63.87,63.1,2.41,1.36,1,0,40,Normal,0,0
1/4/2025 0:33,23,77.88,59.31,67.15,4.09,3.15,1,0,262,Normal,0,0
1/4/2025 0:34,38,80.89,25.69,31.33,4.53,3.48,1,0,303,Normal,0,0
1/4/2025 0:35,18,76.48,52.68,76.6,2.41,3.63,1,0,116,Normal,0,0
1/4/2025 0:36,26,75.23,61.54,54.61,4.05,3.44,1,0,387,Normal,0,0
1/4/2025 0:37,6,104.39,54.15,32.99,1.8,1.81,1,1,4,Normal,1,1
1/4/2025 0:38,4,80.98,64.6,45.78,4.3,4.9,1,0,60,Normal,0,0
1/4/2025 0:39,44,68.51,35.56,72.44,4.17,2.63,1,0,470,Normal,0,0
1/4/2025 0:40,29,71.13,58.75,45.89,1.52,1.33,1,0,122,Normal,0,0
1/4/2025 0:41,34,93.96,46.16,36.94,3.84,3.63,1,1,30,Normal,1,1
1/4/2025 0:42,17,72.18,56.81,37.55,2.13,3.31,2,0,254,Normal,0,1
1/4/2025 0:43,43,66.27,41.86,68.78,4.79,3.85,1,0,167,Normal,0,0
1/4/2025 0:44,43,76.22,33.04,76.57,3.67,2.07,1,0,298,Normal,0,0
1/4/2025 0:45,16,73.85,48.89,70.79,4.49,2.53,1,0,419,Normal,0,0
1/4/2025 0:46,2,89.73,63.69,57.62,1.23,1.11,1,0,442,Normal,0,0
1/4/2025 0:47,34,91.64,54.74,57.92,4.3,1.34,1,1,16,Normal,1,1
1/4/2025 0:48,8,72.82,55.15,74.3,3.36,1.34,2,0,240,Normal,0,1
1/4/2025 0:49,13,84.08,57.37,52.74,3.96,0.74,2,0,53,Normal,0,1
1/4/2025 0:50,42,74.51,34.69,73.96,2.05,2.96,1,0,300,Normal,0,0
1/4/2025 0:51,8,67.78,31.82,31.25,3.71,3.92,1,0,277,Normal,0,0
1/4/2025 0:52,30,93.79,60.12,34.13,4.01,1.4,2,1,4,Overheating,1,1
1/4/2025 0:53,32,95.41,43.37,59.11,2.03,3.14,1,1,20,Normal,1,1
1/4/2025 0:54,36,79.43,63.72,71.53,1.88,4.22,0,0,36,Normal,0,0
1/4/2025 0:55,47,69.67,28.84,40.25,3.62,1.7,1,0,175,Normal,0,0
1/4/2025 0:56,30,66.16,28.37,59.51,3.73,2.43,1,0,480,Normal,0,0
1/4/2025 0:57,1,82.59,61.8,30.49,3.22,3.78,1,0,204,Normal,0,0
1/4/2025 0:58,43,89.32,54.78,54.87,1.42,1.21,1,0,348,Normal,0,0
1/4/2025 0:59,39,77.53,67.81,43.07,2.41,4.77,1,0,438,Normal,0,0
1/4/2025 1:00,17,87.09,34.25,32.91,1.92,3.59,1,0,310,Normal,0,0
1/4/2025 1:01,20,74.02,27.86,61.96,2.28,3.1,1,0,353,Normal,0,0
1/4/2025 1:02,24,70.59,48.63,71.84,3.16,0.89,1,0,204,Normal,0,0
1/4/2025 1:03,50,78.78,72.13,38.28,4.25,4.48,1,0,190,Normal,0,0
1/4/2025 1:04,22,56.14,48.26,52.7,1.12,1.28,1,0,414,Normal,0,0
1/4/2025 1:05,29,71.4,73.26,49.54,4.03,1.05,1,0,198,Normal,0,0
1/4/2025 1:06,22,84.47,60.24,32.98,2.89,3.43,2,0,236,Vibration Issue,0,1
1/4/2025 1:07,44,52.01,46.84,35.85,2.99,2.97,1,0,430,Normal,0,0
1/4/2025 1:08,9,63.46,51.21,60.1,1.75,3.83,0,0,430,Normal,0,0
1/4/2025 1:09,37,74.98,57.35,35.38,4.11,3.4,1,0,69,Normal,0,0
1/4/2025 1:10,10,64.4,57.27,41.77,3.3,3.66,1,0,243,Normal,0,0
1/4/2025 1:11,36,71.57,38.37,70.77,2.59,1.56,1,0,379,Normal,0,0
1/4/2025 1:12,37,55.99,41.01,69.8,1.95,4.9,1,0,167,Normal,0,0
1/4/2025 1:13,28,82.75,47.23,33.13,3.91,4.22,1,0,353,Normal,0,0
1/4/2025 1:14,28,87.28,34.63,65.39,4.89,4.22,2,0,395,Vibration Issue,0,1
1/4/2025 1:15,42,61.16,69.81,41.01,1.99,1.94,1,0,429,Normal,0,0
1/4/2025 1:16,43,78.48,39.65,78.85,2.8,1.28,1,0,86,Normal,0,0
1/4/2025 1:17,21,74.34,81.29,47.94,4.84,0.63,1,1,41,Normal,1,1
1/4/2025 1:18,24,80.97,35.59,64.44,1.63,4.89,1,0,106,Normal,0,0
1/4/2025 1:19,42,91.09,47.67,78.98,4.72,1.08,1,1,34,Normal,1,1
1/4/2025 1:20,40,64.91,40.94,50.12,3.02,3.31,1,0,67,Normal,0,0
1/4/2025 1:21,2,88.94,59.79,34.86,1.24,4.24,1,0,456,Normal,0,0
1/4/2025 1:22,8,93.25,59.69,66.84,4.34,4,1,1,6,Normal,1,1
1/4/2025 1:23,48,59.01,55.91,62.64,1.22,3.57,0,0,60,Normal,0,0
1/4/2025 1:24,27,86.24,29.99,48.14,3.28,3.46,1,0,390,Normal,0,0
1/4/2025 1:25,22,67.76,37.55,33.06,1.36,2.46,2,0,484,Normal,0,1
1/4/2025 1:26,37,82.74,73.26,50.83,2.14,2.18,1,0,173,Normal,0,0
1/4/2025 1:27,27,68.51,86.1,62.95,2.14,1.29,1,1,49,Normal,1,1
1/4/2025 1:28,29,70.83,30.99,38.52,4.72,4.22,1,0,420,Normal,0,0
1/4/2025 1:29,3,69.87,50.63,54.47,4.12,1.61,1,0,88,Normal,0,0
1/4/2025 1:30,44,66.73,37.68,74.92,2.2,1.66,2,0,100,Vibration Issue,0,1
1/4/2025 1:31,13,83.84,41.89,38.2,4.83,0.5,1,0,58,Normal,0,0
1/4/2025 1:32,45,81.19,52.55,42.78,3.44,2.46,1,0,393,Normal,0,0
1/4/2025 1:33,10,81.44,48.24,43.51,4.97,2.2,1,0,121,Normal,0,0
1/4/2025 1:34,36,72.67,42.98,70.53,4.32,3.89,1,0,428,Normal,0,0
1/4/2025 1:35,9,73.67,35.77,30.77,4.62,0.54,1,0,174,Normal,0,0
1/4/2025 1:36,27,80.09,55.69,46.3,1.14,2.37,1,0,242,Normal,0,0
1/4/2025 1:37,34,68.27,51.6,59.49,4.53,1.2,1,0,114,Normal,0,0
1/4/2025 1:38,1,71.43,50.41,74.04,1,2.38,1,0,455,Normal,0,0
1/4/2025 1:39,32,85.58,50.91,32.43,2.21,4.05,1,0,357,Normal,0,0
1/4/2025 1:40,25,80.22,58.67,41.73,2.73,0.7,1,0,336,Normal,0,0
1/4/2025 1:41,29,87.91,35.49,63.09,3.74,2.89,1,0,166,Normal,0,0
1/4/2025 1:42,7,51.03,44.04,32.03,3.56,2.03,1,0,111,Normal,0,0
1/4/2025 1:43,49,91,49.62,57.84,3.76,1.63,1,1,37,Normal,1,1
1/4/2025 1:44,3,85.58,33.85,32.33,2.34,3.76,1,0,42,Normal,0,0
1/4/2025 1:45,20,85.76,36.32,33.03,1.7,1.67,0,0,90,Normal,0,0
1/4/2025 1:46,20,60.18,68.21,62.59,4.99,0.93,1,0,335,Normal,0,0
1/4/2025 1:47,30,70.79,60.25,56.99,4.96,2.36,1,0,327,Normal,0,0
1/4/2025 1:48,35,72.06,66.62,61.57,2.98,2.29,2,0,319,Normal,0,1
1/4/2025 1:49,35,77.99,46.55,57.33,2.96,3.07,2,0,220,Overheating,0,1
1/4/2025 1:50,49,94.08,31.92,36.69,3.39,1.7,1,1,26,Normal,1,1
1/4/2025 1:51,39,78.37,76.44,75.61,3.14,3.24,1,0,118,Normal,0,0
1/4/2025 1:52,27,88.04,64.84,47.96,4.8,1.69,0,0,41,Normal,0,0
1/4/2025 1:53,26,90.25,60.79,37.91,1.52,0.72,1,1,49,Normal,1,1
1/4/2025 1:54,14,83.21,44.43,40.14,3.95,1.93,1,0,189,Normal,0,0
1/4/2025 1:55,17,78.55,57.84,41.56,2.99,3.89,1,0,460,Normal,0,0
1/4/2025 1:56,18,88.7,39.17,37.07,2.72,1.02,1,0,256,Normal,0,0
1/4/2025 1:57,45,60.53,39.51,65.4,1.16,4.44,1,0,434,Normal,0,0
1/4/2025 1:58,29,82.62,41.42,55.54,1.89,1.01,0,0,190,Normal,0,0
1/4/2025 1:59,20,91.62,52.26,62.03,2.02,4.41,1,1,1,Normal,1,1
1/4/2025 2:00,27,77.75,53,76.69,4.01,4.21,1,0,169,Normal,0,0
1/4/2025 2:01,18,82.16,52.64,44.86,1.62,4.19,0,0,373,Normal,0,0
1/4/2025 2:02,4,86.49,57.88,46.97,3.29,4.31,1,0,470,Normal,0,0
1/4/2025 2:03,1,72.49,50.37,42.22,2.08,3.36,1,0,491,Normal,0,0
1/4/2025 2:04,50,106.35,66.38,46.61,4.78,0.95,1,1,28,Normal,1,1
1/4/2025 2:05,1,64.16,86.37,37.6,2.59,2.31,1,1,2,Normal,1,1
1/4/2025 2:06,26,57.42,47.74,57.92,1.38,0.76,2,0,19,Overheating,0,1
1/4/2025 2:07,45,83.16,43.6,49.72,3.23,4.09,1,0,364,Normal,0,0
1/4/2025 2:08,20,69.91,52.23,78.51,4.53,1.56,0,0,256,Normal,0,0
1/4/2025 2:09,23,77.82,59.73,56.19,2.89,2.38,1,0,193,Normal,0,0
1/4/2025 2:10,10,78.76,31.93,77.04,1.31,1.39,1,0,163,Normal,0,0
1/4/2025 2:11,11,80.45,27.2,54.99,3.52,4.87,1,0,455,Normal,0,0
1/4/2025 2:12,41,62.82,71.44,77.68,2.89,1.54,1,0,199,Normal,0,0
1/4/2025 2:13,41,68.48,67.08,77.57,4.71,2.6,1,0,107,Normal,0,0
1/4/2025 2:14,5,87.32,40.12,78.81,2.32,4.98,1,0,69,Normal,0,0
1/4/2025 2:15,1,70.47,54.21,50.98,2.55,0.83,1,0,437,Normal,0,0
1/4/2025 2:16,17,74.66,77.65,76.93,1.48,0.72,0,0,389,Normal,0,0
1/4/2025 2:17,22,70,68.99,32,3.52,1.92,1,0,19,Normal,0,1
1/4/2025 2:18,34,80.52,40.1,30.79,2.08,3.29,1,0,189,Normal,0,0
1/4/2025 2:19,45,71.38,26.85,76.69,4.92,2.36,2,0,447,Normal,0,1
1/4/2025 2:20,41,91.81,43.7,77.68,3.34,1.34,1,1,35,Normal,1,1
1/4/2025 2:21,29,67.68,43.75,56.81,2.01,1.85,1,0,291,Normal,0,0
1/4/2025 2:22,4,61.16,47.6,75.23,1.74,1.25,1,0,174,Normal,0,0
1/4/2025 2:23,5,63.45,36.22,65.93,1.77,1.1,1,0,461,Normal,0,0
1/4/2025 2:24,11,86.94,58.01,33.91,3.72,3.2,1,0,293,Normal,0,0
1/4/2025 2:25,21,63.33,52.72,61.8,1,4.07,1,0,334,Normal,0,0
1/4/2025 2:26,35,61.83,55.13,33.95,4.68,1.82,1,0,404,Normal,0,0
1/4/2025 2:27,12,83.08,86.39,54.06,4.21,2.56,1,1,18,Normal,1,1
1/4/2025 2:28,26,93.44,47.26,59.17,1.5,1.33,2,1,36,Vibration Issue,1,1
1/4/2025 2:29,19,96.88,61.41,52.59,4.49,3.09,1,1,42,Normal,1,1
1/4/2025 2:30,45,74.18,3.3,67.37,3.58,4.14,1,0,263,Normal,0,0
1/4/2025 2:31,7,44.66,47.05,64.52,3.43,4.62,1,0,331,Normal,0,0
1/4/2025 2:32,47,73.55,73.04,79.56,1.9,4.38,1,0,74,Normal,0,0
1/4/2025 2:33,7,87.7,33.32,77.03,1.52,2.15,1,0,491,Normal,0,0
1/4/2025 2:34,26,64.95,72.12,36.17,4.66,2.2,1,0,293,Normal,0,0
1/4/2025 2:35,40,69.82,54.51,50.64,1.85,4.36,2,0,87,Overheating,0,1
1/4/2025 2:36,5,78.64,26.3,40.37,4.52,2.96,1,0,283,Normal,0,0
1/4/2025 2:37,21,87.46,66.25,51.57,3.56,2.27,2,0,476,Pressure Drop,0,1
1/4/2025 2:38,14,65.82,56.63,72.81,3.86,4.47,1,0,133,Normal,0,0
1/4/2025 2:39,4,86.33,43.82,46.47,1.59,1.16,1,0,341,Normal,0,0
1/4/2025 2:40,23,82.68,61.05,42.9,2.62,1.45,1,0,306,Normal,0,0
1/4/2025 2:41,42,73.01,53.54,40.81,3.89,2.14,0,0,262,Normal,0,0
1/4/2025 2:42,20,83.32,53.28,44.32,1.09,4.79,1,0,460,Normal,0,0
1/4/2025 2:43,15,85.68,51.2,74.92,2.82,4.8,0,0,288,Normal,0,0
1/4/2025 2:44,50,92.15,41.32,63.45,3.79,0.94,2,1,32,Vibration Issue,1,1
1/4/2025 2:45,45,90.73,39.85,66.63,4.68,4.78,1,1,37,Normal,1,1
1/4/2025 2:46,29,64.21,70.12,42.05,2.79,3.19,1,0,435,Normal,0,0
1/4/2025 2:47,8,80.39,38.9,47.99,2.57,1.68,0,0,39,Normal,0,0
1/4/2025 2:48,41,75.18,39.28,37.77,3.06,1.44,1,0,430,Normal,0,0
1/4/2025 2:49,48,79.29,45.52,43.68,1.53,1.99,1,0,265,Normal,0,0
1/4/2025 2:50,19,76.07,62.78,71.85,4.15,4.44,1,0,212,Normal,0,0
1/4/2025 2:51,48,77.23,39.41,68.48,1.52,1.16,1,0,269,Normal,0,0
1/4/2025 2:52,39,75.48,36.97,41.32,2.25,4.3,2,0,294,Pressure Drop,0,1
1/4/2025 2:53,46,69.36,50.52,56.78,1.13,2.27,1,0,389,Normal,0,0
1/4/2025 2:54,28,78.04,50.76,77.34,1.22,3.65,1,0,173,Normal,0,0
1/4/2025 2:55,46,84.82,55.45,41.49,4.26,1.28,1,0,464,Normal,0,0
1/4/2025 2:56,27,73.73,55.99,65.28,1.39,1.79,1,0,57,Normal,0,0
1/4/2025 2:57,4,70.43,47.41,61.5,1.34,0.59,1,0,186,Normal,0,0
1/4/2025 2:58,15,77.74,53.82,32.38,3.16,0.95,0,0,493,Normal,0,0
1/4/2025 2:59,35,79.36,50.38,59.92,2.02,4.28,1,0,193,Normal,0,0
1/4/2025 3:00,37,68.72,51.64,38.45,1.51,4.4,1,0,393,Normal,0,0
1/4/2025 3:01,1,71.58,50.33,68.08,2.64,3.49,1,0,246,Normal,0,0
1/4/2025 3:02,3,64.34,63.76,66.15,4.92,0.79,1,0,283,Normal,0,0
1/4/2025 3:03,47,78.94,59.85,66.67,4.89,3.48,1,0,69,Normal,0,0
1/4/2025 3:04,24,72.33,81.87,31.29,2.99,2.14,1,1,18,Normal,1,1
1/4/2025 3:05,27,89.38,50.53,60.64,4.53,4.95,1,0,462,Normal,0,0
1/4/2025 3:06,40,80.86,47.9,63.28,1.91,2.27,1,0,248,Normal,0,0
1/4/2025 3:07,36,82.54,35.17,64.02,4.8,4.62,2,0,251,Vibration Issue,0,1
1/4/2025 3:08,34,77.23,61.07,58.44,1.61,4.15,0,0,260,Normal,0,0
1/4/2025 3:09,29,84.47,58.32,38.28,3.57,3.05,1,0,479,Normal,0,0
1/4/2025 3:10,24,59.42,25.07,59.95,1.48,2.56,1,0,308,Normal,0,0
1/4/2025 3:11,24,75.47,69.71,58.88,1.7,4.58,1,0,450,Normal,0,0
1/4/2025 3:12,42,72.53,60.78,64.1,1.02,2.23,1,0,337,Normal,0,0
1/4/2025 3:13,4,87.11,36.53,38.62,2.01,2.74,0,0,61,Normal,0,0
1/4/2025 3:14,3,62.89,33.29,77.31,4.9,1.42,1,0,466,Normal,0,0
1/4/2025 3:15,34,77.91,39,69.58,2.98,0.88,1,0,430,Normal,0,0
1/4/2025 3:16,49,88.55,73.36,59.4,3.39,2.1,1,0,274,Normal,0,0
1/4/2025 3:17,23,74.74,63.49,43.26,4.57,4.27,1,0,210,Normal,0,0
1/4/2025 3:18,23,74.69,50.24,43.66,4.59,4.37,1,0,356,Normal,0,0
1/4/2025 3:19,45,78.5,45.31,36.38,4.5,1.5,0,0,91,Normal,0,0
1/4/2025 3:20,5,73.58,40.73,65.86,2.09,2.54,1,0,34,Normal,0,0
1/4/2025 3:21,31,79.77,34.46,44.29,2.37,3.05,1,0,487,Normal,0,0
1/4/2025 3:22,41,86.81,61.55,54.47,2.32,3.9,1,0,84,Normal,0,0
1/4/2025 3:23,6,78.95,68.99,39.57,1.41,1.11,2,0,192,Overheating,0,1
1/4/2025 3:24,37,75.5,81.74,69.28,4.19,1.95,1,1,16,Normal,1,1
1/4/2025 3:25,10,83.65,61.93,65.85,1.47,2.48,1,0,483,Normal,0,0
1/4/2025 3:26,40,90.99,26.3,63.29,2.4,3.12,1,1,13,Normal,1,1
1/4/2025 3:27,7,69.25,59.73,57.97,1.84,0.7,1,0,13,Normal,0,1
1/4/2025 3:28,39,94.72,32.68,37.67,4.02,1.68,1,1,6,Normal,1,1
1/4/2025 3:29,38,69.94,62.5,52.5,1.37,0.88,1,0,293,Normal,0,0
1/4/2025 3:30,21,79.47,50.66,41.44,4.16,1.59,1,0,365,Normal,0,0
1/4/2025 3:31,20,78.99,66.72,74.77,1.52,1.59,1,0,470,Normal,0,0
1/4/2025 3:32,3,79.57,66.36,79.46,4.8,0.97,0,0,448,Normal,0,0
1/4/2025 3:33,22,59.28,33.68,42.63,2.8,4.36,1,0,224,Normal,0,0
1/4/2025 3:34,47,63.29,47.9,66.99,3.54,4.96,1,0,399,Normal,0,0
1/4/2025 3:35,4,71.72,65.36,70.31,3.12,3.75,1,0,481,Normal,0,0
1/4/2025 3:36,28,69.1,33.62,53.42,4.03,2.82,1,0,197,Normal,0,0
1/4/2025 3:37,12,80.82,67.6,50.26,2.92,1.78,1,0,202,Normal,0,0
1/4/2025 3:38,38,87.6,24.48,52.83,1.25,4.96,1,0,206,Normal,0,0
1/4/2025 3:39,36,55.11,57.24,63.89,2.06,2.58,0,0,40,Normal,0,0
1/4/2025 3:40,47,64.06,53.45,44.06,4.8,2.58,1,0,14,Normal,0,1
1/4/2025 3:41,41,70.23,59.33,52.31,3.38,1.78,0,0,294,Normal,0,0
1/4/2025 3:42,5,64.29,44.63,60.34,1.98,0.91,1,0,278,Normal,0,0
1/4/2025 3:43,13,72.17,37.73,52.3,3.62,1.19,0,0,76,Normal,0,0
1/4/2025 3:44,23,66.92,27.74,52.5,4.56,3.72,1,0,155,Normal,0,0
1/4/2025 3:45,50,80.39,65.29,79.03,1.18,2.2,1,0,317,Normal,0,0
1/4/2025 3:46,30,102.64,41.42,42.53,4.76,0.78,1,1,5,Normal,1,1
1/4/2025 3:47,37,66.93,55.89,31.02,1.18,1.8,1,0,276,Normal,0,0
1/4/2025 3:48,25,88.03,8.41,47.16,1.21,0.57,1,0,139,Normal,0,0
1/4/2025 3:49,48,101.84,50.44,60.04,2.02,4.59,1,1,35,Normal,1,1
1/4/2025 3:50,27,68.77,41.18,37.23,2.83,4.47,2,0,498,Vibration Issue,0,1
1/4/2025 3:51,14,97.07,56.57,48.85,3.34,2.21,1,1,45,Normal,1,1
1/4/2025 3:52,48,66.7,22.92,74.64,4.81,4.26,1,0,257,Normal,0,0
1/4/2025 3:53,47,87.83,50.33,39.51,3.07,4.43,0,0,237,Normal,0,0
1/4/2025 3:54,36,67.42,34.39,34.49,3.39,2.41,0,0,293,Normal,0,0
1/4/2025 3:55,39,56.84,52.25,73.81,4.72,3.14,1,0,382,Normal,0,0
1/4/2025 3:56,16,85.8,60.86,68.81,2.34,1.73,1,0,379,Normal,0,0
1/4/2025 3:57,22,80.61,58.24,78.33,3.2,3.11,1,0,193,Normal,0,0
1/4/2025 3:58,21,74.58,63.99,64.33,2.65,3.99,1,0,475,Normal,0,0
1/4/2025 3:59,21,58.83,66.32,54.84,1.83,4.87,1,0,55,Normal,0,0
1/4/2025 4:00,8,88.52,59.76,61.84,3.67,1.65,1,0,490,Normal,0,0
1/4/2025 4:01,49,86.22,42.5,68.7,2.72,2.15,1,0,117,Normal,0,0
1/4/2025 4:02,16,57.08,21.27,50.89,3.07,2.78,1,0,172,Normal,0,0
1/4/2025 4:03,31,77.56,59.82,33.94,1.11,3.84,1,0,159,Normal,0,0
1/4/2025 4:04,42,80.8,57.05,30.96,3.39,4.65,1,0,265,Normal,0,0
1/4/2025 4:05,10,63.91,39.44,34.58,3.71,2.74,1,0,47,Normal,0,0
1/4/2025 4:06,32,85.33,46.48,79.6,2.67,1.61,1,0,433,Normal,0,0
1/4/2025 4:07,34,100.28,74.35,41.09,2.77,4.27,1,1,39,Normal,1,1
1/4/2025 4:08,9,86.04,65.65,59.7,3,3.27,1,0,463,Normal,0,0
1/4/2025 4:09,17,92.82,68.98,50.27,3.86,3.55,1,1,26,Normal,1,1
1/4/2025 4:10,11,84.3,58.34,38.63,3.9,4.88,1,0,288,Normal,0,0
1/4/2025 4:11,32,63.97,26.48,36.32,1.79,0.96,1,0,473,Normal,0,0
1/4/2025 4:12,10,83.66,77.25,64.86,3.02,2.86,1,0,337,Normal,0,0
1/4/2025 4:13,22,62.13,37.59,32,2.56,2.74,1,0,148,Normal,0,0
1/4/2025 4:14,17,70,23.6,42.51,4.4,2.59,0,0,241,Normal,0,0
1/4/2025 4:15,4,72.6,50.76,51.99,4.46,1.87,1,0,138,Normal,0,0
1/4/2025 4:16,48,71.47,42.58,77.06,1.29,3.34,1,0,264,Normal,0,0
1/4/2025 4:17,47,67.11,40.35,56.32,2.68,2,1,0,319,Normal,0,0
1/4/2025 4:18,25,72.5,31.5,74.81,2.13,0.73,1,0,43,Normal,0,0
1/4/2025 4:19,21,73.8,55.18,37.22,2.16,1.77,1,0,104,Normal,0,0
1/4/2025 4:20,37,87.9,44.86,63.61,1.33,4.59,1,0,459,Normal,0,0
1/4/2025 4:21,38,79.3,46.9,60.83,3.69,1.08,1,0,58,Normal,0,0
1/4/2025 4:22,49,84.95,57.88,41.66,1.45,3.89,2,0,97,Pressure Drop,0,1
1/4/2025 4:23,1,72.67,39.62,65.09,2.7,3.71,1,0,232,Normal,0,0
1/4/2025 4:24,25,84.68,58.04,32.79,4.15,3.67,1,0,23,Normal,0,0
1/4/2025 4:25,36,55.74,32.69,74.32,4.25,0.91,1,0,132,Normal,0,0
1/4/2025 4:26,17,62.21,53.08,46.51,1.85,1.4,1,0,58,Normal,0,0
1/4/2025 4:27,41,85.1,32.23,58.69,2.66,4.88,0,0,396,Normal,0,0
1/4/2025 4:28,24,69.07,58.14,72.92,1.47,1.58,1,0,392,Normal,0,0
1/4/2025 4:29,2,76.08,49.61,42.76,3.4,2.13,0,0,461,Normal,0,0
1/4/2025 4:30,40,51.63,52.52,51.94,4.57,4.43,1,0,320,Normal,0,0
1/4/2025 4:31,15,71.19,36.01,68.88,3.66,3.44,1,0,29,Normal,0,0
1/4/2025 4:32,32,62.52,62.76,62.44,4.35,2.82,1,0,426,Normal,0,0
1/4/2025 4:33,39,68.21,41.14,56.69,2.98,1.57,1,0,28,Normal,0,0
1/4/2025 4:34,6,76.23,73.12,38.12,1.12,3.02,1,0,372,Normal,0,0
1/4/2025 4:35,1,76.02,65.49,41.68,3.53,2.27,0,0,232,Normal,0,0
1/4/2025 4:36,47,72.58,47.66,73.95,1.63,3.24,0,0,359,Normal,0,0
1/4/2025 4:37,23,84.03,61.64,60.87,1.23,3.74,1,0,137,Normal,0,0
1/4/2025 4:38,39,70.61,48.96,79.91,3.83,1.12,1,0,341,Normal,0,0
1/4/2025 4:39,17,72.37,59.74,62.72,4.29,2.19,2,0,348,Overheating,0,1
1/4/2025 4:40,34,63.04,42.04,60.12,3.15,4.61,2,0,345,Overheating,0,1
1/4/2025 4:41,41,87.14,44.63,50.82,2,3,1,0,93,Normal,0,0
1/4/2025 4:42,29,66.88,57.84,77.47,1.89,2.36,1,0,190,Normal,0,0
1/4/2025 4:43,9,60.89,50.43,73.34,1.18,2.79,1,0,333,Normal,0,0
1/4/2025 4:44,13,62.86,46.61,64.95,1.01,1.39,1,0,98,Normal,0,0
1/4/2025 4:45,6,76.97,23.48,51.08,3.43,2.06,1,0,41,Normal,0,0
1/4/2025 4:46,6,74.05,47.33,57.55,1.08,0.59,2,0,113,Vibration Issue,0,1
1/4/2025 4:47,20,72.77,63.25,42.55,2.34,3.01,1,0,372,Normal,0,0
1/4/2025 4:48,3,85.05,67.6,35.5,2.86,1.11,1,0,165,Normal,0,0
1/4/2025 4:49,17,65.16,23.13,43.27,3.07,2.2,1,0,430,Normal,0,0
1/4/2025 4:50,49,79.95,64.23,55.99,2.78,1.06,1,0,143,Normal,0,0
1/4/2025 4:51,12,75.95,62.78,35.08,2.81,3.98,1,0,161,Normal,0,0
1/4/2025 4:52,48,79.08,53.02,58.9,1.52,1.64,1,0,225,Normal,0,0
1/4/2025 4:53,47,76.14,54.28,43.58,2.71,3.44,1,0,118,Normal,0,0
1/4/2025 4:54,45,67.51,59.44,41.73,1.27,3.86,1,0,478,Normal,0,0
1/4/2025 4:55,1,52.75,51.11,76.66,1.46,3.77,1,0,483,Normal,0,0
1/4/2025 4:56,17,83.12,49.14,44.62,2.91,4.59,1,0,263,Normal,0,0
1/4/2025 4:57,3,74.91,62.93,55.68,3.1,3.88,1,0,223,Normal,0,0
1/4/2025 4:58,26,76.22,75.38,43.94,1.26,4.99,1,0,394,Normal,0,0
1/4/2025 4:59,15,74.7,59.87,77.16,1.8,1.31,1,0,398,Normal,0,0
1/4/2025 5:00,36,60.18,25.04,62.82,4.38,2.54,1,0,142,Normal,0,0
1/4/2025 5:01,32,77.27,49.82,37,4.77,3.01,1,0,77,Normal,0,0
1/4/2025 5:02,32,75.3,60.57,72.21,3.15,0.55,1,0,359,Normal,0,0
1/4/2025 5:03,4,74.28,74.43,58.24,4.37,3.53,1,0,249,Normal,0,0
1/4/2025 5:04,18,92.16,36.2,72.26,2.31,2.56,0,1,44,Normal,1,1
1/4/2025 5:05,49,76.22,72.93,79.91,4.98,4.84,1,0,343,Normal,0,0
1/4/2025 5:06,19,73.75,40.78,54.27,4.69,1.04,2,0,22,Overheating,0,1
1/4/2025 5:07,43,73.48,81.13,61.85,2.3,4.53,1,1,25,Normal,1,1
1/4/2025 5:08,35,64.29,56.33,61.82,1.05,3.39,1,0,177,Normal,0,0
1/4/2025 5:09,40,76.4,56.89,72.83,1.66,3.5,2,0,262,Normal,0,1
1/4/2025 5:10,14,77.71,66.62,62.27,4.39,3.39,2,0,476,Vibration Issue,0,1
1/4/2025 5:11,33,68.38,75.92,78.64,3.55,4.52,1,0,359,Normal,0,0
1/4/2025 5:12,14,82.44,29.07,66.71,1.17,3.66,1,0,362,Normal,0,0
1/4/2025 5:13,34,79.87,52.92,44.82,3.41,0.69,1,0,188,Normal,0,0
1/4/2025 5:14,4,73.85,45.27,70.67,3.8,4.36,2,0,298,Vibration Issue,0,1
1/4/2025 5:15,24,83.29,28.01,42.94,1.9,1.1,1,0,127,Normal,0,0
1/4/2025 5:16,29,71.15,64.27,52.42,1.02,1.07,1,0,427,Normal,0,0
1/4/2025 5:17,19,82.98,71.25,30.23,1.06,4.23,2,0,302,Vibration Issue,0,1
1/4/2025 5:18,6,70.11,71.66,68.46,1.45,3.53,1,0,55,Normal,0,0
1/4/2025 5:19,33,90.8,37.98,70.14,3.88,2.16,1,1,23,Normal,1,1
1/4/2025 5:20,49,69.16,36.5,58.95,2.58,2.56,1,0,308,Normal,0,0
1/4/2025 5:21,40,73.43,53.83,54.81,3.35,1.75,1,0,355,Normal,0,0
1/4/2025 5:22,19,66.34,37.46,41.07,3.16,4.99,1,0,440,Normal,0,0
1/4/2025 5:23,1,80.49,54.9,55.24,2.41,0.92,1,0,40,Normal,0,0
1/4/2025 5:24,5,63.63,41.64,75.35,2.88,4.05,1,0,487,Normal,0,0
1/4/2025 5:25,27,73.83,42.8,60.31,3.16,2.29,1,0,192,Normal,0,0
1/4/2025 5:26,16,61.18,60.96,31.73,3.51,1.15,1,0,483,Normal,0,0
1/4/2025 5:27,6,80.37,44.75,69.19,2.04,4.2,1,0,264,Normal,0,0
1/4/2025 5:28,40,80.9,45.99,75,1.72,2.02,1,0,363,Normal,0,0
1/4/2025 5:29,13,76.25,58.13,76.23,3.41,0.79,1,0,244,Normal,0,0
1/4/2025 5:30,48,69.7,54.1,70.34,4.32,2.1,1,0,413,Normal,0,0
1/4/2025 5:31,35,81.94,44.96,52.3,3.73,3.41,1,0,342,Normal,0,0
1/4/2025 5:32,19,65.58,77.88,48,4.11,4.43,1,0,448,Normal,0,0
1/4/2025 5:33,12,67.56,79.79,34.24,1.61,1.92,2,0,54,Electrical Fault,0,1
1/4/2025 5:34,16,81.91,56.65,58.99,4.91,3.15,1,0,232,Normal,0,0
1/4/2025 5:35,43,80.45,25.65,56.94,3.64,3.18,1,0,361,Normal,0,0
1/4/2025 5:36,10,80.49,41.73,60.57,2.91,4.56,1,0,247,Normal,0,0
1/4/2025 5:37,25,97.98,24.45,67.65,3.76,1.31,1,1,47,Normal,1,1
1/4/2025 5:38,20,76.71,77.69,73.41,2.32,3.88,1,0,497,Normal,0,0
1/4/2025 5:39,31,71,38.28,58.32,3.99,3.04,2,0,427,Vibration Issue,0,1
1/4/2025 5:40,4,73.58,52.85,39.65,3.99,4.07,1,0,109,Normal,0,0
1/4/2025 5:41,44,54.01,59.14,50.14,4.93,3.12,2,0,276,Normal,0,1
1/4/2025 5:42,23,78.87,59.51,46.98,1.62,4.18,1,0,388,Normal,0,0
1/4/2025 5:43,2,89.13,45.9,78.35,1.6,1.37,1,0,157,Normal,0,0
1/4/2025 5:44,22,71.53,64.17,38.77,1.69,1.9,1,0,264,Normal,0,0
1/4/2025 5:45,37,88.11,30.73,33.65,1.64,4.83,1,0,183,Normal,0,0
1/4/2025 5:46,8,65.3,35.65,48.7,4.42,1.58,1,0,46,Normal,0,0
1/4/2025 5:47,7,67.23,53.41,61.43,1.14,1.07,1,0,78,Normal,0,0
1/4/2025 5:48,14,67.19,80.61,51.71,3.45,3.26,1,1,40,Normal,1,1
1/4/2025 5:49,3,60.36,49.08,49.91,3.47,1.65,2,0,364,Vibration Issue,0,1
1/4/2025 5:50,50,89.58,70.49,46.48,2.44,3.8,1,0,306,Normal,0,0
1/4/2025 5:51,16,80.15,67.64,44.04,3.71,4.9,1,0,223,Normal,0,0
1/4/2025 5:52,19,81.21,46.21,74.34,3.53,0.61,1,0,136,Normal,0,0
1/4/2025 5:53,18,67.76,65.67,41.64,2.48,1.99,2,0,60,Pressure Drop,0,1
1/4/2025 5:54,16,82.97,62.5,71.01,1.65,0.74,1,0,339,Normal,0,0
1/4/2025 5:55,8,69.92,50.58,55.91,2.23,2.61,1,0,196,Normal,0,0
1/4/2025 5:56,33,70.38,42.81,59.42,1.78,4.65,1,0,256,Normal,0,0
1/4/2025 5:57,49,85.72,82.86,34.7,4.97,2.95,2,1,9,Overheating,1,1
1/4/2025 5:58,12,66.54,45.66,79.19,2.84,2.71,1,0,305,Normal,0,0
1/4/2025 5:59,11,65.02,26.08,38.86,4.05,4.92,1,0,493,Normal,0,0
1/4/2025 6:00,5,63.83,46.24,49.54,3.11,2.42,1,0,235,Normal,0,0
1/4/2025 6:01,27,73.54,57.42,36.58,2.85,2.18,1,0,140,Normal,0,0
1/4/2025 6:02,12,95.62,46.61,75.12,3.72,1.32,1,1,25,Normal,1,1
1/4/2025 6:03,17,72.4,66.48,43.42,1.43,2.75,1,0,457,Normal,0,0
1/4/2025 6:04,6,62,42.04,40.71,4.3,0.7,1,0,292,Normal,0,0
1/4/2025 6:05,33,68.75,68.55,73.17,4.63,2.08,1,0,425,Normal,0,0
1/4/2025 6:06,5,70.35,46.66,75.03,1.52,4.56,1,0,429,Normal,0,0
1/4/2025 6:07,28,75.47,37.74,79.81,3.64,1.07,2,0,182,Normal,0,1
1/4/2025 6:08,14,78.63,48.65,77.31,4.35,1.11,1,0,341,Normal,0,0
1/4/2025 6:09,5,54.05,64.54,71.16,2.17,0.61,2,0,245,Overheating,0,1
1/4/2025 6:10,33,62.76,42.51,70.45,4.61,1.84,0,0,25,Normal,0,0
1/4/2025 6:11,50,62.01,50.48,76.84,1.18,0.6,1,0,207,Normal,0,0
1/4/2025 6:12,48,85.2,44.76,48.62,3.77,4.88,1,0,298,Normal,0,0
1/4/2025 6:13,41,64.85,39.41,46.8,4.76,3.67,1,0,383,Normal,0,0
1/4/2025 6:14,19,77.8,48.71,60.3,1.8,4,1,0,93,Normal,0,0
1/4/2025 6:15,22,79.66,67.88,59.37,4.72,1.31,1,0,230,Normal,0,0
1/4/2025 6:16,5,69.95,55.13,69.54,1.28,3.42,1,0,10,Normal,0,1
1/4/2025 6:17,2,50.72,43.23,60.56,2.25,1.74,1,0,391,Normal,0,0
1/4/2025 6:18,30,86.72,42.9,56.53,3.73,1.13,1,0,301,Normal,0,0
1/4/2025 6:19,47,88.1,26.93,71.04,3.97,1.89,1,0,451,Normal,0,0
1/4/2025 6:20,39,74.79,68.22,32.94,3.37,1.92,0,0,406,Normal,0,0
1/4/2025 6:21,4,68.16,53.46,71.02,1,4.47,1,0,401,Normal,0,0
1/4/2025 6:22,33,92.95,41.23,74.44,1.39,3.36,1,1,15,Normal,1,1
1/4/2025 6:23,13,67.85,47.68,70.4,2.41,0.59,1,0,361,Normal,0,0
1/4/2025 6:24,20,82.95,45.78,37.97,3.11,2.32,1,0,388,Normal,0,0
1/4/2025 6:25,7,60.05,68.4,65.9,1.85,4.2,1,0,36,Normal,0,0
1/4/2025 6:26,15,79.59,65.56,37.11,1.48,0.73,1,0,103,Normal,0,0
1/4/2025 6:27,23,62.01,62.28,57.65,1.44,1.04,1,0,254,Normal,0,0
1/4/2025 6:28,14,78.79,45.86,32.44,1.73,4.37,1,0,317,Normal,0,0
1/4/2025 6:29,23,75.04,69,61.82,2,4,1,0,483,Normal,0,0
1/4/2025 6:30,19,71.34,54.66,71.13,4.1,2.56,1,0,119,Normal,0,0
1/4/2025 6:31,29,71.06,45.43,74.13,1.82,2.68,1,0,250,Normal,0,0
1/4/2025 6:32,20,85.84,11.89,77.92,3.44,2.59,0,0,348,Normal,0,0
1/4/2025 6:33,29,74.15,77.65,39.46,1.13,0.8,1,0,430,Normal,0,0
1/4/2025 6:34,24,78.95,62.41,77.35,2.17,2.4,1,0,156,Normal,0,0
1/4/2025 6:35,18,103.47,58.3,46.71,3.2,3.43,1,1,3,Normal,1,1
1/4/2025 6:36,10,62.49,39.71,51.64,3.6,2.96,2,0,392,Overheating,0,1
1/4/2025 6:37,41,67.3,56.84,53.41,2.4,1.1,1,0,191,Normal,0,0
1/4/2025 6:38,8,58.49,47.88,50.92,3.52,3.58,2,0,485,Vibration Issue,0,1
1/4/2025 6:39,26,58.02,51.02,78.38,3.33,1.52,2,0,480,Normal,0,1
1/4/2025 6:40,29,94.06,27.84,50.87,2.26,1.45,1,1,38,Normal,1,1
1/4/2025 6:41,10,70.81,52.24,73.61,2.28,1.75,2,0,189,Pressure Drop,0,1
1/4/2025 6:42,17,48.66,61.56,34.49,4.86,0.67,1,0,334,Normal,0,0
1/4/2025 6:43,2,72.17,45.16,39.79,2.65,3.45,0,0,354,Normal,0,0
1/4/2025 6:44,6,70.06,50.46,34.62,1.16,4,1,0,474,Normal,0,0
1/4/2025 6:45,5,64.51,45.51,59.46,1.81,0.69,1,0,388,Normal,0,0
1/4/2025 6:46,28,70.59,58.79,69.12,2.18,1.3,1,0,77,Normal,0,0
1/4/2025 6:47,41,76.58,41.1,60.66,3.6,2.54,1,0,346,Normal,0,0
1/4/2025 6:48,5,70.9,48.66,58.66,2.71,2.87,1,0,21,Normal,0,0
1/4/2025 6:49,18,83.52,42.11,55.35,4.33,2.97,1,0,493,Normal,0,0
1/4/2025 6:50,26,74.38,34.73,48.8,2.9,3.22,1,0,293,Normal,0,0
1/4/2025 6:51,20,75.13,26.54,57.72,3.63,3.26,1,0,409,Normal,0,0
1/4/2025 6:52,41,73.08,38.69,42.03,2.63,0.51,1,0,250,Normal,0,0
1/4/2025 6:53,49,62.66,44.87,75.02,4.37,0.64,1,0,246,Normal,0,0
1/4/2025 6:54,27,63.06,44.59,36.7,1.46,4.53,1,0,248,Normal,0,0
1/4/2025 6:55,49,76.21,42.59,37.21,2.61,4.97,1,0,302,Normal,0,0
1/4/2025 6:56,12,67.42,32.36,38.51,3.89,1.84,1,0,433,Normal,0,0
1/4/2025 6:57,7,80.98,45.75,38.44,4.09,2.1,1,0,404,Normal,0,0
1/4/2025 6:58,3,71.65,40.1,74.49,1.77,4.22,1,0,431,Normal,0,0
1/4/2025 6:59,10,67.27,47.31,62.81,4.88,2.84,2,0,277,Pressure Drop,0,1
1/4/2025 7:00,34,77.59,83.49,78.56,1.65,1.56,1,1,17,Normal,1,1
1/4/2025 7:01,25,75.27,44.7,34.39,2.25,4.67,0,0,470,Normal,0,0
1/4/2025 7:02,35,58.43,57.44,75.38,2.82,3.99,1,0,335,Normal,0,0
1/4/2025 7:03,16,56.8,63.23,59.69,2.46,1.78,1,0,110,Normal,0,0
1/4/2025 7:04,2,80.71,59.67,46.15,1.78,1.21,1,0,26,Normal,0,0
1/4/2025 7:05,24,67.57,30.85,79.42,3.53,0.7,1,0,110,Normal,0,0
1/4/2025 7:06,10,76.52,54.36,60.05,4.01,2.59,1,0,185,Normal,0,0
1/4/2025 7:07,38,77.32,25.81,46.67,1.33,1.49,1,0,198,Normal,0,0
1/4/2025 7:08,22,87.03,41.27,54.8,4.59,3.8,2,0,164,Vibration Issue,0,1
1/4/2025 7:09,26,91.5,76.89,44.08,1.63,2.62,1,1,36,Normal,1,1
1/4/2025 7:10,43,63.56,34.33,54.5,3.34,4.29,1,0,271,Normal,0,0
1/4/2025 7:11,39,73.51,37.18,51.14,1.25,4.79,1,0,268,Normal,0,0
1/4/2025 7:12,27,73.76,54.42,61.44,2.25,3.29,1,0,169,Normal,0,0
1/4/2025 7:13,29,90.19,43.7,63.31,3.95,0.66,1,1,23,Normal,1,1
1/4/2025 7:14,47,60.61,57.96,37.98,2.24,4.22,1,0,485,Normal,0,0
1/4/2025 7:15,38,89.36,57.89,53.09,1.58,4.18,1,0,98,Normal,0,0
1/4/2025 7:16,20,80.63,48.25,60.54,4.49,3,1,0,134,Normal,0,0
1/4/2025 7:17,27,69.51,46.67,53.17,3.42,0.54,1,0,222,Normal,0,0
1/4/2025 7:18,41,83.72,71.78,68.57,4.78,3.85,1,0,313,Normal,0,0
1/4/2025 7:19,20,71.25,66.07,66.07,3.12,4.71,1,0,74,Normal,0,0
1/4/2025 7:20,44,58.84,63.64,55.14,2.38,1.89,1,0,320,Normal,0,0
1/4/2025 7:21,19,76.21,42.37,41.22,1.06,3.8,1,0,41,Normal,0,0
1/4/2025 7:22,20,72.36,44.43,32.24,1.3,0.99,1,0,232,Normal,0,0
1/4/2025 7:23,35,70.15,51.82,48.47,4.05,1.15,1,0,223,Normal,0,0
1/4/2025 7:24,47,67.09,21.72,41.02,3.79,4.69,1,0,171,Normal,0,0
1/4/2025 7:25,2,81.15,24.18,47.54,1.67,2.81,1,0,86,Normal,0,0
1/4/2025 7:26,30,74.85,35.92,42.32,4.99,2.47,1,0,377,Normal,0,0
1/4/2025 7:27,34,70.25,33.85,51.52,2.97,2.98,1,0,495,Normal,0,0
1/4/2025 7:28,22,68.93,49.8,53.45,1.23,1.45,1,0,230,Normal,0,0
1/4/2025 7:29,3,70.4,62.15,59.5,1.72,4.01,1,0,106,Normal,0,0
1/4/2025 7:30,6,69.17,45.71,74.05,4.31,4.43,1,0,165,Normal,0,0
1/4/2025 7:31,15,70.93,43.61,71.74,3.07,2.72,1,0,419,Normal,0,0
1/4/2025 7:32,27,82.27,57.78,43.26,3.28,4.23,1,0,222,Normal,0,0
1/4/2025 7:33,10,71.29,53.32,52.9,1.67,3.87,1,0,19,Normal,0,1
1/4/2025 7:34,9,76.53,29.3,54.52,2.65,0.74,1,0,105,Normal,0,0
1/4/2025 7:35,33,71.15,58.93,46.08,4.73,3.93,1,0,465,Normal,0,0
1/4/2025 7:36,32,57.26,49.58,35.82,1.57,3.2,1,0,263,Normal,0,0
1/4/2025 7:37,48,77.18,6.26,32.78,2.67,4.91,1,0,363,Normal,0,0
1/4/2025 7:38,6,67.84,39.5,31.02,3.15,3.21,1,0,159,Normal,0,0
1/4/2025 7:39,41,81.67,44.16,34.46,1.62,2.9,1,0,255,Normal,0,0
1/4/2025 7:40,36,91.55,58.29,47.84,2.45,0.7,1,1,22,Normal,1,1
1/4/2025 7:41,2,68.39,68.24,55.71,3.31,4.56,1,0,58,Normal,0,0
1/4/2025 7:42,29,84.05,71.27,34.4,2.89,4.66,1,0,346,Normal,0,0
1/4/2025 7:43,4,70.88,23.85,44.42,1.72,3,1,0,194,Normal,0,0
1/4/2025 7:44,1,71.92,47.61,77.32,2.29,3.57,1,0,33,Normal,0,0
1/4/2025 7:45,19,78.78,46.72,45.37,2.43,4.79,1,0,460,Normal,0,0
1/4/2025 7:46,26,55.33,35.65,57.94,3.85,0.58,1,0,195,Normal,0,0
1/4/2025 7:47,25,57.76,48.32,59.88,1.84,3.85,1,0,475,Normal,0,0
1/4/2025 7:48,10,75.57,50.99,78.05,1.14,4,1,0,234,Normal,0,0
1/4/2025 7:49,15,48.81,26.6,30.18,3.77,4.04,1,0,334,Normal,0,0
1/4/2025 7:50,22,85.85,27.72,60.05,4.74,3,1,0,99,Normal,0,0
1/4/2025 7:51,48,88.35,55.88,37.6,2.21,4.26,1,0,286,Normal,0,0
1/4/2025 7:52,21,78.54,72.49,40.84,3.97,4.53,1,0,165,Normal,0,0
1/4/2025 7:53,22,73.69,60.03,70.51,2.71,1.77,1,0,488,Normal,0,0
1/4/2025 7:54,36,86.09,77.49,51.18,1.4,1.1,1,0,325,Normal,0,0
1/4/2025 7:55,34,70.35,42.97,51.45,3.77,4.56,1,0,390,Normal,0,0
1/4/2025 7:56,30,71.23,32.28,57.31,3.69,2.3,2,0,351,Vibration Issue,0,1
1/4/2025 7:57,25,73.63,38.08,79.9,4.06,1.18,1,0,183,Normal,0,0
1/4/2025 7:58,45,66.72,33.95,72.78,1.65,4.82,1,0,460,Normal,0,0
1/4/2025 7:59,28,87.92,36.42,65.71,2.04,2.27,1,0,15,Normal,0,1
1/4/2025 8:00,1,87.61,19.86,40.12,2.39,1,1,0,326,Normal,0,0
1/4/2025 8:01,49,65.59,61.4,69.92,1.25,4.82,1,0,222,Normal,0,0
1/4/2025 8:02,45,67.5,19.51,62.85,1.12,1.06,2,0,188,Vibration Issue,0,1
1/4/2025 8:03,4,71.51,38.5,54.22,1.55,2.19,2,0,65,Pressure Drop,0,1
1/4/2025 8:04,7,87.02,61.34,30.25,1.16,2.01,1,0,186,Normal,0,0
1/4/2025 8:05,49,71.46,69.13,79.53,1.43,1.03,1,0,17,Normal,0,1
1/4/2025 8:06,9,76.57,50.55,71.25,2.25,1.82,1,0,257,Normal,0,0
1/4/2025 8:07,36,64.33,53.98,76.41,2.49,4.14,1,0,72,Normal,0,0
1/4/2025 8:08,19,90.22,57.48,61.93,3.51,4.75,1,1,15,Normal,1,1
1/4/2025 8:09,1,63.31,35.22,59.47,4.78,3.25,1,0,278,Normal,0,0
1/4/2025 8:10,10,70.88,46.95,79.47,3.42,1.19,1,0,383,Normal,0,0
1/4/2025 8:11,36,57.94,44.1,40.95,3.31,1.79,2,0,131,Pressure Drop,0,1
1/4/2025 8:12,9,87.35,39.95,75.97,2.16,1.48,1,0,376,Normal,0,0
1/4/2025 8:13,45,74.69,35.43,62.68,4.78,1.11,1,0,452,Normal,0,0
1/4/2025 8:14,46,92.79,64.69,72.58,1.14,3.88,1,1,2,Normal,1,1
1/4/2025 8:15,42,65.19,35.42,70.48,4.66,4.06,1,0,386,Normal,0,0
1/4/2025 8:16,32,85.49,39.44,79.59,1.63,4.7,1,0,327,Normal,0,0
1/4/2025 8:17,32,78.93,49.43,57.68,2.06,2.84,1,0,292,Normal,0,0
1/4/2025 8:18,6,67.07,34.46,69.99,1.22,3.93,1,0,243,Normal,0,0
1/4/2025 8:19,48,68.41,60.67,31.37,4.56,2.92,1,0,438,Normal,0,0
1/4/2025 8:20,38,80.48,85.7,45.38,1.2,3.11,1,1,21,Normal,1,1
1/4/2025 8:21,17,74.62,40.2,73.27,3.27,4.32,1,0,141,Normal,0,0
1/4/2025 8:22,10,68.16,70.56,32.53,1.62,4.1,1,0,76,Normal,0,0
1/4/2025 8:23,50,92.48,67.36,54.43,1.78,3.5,1,1,39,Normal,1,1
1/4/2025 8:24,27,75.44,55.77,54.24,1.47,1.73,1,0,252,Normal,0,0
1/4/2025 8:25,50,71.25,67.79,57.29,3.15,1.33,1,0,46,Normal,0,0
1/4/2025 8:26,35,64.18,41.9,32.08,3.31,3.67,1,0,307,Normal,0,0
1/4/2025 8:27,21,69.8,57.61,78.18,1.6,3.32,1,0,274,Normal,0,0
1/4/2025 8:28,25,53.57,59.42,56.26,4.53,1.55,2,0,316,Vibration Issue,0,1
1/4/2025 8:29,28,75.02,62.11,75.51,1.54,1.27,1,0,165,Normal,0,0
1/4/2025 8:30,47,82.33,61.75,71.58,2.62,0.56,1,0,323,Normal,0,0
1/4/2025 8:31,15,89.35,51.82,43.64,3.68,2.44,1,0,213,Normal,0,0
1/4/2025 8:32,4,70.82,47.85,70.17,3.83,0.99,1,0,121,Normal,0,0
1/4/2025 8:33,29,79.79,59.49,65.47,3.92,2.48,0,0,60,Normal,0,0
1/4/2025 8:34,9,71.54,55.81,78.05,4.82,1.84,1,0,164,Normal,0,0
1/4/2025 8:35,27,57.1,79.54,63.21,1.32,4.66,1,0,197,Normal,0,0
1/4/2025 8:36,26,54.57,51.02,79.39,3.67,4.7,1,0,265,Normal,0,0
1/4/2025 8:37,19,73.91,29.54,32.93,3.69,2.35,1,0,57,Normal,0,0
1/4/2025 8:38,28,54.74,43.76,69.17,2.89,1.12,1,0,237,Normal,0,0
1/4/2025 8:39,17,72.45,53.99,74.53,3.98,1.09,1,0,182,Normal,0,0
1/4/2025 8:40,43,70.72,42.37,55.61,3.67,2.71,1,0,274,Normal,0,0
1/4/2025 8:41,41,57.39,24.31,62.48,1.03,1.07,1,0,54,Normal,0,0
1/4/2025 8:42,42,47.84,39.41,75.05,3.78,2.53,1,0,450,Normal,0,0
1/4/2025 8:43,50,67.63,60.42,59.37,3.84,3.58,0,0,324,Normal,0,0
1/4/2025 8:44,20,89.67,4.01,52.39,2.11,4.68,1,0,376,Normal,0,0
1/4/2025 8:45,45,77.48,66.95,31.09,1.71,3.94,1,0,464,Normal,0,0
1/4/2025 8:46,40,67.52,63.86,55.39,2.33,1.91,1,0,354,Normal,0,0
1/4/2025 8:47,39,66.81,51.73,54.2,2.41,2.82,2,0,239,Pressure Drop,0,1
1/4/2025 8:48,49,78.3,23.43,77.47,4.25,0.92,0,0,246,Normal,0,0
1/4/2025 8:49,23,75.69,20.29,51.2,1.04,1.85,1,0,226,Normal,0,0
1/4/2025 8:50,47,81.52,49.37,60,4.14,3.97,1,0,466,Normal,0,0
1/4/2025 8:51,32,92.44,37,52.24,3.26,3.19,1,1,23,Normal,1,1
1/4/2025 8:52,47,85.87,39.13,33.09,2.65,4.13,1,0,412,Normal,0,0
1/4/2025 8:53,33,85.65,61.98,54.09,2.64,0.85,1,0,443,Normal,0,0
1/4/2025 8:54,46,73.59,68.56,77.78,4.43,2.02,1,0,304,Normal,0,0
1/4/2025 8:55,5,52.2,74.23,44.12,1.61,2.96,1,0,376,Normal,0,0
1/4/2025 8:56,43,53.33,82.94,63.1,2.38,4.62,2,1,4,Vibration Issue,1,1
1/4/2025 8:57,48,79.47,55.2,53.07,4.37,2.08,0,0,364,Normal,0,0
1/4/2025 8:58,34,69,36.04,46.52,3.81,2.66,1,0,144,Normal,0,0
1/4/2025 8:59,40,91.02,55.57,63.39,1.5,2.32,1,1,44,Normal,1,1
1/4/2025 9:00,11,89.24,50.29,34.5,2.7,3.33,1,0,11,Normal,0,1
1/4/2025 9:01,50,75.81,62.11,58.56,4.38,1.47,1,0,373,Normal,0,0
1/4/2025 9:02,3,69.75,44.23,47.86,2.64,1.61,1,0,421,Normal,0,0
1/4/2025 9:03,33,65.46,63.55,33.73,3.78,1.58,2,0,89,Vibration Issue,0,1
1/4/2025 9:04,11,90.72,53.72,71.33,4.16,3.88,1,1,45,Normal,1,1
1/4/2025 9:05,16,76.26,48.44,68.48,1.8,1.86,1,0,455,Normal,0,0
1/4/2025 9:06,18,67.57,69.14,69.86,2.48,2.71,1,0,473,Normal,0,0
1/4/2025 9:07,30,73.7,45.57,33.74,1.41,4.72,1,0,157,Normal,0,0
1/4/2025 9:08,48,72.24,54.6,44.78,1.03,0.58,1,0,446,Normal,0,0
1/4/2025 9:09,10,92.63,48.4,55.21,2.88,2.86,1,1,7,Normal,1,1
1/4/2025 9:10,18,76.72,34.82,77.11,4.15,0.79,2,0,20,Pressure Drop,0,1
1/4/2025 9:11,38,75.16,59.31,61.51,4.37,1.66,1,0,17,Normal,0,1
1/4/2025 9:12,19,61.32,29.91,50.29,2.29,1.96,1,0,164,Normal,0,0
1/4/2025 9:13,36,79.63,68.19,64.63,1.76,4.81,1,0,410,Normal,0,0
1/4/2025 9:14,13,75.43,53.25,37.65,4.79,1.34,1,0,34,Normal,0,0
1/4/2025 9:15,46,80.3,41.21,62.64,3.54,4.33,1,0,241,Normal,0,0
1/4/2025 9:16,3,75.53,58.86,73.75,1.54,3.74,0,0,96,Normal,0,0
1/4/2025 9:17,10,71.54,49.74,73.12,1.68,3.01,1,0,89,Normal,0,0
1/4/2025 9:18,38,75.5,51.35,77.87,4.99,2.07,1,0,33,Normal,0,0
1/4/2025 9:19,1,67.27,40.05,37.6,3.34,3.52,1,0,273,Normal,0,0
1/4/2025 9:20,27,76.54,48.19,72.79,3.05,1.67,1,0,450,Normal,0,0
1/4/2025 9:21,46,87.91,60.27,58.4,3.89,1.25,1,0,461,Normal,0,0
1/4/2025 9:22,8,83.82,68.09,30.6,2.73,3.75,1,0,355,Normal,0,0
1/4/2025 9:23,46,72.08,68.05,66.17,2.09,1.38,1,0,49,Normal,0,0
1/4/2025 9:24,42,72.91,32.92,53.95,4.91,3.79,1,0,167,Normal,0,0
1/4/2025 9:25,17,80.85,32.35,38.29,2.01,2.48,1,0,291,Normal,0,0
1/4/2025 9:26,9,78.73,65.7,49.97,4.03,3.69,1,0,164,Normal,0,0
1/4/2025 9:27,6,74.99,61.98,51.61,4.07,3.76,1,0,94,Normal,0,0
1/4/2025 9:28,43,69.43,76.72,71.1,3.56,4.44,2,0,441,Normal,0,1
1/4/2025 9:29,25,66.12,64.74,71.31,2.39,2.97,1,0,204,Normal,0,0
1/4/2025 9:30,39,65.99,68.3,72.37,3.71,1.48,1,0,335,Normal,0,0
1/4/2025 9:31,49,73.38,34.57,68.16,4.16,2.85,1,0,356,Normal,0,0
1/4/2025 9:32,28,78.37,38.25,67.33,4.67,0.89,1,0,349,Normal,0,0
1/4/2025 9:33,33,57.82,57.31,64.82,2.59,2.06,1,0,117,Normal,0,0
1/4/2025 9:34,37,82.31,48.41,64.45,4.83,1.54,0,0,409,Normal,0,0
1/4/2025 9:35,9,64.34,44.77,44.19,2.9,1.13,1,0,333,Normal,0,0
1/4/2025 9:36,18,68.15,100.05,62.52,2.94,1.28,2,1,4,Vibration Issue,1,1
1/4/2025 9:37,21,72.46,45.92,38.1,1.87,4.9,1,0,417,Normal,0,0
1/4/2025 9:38,2,78.84,45.1,45.07,2.07,4.87,0,0,175,Normal,0,0
1/4/2025 9:39,43,90.08,48.16,53.38,1.87,3.83,1,1,2,Normal,1,1
1/4/2025 9:40,38,70.35,39.74,79.98,1.87,4.23,1,0,364,Normal,0,0
1/4/2025 9:41,40,85.81,52.49,67.44,2.08,2.43,1,0,125,Normal,0,0
1/4/2025 9:42,36,70.98,80.48,68.41,4.64,3.92,1,1,36,Normal,1,1
1/4/2025 9:43,50,88.3,39.26,39.84,2.34,4.98,1,0,438,Normal,0,0
1/4/2025 9:44,43,74.29,55.54,62.67,4.6,2.3,1,0,292,Normal,0,0
1/4/2025 9:45,37,60.14,53.4,43.83,1.36,1.75,1,0,201,Normal,0,0
1/4/2025 9:46,15,67.87,42.29,42.31,1.75,4.22,1,0,134,Normal,0,0
1/4/2025 9:47,28,75.1,39.34,53.07,1.61,2.06,1,0,360,Normal,0,0
1/4/2025 9:48,18,72.91,73.64,65.59,2.82,1.49,2,0,401,Vibration Issue,0,1
1/4/2025 9:49,34,64.84,48.1,36.57,4.33,1.63,1,0,456,Normal,0,0
1/4/2025 9:50,22,61.79,46.4,62.41,3.06,4.62,2,0,254,Vibration Issue,0,1
1/4/2025 9:51,11,83,91.88,31.1,2.54,2.18,1,1,18,Normal,1,1
1/4/2025 9:52,13,51.91,42.46,74.81,4.79,4.08,1,0,416,Normal,0,0
1/4/2025 9:53,4,80.04,74.86,49.26,4.23,2.55,1,0,366,Normal,0,0
1/4/2025 9:54,22,64.02,54.23,31.01,4.49,2.9,1,0,358,Normal,0,0
1/4/2025 9:55,7,93.95,57.1,70.11,1.35,1.44,0,1,35,Normal,1,1
1/4/2025 9:56,43,54.77,59.69,42.76,1.42,3.77,1,0,178,Normal,0,0
1/4/2025 9:57,24,53.96,57.16,40.37,1.07,1.27,1,0,396,Normal,0,0
1/4/2025 9:58,4,70.74,49.91,42.85,4.18,2.98,1,0,456,Normal,0,0
1/4/2025 9:59,28,85.16,56.47,31.91,1.34,3.52,1,0,29,Normal,0,0
1/4/2025 10:00,15,96.76,60.52,79.36,3.39,4.27,1,1,32,Normal,1,1
1/4/2025 10:01,1,84.87,27.35,76.55,2.48,4.82,1,0,145,Normal,0,0
1/4/2025 10:02,3,76.45,76.53,64.85,1.86,2.42,1,0,115,Normal,0,0
1/4/2025 10:03,14,65.28,53.91,68.73,2.75,0.77,1,0,62,Normal,0,0
1/4/2025 10:04,38,67.36,55.74,41.01,1.94,2.24,2,0,337,Pressure Drop,0,1
1/4/2025 10:05,50,68.4,57.33,73.16,1.32,1.9,1,0,485,Normal,0,0
1/4/2025 10:06,1,70.93,57.77,69,3.58,4.88,1,0,470,Normal,0,0
1/4/2025 10:07,38,72.46,51.83,50.78,3.94,1.14,1,0,253,Normal,0,0
1/4/2025 10:08,38,76.99,24.01,35.22,2.95,4,2,0,127,Pressure Drop,0,1
1/4/2025 10:09,21,69.16,26.91,79.72,2.42,2.08,1,0,17,Normal,0,1
1/4/2025 10:10,48,76.61,45.04,46.52,3.06,1.71,1,0,440,Normal,0,0
1/4/2025 10:11,29,78.78,32.74,61.92,1.26,2.67,1,0,398,Normal,0,0
1/4/2025 10:12,5,64.03,67.58,62.34,2.8,3.87,1,0,114,Normal,0,0
1/4/2025 10:13,49,62.49,60.86,74.12,1.84,2.81,1,0,499,Normal,0,0
1/4/2025 10:14,10,85.97,59.76,63.79,1.86,0.77,1,0,295,Normal,0,0
1/4/2025 10:15,28,76.24,53.68,52.66,4.5,1.08,0,0,133,Normal,0,0
1/4/2025 10:16,21,73.49,51.36,43.28,4.47,1.31,1,0,46,Normal,0,0
1/4/2025 10:17,50,60.75,53.97,54.91,1.82,3.74,1,0,401,Normal,0,0
1/4/2025 10:18,7,82.69,64.81,64.03,3.59,4.38,1,0,484,Normal,0,0
1/4/2025 10:19,3,74.98,39.36,55.98,3.07,4.86,2,0,307,Pressure Drop,0,1
1/4/2025 10:20,45,89.96,41.81,76.11,2.24,3.96,1,0,319,Normal,0,0
1/4/2025 10:21,47,76.93,39.17,56.43,3.89,4.38,1,0,74,Normal,0,0
1/4/2025 10:22,20,72.41,39.3,55.29,3.03,3,1,0,157,Normal,0,0
1/4/2025 10:23,19,68.83,51.76,59.42,1.82,4.54,1,0,75,Normal,0,0
1/4/2025 10:24,35,90.79,67.97,65.8,2.44,3.83,2,1,2,Overheating,1,1
1/4/2025 10:25,4,84.91,48.7,49.75,4.62,2.33,0,0,99,Normal,0,0
1/4/2025 10:26,5,77.21,81.84,73.85,4.55,2.83,1,1,29,Normal,1,1
1/4/2025 10:27,1,84.42,55.18,70.95,4.86,0.82,1,0,405,Normal,0,0
1/4/2025 10:28,4,78.37,44.01,50.28,4.45,0.65,1,0,153,Normal,0,0
1/4/2025 10:29,12,56.89,75.83,36.96,2.54,3.22,1,0,60,Normal,0,0
1/4/2025 10:30,27,84.41,51.06,76.13,3.64,4.14,1,0,78,Normal,0,0
1/4/2025 10:31,42,82,61.9,33.55,3.98,2.58,0,0,145,Normal,0,0
1/4/2025 10:32,23,64.06,33.35,42.81,3.04,1.38,1,0,198,Normal,0,0
1/4/2025 10:33,25,80.87,47.18,37.12,3.44,2.47,1,0,141,Normal,0,0
1/4/2025 10:34,21,66.63,54.78,75.25,1.09,1.74,1,0,264,Normal,0,0
1/4/2025 10:35,24,70.73,39.26,65.5,2.43,4.96,1,0,75,Normal,0,0
1/4/2025 10:36,25,76.51,43.73,73.07,4.14,3.94,1,0,399,Normal,0,0
1/4/2025 10:37,45,76,47.3,41.35,3.92,2.46,1,0,334,Normal,0,0
1/4/2025 10:38,46,74.18,59.47,69.55,2.03,1.89,1,0,457,Normal,0,0
1/4/2025 10:39,32,58.78,13.15,54.42,2.45,0.82,1,0,160,Normal,0,0
1/4/2025 10:40,32,75.46,30.34,73.19,1.78,1.36,1,0,443,Normal,0,0
1/4/2025 10:41,5,91.73,69.06,47.22,2.52,4.15,1,1,29,Normal,1,1
1/4/2025 10:42,36,77.7,61.16,65.07,2.09,3.04,1,0,158,Normal,0,0
1/4/2025 10:43,46,73.21,40.7,45.06,2.67,0.56,1,0,20,Normal,0,0
1/4/2025 10:44,42,81.91,60.82,34.72,2.89,4.92,1,0,475,Normal,0,0
1/4/2025 10:45,49,76.5,50.62,63.44,1.28,2.75,1,0,396,Normal,0,0
1/4/2025 10:46,42,70.78,33.19,44.31,2.39,3.42,2,0,302,Vibration Issue,0,1
1/4/2025 10:47,39,84.15,31.3,31.05,3.9,4.44,0,0,378,Normal,0,0
1/4/2025 10:48,16,77.62,30.61,57.67,2.57,0.69,1,0,338,Normal,0,0
1/4/2025 10:49,33,79.07,42.33,76.77,2.61,3.68,0,0,98,Normal,0,0
1/4/2025 10:50,49,73.01,61.18,34.14,2.49,4.74,0,0,29,Normal,0,0
1/4/2025 10:51,21,74,37.4,38.1,1.49,3.51,1,0,230,Normal,0,0
1/4/2025 10:52,9,82.98,40.43,76.49,1.39,2.49,1,0,227,Normal,0,0
1/4/2025 10:53,6,69.94,54.14,68.11,1.8,0.76,1,0,284,Normal,0,0
1/4/2025 10:54,45,98.21,57.91,61.69,3.96,4.48,1,1,15,Normal,1,1
1/4/2025 10:55,35,69.1,43.28,71.47,2.56,3.79,1,0,434,Normal,0,0
1/4/2025 10:56,39,68.91,38.86,60.5,1.39,2.71,1,0,142,Normal,0,0
1/4/2025 10:57,22,85.36,30.9,36.02,2.66,2.76,1,0,10,Normal,0,1
1/4/2025 10:58,41,74.77,83.08,54.82,4.86,1.7,0,1,17,Normal,1,1
1/4/2025 10:59,5,80.99,32.18,58.44,1.94,2.08,2,0,14,Pressure Drop,0,1
1/4/2025 11:00,42,90.18,33.86,73.99,4.87,3.75,1,1,26,Normal,1,1
1/4/2025 11:01,23,79.07,26,55.4,4.66,4.98,2,0,72,Overheating,0,1
1/4/2025 11:02,17,78.35,67.38,55.41,2.32,3.82,1,0,98,Normal,0,0
1/4/2025 11:03,12,69.48,66.1,57.74,1.55,1.08,1,0,127,Normal,0,0
1/4/2025 11:04,23,66.5,56.31,35.43,3.32,3.65,1,0,422,Normal,0,0
1/4/2025 11:05,16,59.62,39.88,74.02,3.82,2.61,2,0,366,Overheating,0,1
1/4/2025 11:06,3,67.87,65.8,51.21,3.06,0.52,2,0,430,Pressure Drop,0,1
1/4/2025 11:07,30,70.25,53.63,70.71,4.08,2.4,1,0,390,Normal,0,0
1/4/2025 11:08,22,67.56,56.52,57.58,4.55,3.3,0,0,361,Normal,0,0
1/4/2025 11:09,9,72.46,54.01,64.82,4.79,3.18,1,0,421,Normal,0,0
1/4/2025 11:10,29,70.25,20.45,44.21,3.36,2.63,1,0,299,Normal,0,0
1/4/2025 11:11,47,83.43,50.86,65.4,2.22,3.7,1,0,135,Normal,0,0
1/4/2025 11:12,37,61.9,45.65,34.28,3.84,1.23,2,0,452,Pressure Drop,0,1
1/4/2025 11:13,23,84.9,54.74,40.17,4.06,1.79,1,0,306,Normal,0,0
1/4/2025 11:14,13,81.82,42.33,70.42,2.08,4.78,1,0,165,Normal,0,0
1/4/2025 11:15,32,65.77,56.4,62.84,2.02,0.97,1,0,301,Normal,0,0
1/4/2025 11:16,46,62.26,65.04,39.38,1.96,3.29,1,0,241,Normal,0,0
1/4/2025 11:17,47,80.61,4.77,50.51,4.87,3.4,1,0,219,Normal,0,0
1/4/2025 11:18,48,80.59,75.48,65.15,3.31,3.07,1,0,249,Normal,0,0
1/4/2025 11:19,23,67.08,51.21,61.28,3.22,0.96,1,0,473,Normal,0,0
1/4/2025 11:20,45,61.75,38.28,46.92,4.92,3.2,2,0,218,Overheating,0,1
1/4/2025 11:21,17,70.98,50.11,75.79,2.7,4.08,1,0,54,Normal,0,0
1/4/2025 11:22,40,42.9,43.1,62.58,2.21,3.69,1,0,450,Normal,0,0
1/4/2025 11:23,21,80.46,35.26,32.33,1.21,4.21,1,0,481,Normal,0,0
1/4/2025 11:24,2,68.67,42.52,54.03,2.13,3.66,1,0,478,Normal,0,0
1/4/2025 11:25,37,76.98,61.44,57.26,3.71,0.72,0,0,41,Normal,0,0
1/4/2025 11:26,6,92.92,54.71,58.47,4.34,1.34,1,1,24,Normal,1,1
1/4/2025 11:27,44,71.07,53.04,52.85,1.71,2.55,0,0,165,Normal,0,0
1/4/2025 11:28,18,81.78,60.35,48,1.2,2.94,2,0,92,Pressure Drop,0,1
1/4/2025 11:29,30,72.44,80.29,38.69,3.78,3.5,1,1,17,Normal,1,1
1/4/2025 11:30,22,70.57,40.47,43.7,1.41,1.37,2,0,434,Normal,0,1
1/4/2025 11:31,33,90.27,82.71,42.01,2.38,4.93,1,1,10,Normal,1,1
1/4/2025 11:32,30,69.45,51.97,61.14,1.04,3.74,0,0,239,Normal,0,0
1/4/2025 11:33,17,80.48,45.59,52.23,4.25,0.97,1,0,499,Normal,0,0
1/4/2025 11:34,43,78.15,30.79,32.2,4.88,3.21,2,0,332,Pressure Drop,0,1
1/4/2025 11:35,32,79.19,45.01,32.33,2.04,3.38,1,0,187,Normal,0,0
1/4/2025 11:36,42,81.26,65.08,52.2,3.81,2.05,2,0,427,Electrical Fault,0,1
1/4/2025 11:37,14,80.17,35.14,33.59,2.07,4.85,1,0,210,Normal,0,0
1/4/2025 11:38,10,69.36,30.49,79.23,3.09,0.6,1,0,292,Normal,0,0
1/4/2025 11:39,47,70.68,44.16,46.7,1.31,2.79,0,0,94,Normal,0,0
1/4/2025 11:40,36,77.75,72.37,38.09,1.38,4.91,1,0,137,Normal,0,0
1/4/2025 11:41,34,56.45,49.77,36.84,4.33,1.55,0,0,427,Normal,0,0
1/4/2025 11:42,9,78.66,61.77,38.92,3.14,2.96,1,0,275,Normal,0,0
1/4/2025 11:43,42,69.24,46.36,43.23,4.38,2.21,1,0,23,Normal,0,0
1/4/2025 11:44,28,85.44,47.53,39.12,4.24,1.48,2,0,367,Vibration Issue,0,1
1/4/2025 11:45,11,55.39,17.3,43.29,1.42,0.92,1,0,226,Normal,0,0
1/4/2025 11:46,14,79.64,53.86,59.67,3.12,3.67,2,0,409,Electrical Fault,0,1
1/4/2025 11:47,39,77.71,63.16,45.73,3.54,4.72,1,0,402,Normal,0,0
1/4/2025 11:48,47,76.55,43.96,32.39,2.36,2.44,1,0,35,Normal,0,0
1/4/2025 11:49,19,88.2,46.53,41.13,4.11,1.29,1,0,479,Normal,0,0
1/4/2025 11:50,15,75.15,76.85,41.97,2.76,3.85,1,0,302,Normal,0,0
1/4/2025 11:51,28,77.52,74.32,31.88,3.36,3.64,1,0,175,Normal,0,0
1/4/2025 11:52,24,62.81,51.78,69.9,3.76,3.79,1,0,394,Normal,0,0
1/4/2025 11:53,8,76.28,69.91,57.78,3.66,3.68,1,0,411,Normal,0,0
1/4/2025 11:54,43,72.44,53.03,77.23,3.16,4.52,1,0,308,Normal,0,0
1/4/2025 11:55,9,72.28,65.41,72.15,1.62,3.58,1,0,43,Normal,0,0
1/4/2025 11:56,47,59.02,75.16,54.56,4.54,4.93,1,0,47,Normal,0,0
1/4/2025 11:57,33,92.3,46.41,72.31,1.21,4.61,1,1,8,Normal,1,1
1/4/2025 11:58,33,65.45,46.08,33.84,3.04,3.62,1,0,371,Normal,0,0
1/4/2025 11:59,19,72.07,28.56,64.35,3.46,2.78,1,0,61,Normal,0,0
1/4/2025 12:00,3,60.14,46.8,45.17,1.89,1.18,1,0,489,Normal,0,0
1/4/2025 12:01,10,60.52,38.03,41.72,2.4,4.61,1,0,324,Normal,0,0
1/4/2025 12:02,40,60.69,49.12,54.35,4.46,2.22,1,0,10,Normal,0,1
1/4/2025 12:03,47,90.49,54.61,55.3,1.94,3.7,1,1,7,Normal,1,1
1/4/2025 12:04,42,58.93,49.02,71.87,1.44,2.93,1,0,319,Normal,0,0
1/4/2025 12:05,1,69.26,57.23,47.58,1.01,4.18,1,0,91,Normal,0,0
1/4/2025 12:06,29,71,59.28,77.81,4.86,2.34,1,0,356,Normal,0,0
1/4/2025 12:07,50,67.62,18.19,38.4,4.72,3.44,1,0,309,Normal,0,0
1/4/2025 12:08,34,66.3,44.51,50.08,4.32,3.91,1,0,391,Normal,0,0
1/4/2025 12:09,13,70.7,70.03,48.64,3.73,3.82,1,0,308,Normal,0,0
1/4/2025 12:10,1,62.62,79.41,72.94,4.76,2.09,1,0,329,Normal,0,0
1/4/2025 12:11,34,84.32,28.5,79.79,3.67,2.48,1,0,459,Normal,0,0
1/4/2025 12:12,29,90.57,65.55,47.79,3.44,1.68,1,1,22,Normal,1,1
1/4/2025 12:13,48,87.5,53.45,56.39,2.12,1.79,1,0,248,Normal,0,0
1/4/2025 12:14,47,55.75,57.56,77.2,4.86,0.71,1,0,32,Normal,0,0
1/4/2025 12:15,13,55.06,26.41,43.93,4.25,3.85,1,0,269,Normal,0,0
1/4/2025 12:16,48,59.3,52.76,42.37,3.38,4.76,0,0,207,Normal,0,0
1/4/2025 12:17,49,80.38,53.48,36.26,2.1,1.62,0,0,116,Normal,0,0
1/4/2025 12:18,29,69.78,72.71,46.46,1.74,2.39,1,0,328,Normal,0,0
1/4/2025 12:19,39,98.97,56.7,60.13,1.37,2.59,1,1,14,Normal,1,1
1/4/2025 12:20,24,75.25,43.05,30.3,3.16,1.86,2,0,79,Overheating,0,1
1/4/2025 12:21,26,85.68,39.58,41.2,3.37,4.97,1,0,208,Normal,0,0
1/4/2025 12:22,17,85.86,60.69,68.8,3.22,2.9,1,0,72,Normal,0,0
1/4/2025 12:23,7,65.01,78.56,56.77,1.97,2.34,0,0,424,Normal,0,0
1/4/2025 12:24,13,66.6,50.33,61.58,2.36,0.97,1,0,107,Normal,0,0
1/4/2025 12:25,5,90.44,46.81,68.51,1.21,4.19,0,1,39,Normal,1,1
1/4/2025 12:26,26,57.9,48.83,38,2.31,1.82,1,0,149,Normal,0,0
1/4/2025 12:27,49,73.4,50.57,52.81,2.96,2.71,1,0,160,Normal,0,0
1/4/2025 12:28,3,81.97,47.53,73.2,4.58,4.46,1,0,489,Normal,0,0
1/4/2025 12:29,7,79.77,46.51,35.04,4.76,4.99,1,0,221,Normal,0,0
1/4/2025 12:30,49,71.03,52.67,79.14,2.9,4.87,0,0,56,Normal,0,0
1/4/2025 12:31,39,70.61,46.25,58.16,2.08,1.86,1,0,468,Normal,0,0
1/4/2025 12:32,1,62.41,74.8,61.16,4.32,0.57,1,0,358,Normal,0,0
1/4/2025 12:33,49,65.8,49.03,30.49,3.37,1.67,1,0,15,Normal,0,1
1/4/2025 12:34,17,91.31,66.88,36.14,2.11,4.76,1,1,13,Normal,1,1
1/4/2025 12:35,43,77.04,53.59,79.67,4.89,1.29,1,0,45,Normal,0,0
1/4/2025 12:36,25,68.86,54.41,77.79,2.18,4.92,1,0,297,Normal,0,0
1/4/2025 12:37,3,81.18,37.06,46.87,2.79,4.81,1,0,99,Normal,0,0
1/4/2025 12:38,15,70.41,63.2,79.76,4.29,2.98,1,0,132,Normal,0,0
1/4/2025 12:39,29,64.07,75.41,35.2,2.66,3.2,1,0,321,Normal,0,0
1/4/2025 12:40,43,69.17,42.22,32.77,2.3,3.61,0,0,52,Normal,0,0
1/4/2025 12:41,32,60.85,46.65,50.4,1.09,2.39,1,0,125,Normal,0,0
1/4/2025 12:42,26,90.95,26.83,49.63,1.37,1.76,1,1,29,Normal,1,1
1/4/2025 12:43,16,81.27,46.55,33.78,2.21,1.24,1,0,36,Normal,0,0
1/4/2025 12:44,25,81.2,45.3,41.68,2.38,4.76,2,0,491,Electrical Fault,0,1
1/4/2025 12:45,28,69.61,41.88,35.73,1.69,2.9,1,0,427,Normal,0,0
1/4/2025 12:46,9,74.4,36,35.62,4.69,2.54,0,0,299,Normal,0,0
1/4/2025 12:47,1,70.03,70.94,75,4.59,2.29,2,0,185,Electrical Fault,0,1
1/4/2025 12:48,29,60.86,38.29,57.43,1.63,1.31,1,0,223,Normal,0,0
1/4/2025 12:49,22,84.01,38.77,58.27,1.07,1.61,0,0,272,Normal,0,0
1/4/2025 12:50,16,82.95,42.89,40.75,1.75,3.3,1,0,216,Normal,0,0
1/4/2025 12:51,41,78.98,79.88,45.34,2.36,4.21,1,0,402,Normal,0,0
1/4/2025 12:52,44,75.27,67.12,65.58,3.49,1.27,1,0,54,Normal,0,0
1/4/2025 12:53,41,66.14,37.99,61.66,2.27,3.78,1,0,194,Normal,0,0
1/4/2025 12:54,7,78.33,55.44,55.94,4.45,1.48,2,0,345,Pressure Drop,0,1
1/4/2025 12:55,14,65.27,37.68,43.63,4.88,2.79,1,0,144,Normal,0,0
1/4/2025 12:56,29,66.64,53.89,67.3,2.09,3.13,1,0,348,Normal,0,0
1/4/2025 12:57,19,65.34,61.07,35.93,3.94,4.24,1,0,53,Normal,0,0
1/4/2025 12:58,19,68.46,44.22,45.45,3.98,1.24,1,0,270,Normal,0,0
1/4/2025 12:59,2,67.49,56.04,73.29,3.85,2.62,2,0,43,Electrical Fault,0,1
1/4/2025 13:00,41,82.29,25.22,64.66,2.99,2.44,2,0,214,Pressure Drop,0,1
1/4/2025 13:01,45,64.87,53.18,64.89,3.16,2.96,1,0,110,Normal,0,0
1/4/2025 13:02,15,74.87,72.14,38.45,2.87,3.08,1,0,436,Normal,0,0
1/4/2025 13:03,3,81.07,25.88,42.42,1.5,3.67,1,0,279,Normal,0,0
1/4/2025 13:04,11,87.13,57.77,52.79,1.41,2.58,1,0,354,Normal,0,0
1/4/2025 13:05,46,78.83,39.9,35.69,2.32,4.39,1,0,493,Normal,0,0
1/4/2025 13:06,30,55.96,41.87,60.26,3.25,1.89,1,0,68,Normal,0,0
1/4/2025 13:07,40,72.7,21,73.41,3.13,1.71,1,0,401,Normal,0,0
1/4/2025 13:08,18,82.14,69.2,49.84,2.27,4.34,1,0,360,Normal,0,0
1/4/2025 13:09,48,65.17,82.99,63.28,4.18,2.61,1,1,44,Normal,1,1
1/4/2025 13:10,2,88.29,41.05,41.57,2.32,1.81,1,0,480,Normal,0,0
1/4/2025 13:11,32,88.07,57.73,65.79,1.17,1.44,1,0,469,Normal,0,0
1/4/2025 13:12,8,80.03,20.57,45.18,2.27,1.16,1,0,429,Normal,0,0
1/4/2025 13:13,22,84.55,88.72,66.07,2.7,1.16,1,1,25,Normal,1,1
1/4/2025 13:14,6,87.09,41.73,69.24,2.81,0.84,1,0,264,Normal,0,0
1/4/2025 13:15,12,75.63,22.97,37.34,2.76,0.94,1,0,187,Normal,0,0
1/4/2025 13:16,47,83.79,47.94,36.53,2.42,4.03,2,0,116,Overheating,0,1
1/4/2025 13:17,40,63.47,19.16,38.67,1.61,0.89,0,0,219,Normal,0,0
1/4/2025 13:18,36,82.25,54.67,72.46,3.74,3.01,1,0,104,Normal,0,0
1/4/2025 13:19,15,78.95,35.05,57.13,4.64,0.51,1,0,262,Normal,0,0
1/4/2025 13:20,28,99.93,63.31,60.62,2.17,3.41,2,1,2,Vibration Issue,1,1
1/4/2025 13:21,49,71.14,47.85,65.46,3.16,2.43,1,0,362,Normal,0,0
1/4/2025 13:22,45,87.76,56.13,59.56,4.03,4.78,0,0,148,Normal,0,0
1/4/2025 13:23,18,84.5,49.81,70.59,1.9,2.43,1,0,134,Normal,0,0
1/4/2025 13:24,2,73.93,44.24,45.13,3.95,0.58,1,0,433,Normal,0,0
1/4/2025 13:25,13,56.87,46.9,38.92,3.06,3.25,2,0,129,Vibration Issue,0,1
1/4/2025 13:26,45,71.01,30.78,33.88,1.17,3.75,2,0,119,Overheating,0,1
1/4/2025 13:27,15,73.88,77.31,35.06,1.37,1.02,1,0,127,Normal,0,0
1/4/2025 13:28,20,84.54,33.71,50.48,4.62,1.2,0,0,308,Normal,0,0
1/4/2025 13:29,29,77.79,51.46,75.92,4.67,2.69,0,0,225,Normal,0,0
1/4/2025 13:30,42,75.34,38.46,51.91,1.15,3.68,1,0,188,Normal,0,0
1/4/2025 13:31,29,83.24,61.87,57.1,1.65,1.37,1,0,255,Normal,0,0
1/4/2025 13:32,3,82.74,38.47,50.5,1.56,3.14,2,0,338,Vibration Issue,0,1
1/4/2025 13:33,19,84.69,35.94,50.23,3.96,3.34,1,0,419,Normal,0,0
1/4/2025 13:34,3,66.49,43.88,78.13,1.7,3.45,1,0,48,Normal,0,0
1/4/2025 13:35,14,84.71,32.96,64.87,1.45,4.17,1,0,198,Normal,0,0
1/4/2025 13:36,40,88.02,12.91,51.54,3.64,4.04,1,0,329,Normal,0,0
1/4/2025 13:37,4,101.72,52.82,51.17,3.72,0.97,1,1,38,Normal,1,1
1/4/2025 13:38,11,79.96,44.61,54.62,3.39,3.64,1,0,242,Normal,0,0
1/4/2025 13:39,31,85.91,43.01,62.64,1.8,2.89,1,0,15,Normal,0,1
1/4/2025 13:40,43,79.6,71.8,52.16,3.84,1.16,1,0,159,Normal,0,0
1/4/2025 13:41,32,81.33,76.18,75.8,4.97,4.43,1,0,118,Normal,0,0
1/4/2025 13:42,27,85.92,29.87,35.63,4.16,1.06,1,0,411,Normal,0,0
1/4/2025 13:43,30,58.82,39.51,44.9,4.19,4.17,1,0,360,Normal,0,0
1/4/2025 13:44,43,77.94,62.02,55.43,4.32,2.46,1,0,468,Normal,0,0
1/4/2025 13:45,2,78.26,34.74,66.46,3.11,1.68,1,0,122,Normal,0,0
1/4/2025 13:46,49,68.94,33.97,58.05,4.69,3.44,1,0,335,Normal,0,0
1/4/2025 13:47,9,59.65,37.89,58.35,3.94,4.27,1,0,137,Normal,0,0
1/4/2025 13:48,28,70.36,58.85,71.77,3.21,0.89,2,0,259,Overheating,0,1
1/4/2025 13:49,31,78.16,36.79,45.67,4.05,3.13,1,0,468,Normal,0,0
1/4/2025 13:50,34,72.88,49.35,34.86,1.71,3.44,1,0,445,Normal,0,0
1/4/2025 13:51,15,77.84,41.46,54.48,4.57,4.93,1,0,406,Normal,0,0
1/4/2025 13:52,48,65.69,47.8,42.99,1.47,4.74,1,0,426,Normal,0,0
1/4/2025 13:53,25,76.53,73.14,73.59,2.1,1.61,1,0,251,Normal,0,0
1/4/2025 13:54,36,78.43,57.54,52.6,1.62,2.49,1,0,436,Normal,0,0
1/4/2025 13:55,8,62.39,64.04,53.18,3.65,3.22,0,0,214,Normal,0,0
1/4/2025 13:56,9,61.31,34.87,47.46,4.78,4.86,2,0,224,Overheating,0,1
1/4/2025 13:57,37,83,44.97,64.22,4.46,4.34,1,0,417,Normal,0,0
1/4/2025 13:58,48,76.32,60.69,31.33,3.73,1.21,1,0,49,Normal,0,0
1/4/2025 13:59,45,64.82,63.43,44.62,3.41,4.84,0,0,303,Normal,0,0
1/4/2025 14:00,39,70.86,20.97,30.4,2.26,4.23,1,0,102,Normal,0,0
1/4/2025 14:01,32,79.73,79.25,42.43,1.26,2.9,1,0,13,Normal,0,1
1/4/2025 14:02,17,65.8,49.16,66.73,2.27,4.68,1,0,490,Normal,0,0
1/4/2025 14:03,35,90.44,67.26,67.83,1.45,2.81,2,1,14,Pressure Drop,1,1
1/4/2025 14:04,37,80.6,47.19,45.15,1.96,3.56,1,0,271,Normal,0,0
1/4/2025 14:05,19,83.3,20.74,77.22,3.35,1.22,0,0,129,Normal,0,0
1/4/2025 14:06,44,76.72,39.64,71.67,1.27,1.03,1,0,326,Normal,0,0
1/4/2025 14:07,29,81.09,1.02,48.89,4.47,3.38,1,0,342,Normal,0,0
1/4/2025 14:08,7,96.16,35.02,57.55,2.26,1.11,1,1,48,Normal,1,1
1/4/2025 14:09,28,70.6,24.83,62.73,2.11,1.2,2,0,414,Electrical Fault,0,1
1/4/2025 14:10,9,71.13,36.65,35.34,1.2,2.59,1,0,498,Normal,0,0
1/4/2025 14:11,28,96.06,56.05,59.48,4.2,3,1,1,21,Normal,1,1
1/4/2025 14:12,6,88.01,21.03,70.11,1.1,4.1,1,0,261,Normal,0,0
1/4/2025 14:13,29,73.28,48.98,63.99,4.92,2.87,1,0,65,Normal,0,0
1/4/2025 14:14,17,67.15,21.39,56.76,4.41,3.64,1,0,185,Normal,0,0
1/4/2025 14:15,16,70.85,39.53,62.96,3.34,0.69,1,0,18,Normal,0,1
1/4/2025 14:16,23,95.34,46.36,30.47,1.49,1.2,1,1,40,Normal,1,1
1/4/2025 14:17,31,75.9,48.28,45.47,3.94,3.12,1,0,456,Normal,0,0
1/4/2025 14:18,3,85.54,53.38,72,1.88,4.3,1,0,204,Normal,0,0
1/4/2025 14:19,21,77.41,44.73,40.81,3.6,1.4,1,0,190,Normal,0,0
1/4/2025 14:20,26,78.22,35.07,64.72,1.3,1.12,1,0,465,Normal,0,0
1/4/2025 14:21,36,80.94,42.32,37.05,1.67,1.23,1,0,296,Normal,0,0
1/4/2025 14:22,42,73.8,56.61,35.87,2.33,4.2,1,0,336,Normal,0,0
1/4/2025 14:23,37,72.45,63.82,64,4.51,0.79,1,0,430,Normal,0,0
1/4/2025 14:24,22,90.82,52.07,45.79,3.71,1.71,1,1,31,Normal,1,1
1/4/2025 14:25,42,72.84,42.22,59.7,2.01,4.65,2,0,36,Vibration Issue,0,1
1/4/2025 14:26,12,80.26,28.33,56.59,2.97,4.51,1,0,194,Normal,0,0
1/4/2025 14:27,42,85.77,19.92,77.51,3.49,4.11,1,0,231,Normal,0,0
1/4/2025 14:28,13,80.72,55.42,75.87,1.56,1.66,0,0,315,Normal,0,0
1/4/2025 14:29,11,82.62,33.21,36.42,3.43,3.37,1,0,55,Normal,0,0
1/4/2025 14:30,16,58.69,39.93,37.87,1.21,1.28,1,0,87,Normal,0,0
1/4/2025 14:31,8,77.34,47.79,43.65,3.67,3.58,1,0,109,Normal,0,0
1/4/2025 14:32,40,87.88,46.17,63.97,3.76,3.3,0,0,378,Normal,0,0
1/4/2025 14:33,40,97.57,59.88,43.14,1.48,3.06,1,1,31,Normal,1,1
1/4/2025 14:34,45,86.67,36.28,60.74,2.13,3.08,1,0,141,Normal,0,0
1/4/2025 14:35,2,77.6,31.95,58.87,3.1,3.83,1,0,61,Normal,0,0
1/4/2025 14:36,30,80.89,50.5,55.43,1.86,1.51,1,0,435,Normal,0,0
1/4/2025 14:37,30,82.29,68.36,33.13,4.07,4.36,2,0,181,Pressure Drop,0,1
1/4/2025 14:38,12,54.64,40.74,55.43,4.16,3.08,1,0,444,Normal,0,0
1/4/2025 14:39,10,63.46,25.66,57.82,3.58,3.66,1,0,77,Normal,0,0
1/4/2025 14:40,44,76.44,47.4,63.18,4.1,3.05,2,0,274,Overheating,0,1
1/4/2025 14:41,11,74.22,57.85,74.44,1.53,1.08,1,0,259,Normal,0,0
1/4/2025 14:42,15,71.25,55.34,76.43,1.42,1.56,0,0,472,Normal,0,0
1/4/2025 14:43,16,78.88,38.57,47.64,4.7,0.9,1,0,234,Normal,0,0
1/4/2025 14:44,17,80.04,21.46,53.48,2.83,4.07,1,0,448,Normal,0,0
1/4/2025 14:45,26,59.66,62.16,63.07,4.13,2.86,1,0,205,Normal,0,0
1/4/2025 14:46,2,61.27,50.73,69.21,1.2,1.61,1,0,470,Normal,0,0
1/4/2025 14:47,50,70.85,48.31,66.77,4.6,1.26,1,0,436,Normal,0,0
1/4/2025 14:48,12,80.63,40.83,35.59,4.92,0.7,2,0,242,Normal,0,1
1/4/2025 14:49,26,72.94,64.25,55.05,1.22,3.2,1,0,128,Normal,0,0
1/4/2025 14:50,23,69.59,42.66,34.17,4.89,3.05,1,0,178,Normal,0,0
1/4/2025 14:51,18,89.29,57.01,79.98,2.18,1.8,1,0,339,Normal,0,0
1/4/2025 14:52,32,81.67,49.53,30.06,1.76,2.18,1,0,134,Normal,0,0
1/4/2025 14:53,49,73.25,52.67,70.74,3.97,1.69,0,0,192,Normal,0,0
1/4/2025 14:54,38,93.06,43.62,35.2,1.8,4.7,1,1,47,Normal,1,1
1/4/2025 14:55,47,76.01,40.05,50.01,3.66,1.77,1,0,293,Normal,0,0
1/4/2025 14:56,3,84.55,36.34,37.76,1.05,3.81,1,0,454,Normal,0,0
1/4/2025 14:57,38,65.38,50.14,39.96,1.65,4.51,1,0,135,Normal,0,0
1/4/2025 14:58,3,61.02,63.94,78.62,4.02,3.07,1,0,360,Normal,0,0
1/4/2025 14:59,30,66.94,50.57,55.22,3.81,4.88,1,0,145,Normal,0,0
1/4/2025 15:00,1,80.36,59.86,65.39,4.91,4.9,1,0,442,Normal,0,0
1/4/2025 15:01,30,73.72,55.79,60.8,3.46,1.81,1,0,338,Normal,0,0
1/4/2025 15:02,45,73.29,52.53,55.3,2.9,4.35,1,0,160,Normal,0,0
1/4/2025 15:03,32,77.35,25.29,37.73,1.5,2.35,0,0,381,Normal,0,0
1/4/2025 15:04,28,76.52,54.27,69.38,2.87,4.81,1,0,447,Normal,0,0
1/4/2025 15:05,21,87.29,40.16,68.48,3.91,2.49,1,0,205,Normal,0,0
1/4/2025 15:06,46,69.45,40.91,34.54,4.34,3.71,1,0,326,Normal,0,0
1/4/2025 15:07,13,60.78,42.41,69.19,4.89,2.63,1,0,74,Normal,0,0
1/4/2025 15:08,27,91.36,58.82,77.46,3.56,4.65,1,1,47,Normal,1,1
1/4/2025 15:09,36,70.33,33.51,45,4.47,3.66,1,0,452,Normal,0,0
1/4/2025 15:10,7,87.04,22.35,48.15,4.96,4.61,1,0,381,Normal,0,0
1/4/2025 15:11,22,79.03,27.71,71.37,4.26,1.24,1,0,258,Normal,0,0
1/4/2025 15:12,10,89.69,25.34,71.5,3.43,3.19,0,0,325,Normal,0,0
1/4/2025 15:13,39,68.78,27.37,68.36,4.83,3.69,1,0,115,Normal,0,0
1/4/2025 15:14,15,83.71,60.47,63.4,3.22,1.14,0,0,103,Normal,0,0
1/4/2025 15:15,15,72.19,41.84,54.39,1.81,3.94,1,0,64,Normal,0,0
1/4/2025 15:16,4,68.31,34.45,73.75,2.85,4.27,1,0,93,Normal,0,0
1/4/2025 15:17,32,91.81,63.51,70.34,3.34,2.12,1,1,5,Normal,1,1
1/4/2025 15:18,23,67.54,78.85,42.16,2.02,2.3,1,0,320,Normal,0,0
1/4/2025 15:19,6,67.09,56.19,43.47,3.22,0.76,1,0,315,Normal,0,0
1/4/2025 15:20,24,63.82,33.58,44.72,2.25,3.13,1,0,302,Normal,0,0
1/4/2025 15:21,20,70.53,48.96,73.16,4.84,0.76,1,0,435,Normal,0,0
1/4/2025 15:22,37,76.58,25.45,45.73,4.56,3.02,2,0,221,Overheating,0,1
1/4/2025 15:23,20,73.37,44.27,47.53,4.24,1.63,1,0,481,Normal,0,0
1/4/2025 15:24,12,78.89,42.14,72.06,3.9,1.41,2,0,452,Overheating,0,1
1/4/2025 15:25,33,59.2,40.11,69.55,4.84,3.84,1,0,49,Normal,0,0
1/4/2025 15:26,28,74.61,43.65,55.03,4.11,4.1,1,0,466,Normal,0,0
1/4/2025 15:27,8,60.75,68.62,57.83,4.28,2.88,1,0,375,Normal,0,0
1/4/2025 15:28,1,70.6,46.06,43.61,3.43,1.11,1,0,12,Normal,0,1
1/4/2025 15:29,37,72.62,53.29,56.93,2.32,1.77,1,0,406,Normal,0,0
1/4/2025 15:30,22,74.69,77.98,42.44,4.13,0.95,1,0,491,Normal,0,0
1/4/2025 15:31,6,78.59,72.56,58.71,3.11,4.06,1,0,455,Normal,0,0
1/4/2025 15:32,21,62.38,49.86,64.1,3.63,3.65,1,0,334,Normal,0,0
1/4/2025 15:33,32,70.51,65.41,60.81,4.07,4.42,1,0,133,Normal,0,0
1/4/2025 15:34,35,97.85,59.05,43.27,2.38,2.74,1,1,7,Normal,1,1
1/4/2025 15:35,15,74.22,52.76,74.09,1.15,3.28,1,0,204,Normal,0,0
1/4/2025 15:36,5,73.07,51.69,69.4,2.15,1.51,1,0,378,Normal,0,0
1/4/2025 15:37,46,55.76,39.64,56.67,4.54,0.75,1,0,173,Normal,0,0
1/4/2025 15:38,50,76.67,51.1,68.47,4.84,3.69,1,0,473,Normal,0,0
1/4/2025 15:39,48,59.12,48.26,54.36,2.63,1.37,1,0,447,Normal,0,0
1/4/2025 15:40,6,50.19,51.03,33.22,3.94,0.64,1,0,473,Normal,0,0
1/4/2025 15:41,25,79.4,14.85,64.69,2.57,3.89,1,0,429,Normal,0,0
1/4/2025 15:42,46,79.34,42.59,60.67,2.38,0.85,1,0,13,Normal,0,1
1/4/2025 15:43,40,58.86,49.29,63.69,3.86,3.6,1,0,85,Normal,0,0
1/4/2025 15:44,29,60.95,70.57,47.99,4.8,2.22,0,0,338,Normal,0,0
1/4/2025 15:45,7,67.18,66.54,78.78,4.01,2.21,1,0,32,Normal,0,0
1/4/2025 15:46,40,94.42,39.51,39.23,1.82,3.48,1,1,45,Normal,1,1
1/4/2025 15:47,13,77.79,65.08,33.66,4.88,3.93,1,0,242,Normal,0,0
1/4/2025 15:48,38,80.77,83.87,32.53,1.35,4.73,1,1,9,Normal,1,1
1/4/2025 15:49,18,87.29,57.41,43.08,1.07,1.38,2,0,257,Overheating,0,1
1/4/2025 15:50,2,90.23,70.11,73.74,4.62,1.99,1,1,46,Normal,1,1
1/4/2025 15:51,8,76.44,45.43,70.18,3.47,1.37,0,0,205,Normal,0,0
1/4/2025 15:52,11,79.57,15.41,79.18,4.65,2.99,0,0,228,Normal,0,0
1/4/2025 15:53,33,75.17,50.24,47.2,4.33,1.75,0,0,99,Normal,0,0
1/4/2025 15:54,38,55.25,65.85,67.42,1.34,4.6,1,0,315,Normal,0,0
1/4/2025 15:55,48,77.89,38.2,75.07,2.93,1.94,2,0,308,Overheating,0,1
1/4/2025 15:56,27,69.54,44.75,49.33,4.33,0.83,1,0,455,Normal,0,0
1/4/2025 15:57,20,45.74,38.01,30.23,2.37,1.27,1,0,25,Normal,0,0
1/4/2025 15:58,12,67.21,53.62,32.67,3.53,2.22,1,0,161,Normal,0,0
1/4/2025 15:59,43,70.06,69.08,34.57,1.41,1.99,1,0,170,Normal,0,0
1/4/2025 16:00,31,84.16,56.42,46.05,2.06,2.64,1,0,490,Normal,0,0
1/4/2025 16:01,27,73.42,52.85,72.23,4.6,3.1,1,0,425,Normal,0,0
1/4/2025 16:02,32,67.53,49.69,31.57,2.07,3.86,1,0,300,Normal,0,0
1/4/2025 16:03,10,61.78,41.25,68.18,2.54,2.21,1,0,105,Normal,0,0
1/4/2025 16:04,3,72.68,50.4,53.33,2.99,4.17,0,0,277,Normal,0,0
1/4/2025 16:05,45,76.43,44.48,40.43,2.88,4.64,1,0,327,Normal,0,0
1/4/2025 16:06,27,80.51,59.37,56.73,4.87,1.01,1,0,145,Normal,0,0
1/4/2025 16:07,35,83.14,56.24,43.4,4.09,1.19,1,0,220,Normal,0,0
1/4/2025 16:08,31,60.67,44.78,72.65,1.35,0.58,0,0,371,Normal,0,0
1/4/2025 16:09,15,77.45,54.35,63.71,2.65,2.42,1,0,255,Normal,0,0
1/4/2025 16:10,16,73.27,44.12,30.87,4.79,1.96,1,0,26,Normal,0,0
1/4/2025 16:11,13,72.37,32.88,78.51,1.94,3.73,1,0,349,Normal,0,0
1/4/2025 16:12,49,76.98,47.91,35.9,1.41,4.95,1,0,180,Normal,0,0
1/4/2025 16:13,35,92.04,48.86,40.26,2.61,2.72,1,1,4,Normal,1,1
1/4/2025 16:14,11,72,58.69,66.61,1.56,4.74,1,0,237,Normal,0,0
1/4/2025 16:15,21,76.01,78.43,78.61,3.56,3.58,1,0,214,Normal,0,0
1/4/2025 16:16,11,64.98,73.83,38.26,4.25,3.23,1,0,316,Normal,0,0
1/4/2025 16:17,30,63.91,48.57,67.35,2.15,4.85,0,0,334,Normal,0,0
1/4/2025 16:18,48,63.42,43.61,72.97,2.48,4.8,1,0,479,Normal,0,0
1/4/2025 16:19,35,59,69.44,38.85,2.42,4.25,1,0,340,Normal,0,0
1/4/2025 16:20,22,68.26,44.75,71.82,3.39,0.73,1,0,424,Normal,0,0
1/4/2025 16:21,38,92.61,34.98,62.41,4.82,1.83,2,1,10,Overheating,1,1
1/4/2025 16:22,31,66.99,31.77,57.24,1.62,1.89,1,0,18,Normal,0,1
1/4/2025 16:23,14,71.58,71.42,63.09,2.12,1.66,1,0,367,Normal,0,0
1/4/2025 16:24,24,60.8,23.86,46.09,4.77,3.07,1,0,73,Normal,0,0
1/4/2025 16:25,50,72.76,54.27,36.22,4.21,1.05,1,0,24,Normal,0,0
1/4/2025 16:26,49,64.1,48.41,30.24,1.8,2.32,0,0,69,Normal,0,0
1/4/2025 16:27,32,71.54,51.76,66.66,2.11,1.93,1,0,338,Normal,0,0
1/4/2025 16:28,36,71.47,71.01,38.76,1.29,4.23,1,0,460,Normal,0,0
1/4/2025 16:29,32,73.8,47.66,40.25,3.48,0.52,2,0,325,Overheating,0,1
1/4/2025 16:30,15,86.07,48.88,56.26,4.3,4.2,0,0,470,Normal,0,0
1/4/2025 16:31,43,92.83,15.81,71.73,1.55,2.56,1,1,46,Normal,1,1
1/4/2025 16:32,35,92.73,43.27,62.38,2.29,1.22,1,1,22,Normal,1,1
1/4/2025 16:33,3,76.08,47.98,54.72,2.91,4.28,1,0,451,Normal,0,0
1/4/2025 16:34,16,76.73,61.76,71.82,4,3.86,1,0,438,Normal,0,0
1/4/2025 16:35,5,75.94,47.91,42.29,2.21,0.81,1,0,410,Normal,0,0
1/4/2025 16:36,21,82.69,48.9,59.88,4.44,3.82,2,0,340,Vibration Issue,0,1
1/4/2025 16:37,10,68.11,31.83,39.32,2.6,2.04,1,0,11,Normal,0,1
1/4/2025 16:38,19,64.82,64.52,69.04,2.11,4.5,1,0,329,Normal,0,0
1/4/2025 16:39,25,54.95,37.13,39.94,1.53,3.27,1,0,356,Normal,0,0
1/4/2025 16:40,4,83.92,57.1,43.18,4.76,1.78,1,0,315,Normal,0,0
1/4/2025 16:41,29,77.24,56.86,51.37,2.41,1.69,1,0,92,Normal,0,0
1/4/2025 16:42,19,66.79,21.27,55.18,3.32,3.26,2,0,370,Normal,0,1
1/4/2025 16:43,43,91.05,45.14,36.38,4.98,4.84,1,1,48,Normal,1,1
1/4/2025 16:44,2,68.39,70.66,57.75,2.91,3.71,1,0,282,Normal,0,0
1/4/2025 16:45,10,90.08,52.4,73.54,2.35,0.96,1,1,35,Normal,1,1
1/4/2025 16:46,43,66.28,43.69,44.14,2.22,3.16,2,0,369,Normal,0,1
1/4/2025 16:47,25,76.81,51.38,57.88,3.71,4.12,1,0,260,Normal,0,0
1/4/2025 16:48,20,79.4,32.46,31.41,3.31,1.65,1,0,343,Normal,0,0
1/4/2025 16:49,48,69.69,50.81,76.88,2.66,2.63,1,0,343,Normal,0,0
1/4/2025 16:50,19,62.09,37.62,71.87,4.24,2.74,1,0,434,Normal,0,0
1/4/2025 16:51,23,75.31,67.96,79.85,2.33,0.69,1,0,142,Normal,0,0
1/4/2025 16:52,24,67.23,53.47,52.36,1.13,1.03,1,0,139,Normal,0,0
1/4/2025 16:53,11,59.17,47.9,53.64,1.03,4.94,1,0,18,Normal,0,1
1/4/2025 16:54,46,56.85,62.14,57.92,3.24,1.95,1,0,448,Normal,0,0
1/4/2025 16:55,34,76.87,29.07,70.11,2.21,1.35,1,0,323,Normal,0,0
1/4/2025 16:56,28,52,49.83,48.25,4.24,2.54,1,0,103,Normal,0,0
1/4/2025 16:57,5,72.07,69.68,38.72,3.94,3.08,1,0,418,Normal,0,0
1/4/2025 16:58,5,82.57,54.15,73.49,2.49,1.77,0,0,377,Normal,0,0
1/4/2025 16:59,21,59.87,49.69,42.45,2.33,4.78,2,0,67,Pressure Drop,0,1
1/4/2025 17:00,12,61.48,49.42,61.13,2.72,2.71,1,0,248,Normal,0,0
1/4/2025 17:01,50,78.14,26.06,61.82,1.77,4.56,1,0,301,Normal,0,0
1/4/2025 17:02,4,48.44,28.92,42.44,1.23,4.33,1,0,477,Normal,0,0
1/4/2025 17:03,49,74.28,37.56,49.07,3.51,0.64,1,0,356,Normal,0,0
1/4/2025 17:04,42,70.06,50.41,64.69,3.96,0.79,0,0,142,Normal,0,0
1/4/2025 17:05,20,89.38,40.12,31.44,1.11,1.59,2,0,229,Overheating,0,1
1/4/2025 17:06,38,90.95,44.94,61.97,1.45,1.67,0,1,38,Normal,1,1
1/4/2025 17:07,25,78.26,79.12,39.21,3.54,3.24,1,0,167,Normal,0,0
1/4/2025 17:08,14,67.94,71.05,58.18,1.71,0.81,1,0,314,Normal,0,0
1/4/2025 17:09,11,75.75,34.9,60.11,3.15,3.49,1,0,273,Normal,0,0
1/4/2025 17:10,32,83.71,66.13,52.93,4.33,1.55,2,0,164,Overheating,0,1
1/4/2025 17:11,11,81.96,64.62,52.46,4.36,1,1,0,459,Normal,0,0
1/4/2025 17:12,18,51.38,66.86,50.89,4.21,3.68,1,0,361,Normal,0,0
1/4/2025 17:13,27,60.23,49.86,65.29,4.38,3.57,1,0,157,Normal,0,0
1/4/2025 17:14,18,82.49,57.61,41.18,3.16,1.36,0,0,316,Normal,0,0
1/4/2025 17:15,23,62.11,44.49,44.43,4.07,4.35,1,0,478,Normal,0,0
1/4/2025 17:16,11,78.31,31.62,53.33,3.31,1.7,1,0,26,Normal,0,0
1/4/2025 17:17,21,83.12,77.54,68.31,2.29,0.93,1,0,238,Normal,0,0
1/4/2025 17:18,44,80.91,60.37,58.73,4.25,4.08,1,0,203,Normal,0,0
1/4/2025 17:19,5,79.75,65.4,31.14,3.67,4.09,2,0,424,Normal,0,1
1/4/2025 17:20,23,70.04,78.93,62.79,1.65,2.83,1,0,304,Normal,0,0
1/4/2025 17:21,41,61.14,53.88,64.9,1.7,1.28,1,0,280,Normal,0,0
1/4/2025 17:22,25,92.9,32.61,59.17,1.7,3.03,1,1,23,Normal,1,1
1/4/2025 17:23,41,55.53,38.69,74.05,2.88,1.73,1,0,32,Normal,0,0
1/4/2025 17:24,10,76.12,46.34,50.1,3.27,1.49,1,0,263,Normal,0,0
1/4/2025 17:25,22,69.29,41.21,75.99,1.27,2.14,1,0,147,Normal,0,0
1/4/2025 17:26,19,88.21,40.23,77.73,3.57,3.81,1,0,296,Normal,0,0
1/4/2025 17:27,1,75.27,44.68,67.79,4.75,1.06,1,0,453,Normal,0,0
1/4/2025 17:28,7,66.2,69.81,77.19,2.64,2.02,1,0,292,Normal,0,0
1/4/2025 17:29,4,70.23,45.33,54.19,4.26,3.47,1,0,188,Normal,0,0
1/4/2025 17:30,1,83.81,58.57,62.81,2.55,1.71,1,0,52,Normal,0,0
1/4/2025 17:31,15,85.62,54.49,42.15,3.43,3.22,1,0,312,Normal,0,0
1/4/2025 17:32,40,81.42,45.23,64.46,4.26,2.36,2,0,303,Pressure Drop,0,1
1/4/2025 17:33,12,76.01,32.78,78.16,4.44,1.58,2,0,181,Pressure Drop,0,1
1/4/2025 17:34,22,65.23,50.3,78.93,3.76,1.54,1,0,52,Normal,0,0
1/4/2025 17:35,22,67.64,48.78,59.48,3.94,2.74,1,0,445,Normal,0,0
1/4/2025 17:36,50,79.55,52.86,48.42,3.04,4.62,1,0,343,Normal,0,0
1/4/2025 17:37,47,85.08,58.64,73.64,2.01,3.89,1,0,382,Normal,0,0
1/4/2025 17:38,17,60.1,25.28,71.47,1.49,1.2,2,0,101,Vibration Issue,0,1
1/4/2025 17:39,29,57.85,47.73,60.64,3.38,1.06,1,0,412,Normal,0,0
1/4/2025 17:40,46,72.86,33.68,72.09,2.93,4.82,1,0,212,Normal,0,0
1/4/2025 17:41,14,77.25,45.68,73.2,2.97,4.66,2,0,170,Vibration Issue,0,1
1/4/2025 17:42,50,76.58,73.71,62.07,1.46,1.04,1,0,431,Normal,0,0
1/4/2025 17:43,20,80.27,74.05,68.44,4.28,4.22,1,0,280,Normal,0,0
1/4/2025 17:44,50,69.56,68.23,77.77,4.57,3.05,1,0,333,Normal,0,0
1/4/2025 17:45,48,87.27,40.45,54.99,1.01,1.39,1,0,166,Normal,0,0
1/4/2025 17:46,33,90.07,44.4,65.65,4.37,1.87,1,1,1,Normal,1,1
1/4/2025 17:47,43,80.24,68.99,35.71,1.61,4.8,0,0,49,Normal,0,0
1/4/2025 17:48,15,69.8,55.54,31.34,4.94,2.53,1,0,197,Normal,0,0
1/4/2025 17:49,12,47.02,41.72,54.36,4.93,1.78,1,0,122,Normal,0,0
1/4/2025 17:50,40,68.24,71.39,44.76,2.69,3.24,1,0,397,Normal,0,0
1/4/2025 17:51,20,76.27,49.71,33.85,4.07,2.81,1,0,14,Normal,0,1
1/4/2025 17:52,30,81.29,54.85,41.01,1.28,4.68,1,0,228,Normal,0,0
1/4/2025 17:53,38,71.38,26.42,59.09,2.22,3.82,1,0,376,Normal,0,0
1/4/2025 17:54,3,73.85,54.84,42.14,1.1,4.48,1,0,331,Normal,0,0
1/4/2025 17:55,28,91.82,36.52,52.15,2.3,4.74,0,1,19,Normal,1,1
1/4/2025 17:56,26,63.93,54.82,65.46,3.88,4.35,1,0,471,Normal,0,0
1/4/2025 17:57,30,58.25,51.96,77.31,2.85,1.37,1,0,304,Normal,0,0
1/4/2025 17:58,13,50.94,43.17,73.4,1.38,2.94,1,0,51,Normal,0,0
1/4/2025 17:59,13,84.47,57.02,55.17,2.13,1.68,1,0,419,Normal,0,0
1/4/2025 18:00,2,61.53,58.13,57.82,1.67,0.74,1,0,488,Normal,0,0
1/4/2025 18:01,37,71.38,50.17,38.28,2.3,3.9,1,0,308,Normal,0,0
1/4/2025 18:02,49,83.11,43.4,69.76,2.26,4.83,1,0,223,Normal,0,0
1/4/2025 18:03,38,90.37,44.29,79.38,2.83,1.37,1,1,41,Normal,1,1
1/4/2025 18:04,2,75.42,61.99,73.01,2.07,1.28,1,0,44,Normal,0,0
1/4/2025 18:05,36,64.86,43.99,49.83,2.94,3.7,1,0,408,Normal,0,0
1/4/2025 18:06,26,78.4,69.34,35.59,2.22,1.65,1,0,21,Normal,0,0
1/4/2025 18:07,11,64.32,38.04,66.01,3.74,2.02,1,0,216,Normal,0,0
1/4/2025 18:08,8,74.21,78.25,63.58,4.5,4.93,1,0,93,Normal,0,0
1/4/2025 18:09,44,60.93,33.64,77.74,4.42,2.31,2,0,166,Pressure Drop,0,1
1/4/2025 18:10,40,66.55,50.55,42.07,4.41,1.79,1,0,253,Normal,0,0
1/4/2025 18:11,43,97.43,25.89,71.09,4.08,4.63,1,1,9,Normal,1,1
1/4/2025 18:12,22,85.68,53.52,51.2,3.65,3.96,1,0,349,Normal,0,0
1/4/2025 18:13,20,68.19,38.19,47.06,3.63,4.65,1,0,466,Normal,0,0
1/4/2025 18:14,8,70.52,29.71,74.89,4.68,3.63,0,0,216,Normal,0,0
1/4/2025 18:15,29,82.16,47.13,60.57,3.38,1.27,1,0,94,Normal,0,0
1/4/2025 18:16,40,70.81,22.58,62.43,2.34,4.25,1,0,27,Normal,0,0
1/4/2025 18:17,26,87.11,55.52,42.88,1.53,1.47,1,0,344,Normal,0,0
1/4/2025 18:18,30,59.25,36.48,59.7,3.56,3.31,1,0,288,Normal,0,0
1/4/2025 18:19,17,74.27,39.76,60.6,2.26,1,2,0,33,Vibration Issue,0,1
1/4/2025 18:20,20,66.95,54.51,47.46,2.35,4.92,1,0,310,Normal,0,0
1/4/2025 18:21,16,77.54,53.91,57.1,1.73,0.59,0,0,372,Normal,0,0
1/4/2025 18:22,46,76.17,70.5,32.54,3.99,0.64,1,0,282,Normal,0,0
1/4/2025 18:23,43,75.22,71.56,42.69,1.58,0.69,1,0,257,Normal,0,0
1/4/2025 18:24,7,79.23,61.06,66.18,1.94,0.89,0,0,272,Normal,0,0
1/4/2025 18:25,16,77.72,47.02,75.6,4.9,1.79,1,0,16,Normal,0,1
1/4/2025 18:26,45,63.58,52.24,58.49,3.83,1.48,1,0,303,Normal,0,0
1/4/2025 18:27,47,73.86,55.47,55.04,1.68,1.09,1,0,443,Normal,0,0
1/4/2025 18:28,48,73.89,68.69,78.59,2.79,3.86,1,0,234,Normal,0,0
1/4/2025 18:29,27,74.48,34.62,69.71,3.17,3.67,1,0,290,Normal,0,0
1/4/2025 18:30,23,96.96,29.72,74.11,2.61,4.42,1,1,17,Normal,1,1
1/4/2025 18:31,24,75.27,49.33,77.84,4.23,3.16,1,0,283,Normal,0,0
1/4/2025 18:32,9,91.36,42.7,53.09,1.84,1.96,1,1,14,Normal,1,1
1/4/2025 18:33,35,55.45,42.11,35,2.51,4.71,0,0,298,Normal,0,0
1/4/2025 18:34,20,69.12,65.79,37.83,1.58,0.98,1,0,431,Normal,0,0
1/4/2025 18:35,37,72.46,70.44,57.58,4.95,4.56,1,0,167,Normal,0,0
1/4/2025 18:36,42,90.41,62.18,38.12,4.61,2.12,1,1,13,Normal,1,1
1/4/2025 18:37,17,53.08,38.12,68.42,1.73,1.39,1,0,390,Normal,0,0
1/4/2025 18:38,47,84.68,57.99,31.38,4.07,1.24,1,0,259,Normal,0,0
1/4/2025 18:39,31,80.34,38,61.93,4.48,1.74,1,0,363,Normal,0,0
1/4/2025 18:40,8,80.37,34.37,76.62,3.12,1.68,1,0,349,Normal,0,0
1/4/2025 18:41,15,72.94,60.73,61.25,4.94,3.89,1,0,12,Normal,0,1
1/4/2025 18:42,31,76.54,45.25,57.98,1.79,2.03,1,0,302,Normal,0,0
1/4/2025 18:43,30,74.47,53.57,43.54,3.15,2.23,1,0,358,Normal,0,0
1/4/2025 18:44,46,68.19,75.78,44.91,4.53,3.56,1,0,491,Normal,0,0
1/4/2025 18:45,20,83.98,78.16,54.79,3.77,3.16,1,0,255,Normal,0,0
1/4/2025 18:46,39,75.79,60.72,38.46,2.84,2.42,1,0,328,Normal,0,0
1/4/2025 18:47,12,67.14,56.7,55.84,1.13,4.11,1,0,298,Normal,0,0
1/4/2025 18:48,49,79.09,56.42,77.29,1.28,2.09,1,0,265,Normal,0,0
1/4/2025 18:49,17,72.89,60.76,33.57,4.16,3.57,1,0,176,Normal,0,0
1/4/2025 18:50,42,70.51,54.86,48.97,4.19,2.38,1,0,477,Normal,0,0
1/4/2025 18:51,30,58.03,55.4,70.16,1.26,3.21,1,0,413,Normal,0,0
1/4/2025 18:52,29,69.76,53.45,78.59,1.81,1.16,0,0,379,Normal,0,0
1/4/2025 18:53,19,69.25,43.89,42.4,4.45,2.87,1,0,295,Normal,0,0
1/4/2025 18:54,46,78.04,68.68,60.93,3.87,1.2,1,0,421,Normal,0,0
1/4/2025 18:55,11,71.15,47.42,35.33,1.6,1.93,1,0,243,Normal,0,0
1/4/2025 18:56,34,101.84,54.77,46.44,4.07,4.53,2,1,33,Pressure Drop,1,1
1/4/2025 18:57,50,59.65,50.28,48.55,3.07,2.89,1,0,61,Normal,0,0
1/4/2025 18:58,7,62.54,52.8,54.87,3.53,4.97,1,0,50,Normal,0,0
1/4/2025 18:59,44,69.6,37.31,55.71,3.81,3.95,1,0,48,Normal,0,0
1/4/2025 19:00,34,78.64,28.86,33.07,3.87,1.39,2,0,272,Pressure Drop,0,1
1/4/2025 19:01,20,71.73,49.35,75.28,3.03,0.77,0,0,385,Normal,0,0
1/4/2025 19:02,50,68.88,57.8,79.53,2.3,1.51,1,0,104,Normal,0,0
1/4/2025 19:03,38,63.04,61.94,36.33,1.08,3.03,0,0,77,Normal,0,0
1/4/2025 19:04,24,79.29,38.29,38.59,1.19,4.54,1,0,245,Normal,0,0
1/4/2025 19:05,10,102.35,42.68,43.12,2.07,2.52,1,1,1,Normal,1,1
1/4/2025 19:06,32,64.41,36.16,63.82,1.41,2.88,1,0,351,Normal,0,0
1/4/2025 19:07,15,80.75,49.08,54.84,2.41,2.32,1,0,368,Normal,0,0
1/4/2025 19:08,37,90.69,45.27,31.28,2.59,1.83,0,1,39,Normal,1,1
1/4/2025 19:09,20,76.41,44.42,31.92,2.1,0.82,0,0,179,Normal,0,0
1/4/2025 19:10,3,78.38,56.4,63.32,4.64,4.55,0,0,215,Normal,0,0
1/4/2025 19:11,37,74.19,40.1,69.7,4.54,0.51,1,0,99,Normal,0,0
1/4/2025 19:12,40,92.9,32.18,65.77,2.04,1.94,1,1,15,Normal,1,1
1/4/2025 19:13,8,82.98,40.17,59.85,4.74,4.37,1,0,207,Normal,0,0
1/4/2025 19:14,40,86.38,71.22,43.82,1.42,0.55,1,0,355,Normal,0,0
1/4/2025 19:15,44,73.7,35.38,40.39,2.93,0.59,1,0,115,Normal,0,0
1/4/2025 19:16,23,81.79,51.31,77.24,4.47,2.73,2,0,11,Vibration Issue,0,1
1/4/2025 19:17,40,74.26,45.9,46.21,4.58,3.43,1,0,425,Normal,0,0
1/4/2025 19:18,11,82.72,75.08,30.94,2.1,2.99,1,0,223,Normal,0,0
1/4/2025 19:19,46,70.94,50.19,79.84,3.51,2.08,1,0,47,Normal,0,0
1/4/2025 19:20,8,86.69,9.06,38.8,4.69,2.61,1,0,468,Normal,0,0
1/4/2025 19:21,29,80.45,53.52,61.32,2.61,3.42,1,0,396,Normal,0,0
1/4/2025 19:22,30,70.42,59.09,45.68,3.8,0.82,2,0,453,Vibration Issue,0,1
1/4/2025 19:23,10,83.75,60.06,79.17,1.64,0.9,1,0,242,Normal,0,0
1/4/2025 19:24,39,71.85,53.65,63.18,1.45,0.91,0,0,159,Normal,0,0
1/4/2025 19:25,28,62.65,42.22,42.14,2.67,3.81,1,0,114,Normal,0,0
1/4/2025 19:26,49,72.2,48.12,70.5,1.7,3.61,1,0,135,Normal,0,0
1/4/2025 19:27,36,72.28,52.74,35.64,1.62,4.02,1,0,324,Normal,0,0
1/4/2025 19:28,13,63.42,43.4,70.56,3.82,4.96,1,0,275,Normal,0,0
1/4/2025 19:29,32,79.99,55.12,30.21,3.85,4.68,1,0,266,Normal,0,0
1/4/2025 19:30,36,79.21,40.34,47.47,2.41,4.27,1,0,150,Normal,0,0
1/4/2025 19:31,37,74.85,42.94,39.87,3.59,1.05,0,0,330,Normal,0,0
1/4/2025 19:32,26,83.17,63.99,41.58,1.27,1.44,1,0,81,Normal,0,0
1/4/2025 19:33,22,71.35,69.67,64.42,2.97,1.14,1,0,387,Normal,0,0
1/4/2025 19:34,4,60.13,33.22,65.68,3.69,1.53,1,0,263,Normal,0,0
1/4/2025 19:35,31,68.5,55.33,43.95,1.38,4,1,0,205,Normal,0,0
1/4/2025 19:36,18,66.68,57.69,72.36,3.57,3.69,1,0,176,Normal,0,0
1/4/2025 19:37,38,71.34,48,73.12,2.2,1.73,2,0,216,Electrical Fault,0,1
1/4/2025 19:38,24,76.02,55.79,74.97,4.31,3.66,1,0,226,Normal,0,0
1/4/2025 19:39,23,95.23,20.8,79.59,3.17,2.25,0,1,16,Normal,1,1
1/4/2025 19:40,22,59.63,45.82,77.73,3.91,3.6,1,0,42,Normal,0,0
1/4/2025 19:41,2,83.88,80.32,57.94,2.27,2.72,1,1,34,Normal,1,1
1/4/2025 19:42,31,64.97,60.5,52.25,2.6,2.57,1,0,289,Normal,0,0
1/4/2025 19:43,11,79.59,42.64,39.14,1.37,3.71,1,0,424,Normal,0,0
1/4/2025 19:44,28,68.63,76.32,65.64,3.55,2.51,1,0,190,Normal,0,0
1/4/2025 19:45,46,77.32,55.26,53.09,2.31,4.11,1,0,135,Normal,0,0
1/4/2025 19:46,32,91.32,64.3,38.28,3.21,3.97,1,1,8,Normal,1,1
1/4/2025 19:47,5,60.17,32.72,67.91,3.64,0.77,0,0,326,Normal,0,0
1/4/2025 19:48,38,78.1,59.92,52.57,4.63,2.43,1,0,399,Normal,0,0
1/4/2025 19:49,10,78.53,59.15,61.43,4.5,1.52,1,0,63,Normal,0,0
1/4/2025 19:50,40,85.23,56.56,69.78,4.41,1.68,1,0,418,Normal,0,0
1/4/2025 19:51,46,75.72,51.51,37.81,4.52,3.86,1,0,162,Normal,0,0
1/4/2025 19:52,24,109.44,29.87,46.08,3.7,0.81,1,1,12,Normal,1,1
1/4/2025 19:53,35,86.84,62.51,36.1,4.04,4.8,1,0,103,Normal,0,0
1/4/2025 19:54,44,81.31,55.77,77.56,1.18,2.81,1,0,271,Normal,0,0
1/4/2025 19:55,48,78.69,46.22,32.08,2.54,3.06,1,0,70,Normal,0,0
1/4/2025 19:56,23,80.92,39.96,75.31,4.45,2.07,1,0,412,Normal,0,0
1/4/2025 19:57,17,76.37,52.77,30.74,1.93,4.68,1,0,411,Normal,0,0
1/4/2025 19:58,1,76.44,70.16,44.63,2.89,1.33,2,0,401,Overheating,0,1
1/4/2025 19:59,31,59.82,53.16,55.75,1.71,2.94,1,0,34,Normal,0,0
1/4/2025 20:00,31,80.85,80.03,55.61,3.72,4.6,1,1,1,Normal,1,1
1/4/2025 20:01,42,80.75,24.49,61.15,2.61,3.95,1,0,481,Normal,0,0
1/4/2025 20:02,42,78.55,38.55,35.66,3.69,1.17,1,0,46,Normal,0,0
1/4/2025 20:03,34,78.8,68.99,32.61,4.83,0.95,1,0,290,Normal,0,0
1/4/2025 20:04,9,82.6,33.48,60.06,3.77,3.28,2,0,137,Overheating,0,1
1/4/2025 20:05,22,79.61,55.92,41.75,4.75,0.92,1,0,127,Normal,0,0
1/4/2025 20:06,13,75.88,58.56,68.04,1.16,4.39,1,0,297,Normal,0,0
1/4/2025 20:07,25,78.31,45.66,58.73,4.23,4.63,0,0,123,Normal,0,0
1/4/2025 20:08,48,87.31,42.38,31.59,2.42,3.43,1,0,50,Normal,0,0
1/4/2025 20:09,18,89.67,47.14,73.96,3.69,1.15,1,0,87,Normal,0,0
1/4/2025 20:10,12,65.17,52.1,43.5,3.39,2.43,1,0,218,Normal,0,0
1/4/2025 20:11,40,71.08,21.9,36.34,4.42,1.39,1,0,197,Normal,0,0
1/4/2025 20:12,17,84.52,56.57,44.43,2.05,3.97,1,0,264,Normal,0,0
1/4/2025 20:13,15,80.59,42.31,48.06,2.33,3.08,1,0,253,Normal,0,0
1/4/2025 20:14,42,68.63,36.03,52.23,1.88,3.37,1,0,113,Normal,0,0
1/4/2025 20:15,15,75.63,37.83,63.36,3.11,3.56,1,0,441,Normal,0,0
1/4/2025 20:16,15,82.88,75.18,50.69,2.44,1.21,0,0,358,Normal,0,0
1/4/2025 20:17,39,94.19,55.32,38.22,2.76,2.46,1,1,28,Normal,1,1
1/4/2025 20:18,13,98.54,56.26,79.63,3.61,2.63,1,1,15,Normal,1,1
1/4/2025 20:19,17,56.83,80.02,63.61,3.41,3.17,1,1,34,Normal,1,1
1/4/2025 20:20,32,83.51,48.55,33.47,1.75,4.37,1,0,271,Normal,0,0
1/4/2025 20:21,9,68.74,34.47,47.36,2.99,4.3,1,0,108,Normal,0,0
1/4/2025 20:22,40,86.54,63.49,61.97,2.7,2.51,2,0,360,Pressure Drop,0,1
1/4/2025 20:23,20,61.29,48.46,57.54,3.21,1.99,1,0,208,Normal,0,0
1/4/2025 20:24,26,68.17,28.58,75.18,3.22,4.45,1,0,162,Normal,0,0
1/4/2025 20:25,27,73.26,39.32,67.75,4.95,0.79,1,0,264,Normal,0,0
1/4/2025 20:26,21,81.7,56.81,37.65,3.99,1.13,1,0,348,Normal,0,0
1/4/2025 20:27,18,71.3,42.44,51.23,2.12,3.41,1,0,487,Normal,0,0
1/4/2025 20:28,13,67.72,68.9,45.17,1.82,2.33,1,0,314,Normal,0,0
1/4/2025 20:29,16,57.9,63.96,52.28,1.29,2.21,2,0,215,Normal,0,1
1/4/2025 20:30,9,68.35,41.04,32.84,2.86,1.9,1,0,280,Normal,0,0
1/4/2025 20:31,12,81.76,43.23,76.63,3.23,2.84,1,0,339,Normal,0,0
1/4/2025 20:32,44,89.88,45.58,55.17,3.28,4.64,1,0,357,Normal,0,0
1/4/2025 20:33,38,64.57,48.9,61.64,4.19,2.53,0,0,331,Normal,0,0
1/4/2025 20:34,19,65.51,17.16,62.12,4.1,1.91,1,0,338,Normal,0,0
1/4/2025 20:35,7,67.63,27.5,39.22,3.68,2.59,1,0,221,Normal,0,0
1/4/2025 20:36,35,73.83,51.35,73.19,4.4,3.78,1,0,238,Normal,0,0
1/4/2025 20:37,48,76.94,46.18,45.12,3.75,2.19,1,0,105,Normal,0,0
1/4/2025 20:38,18,71.93,61.61,68.42,4.66,3.77,0,0,161,Normal,0,0
1/4/2025 20:39,16,59.19,46.46,66.5,1.62,2.07,1,0,456,Normal,0,0
1/4/2025 20:40,39,54.68,34.82,56.92,3.43,3.34,1,0,313,Normal,0,0
1/4/2025 20:41,4,70.07,52.6,43.55,2.51,1.8,0,0,337,Normal,0,0
1/4/2025 20:42,25,80.32,80.85,75.67,2.74,1.47,1,1,2,Normal,1,1
1/4/2025 20:43,32,75.07,62.65,60.99,3.58,4.56,0,0,440,Normal,0,0
1/4/2025 20:44,40,91.84,43.1,36.27,1.64,4.65,1,1,27,Normal,1,1
1/4/2025 20:45,13,59.81,46.53,74.82,2.49,4.17,1,0,22,Normal,0,0
1/4/2025 20:46,45,76.02,74.42,58.11,4.14,3.5,1,0,330,Normal,0,0
1/4/2025 20:47,17,88.95,53.33,57.15,1.36,2.88,1,0,31,Normal,0,0
1/4/2025 20:48,49,72.01,48.7,54.74,2.19,3.47,1,0,68,Normal,0,0
1/4/2025 20:49,37,62.23,63.28,40.34,1.31,3.73,0,0,38,Normal,0,0
1/4/2025 20:50,6,47.95,32.53,46.22,2.32,3.06,0,0,410,Normal,0,0
1/4/2025 20:51,19,71.81,36.39,50.5,4.58,1.16,1,0,245,Normal,0,0
1/4/2025 20:52,13,69.88,41.36,62.74,4.97,2.48,1,0,319,Normal,0,0
1/4/2025 20:53,26,68.51,32.75,62.82,1.55,3.97,0,0,457,Normal,0,0
1/4/2025 20:54,14,78,30.5,38.75,3.5,3.8,1,0,233,Normal,0,0
1/4/2025 20:55,31,93.16,68.24,73.53,4.37,3.24,1,1,16,Normal,1,1
1/4/2025 20:56,4,61.26,44.65,62.12,4.09,3.69,1,0,252,Normal,0,0
1/4/2025 20:57,39,65.39,31.88,61.36,2.64,1.26,1,0,67,Normal,0,0
1/4/2025 20:58,8,73.53,93.19,36.27,4.16,3.59,1,1,17,Normal,1,1
1/4/2025 20:59,25,82.21,39.41,73.85,4.66,3.48,1,0,369,Normal,0,0
1/4/2025 21:00,13,71.15,33.27,35.86,3.98,4.68,2,0,369,Overheating,0,1
1/4/2025 21:01,32,80.83,43.03,73.1,2.83,2.54,1,0,404,Normal,0,0
1/4/2025 21:02,38,60.61,53.44,50.47,2.14,1.31,0,0,461,Normal,0,0
1/4/2025 21:03,38,75.48,27.62,55.03,4.23,2.73,1,0,136,Normal,0,0
1/4/2025 21:04,28,74.86,50.91,49.29,3.22,4.09,1,0,191,Normal,0,0
1/4/2025 21:05,30,90.68,19.84,57.51,1.66,3.78,1,1,10,Normal,1,1
1/4/2025 21:06,3,86.34,56.42,31.89,2.64,2.52,1,0,421,Normal,0,0
1/4/2025 21:07,28,76.14,65.58,75.87,3.09,3.48,1,0,75,Normal,0,0
1/4/2025 21:08,3,65.5,34.08,45.74,2.35,3.79,1,0,420,Normal,0,0
1/4/2025 21:09,45,51.66,63.51,73.41,2.24,4.42,1,0,279,Normal,0,0
1/4/2025 21:10,34,66.15,48.49,64.15,3.03,4.93,1,0,190,Normal,0,0
1/4/2025 21:11,16,96.86,37.53,43.07,3.53,1.4,2,1,8,Vibration Issue,1,1
1/4/2025 21:12,22,56.88,42.98,38.56,3.86,3.91,1,0,133,Normal,0,0
1/4/2025 21:13,32,65.86,47.38,51.25,4.33,1.23,1,0,270,Normal,0,0
1/4/2025 21:14,38,76.28,44.88,41.37,4.37,4.62,1,0,443,Normal,0,0
1/4/2025 21:15,8,87.66,59.95,43.75,2.69,4.67,1,0,219,Normal,0,0
1/4/2025 21:16,8,62.21,57.65,35.2,4.1,3.24,0,0,283,Normal,0,0
1/4/2025 21:17,6,79.64,73.65,60.65,4.33,4.99,1,0,489,Normal,0,0
1/4/2025 21:18,14,67.13,49.78,73.83,1.78,3.49,1,0,66,Normal,0,0
1/4/2025 21:19,32,62.81,20.01,78.52,2.05,1.52,1,0,492,Normal,0,0
1/4/2025 21:20,35,69.05,80.98,72.51,3.75,3.21,1,1,35,Normal,1,1
1/4/2025 21:21,10,74.55,50.44,33.87,4.55,1.6,1,0,441,Normal,0,0
1/4/2025 21:22,3,62.31,57.79,50.48,2.54,2.96,1,0,449,Normal,0,0
1/4/2025 21:23,12,86.15,52.67,40.57,4.49,2.1,1,0,463,Normal,0,0
1/4/2025 21:24,49,89.5,64.38,33,3.11,0.55,1,0,357,Normal,0,0
1/4/2025 21:25,31,67.9,60.62,45.48,2.79,4.59,0,0,459,Normal,0,0
1/4/2025 21:26,29,82.78,31.35,76.77,4.15,2.18,1,0,113,Normal,0,0
1/4/2025 21:27,5,59.73,75.84,32.76,4.32,2.95,1,0,146,Normal,0,0
1/4/2025 21:28,25,73.15,53.77,58.4,4.43,4.58,1,0,286,Normal,0,0
1/4/2025 21:29,41,83.37,56.22,32.86,4.83,1.04,1,0,450,Normal,0,0
1/4/2025 21:30,31,82.17,59.86,72.34,3.44,3.22,1,0,409,Normal,0,0
1/4/2025 21:31,21,76.46,31.34,68.96,2.65,3.38,1,0,338,Normal,0,0
1/4/2025 21:32,20,87,65.64,33.78,3.21,1.01,1,0,138,Normal,0,0
1/4/2025 21:33,39,67.63,74.83,74.8,1.36,2.99,1,0,257,Normal,0,0
1/4/2025 21:34,22,75.88,61.67,66.74,1.17,3.48,1,0,191,Normal,0,0
1/4/2025 21:35,4,75.52,45.81,61.68,2.35,2.15,1,0,192,Normal,0,0
1/4/2025 21:36,13,79.2,53.5,37.98,2.28,3.56,0,0,102,Normal,0,0
1/4/2025 21:37,45,81.06,77.43,60.09,2.15,3.71,0,0,363,Normal,0,0
1/4/2025 21:38,42,62.05,40.94,55.88,4.89,2.5,0,0,417,Normal,0,0
1/4/2025 21:39,50,81.83,41.73,42.69,4.56,0.59,1,0,369,Normal,0,0
1/4/2025 21:40,49,62.94,45.09,30.82,2.42,4.37,0,0,122,Normal,0,0
1/4/2025 21:41,20,84.21,62.14,72.38,3.39,4.91,1,0,369,Normal,0,0
1/4/2025 21:42,13,92.51,49.39,41.53,1.5,3.3,1,1,27,Normal,1,1
1/4/2025 21:43,17,69.99,44.82,73.72,3.55,1.92,1,0,349,Normal,0,0
1/4/2025 21:44,36,65.61,51.23,65.82,1.74,2.08,1,0,435,Normal,0,0
1/4/2025 21:45,33,91.63,49.58,37.25,1.95,1.23,1,1,7,Normal,1,1
1/4/2025 21:46,1,74.33,39.84,41.85,3.49,3.37,1,0,227,Normal,0,0
1/4/2025 21:47,15,61.55,58.5,33.5,4.55,1.44,1,0,138,Normal,0,0
1/4/2025 21:48,13,65.81,66.17,37.63,4.36,0.82,0,0,315,Normal,0,0
1/4/2025 21:49,17,66.35,58.05,46.19,4.73,2.4,2,0,243,Vibration Issue,0,1
1/4/2025 21:50,24,87.05,66.11,36.48,2.58,4.35,1,0,416,Normal,0,0
1/4/2025 21:51,8,64.88,44.02,43.59,2.36,3.76,2,0,478,Vibration Issue,0,1
1/4/2025 21:52,50,51.58,18.99,76.64,2.48,1.06,1,0,47,Normal,0,0
1/4/2025 21:53,27,74.5,46.5,79.42,2.79,3.36,1,0,302,Normal,0,0
1/4/2025 21:54,45,77.95,59.48,59.97,3.99,1.62,1,0,54,Normal,0,0
1/4/2025 21:55,23,80.72,54.44,77.06,4.44,2.75,1,0,47,Normal,0,0
1/4/2025 21:56,46,47.89,48.25,47.3,3.37,4.96,1,0,37,Normal,0,0
1/4/2025 21:57,8,73.16,53.33,37.26,3.65,2.46,1,0,51,Normal,0,0
1/4/2025 21:58,8,70.7,46.05,74.66,2.66,3.19,1,0,52,Normal,0,0
1/4/2025 21:59,26,79.2,46.96,57.89,1.12,3.82,1,0,207,Normal,0,0
1/4/2025 22:00,47,55.14,32.9,76.76,1.33,2.99,0,0,242,Normal,0,0
1/4/2025 22:01,13,76.5,51.07,53.18,3.21,0.78,1,0,89,Normal,0,0
1/4/2025 22:02,39,76.81,48.29,67.52,4.23,3.15,1,0,301,Normal,0,0
1/4/2025 22:03,37,86.35,56.7,61.98,3.33,3.92,1,0,424,Normal,0,0
1/4/2025 22:04,49,78.54,71.38,59.34,1.22,1.09,1,0,431,Normal,0,0
1/4/2025 22:05,28,81.96,61.55,75.34,1.99,1.14,1,0,147,Normal,0,0
1/4/2025 22:06,25,62.62,38.3,67.76,4.38,3.94,1,0,78,Normal,0,0
1/4/2025 22:07,16,73.92,80.28,68.83,1.56,1.94,1,1,40,Normal,1,1
1/4/2025 22:08,2,88.02,67.23,46.01,4.23,4.88,1,0,283,Normal,0,0
1/4/2025 22:09,18,70.01,45.8,73.71,3.5,4.23,1,0,138,Normal,0,0
1/4/2025 22:10,17,82.73,57.02,43.59,3.95,3.63,2,0,76,Vibration Issue,0,1
1/4/2025 22:11,30,65.31,33.33,60.51,3.16,1.86,2,0,446,Vibration Issue,0,1
1/4/2025 22:12,39,72.66,46.71,64.66,4.32,0.53,1,0,131,Normal,0,0
1/4/2025 22:13,13,58.77,48.18,46.98,2.74,2.14,1,0,291,Normal,0,0
1/4/2025 22:14,32,74.08,47.84,74.36,4.61,2.58,0,0,234,Normal,0,0
1/4/2025 22:15,50,66.53,49.8,73.46,4.27,1.29,1,0,436,Normal,0,0
1/4/2025 22:16,29,86.39,47.99,44.4,3.99,1.11,1,0,157,Normal,0,0
1/4/2025 22:17,46,95.28,68.64,43.45,4.03,1.3,1,1,8,Normal,1,1
1/4/2025 22:18,30,57.68,59.38,79.83,2.78,3.65,1,0,433,Normal,0,0
1/4/2025 22:19,18,62.56,17.12,75.22,3.9,1.37,1,0,239,Normal,0,0
1/4/2025 22:20,13,84.18,42.8,44.44,4.46,4.12,1,0,313,Normal,0,0
1/4/2025 22:21,43,67.28,41.02,70.49,4.41,3.9,1,0,462,Normal,0,0
1/4/2025 22:22,21,74.1,39.18,56.22,2.52,2.34,1,0,103,Normal,0,0
1/4/2025 22:23,30,90.05,44.78,54.44,3.16,4.82,1,1,8,Normal,1,1
1/4/2025 22:24,21,90.34,48.8,59.08,1.83,1.39,1,1,22,Normal,1,1
1/4/2025 22:25,48,61.89,7.8,69.95,3.32,4.24,2,0,249,Vibration Issue,0,1
1/4/2025 22:26,17,94.27,36.94,61.32,3.61,2.46,0,1,28,Normal,1,1
1/4/2025 22:27,40,81.65,41.16,57.47,4.1,1.18,1,0,458,Normal,0,0
1/4/2025 22:28,19,85.01,52.41,60.46,2.36,1.31,0,0,386,Normal,0,0
1/4/2025 22:29,15,68.27,57.93,46.22,2.93,1.89,1,0,115,Normal,0,0
1/4/2025 22:30,9,67.25,44.03,76.81,2.97,3.57,2,0,322,Overheating,0,1
1/4/2025 22:31,10,57.52,44.87,74.59,4.13,1.01,1,0,471,Normal,0,0
1/4/2025 22:32,44,62.51,64.68,55.5,4.95,4.8,1,0,107,Normal,0,0
1/4/2025 22:33,31,81.81,70.87,61.55,4.79,0.73,1,0,124,Normal,0,0
1/4/2025 22:34,23,79.57,61.2,60.79,1.76,2.74,1,0,370,Normal,0,0
1/4/2025 22:35,30,82.84,65.01,53.57,4.95,4.27,1,0,288,Normal,0,0
1/4/2025 22:36,33,77.32,55.58,44.96,4.32,4.66,1,0,90,Normal,0,0
1/4/2025 22:37,9,74.73,48.44,70.27,1.48,0.63,1,0,432,Normal,0,0
1/4/2025 22:38,47,67.93,50.58,63.92,3.42,1.3,1,0,42,Normal,0,0
1/4/2025 22:39,1,72.13,71.78,33.21,1.97,1.55,0,0,242,Normal,0,0
1/4/2025 22:40,44,83.94,29.34,69.51,2.61,1.95,2,0,387,Vibration Issue,0,1
1/4/2025 22:41,35,83.12,48.51,48.29,1.79,4.71,2,0,62,Normal,0,1
1/4/2025 22:42,11,77.49,42.2,38.99,3.98,1.82,1,0,135,Normal,0,0
1/4/2025 22:43,34,65.59,55.91,70.42,1.35,3.62,1,0,47,Normal,0,0
1/4/2025 22:44,16,70.15,45.48,54.2,3.87,4.23,2,0,358,Overheating,0,1
1/4/2025 22:45,9,61.46,39.98,68.9,1.79,4.78,1,0,435,Normal,0,0
1/4/2025 22:46,32,71.39,45.51,33.12,2.78,1.59,1,0,195,Normal,0,0
1/4/2025 22:47,15,58.27,43.07,37.76,3.32,4.78,1,0,186,Normal,0,0
1/4/2025 22:48,12,71.6,27.21,64.42,4.52,1.66,1,0,110,Normal,0,0
1/4/2025 22:49,33,68.3,46.84,30.04,2.02,3.28,1,0,497,Normal,0,0
1/4/2025 22:50,45,74.85,47.63,62.94,3.74,4.34,1,0,189,Normal,0,0
1/4/2025 22:51,14,67.18,53.78,44.23,1.15,4.52,1,0,464,Normal,0,0
1/4/2025 22:52,8,82.31,23.42,60.19,1.09,2.37,1,0,166,Normal,0,0
1/4/2025 22:53,8,58.55,69.59,52.98,3.38,4.24,1,0,21,Normal,0,0
1/4/2025 22:54,27,59.05,57.29,79.42,2.98,2.52,1,0,450,Normal,0,0
1/4/2025 22:55,12,72.29,56.29,30.72,2.61,4.94,1,0,157,Normal,0,0
1/4/2025 22:56,1,77.63,72.21,76.43,3.4,3.62,1,0,20,Normal,0,0
1/4/2025 22:57,43,70.88,54.37,69.71,1.31,2.44,1,0,179,Normal,0,0
1/4/2025 22:58,40,71.72,16.58,38.55,2.94,3.04,1,0,449,Normal,0,0
1/4/2025 22:59,42,75.93,47.44,79.08,2.35,2.42,0,0,492,Normal,0,0
1/4/2025 23:00,11,79.97,54.65,65.6,3.64,4.64,1,0,317,Normal,0,0
1/4/2025 23:01,39,70.73,33.7,62.3,2.76,2.14,1,0,60,Normal,0,0
1/4/2025 23:02,43,76.9,63.29,67.02,2.21,3.21,2,0,473,Pressure Drop,0,1
1/4/2025 23:03,31,84.83,35.85,40.42,4.47,2.9,1,0,95,Normal,0,0
1/4/2025 23:04,17,61.31,62.65,76.02,4.03,4.88,1,0,497,Normal,0,0
1/4/2025 23:05,33,87.65,33.88,44.53,2.48,3.76,1,0,471,Normal,0,0
1/4/2025 23:06,32,86.89,77.82,58.65,3.42,4.83,1,0,465,Normal,0,0
1/4/2025 23:07,29,66.64,69.49,60.4,1.08,3.46,1,0,119,Normal,0,0
1/4/2025 23:08,21,80.21,51.33,52.7,2.68,1.71,1,0,55,Normal,0,0
1/4/2025 23:09,21,59.67,57.33,49,4.02,0.57,1,0,242,Normal,0,0
1/4/2025 23:10,40,78.02,59.14,60.01,4.1,1.32,1,0,477,Normal,0,0
1/4/2025 23:11,23,88.65,30.52,43.98,3.22,3.38,0,0,433,Normal,0,0
1/4/2025 23:12,6,64.54,57.32,41.44,4.41,2.08,1,0,188,Normal,0,0
1/4/2025 23:13,22,67.41,32.29,37.37,1.34,2.14,2,0,246,Normal,0,1
1/4/2025 23:14,50,78.61,50.78,51.55,1.43,3.23,1,0,497,Normal,0,0
1/4/2025 23:15,38,71.53,43.14,72.85,1.43,1.48,2,0,166,Vibration Issue,0,1
1/4/2025 23:16,37,76.91,56,44.93,2.35,1.73,1,0,219,Normal,0,0
1/4/2025 23:17,45,99.44,60.72,66.32,2.02,4.42,1,1,42,Normal,1,1
1/4/2025 23:18,8,70.85,26.52,70.94,2.75,1.55,1,0,38,Normal,0,0
1/4/2025 23:19,41,59.32,61.8,55.57,4.22,1.31,1,0,352,Normal,0,0
1/4/2025 23:20,49,68.4,20.22,44.51,2.82,3.9,2,0,23,Vibration Issue,0,1
1/4/2025 23:21,35,76.85,62.33,65.26,4.21,0.82,1,0,280,Normal,0,0
1/4/2025 23:22,11,62.2,42.12,77.36,2.15,0.73,2,0,322,Normal,0,1
1/4/2025 23:23,24,68.16,62.71,33.27,3.95,1.2,1,0,118,Normal,0,0
1/4/2025 23:24,49,86.84,25.11,77.98,3.15,2.33,1,0,461,Normal,0,0
1/4/2025 23:25,21,91.32,45.87,32.22,1.23,1.2,1,1,2,Normal,1,1
1/4/2025 23:26,2,71.06,50.43,38.69,1.65,1.78,1,0,188,Normal,0,0
1/4/2025 23:27,40,71.32,21.04,39.56,1.48,3.69,1,0,76,Normal,0,0
1/4/2025 23:28,19,62.73,51.01,73.49,2.37,4.74,0,0,305,Normal,0,0
1/4/2025 23:29,39,77.54,42.94,45.6,1.81,1.41,1,0,487,Normal,0,0
1/4/2025 23:30,28,98.9,73.43,39.11,2.99,0.92,1,1,35,Normal,1,1
1/4/2025 23:31,17,71.31,59.71,63.5,2.18,3.06,2,0,149,Pressure Drop,0,1
1/4/2025 23:32,6,71.67,79.34,73.83,1.66,0.6,0,0,199,Normal,0,0
1/4/2025 23:33,19,79.96,35.98,46.56,2.95,1.75,1,0,98,Normal,0,0
1/4/2025 23:34,38,70.48,64.54,61.26,4.83,2.21,1,0,214,Normal,0,0
1/4/2025 23:35,28,70.66,49.87,35.53,4.89,4.9,1,0,261,Normal,0,0
1/4/2025 23:36,2,88.82,44.53,69.59,3.09,3.9,1,0,356,Normal,0,0
1/4/2025 23:37,38,62.07,53.64,67.73,2.75,3.26,0,0,97,Normal,0,0
1/4/2025 23:38,37,64.17,59.83,48.78,3.77,3.51,1,0,118,Normal,0,0
1/4/2025 23:39,4,81.44,54.68,59.15,2.17,4.58,1,0,27,Normal,0,0
1/4/2025 23:40,22,73.5,48.54,49.35,4.25,2.14,1,0,21,Normal,0,0
1/4/2025 23:41,26,64.24,37.86,50.57,1.91,1.15,0,0,207,Normal,0,0
1/4/2025 23:42,49,77.91,59.74,40.81,4.13,1.76,1,0,404,Normal,0,0
1/4/2025 23:43,43,71.66,55.9,44.17,3.08,1.57,1,0,130,Normal,0,0
1/4/2025 23:44,36,76.71,50.49,55.12,1.6,3.49,1,0,302,Normal,0,0
1/4/2025 23:45,13,72.17,19.67,46.32,1.41,4.82,0,0,371,Normal,0,0
1/4/2025 23:46,32,60.2,40.21,56.79,3.11,1.63,1,0,216,Normal,0,0
1/4/2025 23:47,17,85.59,39.14,76.64,2.61,1.89,1,0,72,Normal,0,0
1/4/2025 23:48,41,91.92,75.98,51.91,3.32,2.98,1,1,33,Normal,1,1
1/4/2025 23:49,36,65.79,40.73,37.6,3.04,3.7,0,0,326,Normal,0,0
1/4/2025 23:50,46,91.1,75.87,33.96,4.84,3.31,1,1,33,Normal,1,1
1/4/2025 23:51,19,73.94,68.85,53.68,2.28,3.11,1,0,374,Normal,0,0
1/4/2025 23:52,35,44.71,38.98,33.3,2.8,3.23,1,0,278,Normal,0,0
1/4/2025 23:53,46,79.25,23.71,74.3,1.47,2.15,1,0,302,Normal,0,0
1/4/2025 23:54,40,52.98,29.19,70.05,3.19,3.16,1,0,487,Normal,0,0
1/4/2025 23:55,28,70.11,63.86,45.28,4.68,4.44,1,0,447,Normal,0,0
1/4/2025 23:56,1,82.07,41.42,46.93,4.48,0.61,1,0,391,Normal,0,0
1/4/2025 23:57,42,79.75,32.05,60.67,3.89,2.62,1,0,176,Normal,0,0
1/4/2025 23:58,18,67.79,56.97,30.35,3.9,4.56,2,0,69,Normal,0,1
1/4/2025 23:59,48,81.28,36.2,48.62,1.21,2.14,1,0,272,Normal,0,0
1/5/2025 0:00,40,84.01,61.6,69.01,3.95,2.7,1,0,23,Normal,0,0
1/5/2025 0:01,33,68.97,44.64,42.78,3.66,1.46,1,0,154,Normal,0,0
1/5/2025 0:02,12,71.59,56.99,56.23,3.75,4.29,1,0,367,Normal,0,0
1/5/2025 0:03,8,76.99,31.97,51.59,3.91,4.29,1,0,246,Normal,0,0
1/5/2025 0:04,24,63.42,60.66,34.29,1.42,4.74,1,0,444,Normal,0,0
1/5/2025 0:05,16,66.9,54.64,69.64,1.84,4.81,2,0,119,Vibration Issue,0,1
1/5/2025 0:06,50,84.99,44.81,62.33,4.17,2.34,1,0,463,Normal,0,0
1/5/2025 0:07,4,97.98,22.51,42.13,4.99,4.39,0,1,35,Normal,1,1
1/5/2025 0:08,38,81.08,35.84,75.3,3.42,4.59,1,0,262,Normal,0,0
1/5/2025 0:09,44,77.65,51.81,45.08,4.06,1.03,1,0,284,Normal,0,0
1/5/2025 0:10,27,93.3,56.69,53.12,4.48,3.79,1,1,21,Normal,1,1
1/5/2025 0:11,9,65.74,45.2,48.29,3.35,1.25,1,0,377,Normal,0,0
1/5/2025 0:12,47,75.83,67.64,54.67,3.82,0.66,2,0,96,Overheating,0,1
1/5/2025 0:13,16,83.29,68.6,46.04,3.19,3.6,1,0,473,Normal,0,0
1/5/2025 0:14,12,66.7,39.84,62.81,1.72,0.88,1,0,68,Normal,0,0
1/5/2025 0:15,31,58.6,92.1,58.68,3.86,0.76,1,1,31,Normal,1,1
1/5/2025 0:16,24,83.23,51.3,66.73,3.76,3.79,2,0,132,Overheating,0,1
1/5/2025 0:17,14,84.52,26.15,55.18,1.33,1.04,1,0,264,Normal,0,0
1/5/2025 0:18,45,83.43,49.23,65.17,2.37,4.56,1,0,117,Normal,0,0
1/5/2025 0:19,25,83.61,45.38,55.98,2.77,2.54,2,0,278,Vibration Issue,0,1
1/5/2025 0:20,34,75.89,56.93,35.36,4.62,1.63,1,0,125,Normal,0,0
1/5/2025 0:21,3,76.43,35.52,76.27,3.05,4,1,0,387,Normal,0,0
1/5/2025 0:22,24,77.3,50.4,32.02,1.94,2.48,1,0,158,Normal,0,0
1/5/2025 0:23,42,86.08,45.01,42.44,2.58,2.43,1,0,434,Normal,0,0
1/5/2025 0:24,9,77.79,52.81,65.82,3.39,2.84,1,0,114,Normal,0,0
1/5/2025 0:25,26,75.86,56.95,56.4,2.56,2.67,1,0,117,Normal,0,0
1/5/2025 0:26,20,78.34,65.28,69.72,2.94,2.5,1,0,62,Normal,0,0
1/5/2025 0:27,40,79.46,63.67,43.31,1.32,2.82,0,0,380,Normal,0,0
1/5/2025 0:28,10,64.41,48.03,42.27,4.73,2.57,1,0,392,Normal,0,0
1/5/2025 0:29,19,88.88,37.57,33.62,1.88,2.89,1,0,219,Normal,0,0
1/5/2025 0:30,3,68.38,44.43,36.28,1.15,2.25,1,0,426,Normal,0,0
1/5/2025 0:31,24,75.72,30.28,54.61,3.85,1.93,2,0,282,Vibration Issue,0,1
1/5/2025 0:32,5,65.61,42.01,46.73,4.6,1.05,1,0,155,Normal,0,0
1/5/2025 0:33,3,72.97,54.95,60.23,3.96,2.93,1,0,450,Normal,0,0
1/5/2025 0:34,27,80.36,79.42,42.31,3.5,1.72,0,0,33,Normal,0,0
1/5/2025 0:35,16,78.13,54.92,77.85,2.89,3.46,0,0,326,Normal,0,0
1/5/2025 0:36,49,69.63,64.49,74.37,4.61,4.7,1,0,200,Normal,0,0
1/5/2025 0:37,15,68.12,26.49,50.94,1.05,1.22,1,0,488,Normal,0,0
1/5/2025 0:38,35,77.6,49.45,72.01,3.64,1.54,0,0,297,Normal,0,0
1/5/2025 0:39,12,85.81,47.36,37.21,1.08,2.56,1,0,34,Normal,0,0
1/5/2025 0:40,41,89.34,45.68,63.63,1.02,2.17,1,0,232,Normal,0,0
1/5/2025 0:41,44,95.14,41.05,71.58,4.33,3.9,1,1,47,Normal,1,1
1/5/2025 0:42,26,67.98,14.13,42.28,1.11,2.26,1,0,112,Normal,0,0
1/5/2025 0:43,47,67.3,39.15,64.42,2.77,4.97,2,0,348,Normal,0,1
1/5/2025 0:44,34,73.82,47.66,60.21,4.89,3.42,1,0,119,Normal,0,0
1/5/2025 0:45,23,73.25,52.79,38.79,1.79,2.58,1,0,309,Normal,0,0
1/5/2025 0:46,31,60.69,36.17,72.34,4.15,1.76,1,0,123,Normal,0,0
1/5/2025 0:47,50,83.4,41.78,77.94,3.69,2.56,1,0,315,Normal,0,0
1/5/2025 0:48,20,67.25,40.58,59.03,3.14,3.68,0,0,67,Normal,0,0
1/5/2025 0:49,12,68.54,52.74,69.96,3.05,2.33,1,0,47,Normal,0,0
1/5/2025 0:50,23,79.31,65.87,44.73,1.42,4.32,1,0,330,Normal,0,0
1/5/2025 0:51,4,63.05,40.89,47.56,1.07,0.96,2,0,126,Normal,0,1
1/5/2025 0:52,23,72.47,85.9,68.76,1.61,2.4,1,1,14,Normal,1,1
1/5/2025 0:53,48,82.41,71.4,78.28,2.39,3.59,1,0,385,Normal,0,0
1/5/2025 0:54,48,75.49,33.65,51.95,1.72,2.13,1,0,46,Normal,0,0
1/5/2025 0:55,1,82.47,30.73,48.62,1.08,2.99,1,0,478,Normal,0,0
1/5/2025 0:56,25,84.82,27.06,41.8,4.79,1.66,1,0,349,Normal,0,0
1/5/2025 0:57,2,74.15,40.96,61.96,1.29,1.39,1,0,291,Normal,0,0
1/5/2025 0:58,30,41.48,63.97,57.44,4.46,2.65,0,0,44,Normal,0,0
1/5/2025 0:59,3,87.29,49.25,67.82,3.74,2.28,1,0,121,Normal,0,0
1/5/2025 1:00,21,74.53,50.55,77.99,2.08,1.44,1,0,422,Normal,0,0
1/5/2025 1:01,25,82.91,42.84,42.25,3.86,3.49,1,0,308,Normal,0,0
1/5/2025 1:02,20,88.67,78.65,74.39,2.35,0.58,0,0,400,Normal,0,0
1/5/2025 1:03,49,56.75,50.34,66.77,4.42,3.09,0,0,346,Normal,0,0
1/5/2025 1:04,22,74.96,47.33,61.64,2.16,2.88,1,0,314,Normal,0,0
1/5/2025 1:05,21,90.44,56.49,61.81,3.19,1.97,2,1,4,Pressure Drop,1,1
1/5/2025 1:06,33,72.94,36.4,58.58,1.7,0.78,0,0,414,Normal,0,0
1/5/2025 1:07,38,84.76,37.68,60.53,4.53,4.29,0,0,308,Normal,0,0
1/5/2025 1:08,15,64.05,39.31,49.6,1.4,2.98,1,0,264,Normal,0,0
1/5/2025 1:09,46,79.79,44.61,70.73,4.24,3.07,1,0,87,Normal,0,0
1/5/2025 1:10,15,62.49,57.35,75.96,4.67,2.38,1,0,161,Normal,0,0
1/5/2025 1:11,46,84.01,68.44,66.87,4.21,3.6,1,0,486,Normal,0,0
1/5/2025 1:12,25,70.48,69.93,72.19,2.54,1.32,1,0,459,Normal,0,0
1/5/2025 1:13,21,89.3,48.55,63.81,1.02,4.53,1,0,84,Normal,0,0
1/5/2025 1:14,24,89.66,62.51,43.15,3.93,0.74,1,0,400,Normal,0,0
1/5/2025 1:15,5,68.96,39,65.68,2.64,1.53,1,0,242,Normal,0,0
1/5/2025 1:16,6,91.8,56.83,39.45,1.97,2.81,1,1,18,Normal,1,1
1/5/2025 1:17,49,69.14,52.17,59.39,1.04,1.13,1,0,303,Normal,0,0
1/5/2025 1:18,43,81.79,33.82,58.57,4.74,0.75,2,0,317,Vibration Issue,0,1
1/5/2025 1:19,48,74.68,23.14,31.73,4.2,4.3,1,0,199,Normal,0,0
1/5/2025 1:20,44,70.78,55.94,37.96,3.57,4.31,1,0,382,Normal,0,0
1/5/2025 1:21,47,83.02,35.29,59.99,1.23,2.87,1,0,290,Normal,0,0
1/5/2025 1:22,23,69.88,73.41,68.96,4.08,4.71,1,0,178,Normal,0,0
1/5/2025 1:23,4,69.33,51.4,79.92,3.12,1.17,1,0,80,Normal,0,0
1/5/2025 1:24,27,75.06,53.97,46.9,2.15,1.24,1,0,285,Normal,0,0
1/5/2025 1:25,18,84.08,40.79,51.97,1.88,2.5,1,0,488,Normal,0,0
1/5/2025 1:26,21,77.36,84.3,44.3,2.77,4.85,1,1,46,Normal,1,1
1/5/2025 1:27,28,71.41,47.6,69.17,1.31,3.66,2,0,400,Overheating,0,1
1/5/2025 1:28,35,69.87,54.1,34.75,1.53,2.32,1,0,145,Normal,0,0
1/5/2025 1:29,22,72.91,57.6,41.36,3.32,2.97,1,0,484,Normal,0,0
1/5/2025 1:30,40,80.45,44.18,42.77,1.96,3.33,1,0,435,Normal,0,0
1/5/2025 1:31,23,64.26,39.77,33.71,1.38,1.74,1,0,136,Normal,0,0
1/5/2025 1:32,3,68.39,45.43,54.18,4.43,0.9,1,0,392,Normal,0,0
1/5/2025 1:33,40,82.89,59.17,53.33,4.62,0.99,0,0,170,Normal,0,0
1/5/2025 1:34,50,66.73,66.2,36.1,3.55,1.88,1,0,261,Normal,0,0
1/5/2025 1:35,10,69.24,31.72,67.79,2.2,2.62,0,0,146,Normal,0,0
1/5/2025 1:36,25,74.69,55.4,58.84,4.19,0.54,0,0,203,Normal,0,0
1/5/2025 1:37,49,66.87,32.75,70.73,1.55,3.99,1,0,277,Normal,0,0
1/5/2025 1:38,8,70.4,70.97,78.71,3.86,2.01,1,0,362,Normal,0,0
1/5/2025 1:39,11,76.33,61.68,39.43,3.44,0.79,1,0,232,Normal,0,0
1/5/2025 1:40,5,82.18,61.87,41.78,2.4,2.13,0,0,383,Normal,0,0
1/5/2025 1:41,45,67.36,60.86,53.41,4.36,0.95,1,0,293,Normal,0,0
1/5/2025 1:42,37,66.79,63.23,38.79,4.82,4.28,1,0,50,Normal,0,0
1/5/2025 1:43,45,86.4,74.52,51.04,2.4,4.22,1,0,22,Normal,0,0
1/5/2025 1:44,38,68.52,49.45,74.56,1.98,4.91,0,0,146,Normal,0,0
1/5/2025 1:45,29,67.51,41.76,67.05,2.35,1.06,1,0,335,Normal,0,0
1/5/2025 1:46,5,55.04,49.33,59.8,1.45,1.32,0,0,97,Normal,0,0
1/5/2025 1:47,9,86.07,58.02,39.93,1.71,4.4,2,0,89,Vibration Issue,0,1
1/5/2025 1:48,48,88.75,29.98,77.79,1.47,3.4,1,0,103,Normal,0,0
1/5/2025 1:49,2,74.8,42.08,54.03,1.59,2.68,1,0,465,Normal,0,0
1/5/2025 1:50,1,76.96,35.08,62.48,2.03,3.46,2,0,208,Electrical Fault,0,1
1/5/2025 1:51,40,75.01,62.56,41.53,1.67,3.09,2,0,233,Pressure Drop,0,1
1/5/2025 1:52,30,64.05,60.58,58.53,2.28,0.68,0,0,212,Normal,0,0
1/5/2025 1:53,11,81.2,58.25,76.38,4.14,1.6,1,0,30,Normal,0,0
1/5/2025 1:54,28,88.67,47.75,32.43,1.28,2.17,1,0,120,Normal,0,0
1/5/2025 1:55,44,74.98,50.39,77.55,4.71,4.24,1,0,202,Normal,0,0
1/5/2025 1:56,12,82.14,24.11,58.26,3.95,3.41,1,0,165,Normal,0,0
1/5/2025 1:57,39,66.24,40.46,67.91,2.55,0.69,1,0,395,Normal,0,0
1/5/2025 1:58,26,65.34,62.95,71.86,4.11,2.71,1,0,219,Normal,0,0
1/5/2025 1:59,13,79.68,55.77,55.31,4.23,4.49,1,0,182,Normal,0,0
1/5/2025 2:00,8,90.26,47.26,37.28,4.33,2.21,2,1,36,Electrical Fault,1,1
1/5/2025 2:01,28,68.94,54.33,44.13,3.24,3.63,1,0,497,Normal,0,0
1/5/2025 2:02,30,73.18,65.17,65.57,4.65,2.76,1,0,255,Normal,0,0
1/5/2025 2:03,9,80.26,47.6,58.99,3.36,2.01,1,0,336,Normal,0,0
1/5/2025 2:04,39,70.54,32.84,30.85,3.34,0.65,1,0,130,Normal,0,0
1/5/2025 2:05,31,79.86,48.63,57.22,4.65,2.47,1,0,160,Normal,0,0
1/5/2025 2:06,21,65.48,85.79,75.15,1.24,3.72,1,1,11,Normal,1,1
1/5/2025 2:07,47,79.35,42.74,39.17,1.88,2.17,1,0,163,Normal,0,0
1/5/2025 2:08,34,72.68,43.89,62.71,2.6,4.43,0,0,194,Normal,0,0
1/5/2025 2:09,31,59.03,57.55,63.63,1.95,2.38,1,0,266,Normal,0,0
1/5/2025 2:10,25,64.69,61.96,62.33,3.26,1.16,1,0,154,Normal,0,0
1/5/2025 2:11,12,78.28,51.66,30.84,4.17,3.5,2,0,421,Normal,0,1
1/5/2025 2:12,1,88.56,19.34,45.3,3.84,2.6,1,0,495,Normal,0,0
1/5/2025 2:13,22,61.89,26.24,51.03,4.01,0.73,0,0,496,Normal,0,0
1/5/2025 2:14,40,85.18,66.97,73.44,1.11,1.45,1,0,97,Normal,0,0
1/5/2025 2:15,37,79.16,43.59,47.69,3.53,1.83,0,0,198,Normal,0,0
1/5/2025 2:16,47,84.6,54.94,76.21,1.78,4.14,1,0,347,Normal,0,0
1/5/2025 2:17,1,73.46,47.85,38.1,1.61,2.5,1,0,368,Normal,0,0
1/5/2025 2:18,1,81.3,21.73,55.29,2.55,4.15,1,0,98,Normal,0,0
1/5/2025 2:19,42,93.5,43.79,66.62,4.13,3.73,1,1,6,Normal,1,1
1/5/2025 2:20,42,76.91,52.33,47.1,4.25,3.68,0,0,353,Normal,0,0
1/5/2025 2:21,21,65.22,43.63,32.89,3.17,3.1,1,0,37,Normal,0,0
1/5/2025 2:22,15,89.5,71.73,46.13,1.1,2.55,1,0,258,Normal,0,0
1/5/2025 2:23,17,80.3,52.54,68.87,1.93,1.37,1,0,29,Normal,0,0
1/5/2025 2:24,22,77.45,72.6,59.15,2.58,0.88,1,0,489,Normal,0,0
1/5/2025 2:25,38,92.9,41.25,49.16,4.8,4.48,1,1,32,Normal,1,1
1/5/2025 2:26,35,89.07,58.55,50.05,2.51,4.57,1,0,223,Normal,0,0
1/5/2025 2:27,45,79.8,36.91,31.22,2.71,1.16,0,0,454,Normal,0,0
1/5/2025 2:28,16,65.96,61.2,61.72,4.8,3.16,1,0,378,Normal,0,0
1/5/2025 2:29,8,71.32,41.34,71.42,3.65,3.75,1,0,66,Normal,0,0
1/5/2025 2:30,47,76.91,38.46,72.72,4.99,1.39,0,0,91,Normal,0,0
1/5/2025 2:31,17,74.73,81.17,61.95,4.25,2.41,1,1,41,Normal,1,1
1/5/2025 2:32,17,70.26,44.48,74.16,1.56,0.53,2,0,441,Pressure Drop,0,1
1/5/2025 2:33,26,73.06,41.98,74.78,2.41,3.81,0,0,28,Normal,0,0
1/5/2025 2:34,13,85.51,44.06,38.98,2.4,0.57,1,0,436,Normal,0,0
1/5/2025 2:35,17,77.07,33.78,55.99,2.26,4.43,1,0,271,Normal,0,0
1/5/2025 2:36,38,70.3,42.04,72.41,1.29,4.09,1,0,482,Normal,0,0
1/5/2025 2:37,17,81.58,29.19,37.11,2.18,3.46,1,0,396,Normal,0,0
1/5/2025 2:38,48,80.61,50.82,45.22,4.16,1.45,1,0,164,Normal,0,0
1/5/2025 2:39,14,74.64,33.6,66.77,2.59,3.75,0,0,15,Normal,0,1
1/5/2025 2:40,45,63.91,36.82,46.08,4.9,2.86,1,0,82,Normal,0,0
1/5/2025 2:41,6,73.8,64.94,41.65,3.4,1.6,1,0,358,Normal,0,0
1/5/2025 2:42,35,74.9,40.77,57.62,4.59,4.13,2,0,364,Vibration Issue,0,1
1/5/2025 2:43,46,83.82,59.85,77.2,1.68,2.13,1,0,194,Normal,0,0
1/5/2025 2:44,14,67.85,51.42,37.9,2.94,0.52,1,0,344,Normal,0,0
1/5/2025 2:45,47,72.23,61.3,62.78,2.94,3.24,1,0,25,Normal,0,0
1/5/2025 2:46,8,90.38,54.2,35.68,4.31,4.06,1,1,26,Normal,1,1
1/5/2025 2:47,15,72.62,26.54,52.71,3.1,3.08,1,0,371,Normal,0,0
1/5/2025 2:48,27,74.71,31.22,37.15,3.92,3.36,1,0,211,Normal,0,0
1/5/2025 2:49,13,93.26,52.05,62.29,4.1,1.85,1,1,25,Normal,1,1
1/5/2025 2:50,49,66.05,87.05,34.04,2.81,1.93,2,1,25,Pressure Drop,1,1
1/5/2025 2:51,31,88.16,32.26,73.41,4.31,2.89,1,0,491,Normal,0,0
1/5/2025 2:52,35,71.18,80.76,35.73,2.94,0.96,1,1,47,Normal,1,1
1/5/2025 2:53,6,77.17,66.17,30.97,2.99,4.89,1,0,335,Normal,0,0
1/5/2025 2:54,5,77.92,56.25,46.75,2.14,0.9,1,0,162,Normal,0,0
1/5/2025 2:55,22,72.67,52.64,67.74,1.46,3.48,1,0,287,Normal,0,0
1/5/2025 2:56,49,65.59,44.37,64.04,4.63,0.76,0,0,183,Normal,0,0
1/5/2025 2:57,23,68.39,48.78,50.37,1.61,2.78,0,0,232,Normal,0,0
1/5/2025 2:58,25,72.96,78.19,52.44,3.93,4.36,1,0,158,Normal,0,0
1/5/2025 2:59,34,67.18,76.18,31.96,3.69,3.82,1,0,121,Normal,0,0
1/5/2025 3:00,26,74.95,51.87,59.95,3.29,1.92,0,0,198,Normal,0,0
1/5/2025 3:01,47,67.42,26.38,57.07,1.45,4.77,1,0,120,Normal,0,0
1/5/2025 3:02,5,66.02,53.93,79.06,1.03,3.31,0,0,114,Normal,0,0
1/5/2025 3:03,26,59.17,62.19,70.88,3.31,4.25,1,0,87,Normal,0,0
1/5/2025 3:04,20,91.85,62.38,75.13,3.6,2.04,1,1,8,Normal,1,1
1/5/2025 3:05,6,74.02,68.91,76.35,3.01,4.63,1,0,187,Normal,0,0
1/5/2025 3:06,6,68.26,35.06,49.84,4.57,0.68,1,0,137,Normal,0,0
1/5/2025 3:07,50,65.2,42.06,69.45,4.53,4.76,1,0,176,Normal,0,0
1/5/2025 3:08,18,69.55,73.11,75.5,2.13,1.13,1,0,254,Normal,0,0
1/5/2025 3:09,4,56.37,35.94,38.28,2.72,2.58,2,0,453,Overheating,0,1
1/5/2025 3:10,17,68.99,28.86,76.99,1.15,2.59,1,0,164,Normal,0,0
1/5/2025 3:11,14,82.09,15.96,55.72,1.56,1.26,1,0,391,Normal,0,0
1/5/2025 3:12,14,68.54,63.4,37.99,1.31,4.96,1,0,346,Normal,0,0
1/5/2025 3:13,13,81.18,69.55,78.7,2.11,1.88,1,0,275,Normal,0,0
1/5/2025 3:14,7,84.16,55.15,75.43,4.88,1.05,1,0,332,Normal,0,0
1/5/2025 3:15,44,81.44,55.38,61.96,2.76,1.16,2,0,318,Normal,0,1
1/5/2025 3:16,15,75.34,47.04,59.54,2.06,2.07,1,0,22,Normal,0,0
1/5/2025 3:17,19,86.75,32.51,44.45,2.03,4.04,1,0,70,Normal,0,0
1/5/2025 3:18,43,86.24,69.46,42.99,3.94,2.06,2,0,185,Normal,0,1
1/5/2025 3:19,47,67.93,22.1,33.81,4.09,2.3,1,0,465,Normal,0,0
1/5/2025 3:20,44,66.34,76.67,59.36,2.88,3.67,2,0,421,Vibration Issue,0,1
1/5/2025 3:21,35,70.59,55.53,58.12,1.37,0.61,1,0,110,Normal,0,0
1/5/2025 3:22,17,71.89,53.24,72.02,1.51,3.59,1,0,253,Normal,0,0
1/5/2025 3:23,35,86.72,40.33,48.79,3,4.65,2,0,238,Vibration Issue,0,1
1/5/2025 3:24,19,82.98,44.21,49.38,4.01,1.33,1,0,88,Normal,0,0
1/5/2025 3:25,20,76.35,26.85,58.54,2.63,3.2,1,0,435,Normal,0,0
1/5/2025 3:26,36,76.71,29.02,48.51,2.49,0.98,1,0,373,Normal,0,0
1/5/2025 3:27,35,64.09,50.84,50.29,4.86,4.78,2,0,482,Vibration Issue,0,1
1/5/2025 3:28,32,86,50.39,71.2,1.71,1.36,1,0,24,Normal,0,0
1/5/2025 3:29,48,76.79,73.17,60.31,3.32,2.41,1,0,467,Normal,0,0
1/5/2025 3:30,44,64.52,56.49,37.38,4.58,2.11,1,0,189,Normal,0,0
1/5/2025 3:31,40,58.16,46.56,62.95,4.81,4.78,2,0,479,Overheating,0,1
1/5/2025 3:32,24,62.29,39.26,63.78,2.23,3.36,1,0,161,Normal,0,0
1/5/2025 3:33,17,75.74,38.43,73.69,2.69,1.85,1,0,412,Normal,0,0
1/5/2025 3:34,7,49.54,48.34,64.15,4.92,3.48,1,0,224,Normal,0,0
1/5/2025 3:35,43,63.32,53.33,73.49,2.81,4.89,2,0,84,Normal,0,1
1/5/2025 3:36,50,79.81,43.88,36.47,5,3.58,1,0,438,Normal,0,0
1/5/2025 3:37,1,70.63,72.22,72.1,3.08,3.63,1,0,35,Normal,0,0
1/5/2025 3:38,35,57.25,49.06,40.19,3.53,3.23,1,0,175,Normal,0,0
1/5/2025 3:39,32,68.69,75.13,61.21,1.45,0.72,2,0,346,Vibration Issue,0,1
1/5/2025 3:40,36,74.02,46.83,46.76,2.83,3.43,2,0,247,Pressure Drop,0,1
1/5/2025 3:41,13,84.39,79.91,33.32,4.88,1.35,1,0,127,Normal,0,0
1/5/2025 3:42,6,79.54,37.71,46.22,4.41,0.89,1,0,34,Normal,0,0
1/5/2025 3:43,14,79.19,47.08,71.52,1.54,2.49,1,0,151,Normal,0,0
1/5/2025 3:44,37,82.2,61.89,71.14,4.23,1.76,1,0,47,Normal,0,0
1/5/2025 3:45,48,58.25,42.79,64.82,1.52,3.29,1,0,163,Normal,0,0
1/5/2025 3:46,15,87.45,48,67.59,3.33,3.45,1,0,238,Normal,0,0
1/5/2025 3:47,47,87.47,33.52,36.09,2.17,1.99,1,0,392,Normal,0,0
1/5/2025 3:48,4,68.88,24.04,54.95,1.83,4.9,0,0,170,Normal,0,0
1/5/2025 3:49,40,45.04,43.08,40.86,4.63,1.21,1,0,271,Normal,0,0
1/5/2025 3:50,16,88.29,70.41,66.92,2.09,3.59,1,0,415,Normal,0,0
1/5/2025 3:51,28,47.49,56.02,78.9,4.75,0.6,1,0,425,Normal,0,0
1/5/2025 3:52,16,78.78,23.68,46.26,3.9,1.97,2,0,59,Overheating,0,1
1/5/2025 3:53,4,70.49,45.97,58.01,4.84,3.61,1,0,36,Normal,0,0
1/5/2025 3:54,45,68.99,59.04,45.17,4.99,4.54,1,0,177,Normal,0,0
1/5/2025 3:55,26,70.68,56.76,31.69,1.54,3.46,1,0,34,Normal,0,0
1/5/2025 3:56,28,76.33,37.98,60.06,1.98,4.43,1,0,332,Normal,0,0
1/5/2025 3:57,32,53.56,38.7,70.04,4.08,5,1,0,110,Normal,0,0
1/5/2025 3:58,45,73.09,41.75,52.56,4.12,4.12,1,0,373,Normal,0,0
1/5/2025 3:59,2,60.72,46.98,36.62,4.72,3.46,1,0,292,Normal,0,0
1/5/2025 4:00,31,69.96,23.47,33.45,4.53,1.81,1,0,232,Normal,0,0
1/5/2025 4:01,3,76.62,49.42,63.38,1.12,4.7,1,0,214,Normal,0,0
1/5/2025 4:02,8,83.76,69.13,36.04,3.52,1.95,1,0,395,Normal,0,0
1/5/2025 4:03,24,67.65,36.46,70.08,3.24,3.02,1,0,471,Normal,0,0
1/5/2025 4:04,15,92.9,42.21,61.82,2.13,2.33,1,1,2,Normal,1,1
1/5/2025 4:05,43,66.06,36.75,75.62,1.42,1.48,1,0,140,Normal,0,0
1/5/2025 4:06,31,66.32,42.59,50.2,3.38,2.84,0,0,311,Normal,0,0
1/5/2025 4:07,9,85.29,53.95,79.98,4.79,2.57,1,0,161,Normal,0,0
1/5/2025 4:08,39,72.52,19.9,34.65,2.45,4.09,1,0,286,Normal,0,0
1/5/2025 4:09,45,76.8,39.9,53.71,4.57,2.39,1,0,27,Normal,0,0
1/5/2025 4:10,2,70.11,33.57,41.67,1.51,4.62,1,0,171,Normal,0,0
1/5/2025 4:11,8,71.26,36.06,57.95,3.35,1.4,1,0,148,Normal,0,0
1/5/2025 4:12,7,78.5,36.28,76.22,3.4,2.64,1,0,344,Normal,0,0
1/5/2025 4:13,44,87.71,55.12,45.48,2.65,1.4,1,0,153,Normal,0,0
1/5/2025 4:14,39,76.4,39.8,37.11,4.62,3.49,2,0,111,Overheating,0,1
1/5/2025 4:15,42,79.29,65.55,53.36,4.4,3.89,1,0,51,Normal,0,0
1/5/2025 4:16,16,84.82,66.17,52.59,4.04,1.02,2,0,308,Electrical Fault,0,1
1/5/2025 4:17,35,70.35,43.18,43.37,3.07,1.59,1,0,158,Normal,0,0
1/5/2025 4:18,30,65.21,85.26,74.95,3.81,4.97,0,1,20,Normal,1,1
1/5/2025 4:19,10,64.76,30.78,64.14,1.47,4.65,1,0,211,Normal,0,0
1/5/2025 4:20,38,66.14,9.48,39.46,4.26,2.87,1,0,227,Normal,0,0
1/5/2025 4:21,18,64.56,51.05,52.72,2.76,3.77,1,0,50,Normal,0,0
1/5/2025 4:22,50,86,42.31,37.68,1.67,2.03,1,0,424,Normal,0,0
1/5/2025 4:23,5,56.16,52.66,32.78,1.32,4.82,1,0,268,Normal,0,0
1/5/2025 4:24,29,80.91,61.94,40.22,4.2,2.19,1,0,11,Normal,0,1
1/5/2025 4:25,39,62.75,67.16,76.27,2.69,1.16,1,0,258,Normal,0,0
1/5/2025 4:26,34,92.91,36.3,30.95,1.49,4.06,1,1,31,Normal,1,1
1/5/2025 4:27,43,79.03,36.33,58.36,2.04,1.88,1,0,217,Normal,0,0
1/5/2025 4:28,45,66.24,61.78,75.97,1.83,4.22,1,0,180,Normal,0,0
1/5/2025 4:29,23,69.58,35.74,47.46,4.83,1.13,1,0,285,Normal,0,0
1/5/2025 4:30,5,74.16,71.58,64.15,4.57,1.71,0,0,270,Normal,0,0
1/5/2025 4:31,30,81.36,82.15,39.89,4.95,4.49,1,1,38,Normal,1,1
1/5/2025 4:32,6,78.36,77.75,67.45,1.94,4.73,1,0,219,Normal,0,0
1/5/2025 4:33,46,74.87,64.99,72.28,4.42,4.78,1,0,166,Normal,0,0
1/5/2025 4:34,44,67.93,37,48.13,2.93,1.42,1,0,107,Normal,0,0
1/5/2025 4:35,4,72.1,53.26,44.15,4.94,1.36,1,0,419,Normal,0,0
1/5/2025 4:36,29,88.42,24.43,59.5,3.27,4.34,0,0,158,Normal,0,0
1/5/2025 4:37,23,96.28,21.02,40.24,1.06,3.06,2,1,9,Normal,1,1
1/5/2025 4:38,6,86.03,54.25,55.77,1.91,2.9,1,0,84,Normal,0,0
1/5/2025 4:39,32,65.44,34.39,65.18,3.21,4.32,1,0,126,Normal,0,0
1/5/2025 4:40,42,89.33,51.84,61.9,4.11,0.89,1,0,370,Normal,0,0
1/5/2025 4:41,18,71.69,32.99,45.37,4.11,2.39,1,0,282,Normal,0,0
1/5/2025 4:42,15,75.03,51.05,55.3,3.68,0.58,1,0,21,Normal,0,0
1/5/2025 4:43,40,62.38,44.42,44.09,1.26,1.67,1,0,399,Normal,0,0
1/5/2025 4:44,32,76.14,44.06,76.85,2.33,1.38,1,0,383,Normal,0,0
1/5/2025 4:45,9,67.15,50.76,56.65,3.75,1.28,1,0,354,Normal,0,0
1/5/2025 4:46,37,88.76,27.82,33.22,1.47,2.47,1,0,370,Normal,0,0
1/5/2025 4:47,10,100.44,50.83,67.34,3.35,1.72,1,1,38,Normal,1,1
1/5/2025 4:48,20,74.98,31.05,34,2.7,3.61,1,0,496,Normal,0,0
1/5/2025 4:49,6,79.77,52.87,47.96,1.8,4.5,1,0,178,Normal,0,0
1/5/2025 4:50,48,71.92,35.79,61.18,1.84,1.5,1,0,33,Normal,0,0
1/5/2025 4:51,3,76.2,51.88,35.69,4.78,3.88,1,0,137,Normal,0,0
1/5/2025 4:52,42,69.09,46.36,43.4,2.42,1.93,0,0,180,Normal,0,0
1/5/2025 4:53,11,78.11,33.3,67.32,3.48,2.97,1,0,141,Normal,0,0
1/5/2025 4:54,43,79.02,46.59,69.05,1.61,3.8,1,0,307,Normal,0,0
1/5/2025 4:55,17,77.99,69.9,33.81,3.08,1.31,1,0,280,Normal,0,0
1/5/2025 4:56,32,82.47,22.55,64.55,2.09,4.46,1,0,88,Normal,0,0
1/5/2025 4:57,4,71.36,35.91,30.41,1.29,4.69,1,0,185,Normal,0,0
1/5/2025 4:58,4,101.9,67.99,75.58,4.46,3.61,1,1,14,Normal,1,1
1/5/2025 4:59,17,68.47,47.59,78.17,3.89,3.43,1,0,235,Normal,0,0
1/5/2025 5:00,41,68.37,75.62,49.69,4.35,2.08,1,0,404,Normal,0,0
1/5/2025 5:01,19,49.84,70.98,60.26,2.31,4.22,1,0,496,Normal,0,0
1/5/2025 5:02,5,82.59,48.89,49.86,2.67,3.49,1,0,174,Normal,0,0
1/5/2025 5:03,32,46.4,41.58,34.75,3.88,4.1,1,0,425,Normal,0,0
1/5/2025 5:04,22,71.58,33.54,40.97,2.7,1.9,1,0,241,Normal,0,0
1/5/2025 5:05,6,67.48,60.83,77.44,4.71,4.74,1,0,182,Normal,0,0
1/5/2025 5:06,35,60.61,47.05,62.49,3.17,3.54,1,0,286,Normal,0,0
1/5/2025 5:07,22,75.64,47.45,44.41,3.84,3.18,1,0,322,Normal,0,0
1/5/2025 5:08,1,92.67,63.38,63.85,2.4,3.39,1,1,6,Normal,1,1
1/5/2025 5:09,20,82.3,61.54,56.73,4.2,2.76,2,0,278,Normal,0,1
1/5/2025 5:10,22,67.37,82.85,41.07,2.98,2.32,1,1,45,Normal,1,1
1/5/2025 5:11,48,94.9,47.42,48.35,1.29,2.22,1,1,27,Normal,1,1
1/5/2025 5:12,11,67.67,61.12,36.38,1.22,1.31,1,0,381,Normal,0,0
1/5/2025 5:13,13,85.94,34.17,78.81,2.37,0.84,1,0,332,Normal,0,0
1/5/2025 5:14,42,57.62,37.27,38.12,2.23,4.35,1,0,388,Normal,0,0
1/5/2025 5:15,3,72.68,65.82,37.4,1.08,1.91,1,0,60,Normal,0,0
1/5/2025 5:16,9,63.11,46,65.09,2.96,2.91,0,0,21,Normal,0,0
1/5/2025 5:17,12,95.77,57.1,52.12,1.31,4.35,1,1,5,Normal,1,1
1/5/2025 5:18,23,68.08,39.36,62.62,3.27,2.57,1,0,234,Normal,0,0
1/5/2025 5:19,14,64.79,58.16,50.95,3.1,1.26,1,0,261,Normal,0,0
1/5/2025 5:20,33,79.65,62.88,48.9,2.28,0.57,1,0,102,Normal,0,0
1/5/2025 5:21,18,72.5,49.51,30.51,1.02,4.07,1,0,271,Normal,0,0
1/5/2025 5:22,49,96.47,48.19,70.54,3.22,4.34,1,1,5,Normal,1,1
1/5/2025 5:23,41,78.09,56.42,54.43,2.73,3.04,1,0,405,Normal,0,0
1/5/2025 5:24,9,75.65,39.03,70.81,1.8,2.67,1,0,115,Normal,0,0
1/5/2025 5:25,23,82.2,55.09,48.04,4.92,2.75,1,0,145,Normal,0,0
1/5/2025 5:26,10,72.78,70.51,64.54,1.65,3.04,0,0,456,Normal,0,0
1/5/2025 5:27,19,77.38,39.59,48.72,4,4.04,1,0,177,Normal,0,0
1/5/2025 5:28,47,66.62,76.83,35.04,1.44,3.39,2,0,372,Vibration Issue,0,1
1/5/2025 5:29,5,68.78,35.01,67.68,2.59,0.71,1,0,234,Normal,0,0
1/5/2025 5:30,47,65.86,43.29,63.18,3.92,2.84,1,0,437,Normal,0,0
1/5/2025 5:31,23,78.9,28.6,42.68,1.98,2.41,1,0,206,Normal,0,0
1/5/2025 5:32,30,68.35,27.13,70.62,2.42,1.94,1,0,413,Normal,0,0
1/5/2025 5:33,25,82.8,44.94,42.93,1.59,0.57,1,0,57,Normal,0,0
1/5/2025 5:34,28,66.34,46.73,30.58,2.1,2.3,1,0,182,Normal,0,0
1/5/2025 5:35,34,65.33,75.16,49.55,2.94,1.36,1,0,266,Normal,0,0
1/5/2025 5:36,45,77.39,43.19,46.13,2.12,3,1,0,201,Normal,0,0
1/5/2025 5:37,48,76.39,58.05,40.87,3.98,2.51,1,0,322,Normal,0,0
1/5/2025 5:38,47,83.57,58.98,40.01,1.75,0.82,0,0,83,Normal,0,0
1/5/2025 5:39,25,63.18,50.07,60.14,1.3,4.33,1,0,432,Normal,0,0
1/5/2025 5:40,10,59.62,54.7,43.21,4.23,3.94,0,0,487,Normal,0,0
1/5/2025 5:41,14,87.16,34.78,52.54,2.33,3.01,1,0,340,Normal,0,0
1/5/2025 5:42,42,61.46,65.19,79.59,2,3.05,1,0,381,Normal,0,0
1/5/2025 5:43,46,83.3,55.37,64.87,4.19,2.97,1,0,75,Normal,0,0
1/5/2025 5:44,30,51.48,7.05,47.67,2.12,4.68,1,0,240,Normal,0,0
1/5/2025 5:45,41,80.68,33.82,36.44,3.82,3.92,0,0,120,Normal,0,0
1/5/2025 5:46,25,74.89,54.45,53.97,4.95,0.93,1,0,227,Normal,0,0
1/5/2025 5:47,14,79.05,47.9,74.82,1.51,3.02,1,0,165,Normal,0,0
1/5/2025 5:48,35,82.67,60.61,74.11,2.82,3.53,1,0,211,Normal,0,0
1/5/2025 5:49,48,84.47,54.76,71.33,3.54,2.82,0,0,366,Normal,0,0
1/5/2025 5:50,34,79.65,52.68,37.09,4.03,1.56,2,0,465,Overheating,0,1
1/5/2025 5:51,10,83.35,85.15,66.68,2.95,4.85,1,1,37,Normal,1,1
1/5/2025 5:52,35,86.23,38.46,31.91,3.89,1.71,0,0,369,Normal,0,0
1/5/2025 5:53,11,87.74,35.45,35.47,2.34,1.59,1,0,183,Normal,0,0
1/5/2025 5:54,11,80.19,58.02,38.59,3.19,3.64,1,0,188,Normal,0,0
1/5/2025 5:55,21,65.53,34.28,77.61,1.13,4.92,1,0,452,Normal,0,0
1/5/2025 5:56,21,72.49,68.47,46.81,3.79,3.5,1,0,119,Normal,0,0
1/5/2025 5:57,22,74.01,72.1,50.24,4.88,3.13,1,0,391,Normal,0,0
1/5/2025 5:58,45,68.2,70.87,53.53,4.05,2.21,1,0,121,Normal,0,0
1/5/2025 5:59,7,63.54,64.26,32.24,1.54,1.61,2,0,194,Pressure Drop,0,1
1/5/2025 6:00,17,84.25,42.89,53.29,1.7,4.77,1,0,232,Normal,0,0
1/5/2025 6:01,2,78,51.46,34.43,1.23,3.02,0,0,433,Normal,0,0
1/5/2025 6:02,12,68.31,41.28,46.68,4.16,4.44,1,0,325,Normal,0,0
1/5/2025 6:03,42,75.38,54.49,64.9,1.38,3.7,1,0,237,Normal,0,0
1/5/2025 6:04,18,78.01,62.04,54.62,4.55,2.83,1,0,178,Normal,0,0
1/5/2025 6:05,11,63.46,49.99,51.78,3.82,0.64,1,0,343,Normal,0,0
1/5/2025 6:06,16,67.02,68.15,79.83,2.5,2.81,1,0,241,Normal,0,0
1/5/2025 6:07,49,71.86,32.75,41.09,1.38,1.54,1,0,115,Normal,0,0
1/5/2025 6:08,18,73.45,38.49,66.15,1.85,0.61,1,0,275,Normal,0,0
1/5/2025 6:09,35,59.05,79.12,54.12,1.1,3.42,0,0,324,Normal,0,0
1/5/2025 6:10,26,82.46,65.48,57.97,3.47,0.62,1,0,170,Normal,0,0
1/5/2025 6:11,16,75.31,47.85,51.78,4.45,0.85,1,0,135,Normal,0,0
1/5/2025 6:12,6,72.52,40.68,52.13,3.93,3.51,1,0,10,Normal,0,1
1/5/2025 6:13,44,67.85,39.21,63.64,2.34,1.12,1,0,414,Normal,0,0
1/5/2025 6:14,43,64.87,48.3,70.61,3.17,2.41,2,0,166,Electrical Fault,0,1
1/5/2025 6:15,47,75.16,45.69,47,2.41,2.52,2,0,282,Pressure Drop,0,1
1/5/2025 6:16,47,76.58,35.33,71.27,3.16,2.28,1,0,11,Normal,0,1
1/5/2025 6:17,48,94.7,51.36,45.6,3.37,2.46,1,1,22,Normal,1,1
1/5/2025 6:18,42,95.59,57.13,39.54,1.99,4.77,1,1,6,Normal,1,1
1/5/2025 6:19,12,69.66,38.07,56.5,1.17,1.51,1,0,345,Normal,0,0
1/5/2025 6:20,13,65.41,54.2,42.88,3.06,0.72,0,0,18,Normal,0,1
1/5/2025 6:21,4,62.34,72.43,40.88,1.9,1.04,1,0,44,Normal,0,0
1/5/2025 6:22,39,75.88,42.29,52.63,4.45,3.42,0,0,139,Normal,0,0
1/5/2025 6:23,2,62.52,43.85,45.43,1.61,1.5,1,0,236,Normal,0,0
1/5/2025 6:24,26,61.21,31.93,49.07,3,2,1,0,344,Normal,0,0
1/5/2025 6:25,27,67.66,57.71,32.88,3.89,2.64,1,0,59,Normal,0,0
1/5/2025 6:26,27,68.9,46.84,54.91,2.39,2.02,1,0,73,Normal,0,0
1/5/2025 6:27,15,67.6,30.76,66.63,2.26,1.02,1,0,258,Normal,0,0
1/5/2025 6:28,8,58.82,30.9,54.85,4.01,1.01,1,0,235,Normal,0,0
1/5/2025 6:29,7,74.09,37.15,42.91,2.82,1.97,1,0,446,Normal,0,0
1/5/2025 6:30,47,73.91,74.26,44.23,1.55,3.39,1,0,137,Normal,0,0
1/5/2025 6:31,46,88.38,58.19,44.09,2.31,1.73,1,0,55,Normal,0,0
1/5/2025 6:32,40,62.58,37.11,64.03,3.47,4.94,0,0,62,Normal,0,0
1/5/2025 6:33,12,80.27,42.05,53.29,4.3,4.48,1,0,93,Normal,0,0
1/5/2025 6:34,13,92.85,51.37,72.04,2.98,2.34,1,1,49,Normal,1,1
1/5/2025 6:35,43,60.43,30.44,40.08,2.48,4.16,1,0,384,Normal,0,0
1/5/2025 6:36,17,64.1,102.85,40.59,2.68,0.72,1,1,26,Normal,1,1
1/5/2025 6:37,17,62.42,51.49,40.28,1.85,2.6,1,0,468,Normal,0,0
1/5/2025 6:38,36,79.47,66.63,57.63,2.84,3.39,1,0,32,Normal,0,0
1/5/2025 6:39,21,79.08,24.02,58.94,2.48,4.38,1,0,119,Normal,0,0
1/5/2025 6:40,8,84.53,59.19,68.19,1.07,4.08,1,0,174,Normal,0,0
1/5/2025 6:41,5,75.79,55.48,40.89,2.81,4.59,2,0,14,Pressure Drop,0,1
1/5/2025 6:42,26,93.01,37.65,57.42,1.77,2.06,1,1,44,Normal,1,1
1/5/2025 6:43,16,80.42,51.11,36.86,1.01,0.66,2,0,130,Pressure Drop,0,1
1/5/2025 6:44,36,87.59,47.88,58.78,4.23,2.31,1,0,444,Normal,0,0
1/5/2025 6:45,28,76.55,56.56,59.63,2.99,1.78,1,0,331,Normal,0,0
1/5/2025 6:46,29,71.14,45.25,57.52,4.88,1.54,1,0,465,Normal,0,0
1/5/2025 6:47,47,73.23,56.86,69.66,4.35,1.87,1,0,76,Normal,0,0
1/5/2025 6:48,12,88.72,39.09,67.23,4.62,1.7,2,0,450,Vibration Issue,0,1
1/5/2025 6:49,37,82.94,62.41,78.51,3.75,1.7,1,0,69,Normal,0,0
1/5/2025 6:50,30,82.33,24.15,41.75,3.45,4.03,2,0,388,Normal,0,1
1/5/2025 6:51,23,84.92,55.4,70.37,2.04,1.8,0,0,488,Normal,0,0
1/5/2025 6:52,16,77.64,35.82,75.16,3.3,2.69,1,0,41,Normal,0,0
1/5/2025 6:53,14,103.16,65.83,73.49,3.77,3.35,1,1,43,Normal,1,1
1/5/2025 6:54,10,72.76,42.73,69.42,1.46,1.8,2,0,436,Pressure Drop,0,1
1/5/2025 6:55,7,76.09,60.01,40.97,3.27,1.41,2,0,344,Vibration Issue,0,1
1/5/2025 6:56,45,70.51,57.57,77.95,1.64,2.03,1,0,413,Normal,0,0
1/5/2025 6:57,37,79.99,46.96,47.2,1.92,1.02,1,0,446,Normal,0,0
1/5/2025 6:58,29,57.41,13.76,34.75,4.84,3.96,1,0,106,Normal,0,0
1/5/2025 6:59,3,45.41,56.26,36.52,2.25,2.73,1,0,40,Normal,0,0
1/5/2025 7:00,15,68.53,38.13,38.61,1.91,4.55,1,0,285,Normal,0,0
1/5/2025 7:01,36,80.84,37.85,39.96,4.76,2.08,1,0,393,Normal,0,0
1/5/2025 7:02,47,85.27,43.33,68.25,3.08,0.51,1,0,477,Normal,0,0
1/5/2025 7:03,46,62.4,58.8,51.03,3.64,3.31,1,0,153,Normal,0,0
1/5/2025 7:04,19,58.34,49.77,37.49,4.58,0.94,1,0,210,Normal,0,0
1/5/2025 7:05,13,67.77,52.91,31.23,1.22,0.85,1,0,480,Normal,0,0
1/5/2025 7:06,42,67.6,64.74,44.81,2.36,1.69,1,0,138,Normal,0,0
1/5/2025 7:07,21,77.17,53.02,63.44,3.31,1.31,0,0,433,Normal,0,0
1/5/2025 7:08,37,76.25,73.42,61.95,4.71,3.96,1,0,79,Normal,0,0
1/5/2025 7:09,27,89.67,64.51,46.39,1.9,4.86,1,0,127,Normal,0,0
1/5/2025 7:10,29,70.86,27.18,57.37,3.88,3.89,1,0,386,Normal,0,0
1/5/2025 7:11,20,61.7,31.31,55.57,3.06,0.91,1,0,435,Normal,0,0
1/5/2025 7:12,25,78.05,40.8,52.08,1.12,1.81,1,0,404,Normal,0,0
1/5/2025 7:13,6,65.34,65.2,52.79,1.17,1.02,1,0,384,Normal,0,0
1/5/2025 7:14,36,65.5,55.11,37.1,2.75,1.77,1,0,157,Normal,0,0
1/5/2025 7:15,2,91.98,65.08,74.1,3.32,1.25,2,1,3,Overheating,1,1
1/5/2025 7:16,22,84.31,38.54,59.14,4.77,2.46,1,0,81,Normal,0,0
1/5/2025 7:17,32,70.74,41.63,42.15,4.65,1.39,1,0,442,Normal,0,0
1/5/2025 7:18,16,93.22,25.83,51.03,4.47,4.7,1,1,32,Normal,1,1
1/5/2025 7:19,18,83.3,55.56,35.97,2.85,1.82,1,0,78,Normal,0,0
1/5/2025 7:20,5,78.88,69.96,71.1,3.37,4.73,1,0,128,Normal,0,0
1/5/2025 7:21,36,68.22,48.55,52.09,1.68,3.95,0,0,491,Normal,0,0
1/5/2025 7:22,30,54.42,39.7,48.05,4.31,2.27,1,0,418,Normal,0,0
1/5/2025 7:23,45,66.45,67.03,64.59,3.47,4.02,1,0,416,Normal,0,0
1/5/2025 7:24,19,70.09,66.36,60.94,2.54,1.08,1,0,73,Normal,0,0
1/5/2025 7:25,23,63.03,60.74,43.3,1.28,1.11,1,0,162,Normal,0,0
1/5/2025 7:26,34,76.24,29.07,77.06,1.73,2.9,0,0,311,Normal,0,0
1/5/2025 7:27,13,54.62,53.03,76.07,1.54,1.46,1,0,213,Normal,0,0
1/5/2025 7:28,43,88.3,57.66,52.5,4.13,1.6,1,0,488,Normal,0,0
1/5/2025 7:29,29,70.43,32.84,68.48,1.39,1.92,1,0,496,Normal,0,0
1/5/2025 7:30,36,82.39,42.16,32.32,4.77,3.76,2,0,492,Pressure Drop,0,1
1/5/2025 7:31,22,82.27,59.72,44.04,3.46,4.1,1,0,464,Normal,0,0
1/5/2025 7:32,47,62.66,58.29,33.22,2.86,4.96,1,0,186,Normal,0,0
1/5/2025 7:33,36,57.59,45.07,66.79,1.24,2.97,1,0,102,Normal,0,0
1/5/2025 7:34,9,68.6,26.76,57.8,2.1,2.91,2,0,229,Overheating,0,1
1/5/2025 7:35,39,78.75,39.02,52.5,3.42,4.32,1,0,111,Normal,0,0
1/5/2025 7:36,19,76.37,24.73,65.92,1.17,0.65,1,0,65,Normal,0,0
1/5/2025 7:37,38,86.66,53.67,63.17,1.26,1.5,1,0,433,Normal,0,0
1/5/2025 7:38,6,78.92,60.8,76.6,4.84,4.82,0,0,443,Normal,0,0
1/5/2025 7:39,47,79.66,50.99,50.14,4.27,3.74,1,0,390,Normal,0,0
1/5/2025 7:40,15,66.91,51.44,51.54,3.8,2.28,1,0,276,Normal,0,0
1/5/2025 7:41,20,72.45,37.77,44.54,3.8,2.41,1,0,101,Normal,0,0
1/5/2025 7:42,9,72.72,35.82,79.38,2.84,2.84,1,0,315,Normal,0,0
1/5/2025 7:43,32,81.18,54.21,42.02,3.05,1.24,1,0,88,Normal,0,0
1/5/2025 7:44,4,82.53,66.92,53,1.29,4.18,0,0,136,Normal,0,0
1/5/2025 7:45,50,72.68,61.7,58.08,1.12,3.66,1,0,107,Normal,0,0
1/5/2025 7:46,18,73,39.5,44.65,2.81,1.2,1,0,475,Normal,0,0
1/5/2025 7:47,5,78.51,57.98,39.67,1.58,2.76,1,0,304,Normal,0,0
1/5/2025 7:48,20,94.33,66.63,69.73,3.15,2.75,0,1,5,Normal,1,1
1/5/2025 7:49,23,57.61,77.28,70.88,2.36,4.31,1,0,369,Normal,0,0
1/5/2025 7:50,11,65.76,34.48,42.75,2.48,2.04,1,0,239,Normal,0,0
1/5/2025 7:51,37,66.17,67.71,71.68,1.77,4.7,1,0,77,Normal,0,0
1/5/2025 7:52,22,61.84,86.32,51.49,2.49,4.34,1,1,3,Normal,1,1
1/5/2025 7:53,4,67.04,38.44,58.82,4.34,1.5,1,0,268,Normal,0,0
1/5/2025 7:54,29,78.77,50.48,70.12,3.16,2.74,1,0,314,Normal,0,0
1/5/2025 7:55,44,84.46,40.58,33.94,3.92,3.46,1,0,49,Normal,0,0
1/5/2025 7:56,34,77.3,20.27,30.08,2.48,2.74,1,0,299,Normal,0,0
1/5/2025 7:57,13,77.1,34.23,71.9,3.96,4.22,1,0,143,Normal,0,0
1/5/2025 7:58,42,65.81,25.17,56.53,1.81,3.11,1,0,309,Normal,0,0
1/5/2025 7:59,9,48.37,58.76,54.83,1.74,1.69,0,0,101,Normal,0,0
1/5/2025 8:00,42,78.75,59.02,30.52,1.68,2.69,2,0,389,Overheating,0,1
1/5/2025 8:01,31,88.34,41.52,58.5,1.27,3.1,0,0,263,Normal,0,0
1/5/2025 8:02,7,84.58,39.9,51.64,3.9,3.75,1,0,183,Normal,0,0
1/5/2025 8:03,4,74.06,40.7,61.72,1.12,3.25,1,0,208,Normal,0,0
1/5/2025 8:04,19,75.77,56.1,36.49,4.66,3.14,1,0,225,Normal,0,0
1/5/2025 8:05,42,89.04,31.65,59.61,2.8,2,0,0,491,Normal,0,0
1/5/2025 8:06,30,68.04,95.23,51.59,3.08,0.65,1,1,19,Normal,1,1
1/5/2025 8:07,31,70.47,34.67,45.67,2.8,4.95,1,0,372,Normal,0,0
1/5/2025 8:08,35,57,34.98,72.45,1,1.99,1,0,361,Normal,0,0
1/5/2025 8:09,21,79.65,52.84,73.27,3.45,2.71,1,0,339,Normal,0,0
1/5/2025 8:10,31,70,80.06,36.53,3.89,1.9,1,1,48,Normal,1,1
1/5/2025 8:11,19,72.01,41.07,66.15,1.68,4.6,1,0,450,Normal,0,0
1/5/2025 8:12,31,81.82,42.02,44.51,3.53,3.02,2,0,146,Vibration Issue,0,1
1/5/2025 8:13,32,67.48,37.47,53.61,2.2,4.63,0,0,293,Normal,0,0
1/5/2025 8:14,2,79.98,66.46,75.47,1.98,2.7,0,0,138,Normal,0,0
1/5/2025 8:15,10,80.5,34.67,48.99,1.04,2.94,1,0,100,Normal,0,0
1/5/2025 8:16,2,71.39,32.23,54.46,1.11,2.36,1,0,254,Normal,0,0
1/5/2025 8:17,2,83.39,63.35,78.32,2.89,2.35,1,0,296,Normal,0,0
1/5/2025 8:18,24,73.97,67.87,70.47,2.51,1.96,1,0,402,Normal,0,0
1/5/2025 8:19,17,82.15,64.67,59.98,3.4,3.71,1,0,333,Normal,0,0
1/5/2025 8:20,32,68.84,30.55,63.52,1.61,3.96,1,0,436,Normal,0,0
1/5/2025 8:21,16,80.85,43.25,31.57,3.82,3.11,1,0,156,Normal,0,0
1/5/2025 8:22,16,71.45,36.95,38.46,2.37,2.62,1,0,356,Normal,0,0
1/5/2025 8:23,46,78.35,51.63,45.74,4.21,2.56,1,0,101,Normal,0,0
1/5/2025 8:24,39,78.53,53.37,42.43,4.78,1.57,1,0,262,Normal,0,0
1/5/2025 8:25,31,71.01,24.22,53.91,4.9,1.34,0,0,364,Normal,0,0
1/5/2025 8:26,43,70.72,77.76,47.78,2.81,3.94,1,0,66,Normal,0,0
1/5/2025 8:27,24,72.88,41.78,58.23,4.49,0.9,1,0,398,Normal,0,0
1/5/2025 8:28,1,75.72,51.57,58.39,4.91,3.4,2,0,327,Vibration Issue,0,1
1/5/2025 8:29,11,80.74,58.02,63.24,3.29,4.16,1,0,438,Normal,0,0
1/5/2025 8:30,21,77.37,35.92,57.15,4.28,2.23,1,0,430,Normal,0,0
1/5/2025 8:31,4,45.02,36.05,78.65,3.15,4.84,1,0,78,Normal,0,0
1/5/2025 8:32,7,83.55,48.37,59.78,3.65,2.68,1,0,332,Normal,0,0
1/5/2025 8:33,26,79.03,59.88,60.65,4.73,2.11,1,0,328,Normal,0,0
1/5/2025 8:34,47,86.78,31.65,33.86,4.7,3.41,1,0,89,Normal,0,0
1/5/2025 8:35,50,83.49,49.45,59.52,3.19,1.33,1,0,320,Normal,0,0
1/5/2025 8:36,12,70.77,28.52,31.08,1.68,1.45,1,0,17,Normal,0,1
1/5/2025 8:37,31,63.33,25.52,36.33,1.6,0.73,1,0,226,Normal,0,0
1/5/2025 8:38,17,93.07,63.16,62.35,3.67,1.04,2,1,31,Pressure Drop,1,1
1/5/2025 8:39,33,87.83,34.17,32.54,3.67,4.49,1,0,440,Normal,0,0
1/5/2025 8:40,11,82.46,41.62,70.66,1.06,2.22,1,0,136,Normal,0,0
1/5/2025 8:41,28,67.04,45.49,30.72,2.55,3.05,1,0,371,Normal,0,0
1/5/2025 8:42,32,61.98,44.98,32.03,4.35,3.49,1,0,292,Normal,0,0
1/5/2025 8:43,1,70.65,68.32,45.85,1.18,2.11,1,0,66,Normal,0,0
1/5/2025 8:44,47,83.6,41.19,69.1,1.88,3.11,1,0,56,Normal,0,0
1/5/2025 8:45,28,50.93,58.04,61.54,4.94,2.56,1,0,134,Normal,0,0
1/5/2025 8:46,42,67.74,77.93,49.89,3.86,2.63,1,0,222,Normal,0,0
1/5/2025 8:47,7,101.78,61.25,70.3,1.25,2.72,2,1,12,Overheating,1,1
1/5/2025 8:48,2,71.44,18.07,48.94,2.27,3.96,0,0,242,Normal,0,0
1/5/2025 8:49,42,75.37,45.19,60.77,2.8,2.57,1,0,463,Normal,0,0
1/5/2025 8:50,24,74.74,31.44,73.57,4.26,4.64,2,0,251,Electrical Fault,0,1
1/5/2025 8:51,4,92.24,53.38,45.7,3.07,3.32,1,1,16,Normal,1,1
1/5/2025 8:52,44,71.77,55.66,69.02,4.68,1.95,1,0,210,Normal,0,0
1/5/2025 8:53,19,57.03,42.88,64.7,3.46,0.56,1,0,83,Normal,0,0
1/5/2025 8:54,26,85.31,43.52,61.69,1.07,3.53,1,0,64,Normal,0,0
1/5/2025 8:55,11,64.31,47.98,34,2.13,0.99,0,0,72,Normal,0,0
1/5/2025 8:56,40,60.08,52.38,43.32,2.3,3.46,1,0,77,Normal,0,0
1/5/2025 8:57,50,90.26,55.31,54.75,3.72,4.99,1,1,26,Normal,1,1
1/5/2025 8:58,43,82.43,63.61,78.18,2.78,1.96,1,0,433,Normal,0,0
1/5/2025 8:59,11,71.35,6.15,74.31,3.62,1.81,1,0,179,Normal,0,0
1/5/2025 9:00,45,86.55,25.41,54.27,4.84,2.96,1,0,51,Normal,0,0
1/5/2025 9:01,3,84.75,38.84,39.3,1.71,3.57,1,0,79,Normal,0,0
1/5/2025 9:02,12,68.18,37.83,52.33,4.57,4.12,1,0,419,Normal,0,0
1/5/2025 9:03,3,76.91,53.4,77.78,1.64,2.63,0,0,298,Normal,0,0
1/5/2025 9:04,42,73.93,42.73,72.32,3.8,2.02,1,0,260,Normal,0,0
1/5/2025 9:05,27,68.35,44.91,65.53,1.14,4.47,1,0,311,Normal,0,0
1/5/2025 9:06,49,75.44,67.51,49.85,2.54,4.18,0,0,227,Normal,0,0
1/5/2025 9:07,2,82.68,58.31,30.45,4.75,1.57,1,0,280,Normal,0,0
1/5/2025 9:08,49,65.65,71.81,60.47,4.55,2.91,1,0,44,Normal,0,0
1/5/2025 9:09,16,83.23,39.18,79.74,4.71,2.56,1,0,86,Normal,0,0
1/5/2025 9:10,2,56.43,52.92,32.57,3.07,3.9,1,0,460,Normal,0,0
1/5/2025 9:11,30,77.2,20.89,57.65,4.26,3.76,1,0,388,Normal,0,0
1/5/2025 9:12,20,67.64,83.7,35.56,1.01,4.6,0,1,46,Normal,1,1
1/5/2025 9:13,38,90.78,51.47,36.84,3.92,0.95,2,1,35,Pressure Drop,1,1
1/5/2025 9:14,28,58.88,46.89,52.39,3.43,3.78,2,0,276,Vibration Issue,0,1
1/5/2025 9:15,25,72.61,61.46,54.99,3.14,1.9,1,0,331,Normal,0,0
1/5/2025 9:16,32,66.68,43.88,67.04,4.18,1.26,1,0,192,Normal,0,0
1/5/2025 9:17,10,69.32,54.31,49.73,3.86,1.5,1,0,15,Normal,0,1
1/5/2025 9:18,42,63.62,38.86,61.1,4,1.88,1,0,439,Normal,0,0
1/5/2025 9:19,40,76.72,79.39,49.92,3.6,4.76,1,0,496,Normal,0,0
1/5/2025 9:20,33,77.27,72.93,52.18,4.21,4.3,1,0,235,Normal,0,0
1/5/2025 9:21,13,57.71,63.84,67.54,2.04,3.66,1,0,50,Normal,0,0
1/5/2025 9:22,41,81.23,45.95,51.07,1.07,0.81,1,0,135,Normal,0,0
1/5/2025 9:23,42,59.14,57.84,38.76,2.44,4.35,1,0,52,Normal,0,0
1/5/2025 9:24,47,75.29,62.79,74.57,4.54,1.4,1,0,471,Normal,0,0
1/5/2025 9:25,37,92.62,40.33,66.04,1.2,4.82,1,1,48,Normal,1,1
1/5/2025 9:26,16,66.4,48.72,77.13,2.19,1.86,1,0,431,Normal,0,0
1/5/2025 9:27,45,72.01,53.28,64.19,3.5,2.87,0,0,54,Normal,0,0
1/5/2025 9:28,22,67.11,38.2,62.38,4.18,2.46,1,0,380,Normal,0,0
1/5/2025 9:29,20,68.29,36.33,62.12,2.66,1.84,1,0,418,Normal,0,0
1/5/2025 9:30,50,78.1,68.2,67.65,1.54,2.4,1,0,144,Normal,0,0
1/5/2025 9:31,43,91.13,50.61,39.64,1.37,1.47,1,1,15,Normal,1,1
1/5/2025 9:32,27,74.65,53.47,37.48,3.94,3.48,1,0,289,Normal,0,0
1/5/2025 9:33,41,86.93,67.86,43.15,1.96,2.76,0,0,271,Normal,0,0
1/5/2025 9:34,16,67.74,55.13,70.49,1.04,1.46,1,0,15,Normal,0,1
1/5/2025 9:35,34,86.08,57.92,30.2,1.97,3.07,1,0,110,Normal,0,0
1/5/2025 9:36,32,91.63,57.57,62.69,2.81,1.57,1,1,9,Normal,1,1
1/5/2025 9:37,26,87.18,57.66,34.07,2.74,2.01,1,0,384,Normal,0,0
1/5/2025 9:38,25,82.3,40.03,73.34,3.78,4.79,1,0,230,Normal,0,0
1/5/2025 9:39,2,81.32,58.21,47.44,3.67,4.04,1,0,408,Normal,0,0
1/5/2025 9:40,12,67.41,78.02,74.02,2.84,0.6,2,0,457,Overheating,0,1
1/5/2025 9:41,40,60.25,57.41,68.37,2.47,2.33,1,0,272,Normal,0,0
1/5/2025 9:42,9,81.65,73.95,65.1,1.43,1.31,1,0,96,Normal,0,0
1/5/2025 9:43,12,67.14,62.97,36.01,1.67,4.51,2,0,10,Vibration Issue,0,1
1/5/2025 9:44,26,67.93,43.62,58.84,1.04,4.65,1,0,87,Normal,0,0
1/5/2025 9:45,9,60.13,50.48,48.02,3.59,2.28,1,0,26,Normal,0,0
1/5/2025 9:46,10,69.26,68.57,52.66,2.67,1.93,1,0,462,Normal,0,0
1/5/2025 9:47,32,85.86,67.22,43.06,4.67,4.06,1,0,390,Normal,0,0
1/5/2025 9:48,34,84.56,29.94,33.35,3.55,4.91,1,0,468,Normal,0,0
1/5/2025 9:49,48,61.81,43.88,72.31,3.32,3.04,1,0,147,Normal,0,0
1/5/2025 9:50,20,65.33,37.21,79.11,4.3,0.85,1,0,361,Normal,0,0
1/5/2025 9:51,39,57,38.01,49,3.31,4.94,1,0,144,Normal,0,0
1/5/2025 9:52,2,78.65,34.79,68.99,3.81,1.11,1,0,223,Normal,0,0
1/5/2025 9:53,1,76.87,55.83,34.67,4.4,4.87,1,0,85,Normal,0,0
1/5/2025 9:54,36,77.73,43.79,31.97,4.24,1.51,1,0,28,Normal,0,0
1/5/2025 9:55,24,70.57,46.09,35.11,4.01,1.57,1,0,497,Normal,0,0
1/5/2025 9:56,27,81.57,80.15,48.47,4.53,4.52,0,1,8,Normal,1,1
1/5/2025 9:57,2,72.09,73.43,61.61,4.99,1.69,1,0,25,Normal,0,0
1/5/2025 9:58,31,84.57,51.56,59.36,1.69,1.53,1,0,182,Normal,0,0
1/5/2025 9:59,14,64.05,61.3,73.26,2.23,0.56,1,0,333,Normal,0,0
1/5/2025 10:00,2,83.7,36.1,43.22,1.55,2.89,1,0,242,Normal,0,0
1/5/2025 10:01,29,79.33,34.23,37.77,4.88,4.74,1,0,187,Normal,0,0
1/5/2025 10:02,15,81.6,31.32,63.41,3.67,1.61,2,0,158,Overheating,0,1
1/5/2025 10:03,12,71.75,60.62,74.13,1.96,3.71,1,0,367,Normal,0,0
1/5/2025 10:04,37,92.54,34.85,73.28,3.6,4.01,1,1,25,Normal,1,1
1/5/2025 10:05,28,67.85,36.2,64.37,1.62,2.83,1,0,208,Normal,0,0
1/5/2025 10:06,20,97.81,63.15,60.73,4.76,1.42,1,1,34,Normal,1,1
1/5/2025 10:07,39,79.47,39.9,30.66,1.92,4.63,1,0,113,Normal,0,0
1/5/2025 10:08,24,86.46,52.6,58.35,4.14,0.62,2,0,310,Pressure Drop,0,1
1/5/2025 10:09,21,89.55,58.86,48.13,1.78,0.67,1,0,212,Normal,0,0
1/5/2025 10:10,10,82.79,35.98,75.37,2.76,1.84,1,0,40,Normal,0,0
1/5/2025 10:11,46,93.76,57.51,69.46,4.97,4.78,1,1,42,Normal,1,1
1/5/2025 10:12,14,84.47,45.06,40.7,3.55,1.35,1,0,466,Normal,0,0
1/5/2025 10:13,37,82.34,54.11,31.09,3.43,1.15,1,0,262,Normal,0,0
1/5/2025 10:14,18,79.71,35.44,38.11,4.27,1.58,1,0,10,Normal,0,1
1/5/2025 10:15,24,78.84,59.07,68.04,3.36,4.57,1,0,416,Normal,0,0
1/5/2025 10:16,14,86.2,32.61,36.48,4.23,4.11,1,0,412,Normal,0,0
1/5/2025 10:17,34,66.63,63.92,30,2.16,0.67,1,0,272,Normal,0,0
1/5/2025 10:18,12,73.49,43.7,70.74,2.76,0.78,1,0,169,Normal,0,0
1/5/2025 10:19,22,80.1,23.32,45.92,2.18,4.65,1,0,25,Normal,0,0
1/5/2025 10:20,6,67.75,76.91,50.25,1.78,4.89,0,0,74,Normal,0,0
1/5/2025 10:21,36,84.66,48.96,74.25,1.25,3.2,2,0,231,Electrical Fault,0,1
1/5/2025 10:22,45,72.89,44.01,59.86,4.25,1.08,1,0,86,Normal,0,0
1/5/2025 10:23,36,62.23,70.22,72.71,2.08,3.14,2,0,212,Normal,0,1
1/5/2025 10:24,22,68.95,44.54,32.45,4.48,3.91,0,0,371,Normal,0,0
1/5/2025 10:25,14,84.61,44.94,45.55,3.02,3.84,0,0,368,Normal,0,0
1/5/2025 10:26,16,64.58,53.21,60.99,3.04,2.22,1,0,67,Normal,0,0
1/5/2025 10:27,36,65.39,53.88,30.39,4.22,2.48,2,0,324,Pressure Drop,0,1
1/5/2025 10:28,25,80.19,61.14,68.16,3.36,4.51,2,0,178,Vibration Issue,0,1
1/5/2025 10:29,32,61.83,60.66,32.53,3.28,0.58,1,0,274,Normal,0,0
1/5/2025 10:30,33,80.67,76.82,43.55,1.04,2.36,1,0,490,Normal,0,0
1/5/2025 10:31,45,54.4,48.25,59.62,1.71,4.12,1,0,446,Normal,0,0
1/5/2025 10:32,36,79.75,58.41,39.98,1.14,1.78,1,0,112,Normal,0,0
1/5/2025 10:33,20,74.07,57.5,67.65,2.66,3.17,1,0,495,Normal,0,0
1/5/2025 10:34,18,91.34,47.33,46.03,4.18,0.93,1,1,25,Normal,1,1
1/5/2025 10:35,38,55.5,40.33,66.23,1.95,1.78,1,0,25,Normal,0,0
1/5/2025 10:36,3,68.54,39.78,78.46,3.89,0.98,0,0,436,Normal,0,0
1/5/2025 10:37,23,80.18,67.27,64.39,3.03,4.87,1,0,439,Normal,0,0
1/5/2025 10:38,32,74.52,54.14,36.11,2.76,2.47,1,0,233,Normal,0,0
1/5/2025 10:39,45,70.01,30.21,31.63,2.86,4.46,0,0,269,Normal,0,0
1/5/2025 10:40,16,57.32,54.43,31.24,1.55,3.41,2,0,22,Vibration Issue,0,1
1/5/2025 10:41,5,79.21,38.72,67.76,4.06,3.2,1,0,217,Normal,0,0
1/5/2025 10:42,4,97.65,25.49,57.87,3.99,1.43,2,1,10,Vibration Issue,1,1
1/5/2025 10:43,21,67.63,56.12,67.18,3.17,0.61,0,0,52,Normal,0,0
1/5/2025 10:44,40,75.76,30.66,57.23,2.35,1.19,2,0,250,Vibration Issue,0,1
1/5/2025 10:45,14,78.52,54.26,56.12,4.13,2.94,1,0,12,Normal,0,1
1/5/2025 10:46,39,71,43.88,74.65,1.82,3.98,1,0,60,Normal,0,0
1/5/2025 10:47,31,74.57,57.98,79.74,1.94,0.9,1,0,462,Normal,0,0
1/5/2025 10:48,14,64.64,18.07,52.4,2.05,4.36,1,0,456,Normal,0,0
1/5/2025 10:49,6,61.13,36.29,78,1.33,3.68,2,0,37,Normal,0,1
1/5/2025 10:50,12,90.03,65.77,71.69,2.14,2.09,1,1,39,Normal,1,1
1/5/2025 10:51,16,73.77,49.89,76.7,1.35,4.53,1,0,354,Normal,0,0
1/5/2025 10:52,17,80.49,58.2,51.36,1.87,1.02,2,0,493,Pressure Drop,0,1
1/5/2025 10:53,45,79.39,34.63,44.07,2.11,2.08,1,0,134,Normal,0,0
1/5/2025 10:54,23,65.46,50.62,63.75,1.23,0.96,1,0,394,Normal,0,0
1/5/2025 10:55,14,61.95,73.21,37.28,2.94,1.45,1,0,446,Normal,0,0
1/5/2025 10:56,7,68.83,76.43,58.74,4.67,1.92,1,0,169,Normal,0,0
1/5/2025 10:57,46,77.22,69.27,55.16,4.14,3.02,1,0,25,Normal,0,0
1/5/2025 10:58,32,66.73,54.33,67.54,3.09,3.75,1,0,480,Normal,0,0
1/5/2025 10:59,15,70.32,41.99,49.09,4.29,1.88,0,0,365,Normal,0,0
1/5/2025 11:00,44,54.91,20.04,54.66,2.9,2.65,0,0,106,Normal,0,0
1/5/2025 11:01,17,74.61,38.9,73.91,4.31,0.84,1,0,305,Normal,0,0
1/5/2025 11:02,41,75.76,63.14,69.12,3.24,1.47,1,0,49,Normal,0,0
1/5/2025 11:03,47,74.96,28.1,77.67,2.28,0.82,2,0,337,Normal,0,1
1/5/2025 11:04,44,64.92,37.57,56.96,1.99,2.29,1,0,244,Normal,0,0
1/5/2025 11:05,34,65.14,26.37,44.84,2.08,0.64,1,0,417,Normal,0,0
1/5/2025 11:06,5,64.08,48.36,42.09,3.79,4.94,1,0,155,Normal,0,0
1/5/2025 11:07,45,70.75,39.23,74.89,3.11,3.73,1,0,207,Normal,0,0
1/5/2025 11:08,27,67.88,39.9,33.76,1.72,2.58,1,0,224,Normal,0,0
1/5/2025 11:09,23,89.11,68.55,47.61,2.62,4.74,1,0,29,Normal,0,0
1/5/2025 11:10,40,93.05,44.81,62.01,4.06,0.8,1,1,43,Normal,1,1
1/5/2025 11:11,14,84.05,63.94,61.51,4.23,3.64,1,0,367,Normal,0,0
1/5/2025 11:12,15,75.98,50.5,59.61,3.16,3.76,1,0,377,Normal,0,0
1/5/2025 11:13,43,71.82,51.25,35.01,2.33,4.35,2,0,31,Pressure Drop,0,1
1/5/2025 11:14,33,66.59,42.51,50.42,2.86,2.04,1,0,265,Normal,0,0
1/5/2025 11:15,31,75.66,53,44.17,3.83,1.86,1,0,316,Normal,0,0
1/5/2025 11:16,35,73.37,51.3,50.76,2.37,4.36,1,0,418,Normal,0,0
1/5/2025 11:17,17,64.66,54.9,37.81,2.22,4.34,1,0,424,Normal,0,0
1/5/2025 11:18,28,67.09,42.42,62.63,4.97,3.89,1,0,315,Normal,0,0
1/5/2025 11:19,19,55.54,28.03,67.62,2.24,3.94,2,0,462,Pressure Drop,0,1
1/5/2025 11:20,46,64.84,55.51,46.81,1.66,3.73,1,0,77,Normal,0,0
1/5/2025 11:21,23,78.99,54.72,49.73,1.14,1.23,1,0,99,Normal,0,0
1/5/2025 11:22,32,85.33,32.21,69.04,4.67,3.25,1,0,421,Normal,0,0
1/5/2025 11:23,40,80.27,43.4,76.32,2.66,2.49,1,0,347,Normal,0,0
1/5/2025 11:24,13,69.97,55.69,58.04,4.11,0.75,1,0,65,Normal,0,0
1/5/2025 11:25,20,58.36,44.22,53.31,1.99,4.02,1,0,62,Normal,0,0
1/5/2025 11:26,35,63.04,52.55,42.84,1.19,3.14,1,0,254,Normal,0,0
1/5/2025 11:27,5,79.41,72.69,39.75,3.83,1.41,2,0,322,Overheating,0,1
1/5/2025 11:28,9,79.07,51.18,77.16,1.48,3.29,1,0,186,Normal,0,0
1/5/2025 11:29,29,68.49,87.41,38.78,3.25,1.9,1,1,12,Normal,1,1
1/5/2025 11:30,6,70.94,42.24,63.36,2.14,4.85,0,0,410,Normal,0,0
1/5/2025 11:31,25,94.26,66.85,49.29,3.78,4.47,2,1,31,Overheating,1,1
1/5/2025 11:32,31,57.38,41.56,46.88,2.65,3.42,1,0,410,Normal,0,0
1/5/2025 11:33,22,75.1,38.76,60.61,4.1,1.16,0,0,128,Normal,0,0
1/5/2025 11:34,2,62.86,19.01,43.69,4.19,4.38,1,0,26,Normal,0,0
1/5/2025 11:35,45,63.47,54.89,58.14,3.82,2.46,1,0,438,Normal,0,0
1/5/2025 11:36,5,79.17,70.21,54.57,3.22,2.75,1,0,358,Normal,0,0
1/5/2025 11:37,27,91.97,59.33,51.86,2.41,4.81,2,1,49,Pressure Drop,1,1
1/5/2025 11:38,25,81.18,37.9,67.28,1.52,4.86,1,0,297,Normal,0,0
1/5/2025 11:39,8,90.63,40.5,70.05,2.24,1,1,1,40,Normal,1,1
1/5/2025 11:40,1,55.68,59.54,73.29,3.21,1.69,1,0,131,Normal,0,0
1/5/2025 11:41,20,79.91,43.86,59.46,1.64,2.62,1,0,484,Normal,0,0
1/5/2025 11:42,44,84.06,44.46,70.59,3.65,1.15,1,0,283,Normal,0,0
1/5/2025 11:43,23,72.56,56.03,73.49,3.7,2.48,1,0,374,Normal,0,0
1/5/2025 11:44,32,83.31,26.68,73.4,4.45,4.24,1,0,460,Normal,0,0
1/5/2025 11:45,11,100.79,47.23,71.94,3.61,2.05,1,1,46,Normal,1,1
1/5/2025 11:46,39,76.5,54.82,61.66,3.61,4.03,1,0,32,Normal,0,0
1/5/2025 11:47,47,71.08,44.22,71,4.73,1.95,1,0,127,Normal,0,0
1/5/2025 11:48,24,86.36,39.9,53.54,4.04,1.81,1,0,27,Normal,0,0
1/5/2025 11:49,11,86.08,24.93,69.21,2.42,2.17,1,0,216,Normal,0,0
1/5/2025 11:50,29,72.3,40.16,37.92,2.99,4.42,1,0,331,Normal,0,0
1/5/2025 11:51,26,69.47,31.9,75.85,2.14,3.11,2,0,205,Overheating,0,1
1/5/2025 11:52,16,86.07,57.94,40.7,4.33,4.13,0,0,407,Normal,0,0
1/5/2025 11:53,35,70.63,46.35,41.57,4.55,4.47,1,0,87,Normal,0,0
1/5/2025 11:54,20,74.46,16.65,39.02,1.65,4.1,0,0,85,Normal,0,0
1/5/2025 11:55,46,78.05,34.45,66.06,2.16,1.9,1,0,190,Normal,0,0
1/5/2025 11:56,3,73.14,55.33,42.17,3.12,1.37,1,0,183,Normal,0,0
1/5/2025 11:57,1,75.2,73.13,60.34,1.57,4.64,0,0,186,Normal,0,0
1/5/2025 11:58,47,66.74,60.99,47.96,4.2,3.05,1,0,357,Normal,0,0
1/5/2025 11:59,1,80.63,46.29,45.84,4.16,1.23,1,0,42,Normal,0,0
1/5/2025 12:00,17,70.95,43.01,32.97,4.53,2.02,1,0,245,Normal,0,0
1/5/2025 12:01,2,90.33,35.26,45.13,4.55,0.69,1,1,40,Normal,1,1
1/5/2025 12:02,29,76.18,68.64,35.41,1.7,1.33,1,0,64,Normal,0,0
1/5/2025 12:03,20,85.29,68.08,39.66,3.14,0.54,2,0,488,Pressure Drop,0,1
1/5/2025 12:04,6,81.29,48.03,44.01,1.99,1.76,1,0,245,Normal,0,0
1/5/2025 12:05,8,86.21,59.61,51.17,4.04,1.59,1,0,277,Normal,0,0
1/5/2025 12:06,29,70.52,34.81,58.43,4.31,0.78,1,0,185,Normal,0,0
1/5/2025 12:07,48,63.16,48.58,49.7,2.54,3.9,1,0,210,Normal,0,0
1/5/2025 12:08,33,66.02,48.84,74.04,2.64,1.96,1,0,471,Normal,0,0
1/5/2025 12:09,3,65.28,47.4,67.32,3.2,1.55,1,0,432,Normal,0,0
1/5/2025 12:10,35,66.82,50.52,30.64,1.3,4.03,1,0,161,Normal,0,0
1/5/2025 12:11,5,63.25,23.52,50.18,1.94,3.11,0,0,49,Normal,0,0
1/5/2025 12:12,27,73.84,54.78,67.6,3.9,1.12,1,0,372,Normal,0,0
1/5/2025 12:13,44,82.47,28.11,69.54,4.84,3.17,2,0,474,Overheating,0,1
1/5/2025 12:14,12,62.07,51.82,50.11,3.89,0.61,1,0,22,Normal,0,0
1/5/2025 12:15,20,68.27,24.85,74.04,1.82,4.38,1,0,211,Normal,0,0
1/5/2025 12:16,45,85.23,68.69,46.33,3.57,4.2,1,0,449,Normal,0,0
1/5/2025 12:17,20,59.53,81.86,59.21,3.84,3.02,1,1,40,Normal,1,1
1/5/2025 12:18,9,74.99,75.63,67.33,2.38,3.5,1,0,78,Normal,0,0
1/5/2025 12:19,39,80.89,61.2,34.49,3.03,2.36,1,0,364,Normal,0,0
1/5/2025 12:20,4,95.86,42.48,36.88,1,4.08,1,1,22,Normal,1,1
1/5/2025 12:21,19,51.39,39.17,53.73,2.41,0.72,1,0,408,Normal,0,0
1/5/2025 12:22,38,61.82,68,70.62,1.61,3.31,1,0,208,Normal,0,0
1/5/2025 12:23,27,77.93,67.4,32.28,2.44,1.68,1,0,264,Normal,0,0
1/5/2025 12:24,45,71.26,54.57,50.57,2.69,0.95,0,0,214,Normal,0,0
1/5/2025 12:25,43,47.6,21.47,64.62,2.15,2.96,1,0,10,Normal,0,1
1/5/2025 12:26,13,70.55,70.13,77.8,4.07,1.17,1,0,318,Normal,0,0
1/5/2025 12:27,13,65.93,41.13,77.19,1.87,4.71,0,0,323,Normal,0,0
1/5/2025 12:28,22,58.51,23.41,62.14,2.98,1.75,0,0,146,Normal,0,0
1/5/2025 12:29,28,71.2,82.81,38.78,2.82,4.3,2,1,32,Overheating,1,1
1/5/2025 12:30,47,61.75,55.78,50.54,3.82,1.45,1,0,308,Normal,0,0
1/5/2025 12:31,45,66.34,70.54,70.3,3.1,4.53,1,0,499,Normal,0,0
1/5/2025 12:32,22,87.99,40.09,45.68,1.21,2.09,1,0,206,Normal,0,0
1/5/2025 12:33,43,93.65,41.62,41.76,4.49,4.84,1,1,6,Normal,1,1
1/5/2025 12:34,19,65.98,25.21,76.67,3.45,1.12,1,0,30,Normal,0,0
1/5/2025 12:35,8,76.16,40.52,66.71,1.94,1.04,1,0,324,Normal,0,0
1/5/2025 12:36,8,81.23,58.89,57.38,3.16,3.4,0,0,278,Normal,0,0
1/5/2025 12:37,42,66.54,29.28,52.08,3.71,2.12,1,0,104,Normal,0,0
1/5/2025 12:38,26,65.3,51.77,57.98,4.56,1.19,2,0,39,Vibration Issue,0,1
1/5/2025 12:39,48,81.36,64.42,66.5,2.86,1.81,1,0,428,Normal,0,0
1/5/2025 12:40,26,72.71,59.78,37.56,4.02,3.74,0,0,467,Normal,0,0
1/5/2025 12:41,23,72.84,48.92,38.27,2.66,3.21,1,0,20,Normal,0,0
1/5/2025 12:42,43,63.3,55.21,66.22,1.94,3.9,1,0,208,Normal,0,0
1/5/2025 12:43,13,64.77,44.15,60.74,2.18,4.86,1,0,218,Normal,0,0
1/5/2025 12:44,28,75.63,47.16,33.21,3.69,0.51,1,0,184,Normal,0,0
1/5/2025 12:45,9,70.64,29.84,72.62,2.5,1.28,1,0,155,Normal,0,0
1/5/2025 12:46,20,75.92,38.58,57.76,3.25,3.12,1,0,105,Normal,0,0
1/5/2025 12:47,19,84.41,62.55,40.71,1.4,4.2,1,0,383,Normal,0,0
1/5/2025 12:48,48,76.48,54.98,75.26,4.9,2.07,1,0,80,Normal,0,0
1/5/2025 12:49,39,68.5,81.44,59.31,2.33,1.48,2,1,39,Vibration Issue,1,1
1/5/2025 12:50,12,84.06,24.53,79.14,3.98,3.19,0,0,422,Normal,0,0
1/5/2025 12:51,15,74.67,36.53,45.75,3.94,4.04,1,0,13,Normal,0,1
1/5/2025 12:52,31,88.11,51.81,53.77,4.36,3.33,1,0,45,Normal,0,0
1/5/2025 12:53,14,67.88,53.48,37.05,4.47,2.58,2,0,41,Electrical Fault,0,1
1/5/2025 12:54,11,73.85,43.91,70.25,4.5,4.16,1,0,413,Normal,0,0
1/5/2025 12:55,26,71.59,29.4,37.93,4.61,3.25,1,0,22,Normal,0,0
1/5/2025 12:56,42,76.05,27.07,47.5,3.62,2.35,1,0,446,Normal,0,0
1/5/2025 12:57,27,77.31,36.08,45.78,1.46,0.93,2,0,172,Electrical Fault,0,1
1/5/2025 12:58,11,74.92,53.74,63.35,2.17,4.53,1,0,91,Normal,0,0
1/5/2025 12:59,38,83.06,48.24,40.8,2.32,3.46,1,0,178,Normal,0,0
1/5/2025 13:00,34,79.08,54.09,61.39,2.46,1.15,1,0,223,Normal,0,0
1/5/2025 13:01,43,99.44,60.47,75.48,1.39,4.57,1,1,33,Normal,1,1
1/5/2025 13:02,19,101.05,23.56,71.22,4.57,0.63,1,1,21,Normal,1,1
1/5/2025 13:03,6,67.96,47.15,54.01,1.5,3.45,1,0,441,Normal,0,0
1/5/2025 13:04,46,69.72,33.34,43.16,3.08,1.98,1,0,354,Normal,0,0
1/5/2025 13:05,38,62.14,48.42,36.07,3.68,3.89,1,0,491,Normal,0,0
1/5/2025 13:06,49,91.13,62.8,59.62,3.9,2.9,2,1,17,Vibration Issue,1,1
1/5/2025 13:07,42,70.6,39.98,56.68,3.35,1.96,1,0,319,Normal,0,0
1/5/2025 13:08,28,77.52,67.88,48.46,2.95,0.77,1,0,18,Normal,0,1
1/5/2025 13:09,1,62.92,70.89,65.36,2.9,0.59,0,0,215,Normal,0,0
1/5/2025 13:10,35,76.21,55.13,37.59,3.75,1.17,0,0,307,Normal,0,0
1/5/2025 13:11,40,57.33,56.82,60.12,3.41,2.93,1,0,468,Normal,0,0
1/5/2025 13:12,8,86.94,60.26,33.75,2.01,2.29,1,0,389,Normal,0,0
1/5/2025 13:13,47,93.33,56,37.73,3.44,4.09,0,1,31,Normal,1,1
1/5/2025 13:14,7,81.98,57.13,75.54,4.26,1.93,1,0,103,Normal,0,0
1/5/2025 13:15,11,65.51,43.24,49.9,4.79,2.21,1,0,133,Normal,0,0
1/5/2025 13:16,39,80.54,49.72,58.22,4.82,1.13,1,0,119,Normal,0,0
1/5/2025 13:17,4,76.97,27.7,67.75,1.72,4.3,1,0,416,Normal,0,0
1/5/2025 13:18,25,88.9,46.31,36.69,1.87,3.27,0,0,497,Normal,0,0
1/5/2025 13:19,12,83.46,55.17,68.39,4.19,1.75,1,0,181,Normal,0,0
1/5/2025 13:20,26,64.26,49.12,31.84,3.47,2.29,0,0,390,Normal,0,0
1/5/2025 13:21,38,86.62,85.33,79.95,3.76,3.6,1,1,24,Normal,1,1
1/5/2025 13:22,46,74.19,69.04,72.91,2.12,3.61,1,0,325,Normal,0,0
1/5/2025 13:23,12,88.16,64.53,65.17,4.8,4.6,2,0,207,Normal,0,1
1/5/2025 13:24,43,59.35,47.28,56.19,3.03,4.66,1,0,374,Normal,0,0
1/5/2025 13:25,37,80.26,6.84,69.54,3.75,2.45,1,0,143,Normal,0,0
1/5/2025 13:26,46,72.05,46,53.36,3.6,1.35,1,0,458,Normal,0,0
1/5/2025 13:27,24,75.96,46.72,35.41,1.73,0.75,1,0,65,Normal,0,0
1/5/2025 13:28,16,68.21,30.66,68.82,3.85,1.23,0,0,184,Normal,0,0
1/5/2025 13:29,13,80.01,51.47,73.64,2.85,0.56,1,0,183,Normal,0,0
1/5/2025 13:30,25,65.64,55.03,44.9,3.2,1.81,1,0,88,Normal,0,0
1/5/2025 13:31,4,59.35,76.92,52.65,4.2,1.29,2,0,377,Normal,0,1
1/5/2025 13:32,11,67.5,36.88,33.27,1.26,1.6,1,0,82,Normal,0,0
1/5/2025 13:33,32,67.6,73.52,33.36,2,1.72,1,0,471,Normal,0,0
1/5/2025 13:34,49,71.85,89.06,54.79,1.71,3.87,1,1,13,Normal,1,1
1/5/2025 13:35,7,82.13,49.34,74.94,2.26,2.17,1,0,170,Normal,0,0
1/5/2025 13:36,46,65.67,29.26,45.62,1.49,1.42,0,0,347,Normal,0,0
1/5/2025 13:37,11,82.9,40.39,42.19,4.28,3.28,1,0,132,Normal,0,0
1/5/2025 13:38,28,80.8,46.96,37.66,3.86,2.18,1,0,488,Normal,0,0
1/5/2025 13:39,41,85.08,45.47,79.96,4.5,1.88,1,0,188,Normal,0,0
1/5/2025 13:40,23,71.32,47.22,36.5,4.82,3.76,1,0,174,Normal,0,0
1/5/2025 13:41,45,90.59,37.07,73.24,2.93,1.1,1,1,35,Normal,1,1
1/5/2025 13:42,23,72.02,56.32,43.76,4.27,3.67,1,0,465,Normal,0,0
1/5/2025 13:43,50,83.97,76.82,77.17,1.54,4.04,1,0,277,Normal,0,0
1/5/2025 13:44,28,91.74,29.41,45.14,2.67,0.74,1,1,43,Normal,1,1
1/5/2025 13:45,43,87.05,47.67,43.4,4.45,4.62,1,0,13,Normal,0,1
1/5/2025 13:46,47,73.84,53.44,78.29,3.29,4.54,1,0,328,Normal,0,0
1/5/2025 13:47,26,63.91,65.8,60.28,4.13,1.02,2,0,19,Electrical Fault,0,1
1/5/2025 13:48,25,65.43,73.17,54.61,2.71,1.39,1,0,381,Normal,0,0
1/5/2025 13:49,29,65.1,74.65,36.55,2.62,1.45,1,0,398,Normal,0,0
1/5/2025 13:50,19,68.13,34.97,59.89,3.16,1.91,0,0,69,Normal,0,0
1/5/2025 13:51,33,74.65,41.36,40.65,4.7,4.95,0,0,421,Normal,0,0
1/5/2025 13:52,36,81.44,48.83,73.42,4.27,4.95,1,0,170,Normal,0,0
1/5/2025 13:53,14,82.79,80.18,42.28,4.22,1.16,1,1,36,Normal,1,1
1/5/2025 13:54,14,84.61,71.66,71.97,2.72,2.25,1,0,374,Normal,0,0
1/5/2025 13:55,35,84.01,40.87,37.9,2.48,0.96,1,0,367,Normal,0,0
1/5/2025 13:56,30,73.77,44.77,37.12,4.66,4.57,1,0,267,Normal,0,0
1/5/2025 13:57,28,81.51,37.85,32.19,3.93,2.3,1,0,117,Normal,0,0
1/5/2025 13:58,17,72.35,49.79,43.69,1.31,3.51,1,0,91,Normal,0,0
1/5/2025 13:59,3,78.04,53.14,39.01,2.09,2.02,1,0,52,Normal,0,0
1/5/2025 14:00,16,72.72,35.77,39.57,1.62,4.13,1,0,168,Normal,0,0
1/5/2025 14:01,46,74.77,71.71,41.19,1.65,2.93,1,0,39,Normal,0,0
1/5/2025 14:02,30,71.55,69.55,39.7,3.7,1.64,1,0,304,Normal,0,0
1/5/2025 14:03,29,57.2,74.08,42.49,4.75,3.03,1,0,205,Normal,0,0
1/5/2025 14:04,45,72.3,46.19,56.35,3.17,2.34,1,0,236,Normal,0,0
1/5/2025 14:05,15,81.03,80.39,30.67,3.04,3.4,1,1,29,Normal,1,1
1/5/2025 14:06,46,84.49,56.2,62.5,1.53,1.97,1,0,268,Normal,0,0
1/5/2025 14:07,25,79.9,70.99,47.75,2.91,1.6,1,0,182,Normal,0,0
1/5/2025 14:08,38,65.43,39.35,58.3,3.21,3.9,1,0,28,Normal,0,0
1/5/2025 14:09,42,69.98,45.98,63.14,2.27,1.52,1,0,199,Normal,0,0
1/5/2025 14:10,47,58.95,43.42,48.22,2.74,3.04,0,0,58,Normal,0,0
1/5/2025 14:11,38,81.79,28.1,48.81,3.36,4.34,2,0,196,Pressure Drop,0,1
1/5/2025 14:12,23,66.08,39.52,57.4,2.5,3.69,1,0,497,Normal,0,0
1/5/2025 14:13,25,78.72,43.06,78.23,1.72,2.18,1,0,86,Normal,0,0
1/5/2025 14:14,42,79.49,47.55,37.94,4.35,0.72,1,0,438,Normal,0,0
1/5/2025 14:15,7,66.11,41.73,57.88,1.15,2.56,1,0,116,Normal,0,0
1/5/2025 14:16,22,77.71,43.51,46.71,2.62,1.05,1,0,26,Normal,0,0
1/5/2025 14:17,17,93.11,67.89,31.87,4.88,4.04,1,1,17,Normal,1,1
1/5/2025 14:18,18,71.5,54.58,55.99,3.47,3.5,1,0,96,Normal,0,0
1/5/2025 14:19,49,85.85,27.12,51.86,2.66,1.96,1,0,425,Normal,0,0
1/5/2025 14:20,41,77.66,53.29,76.26,3.62,1.58,1,0,218,Normal,0,0
1/5/2025 14:21,10,78.06,57.5,33.03,1.56,2.81,0,0,97,Normal,0,0
1/5/2025 14:22,10,74.08,49.01,30.03,1.58,3.61,0,0,265,Normal,0,0
1/5/2025 14:23,7,84.33,86.27,77.54,2.28,0.57,1,1,8,Normal,1,1
1/5/2025 14:24,48,73.43,44.38,41.27,3.73,0.65,1,0,459,Normal,0,0
1/5/2025 14:25,50,81,43.49,32.35,1.87,0.69,1,0,220,Normal,0,0
1/5/2025 14:26,38,84.35,57.82,70.8,4.9,0.68,1,0,334,Normal,0,0
1/5/2025 14:27,27,85.15,32.93,46.24,4.02,4.94,2,0,394,Pressure Drop,0,1
1/5/2025 14:28,33,80.64,44,44.17,3.31,2.67,1,0,297,Normal,0,0
1/5/2025 14:29,1,82.59,38.66,69.9,1.56,0.88,1,0,413,Normal,0,0
1/5/2025 14:30,44,75.3,54.76,71.52,3.83,0.69,1,0,182,Normal,0,0
1/5/2025 14:31,34,70.75,45.83,34.98,3.23,4.14,1,0,294,Normal,0,0
1/5/2025 14:32,4,78.3,67.19,59.97,1.18,2.62,2,0,410,Normal,0,1
1/5/2025 14:33,17,78.39,41.23,41.77,2.24,1.91,1,0,289,Normal,0,0
1/5/2025 14:34,4,78.35,55.76,75.26,2.47,2.44,1,0,12,Normal,0,1
1/5/2025 14:35,43,86.15,36.15,49.82,2.15,2.97,2,0,36,Electrical Fault,0,1
1/5/2025 14:36,26,75.34,36.89,50.71,3.22,0.55,1,0,349,Normal,0,0
1/5/2025 14:37,4,61.47,56.15,63.15,3.43,4.02,2,0,21,Normal,0,1
1/5/2025 14:38,1,54.65,46.74,36.93,3.32,3.25,1,0,258,Normal,0,0
1/5/2025 14:39,7,76.88,47.85,49.6,3.52,2.22,1,0,273,Normal,0,0
1/5/2025 14:40,30,85.27,70.72,63.75,3.89,4.4,1,0,491,Normal,0,0
1/5/2025 14:41,50,72.9,46.31,30.11,2.32,1.67,1,0,369,Normal,0,0
1/5/2025 14:42,9,93.79,49.52,59.7,3.77,4.53,1,1,37,Normal,1,1
1/5/2025 14:43,35,76.64,46.04,68.23,2.12,1.85,1,0,238,Normal,0,0
1/5/2025 14:44,8,99.05,40.66,41.11,1.85,1.1,0,1,48,Normal,1,1
1/5/2025 14:45,24,74.14,40.28,41.02,1.8,0.54,1,0,346,Normal,0,0
1/5/2025 14:46,19,90.82,78.07,39.59,3.26,1.4,1,1,47,Normal,1,1
1/5/2025 14:47,36,70.92,63.7,46.83,3.56,3.69,1,0,489,Normal,0,0
1/5/2025 14:48,50,85.73,61.6,77.01,4.6,4.71,2,0,166,Normal,0,1
1/5/2025 14:49,43,80.99,50.88,44.38,4.75,1.7,0,0,385,Normal,0,0
1/5/2025 14:50,27,78.59,77.26,37.62,3.21,3.16,1,0,340,Normal,0,0
1/5/2025 14:51,32,78.55,67.11,38.58,4.74,4.2,1,0,300,Normal,0,0
1/5/2025 14:52,14,89.29,38.98,74.46,4.54,2.18,1,0,21,Normal,0,0
1/5/2025 14:53,18,73.41,75.95,41.62,4.17,3.58,1,0,230,Normal,0,0
1/5/2025 14:54,28,76.27,72.69,36.19,1.03,1.77,2,0,56,Normal,0,1
1/5/2025 14:55,29,102.49,44.26,49.77,4.21,0.53,1,1,38,Normal,1,1
1/5/2025 14:56,16,80.62,67.01,68.54,2.25,2.3,1,0,429,Normal,0,0
1/5/2025 14:57,35,87.52,69.56,50.52,1.42,3.99,1,0,487,Normal,0,0
1/5/2025 14:58,47,72.73,35.41,56.86,3.64,4.79,0,0,420,Normal,0,0
1/5/2025 14:59,31,69.83,31.35,53.19,2.46,3.37,2,0,299,Pressure Drop,0,1
1/5/2025 15:00,4,82.89,55.13,31.97,1.47,1.44,1,0,399,Normal,0,0
1/5/2025 15:01,37,77.39,40.08,70.4,1.1,0.89,1,0,343,Normal,0,0
1/5/2025 15:02,17,73.19,20.69,70.36,1.46,4.49,1,0,125,Normal,0,0
1/5/2025 15:03,39,58.31,37.06,35.53,2.79,0.99,1,0,24,Normal,0,0
1/5/2025 15:04,48,57.29,40.36,73.63,3.85,3.08,1,0,136,Normal,0,0
1/5/2025 15:05,46,55.76,42.37,76.19,4.94,3.27,2,0,141,Vibration Issue,0,1
1/5/2025 15:06,26,78.58,51.12,76.33,1.6,4.18,1,0,71,Normal,0,0
1/5/2025 15:07,48,64.42,78.05,43.78,3.4,1.69,1,0,361,Normal,0,0
1/5/2025 15:08,39,57.73,58.55,70.54,2.22,2.1,0,0,62,Normal,0,0
1/5/2025 15:09,41,66.33,72.05,33.02,3.64,0.95,1,0,31,Normal,0,0
1/5/2025 15:10,4,55.98,61.47,53.58,4.99,1.18,1,0,12,Normal,0,1
1/5/2025 15:11,30,68.93,52.32,54.81,2.64,2.11,0,0,475,Normal,0,0
1/5/2025 15:12,30,68.43,59.56,73.52,3.83,0.96,2,0,205,Vibration Issue,0,1
1/5/2025 15:13,22,80.08,52.79,54.82,1.07,3.91,1,0,291,Normal,0,0
1/5/2025 15:14,11,76.63,56.59,72.38,3.77,2.39,1,0,224,Normal,0,0
1/5/2025 15:15,2,70.19,55.48,54.93,3.99,0.57,1,0,461,Normal,0,0
1/5/2025 15:16,44,81.6,45.29,72.55,4.08,2.21,1,0,328,Normal,0,0
1/5/2025 15:17,12,62.59,31.17,33.6,2.7,1.46,1,0,394,Normal,0,0
1/5/2025 15:18,30,70.23,29.44,30.48,3.46,2.12,1,0,194,Normal,0,0
1/5/2025 15:19,36,67.12,39.17,69.87,3.97,1.62,1,0,105,Normal,0,0
1/5/2025 15:20,18,74.42,39.54,41.86,2.71,2.42,1,0,205,Normal,0,0
1/5/2025 15:21,26,54.3,42.06,65.45,4.3,0.79,1,0,410,Normal,0,0
1/5/2025 15:22,7,97.83,75.34,65.21,3.92,3.1,1,1,47,Normal,1,1
1/5/2025 15:23,1,78.53,65.51,79.74,2.23,1.82,0,0,473,Normal,0,0
1/5/2025 15:24,26,78.87,79.26,66.52,3.35,1.16,1,0,272,Normal,0,0
1/5/2025 15:25,23,54.67,51.58,48.93,1.75,3.26,0,0,44,Normal,0,0
1/5/2025 15:26,26,77.21,34.2,66.98,1.68,3.63,1,0,230,Normal,0,0
1/5/2025 15:27,45,72.76,50.48,61.9,2.43,3.75,1,0,81,Normal,0,0
1/5/2025 15:28,6,86.18,43.87,47.79,4.63,0.9,1,0,296,Normal,0,0
1/5/2025 15:29,6,72.11,67.55,59.39,4.36,1.81,1,0,166,Normal,0,0
1/5/2025 15:30,44,71.46,72.15,67.74,2.12,3.94,2,0,94,Overheating,0,1
1/5/2025 15:31,8,74.44,30.73,65.74,2.47,1.66,1,0,395,Normal,0,0
1/5/2025 15:32,24,88.85,64.64,73.39,4.44,0.79,1,0,196,Normal,0,0
1/5/2025 15:33,22,59.27,65.79,38.06,1.4,0.77,1,0,348,Normal,0,0
1/5/2025 15:34,19,57.59,71.26,41.39,1.82,2.47,1,0,373,Normal,0,0
1/5/2025 15:35,37,52.54,63.97,65.04,3.85,3.78,1,0,119,Normal,0,0
1/5/2025 15:36,18,85.81,20.51,50.45,3.24,2.38,1,0,402,Normal,0,0
1/5/2025 15:37,31,84.63,59.51,39.16,1.36,4.92,2,0,270,Pressure Drop,0,1
1/5/2025 15:38,37,62.92,57.59,53.25,3.79,2.73,2,0,184,Overheating,0,1
1/5/2025 15:39,30,60.77,48.27,42.38,3.79,3.9,2,0,201,Overheating,0,1
1/5/2025 15:40,42,84.59,64.86,74.37,4.64,2.56,2,0,488,Normal,0,1
1/5/2025 15:41,33,60.54,42.35,49.42,3.74,3.43,2,0,159,Vibration Issue,0,1
1/5/2025 15:42,10,72.13,35.9,49.2,4.88,2.72,1,0,262,Normal,0,0
1/5/2025 15:43,37,69.5,54.49,50.99,4.59,4.02,1,0,193,Normal,0,0
1/5/2025 15:44,12,107.53,36.88,64.35,2.32,2.1,0,1,45,Normal,1,1
1/5/2025 15:45,30,73.35,50.24,51.18,2.65,2.85,1,0,218,Normal,0,0
1/5/2025 15:46,27,87.74,64.72,41.74,4.01,3.37,1,0,140,Normal,0,0
1/5/2025 15:47,39,79.6,47.87,40.84,1.52,1.63,0,0,267,Normal,0,0
1/5/2025 15:48,9,70.27,31.37,71.29,2.52,0.76,1,0,278,Normal,0,0
1/5/2025 15:49,21,69.21,53.57,50.03,4.74,3.18,1,0,34,Normal,0,0
1/5/2025 15:50,12,75.78,47.81,46.35,3.74,2.46,0,0,274,Normal,0,0
1/5/2025 15:51,29,75.88,49.1,76.12,4.6,3.92,1,0,106,Normal,0,0
1/5/2025 15:52,33,69.95,57.65,61.04,2.74,0.61,1,0,286,Normal,0,0
1/5/2025 15:53,43,80.58,74.48,75.52,1.19,4.2,1,0,290,Normal,0,0
1/5/2025 15:54,15,75.37,49.35,68.5,4.47,4.3,1,0,344,Normal,0,0
1/5/2025 15:55,2,68.01,34.69,73.5,2.49,3.07,1,0,359,Normal,0,0
1/5/2025 15:56,39,71.39,50.22,75.38,4.04,1.96,1,0,203,Normal,0,0
1/5/2025 15:57,44,80.09,35.64,69.84,1.53,3.05,1,0,38,Normal,0,0
1/5/2025 15:58,18,64.42,49.93,78.09,2.1,2.81,1,0,463,Normal,0,0
1/5/2025 15:59,3,64.41,71.48,60.46,2.78,0.58,1,0,115,Normal,0,0
1/5/2025 16:00,7,62.21,47.07,59.43,3.32,4.41,1,0,189,Normal,0,0
1/5/2025 16:01,43,71.39,29.42,48.02,1.9,1.64,1,0,276,Normal,0,0
1/5/2025 16:02,18,72.51,80.95,70.93,2.53,1.47,1,1,18,Normal,1,1
1/5/2025 16:03,44,63.89,44.56,56.24,2.23,0.96,1,0,354,Normal,0,0
1/5/2025 16:04,38,74.99,71.7,37.53,4.47,3.81,0,0,199,Normal,0,0
1/5/2025 16:05,37,75.07,34.66,48.11,1.6,2.74,1,0,256,Normal,0,0
1/5/2025 16:06,33,84.29,76.79,71.72,4.22,2.01,2,0,332,Pressure Drop,0,1
1/5/2025 16:07,44,83.97,38.07,75.31,2.6,4.46,1,0,300,Normal,0,0
1/5/2025 16:08,31,55,63.65,43.82,3.1,3.91,1,0,241,Normal,0,0
1/5/2025 16:09,11,77.88,85.33,37.97,4.94,0.68,1,1,40,Normal,1,1
1/5/2025 16:10,4,55.3,63.54,71.97,1.34,1.81,1,0,476,Normal,0,0
1/5/2025 16:11,18,80.69,46.5,63.62,1.26,2.52,1,0,300,Normal,0,0
1/5/2025 16:12,4,80.48,61.41,34.22,1.33,4.26,2,0,217,Normal,0,1
1/5/2025 16:13,49,64.96,16.66,48.95,3.35,4.47,0,0,11,Normal,0,1
1/5/2025 16:14,34,78.37,56.04,34.15,2.36,3.56,1,0,262,Normal,0,0
1/5/2025 16:15,29,64.66,41.13,69.2,4.4,0.78,1,0,475,Normal,0,0
1/5/2025 16:16,24,73.67,44.51,77.52,3.75,2.51,1,0,441,Normal,0,0
1/5/2025 16:17,22,75.79,56.18,32.12,1.03,4.55,1,0,425,Normal,0,0
1/5/2025 16:18,2,72.35,52.7,36.13,2.53,0.67,1,0,356,Normal,0,0
1/5/2025 16:19,44,82.42,62.42,47.33,2.37,1.48,1,0,480,Normal,0,0
1/5/2025 16:20,6,67.16,44.44,35.97,4.9,0.7,1,0,378,Normal,0,0
1/5/2025 16:21,42,80.01,54.37,33.41,4.59,0.55,1,0,138,Normal,0,0
1/5/2025 16:22,25,62.69,30.77,58.19,4.56,0.81,1,0,248,Normal,0,0
1/5/2025 16:23,21,53.91,46.63,50.59,2.99,3.18,1,0,202,Normal,0,0
1/5/2025 16:24,16,57.85,68.54,55.49,1.05,4.46,1,0,10,Normal,0,1
1/5/2025 16:25,31,65.09,39.56,75.34,3.46,2.43,1,0,293,Normal,0,0
1/5/2025 16:26,14,81.55,64.09,79.41,1.94,3.04,2,0,417,Pressure Drop,0,1
1/5/2025 16:27,39,80.47,34.67,75.29,4.01,3.21,1,0,469,Normal,0,0
1/5/2025 16:28,28,72.79,80.65,41.28,4.14,4.83,1,1,12,Normal,1,1
1/5/2025 16:29,32,54.07,77.8,79.93,2.03,1.24,1,0,236,Normal,0,0
1/5/2025 16:30,28,93.22,47.02,77,4.33,2.52,1,1,31,Normal,1,1
1/5/2025 16:31,49,59.75,63.43,78.57,2.41,4.52,1,0,414,Normal,0,0
1/5/2025 16:32,9,78.57,59.86,64.39,2.7,4.6,2,0,360,Normal,0,1
1/5/2025 16:33,45,70.91,34.37,73.11,2.33,4.45,0,0,126,Normal,0,0
1/5/2025 16:34,22,79.02,55.6,45.4,4.69,4.53,2,0,396,Vibration Issue,0,1
1/5/2025 16:35,32,88.21,57.1,51.09,2.38,2.62,1,0,309,Normal,0,0
1/5/2025 16:36,5,76.87,39.25,57.42,1.95,0.75,0,0,490,Normal,0,0
1/5/2025 16:37,23,82.1,51.37,74.12,3.49,4.93,1,0,478,Normal,0,0
1/5/2025 16:38,5,105.75,57.16,69.05,1.95,1.39,1,1,28,Normal,1,1
1/5/2025 16:39,42,85.15,30.48,50.72,3.1,0.83,1,0,382,Normal,0,0
1/5/2025 16:40,32,58.7,53.76,34.63,1.8,4.96,1,0,427,Normal,0,0
1/5/2025 16:41,10,47.49,51.7,43.08,4.7,3.22,1,0,336,Normal,0,0
1/5/2025 16:42,39,80.33,53.35,79.6,2.54,2.53,1,0,418,Normal,0,0
1/5/2025 16:43,15,70.36,73.33,59.18,3.18,1.96,1,0,84,Normal,0,0
1/5/2025 16:44,7,82.98,31.24,30.34,4.71,3.26,1,0,487,Normal,0,0
1/5/2025 16:45,29,49.52,56.98,36.86,1.85,2.85,1,0,70,Normal,0,0
1/5/2025 16:46,47,86.66,44.17,33.92,2.8,3.81,0,0,249,Normal,0,0
1/5/2025 16:47,3,73.98,44.36,60.12,4.7,0.51,1,0,431,Normal,0,0
1/5/2025 16:48,19,95.9,45.35,31.67,1.07,3.6,1,1,5,Normal,1,1
1/5/2025 16:49,10,74.97,67.86,61.93,4.37,2.52,1,0,332,Normal,0,0
1/5/2025 16:50,28,80.35,71.53,40.07,1.04,1.52,1,0,450,Normal,0,0
1/5/2025 16:51,29,71.22,52.65,59.76,4.55,3.53,1,0,318,Normal,0,0
1/5/2025 16:52,15,70.45,40.76,38.12,3.97,4.49,1,0,157,Normal,0,0
1/5/2025 16:53,35,77.93,41.24,38.57,1.11,3.55,1,0,482,Normal,0,0
1/5/2025 16:54,6,71.91,64.62,32.05,2.35,0.69,1,0,140,Normal,0,0
1/5/2025 16:55,12,69.08,49.79,67.5,4.93,2.28,2,0,344,Normal,0,1
1/5/2025 16:56,47,78.7,45.56,53.93,2.69,4.03,1,0,25,Normal,0,0
1/5/2025 16:57,38,69.24,50.81,55.73,3.68,2.86,1,0,161,Normal,0,0
1/5/2025 16:58,13,79.02,66.21,66.43,1.14,2.02,0,0,355,Normal,0,0
1/5/2025 16:59,29,59.29,75.24,62.34,3.02,3.31,1,0,81,Normal,0,0
1/5/2025 17:00,19,75.09,28.13,39.82,1.29,2.76,1,0,151,Normal,0,0
1/5/2025 17:01,3,73.1,29.74,43.71,3.37,3.27,1,0,160,Normal,0,0
1/5/2025 17:02,8,52.56,50.22,73.73,4,3.76,1,0,348,Normal,0,0
1/5/2025 17:03,8,62.72,43.4,52.04,3.99,3.21,2,0,473,Normal,0,1
1/5/2025 17:04,20,49.37,49.93,31.21,4.04,2.04,1,0,496,Normal,0,0
1/5/2025 17:05,47,76.02,30.84,63.13,3.1,3.53,1,0,357,Normal,0,0
1/5/2025 17:06,4,67.03,37.4,36.62,1.31,3.79,1,0,296,Normal,0,0
1/5/2025 17:07,21,71.77,50.45,45.19,3.69,4.17,1,0,413,Normal,0,0
1/5/2025 17:08,3,88.31,63.62,33.55,3.67,3.18,2,0,226,Overheating,0,1
1/5/2025 17:09,45,74.99,50.89,56.95,2.06,2.67,1,0,152,Normal,0,0
1/5/2025 17:10,8,77.92,50.39,58.58,2.43,1.3,2,0,106,Overheating,0,1
1/5/2025 17:11,23,70.16,45.74,56.85,2.12,0.94,1,0,285,Normal,0,0
1/5/2025 17:12,16,67.65,56.81,32.62,1.36,2.81,1,0,485,Normal,0,0
1/5/2025 17:13,13,60.64,37.32,32.21,2.42,1.47,1,0,176,Normal,0,0
1/5/2025 17:14,3,82.22,54.88,47.11,4.96,4.97,1,0,164,Normal,0,0
1/5/2025 17:15,48,90.44,35.72,76.17,2.27,1.99,1,1,47,Normal,1,1
1/5/2025 17:16,9,86.71,51.35,59.34,2.75,2.53,2,0,262,Normal,0,1
1/5/2025 17:17,14,63.12,59.63,63.45,3.72,1.84,1,0,359,Normal,0,0
1/5/2025 17:18,13,87.56,49.16,40.71,1.01,4.96,0,0,43,Normal,0,0
1/5/2025 17:19,7,73.38,38.06,61.88,4.54,2.88,2,0,27,Pressure Drop,0,1
1/5/2025 17:20,15,89.71,15.71,59.44,4.53,4.28,2,0,294,Pressure Drop,0,1
1/5/2025 17:21,7,78.85,40.48,55.69,1.78,3.48,2,0,111,Pressure Drop,0,1
1/5/2025 17:22,38,78.14,42.62,66.25,4.46,1.5,1,0,136,Normal,0,0
1/5/2025 17:23,34,78.41,60.17,57.08,3.89,4.89,1,0,342,Normal,0,0
1/5/2025 17:24,41,58.06,72.17,35.54,4.81,2.13,1,0,297,Normal,0,0
1/5/2025 17:25,22,62.37,70.95,43.08,1.23,4.56,1,0,405,Normal,0,0
1/5/2025 17:26,24,68.74,58.18,75.13,1.2,0.81,1,0,110,Normal,0,0
1/5/2025 17:27,49,71.36,33.56,36.01,2.99,0.96,2,0,283,Electrical Fault,0,1
1/5/2025 17:28,37,76.17,36.13,42.3,2.09,1.74,1,0,348,Normal,0,0
1/5/2025 17:29,44,70.37,48.57,51.61,2.78,4.77,1,0,106,Normal,0,0
1/5/2025 17:30,1,69.94,29.01,39.94,4.8,3.38,1,0,349,Normal,0,0
1/5/2025 17:31,10,87.4,46.24,48.74,3.72,3.08,1,0,329,Normal,0,0
1/5/2025 17:32,43,88.51,47.36,51.57,3.62,3.4,1,0,343,Normal,0,0
1/5/2025 17:33,16,81.05,23.21,33.19,1.11,2.54,1,0,179,Normal,0,0
1/5/2025 17:34,46,67.75,52.91,51.34,2.07,0.62,1,0,387,Normal,0,0
1/5/2025 17:35,8,79.19,64.34,54.25,2.77,4.92,0,0,240,Normal,0,0
1/5/2025 17:36,49,87.8,34.54,37.73,2.89,3.09,1,0,90,Normal,0,0
1/5/2025 17:37,25,72.54,42.56,69.86,1.8,0.71,1,0,360,Normal,0,0
1/5/2025 17:38,50,88.43,69.45,76.64,2.87,1.96,1,0,66,Normal,0,0
1/5/2025 17:39,12,94.36,47.7,31.66,3.19,3.91,1,1,18,Normal,1,1
1/5/2025 17:40,25,84.76,42.49,51.88,4.11,4.63,0,0,76,Normal,0,0
1/5/2025 17:41,17,81.2,65.24,59.18,4.03,2.57,1,0,70,Normal,0,0
1/5/2025 17:42,26,78.47,67.48,52.77,4.85,4.76,1,0,356,Normal,0,0
1/5/2025 17:43,46,81.34,37.67,74.7,1.74,4.95,1,0,459,Normal,0,0
1/5/2025 17:44,48,79.18,56.3,62.03,4.19,1.87,1,0,300,Normal,0,0
1/5/2025 17:45,14,62.76,48.86,37.76,1.27,2.9,1,0,236,Normal,0,0
1/5/2025 17:46,41,88.3,26.46,78.29,4.96,2.1,0,0,17,Normal,0,1
1/5/2025 17:47,36,75.86,44.96,65.37,3.15,1.39,1,0,347,Normal,0,0
1/5/2025 17:48,23,99.38,49.37,32.18,3.46,3.79,1,1,21,Normal,1,1
1/5/2025 17:49,43,102.66,41.7,71.67,3.92,4.67,2,1,8,Vibration Issue,1,1
1/5/2025 17:50,6,72.49,68.65,56.76,1.47,2.69,1,0,433,Normal,0,0
1/5/2025 17:51,47,77.05,44.59,67.67,3.42,1.95,1,0,300,Normal,0,0
1/5/2025 17:52,5,70.7,81.66,70.47,3.29,0.83,1,1,46,Normal,1,1
1/5/2025 17:53,43,65.47,71.3,42.72,1.91,0.79,1,0,173,Normal,0,0
1/5/2025 17:54,25,74.43,55.86,77.12,2.82,4.87,1,0,107,Normal,0,0
1/5/2025 17:55,18,75.33,70.49,57.58,3.86,2.94,1,0,353,Normal,0,0
1/5/2025 17:56,13,61.96,61.21,70.39,2.78,0.79,1,0,455,Normal,0,0
1/5/2025 17:57,43,63.81,51.71,77.97,2.69,4.03,1,0,483,Normal,0,0
1/5/2025 17:58,14,45.27,79.94,76.97,2.12,1.28,1,0,63,Normal,0,0
1/5/2025 17:59,28,63.31,35.98,41.3,4.94,3.14,2,0,440,Normal,0,1
1/5/2025 18:00,18,83.45,73.41,41.3,4.66,3.4,1,0,34,Normal,0,0
1/5/2025 18:01,28,89.43,32.03,39.97,2.41,4.11,1,0,235,Normal,0,0
1/5/2025 18:02,27,55.29,55.88,35.55,4.61,4.82,2,0,298,Vibration Issue,0,1
1/5/2025 18:03,32,61.6,54.39,31.38,3.63,3.03,0,0,86,Normal,0,0
1/5/2025 18:04,47,87.27,22.35,75.08,3,1.19,1,0,315,Normal,0,0
1/5/2025 18:05,9,66.46,49.98,35.74,4.48,3.35,1,0,200,Normal,0,0
1/5/2025 18:06,40,70.39,53.22,64.27,1.33,0.79,1,0,249,Normal,0,0
1/5/2025 18:07,32,68.12,52.11,39.35,3.12,3.46,1,0,171,Normal,0,0
1/5/2025 18:08,20,84.17,62.83,73.14,1.95,0.73,1,0,38,Normal,0,0
1/5/2025 18:09,28,91.74,58.39,47.37,2.72,2.74,1,1,47,Normal,1,1
1/5/2025 18:10,33,75.74,74.78,70.56,4.11,0.78,1,0,292,Normal,0,0
1/5/2025 18:11,4,70.61,21.98,78.81,2.47,3.61,1,0,78,Normal,0,0
1/5/2025 18:12,46,72.79,55.95,44.01,1.52,3.21,0,0,489,Normal,0,0
1/5/2025 18:13,34,83.92,85.89,35.05,4.01,4.34,1,1,39,Normal,1,1
1/5/2025 18:14,48,80.25,47.04,74.18,1.74,2.6,1,0,135,Normal,0,0
1/5/2025 18:15,3,72.49,45.54,58.78,1.59,4.75,1,0,204,Normal,0,0
1/5/2025 18:16,26,74.56,53.22,54.49,2.53,2.07,1,0,60,Normal,0,0
1/5/2025 18:17,8,67.82,46.46,41.89,1.36,2.61,1,0,380,Normal,0,0
1/5/2025 18:18,6,68.31,28.43,50.61,1.33,4.94,1,0,117,Normal,0,0
1/5/2025 18:19,16,61.02,37.04,73.92,2.55,4.83,1,0,384,Normal,0,0
1/5/2025 18:20,24,86.46,60.58,60.8,4.23,2.65,1,0,19,Normal,0,1
1/5/2025 18:21,48,52.36,35.25,58.82,2.16,2.12,1,0,416,Normal,0,0
1/5/2025 18:22,39,77.79,87.87,31.2,1.63,3.25,1,1,32,Normal,1,1
1/5/2025 18:23,30,74.73,58.25,46.18,1.08,4.96,1,0,365,Normal,0,0
1/5/2025 18:24,45,74.06,65.94,74.82,3.9,4.94,1,0,224,Normal,0,0
1/5/2025 18:25,13,68.88,67.77,72.28,1.34,1.68,1,0,188,Normal,0,0
1/5/2025 18:26,5,72.06,69.05,59.09,3.24,1.42,1,0,166,Normal,0,0
1/5/2025 18:27,25,92.6,71.63,36.55,3.62,4.34,1,1,21,Normal,1,1
1/5/2025 18:28,20,75.73,72.26,74.47,4.19,4.39,1,0,247,Normal,0,0
1/5/2025 18:29,18,76.62,64.78,63.08,4.92,3.2,1,0,362,Normal,0,0
1/5/2025 18:30,47,76.93,57.71,77.77,2.04,0.78,1,0,305,Normal,0,0
1/5/2025 18:31,18,67.98,61.45,75.42,2.97,0.79,1,0,182,Normal,0,0
1/5/2025 18:32,2,69.32,29.71,42.03,4.82,3.47,2,0,138,Vibration Issue,0,1
1/5/2025 18:33,10,80.27,57.14,55.64,3.14,4.6,2,0,137,Overheating,0,1
1/5/2025 18:34,45,66.59,38.56,54.98,3.31,0.82,1,0,258,Normal,0,0
1/5/2025 18:35,50,74.03,62.22,41.74,2.43,3.42,1,0,144,Normal,0,0
1/5/2025 18:36,47,86.62,37.82,45.48,3.99,2.63,2,0,397,Pressure Drop,0,1
1/5/2025 18:37,12,68.3,56.01,78.02,1.29,1.94,1,0,438,Normal,0,0
1/5/2025 18:38,47,73.9,84.4,32.69,4.77,4.17,1,1,16,Normal,1,1
1/5/2025 18:39,13,72.22,52.6,72.41,1.28,0.68,1,0,441,Normal,0,0
1/5/2025 18:40,50,80.02,58.71,65.74,3.35,3.14,1,0,66,Normal,0,0
1/5/2025 18:41,47,76.45,63.56,33.57,2.57,4.85,1,0,375,Normal,0,0
1/5/2025 18:42,11,68.16,55.73,53.47,3.11,1.91,1,0,278,Normal,0,0
1/5/2025 18:43,19,69.67,54.95,48.04,2.18,0.51,0,0,40,Normal,0,0
1/5/2025 18:44,35,68.6,61.97,52.76,3.57,3.94,0,0,189,Normal,0,0
1/5/2025 18:45,39,67.79,40.81,52.06,3.09,0.53,1,0,183,Normal,0,0
1/5/2025 18:46,26,57.46,52.2,48.66,1.32,2.37,1,0,79,Normal,0,0
1/5/2025 18:47,46,76.81,48.2,41.24,4.36,4.09,2,0,489,Electrical Fault,0,1
1/5/2025 18:48,14,68.31,43.25,67.66,1.52,3.74,1,0,168,Normal,0,0
1/5/2025 18:49,45,79.84,68.59,34.01,3.81,2.3,1,0,123,Normal,0,0
1/5/2025 18:50,44,75.85,34.89,78.53,2.12,1.01,1,0,101,Normal,0,0
1/5/2025 18:51,24,71.22,37.2,73.53,4.17,3.19,1,0,347,Normal,0,0
1/5/2025 18:52,41,70.41,57.79,34.98,4.81,2.05,1,0,317,Normal,0,0
1/5/2025 18:53,1,61.8,56.9,50.8,4.39,1.96,0,0,448,Normal,0,0
1/5/2025 18:54,43,76.29,54.76,69.95,1.89,0.75,1,0,199,Normal,0,0
1/5/2025 18:55,22,74.17,74.55,66.78,4.42,2.76,1,0,198,Normal,0,0
1/5/2025 18:56,23,68.77,67.02,61.07,3.84,2.67,1,0,209,Normal,0,0
1/5/2025 18:57,19,55.17,77.61,47.23,3.15,2.53,2,0,489,Vibration Issue,0,1
1/5/2025 18:58,18,72.94,40.15,56.48,4.33,4.79,0,0,463,Normal,0,0
1/5/2025 18:59,12,73.69,28.86,61.31,3.2,4.94,1,0,163,Normal,0,0
1/5/2025 19:00,28,86.02,50.69,34.91,2.21,3.29,1,0,121,Normal,0,0
1/5/2025 19:01,28,75.38,48.3,39.28,1.19,2.48,1,0,139,Normal,0,0
1/5/2025 19:02,33,86.91,55.67,34.25,1.75,2.43,1,0,307,Normal,0,0
1/5/2025 19:03,19,68.71,66.37,37.03,3.81,4.99,1,0,467,Normal,0,0
1/5/2025 19:04,28,72.34,36.8,79.15,1.03,4.4,1,0,217,Normal,0,0
1/5/2025 19:05,49,64.92,80.93,65.35,3.78,4.81,1,1,7,Normal,1,1
1/5/2025 19:06,37,72.35,58.13,79.3,3.09,1.15,1,0,64,Normal,0,0
1/5/2025 19:07,26,83.27,35.84,42.42,3.46,4.74,1,0,366,Normal,0,0
1/5/2025 19:08,35,83.55,59.49,40.18,2.52,4.94,2,0,456,Overheating,0,1
1/5/2025 19:09,34,77.22,48.57,67.02,1.49,1.36,1,0,48,Normal,0,0
1/5/2025 19:10,35,61.55,42.21,69.55,1.76,3.96,1,0,320,Normal,0,0
1/5/2025 19:11,40,60.95,58.34,71.16,3.17,4.75,1,0,395,Normal,0,0
1/5/2025 19:12,16,72.51,65.72,78.8,1.45,2.19,1,0,327,Normal,0,0
1/5/2025 19:13,38,68.21,30.83,39.3,3.1,3.91,1,0,276,Normal,0,0
1/5/2025 19:14,13,81.63,61.76,75.97,3.12,3.27,2,0,134,Electrical Fault,0,1
1/5/2025 19:15,23,79.74,33.33,52.83,2.39,2.73,1,0,101,Normal,0,0
1/5/2025 19:16,22,78.45,19.91,58.65,2.77,1.69,2,0,261,Vibration Issue,0,1
1/5/2025 19:17,16,69.28,65.54,75.72,4.83,4.52,1,0,440,Normal,0,0
1/5/2025 19:18,28,76.47,49.76,47.65,1.46,4.07,1,0,301,Normal,0,0
1/5/2025 19:19,48,78.34,21.2,74.11,3.44,2.19,2,0,166,Overheating,0,1
1/5/2025 19:20,35,71.57,63.55,54.37,3.88,1.94,1,0,29,Normal,0,0
1/5/2025 19:21,45,72.6,52.32,46.98,3.44,2.67,0,0,303,Normal,0,0
1/5/2025 19:22,46,78.03,41.9,40.02,3.93,2.14,1,0,481,Normal,0,0
1/5/2025 19:23,8,64.05,40.02,76.42,1.26,2.49,1,0,16,Normal,0,1
1/5/2025 19:24,44,69.22,40.11,35.82,4.19,1.04,1,0,481,Normal,0,0
1/5/2025 19:25,22,68.42,35.74,32.67,3.22,1.72,0,0,182,Normal,0,0
1/5/2025 19:26,21,84.85,46.28,69.69,3.8,3.03,1,0,303,Normal,0,0
1/5/2025 19:27,26,69.68,49.28,35.76,2.45,3.94,1,0,326,Normal,0,0
1/5/2025 19:28,40,75.28,53,37.04,1.01,2.53,1,0,10,Normal,0,1
1/5/2025 19:29,21,81.46,42.03,66.53,2.53,4.23,1,0,161,Normal,0,0
1/5/2025 19:30,25,67.41,64.48,55.26,4.02,2.08,1,0,256,Normal,0,0
1/5/2025 19:31,41,83.76,53.87,41.99,1.06,0.98,1,0,107,Normal,0,0
1/5/2025 19:32,1,84.62,71.9,68.84,4.81,4.47,1,0,471,Normal,0,0
1/5/2025 19:33,6,53.76,40.54,43.27,2.68,3.04,1,0,283,Normal,0,0
1/5/2025 19:34,23,78.56,59.59,65.7,3.78,1.24,1,0,257,Normal,0,0
1/5/2025 19:35,23,85.34,51.7,68.06,1.57,4.22,1,0,282,Normal,0,0
1/5/2025 19:36,43,71.16,34.48,63.66,1.23,2.34,1,0,229,Normal,0,0
1/5/2025 19:37,43,80.4,57.1,33.72,2.13,3.36,2,0,361,Pressure Drop,0,1
1/5/2025 19:38,23,61.76,56.58,55.22,2.86,4.98,1,0,238,Normal,0,0
1/5/2025 19:39,32,59.15,54.69,36,4.65,1.11,1,0,470,Normal,0,0
1/5/2025 19:40,30,70.76,57.72,60.28,4.07,0.64,1,0,51,Normal,0,0
1/5/2025 19:41,13,65.24,72.61,57.39,4.45,3.62,1,0,474,Normal,0,0
1/5/2025 19:42,43,78.56,38.98,42.64,3.53,1.95,0,0,477,Normal,0,0
1/5/2025 19:43,18,78.24,70.12,77.57,4.69,1.8,1,0,397,Normal,0,0
1/5/2025 19:44,23,92.62,44.01,75.29,1.81,2.54,1,1,36,Normal,1,1
1/5/2025 19:45,15,82.98,36.69,72.23,2.91,0.91,1,0,315,Normal,0,0
1/5/2025 19:46,33,69.02,51.56,59.29,2.82,3.18,2,0,257,Vibration Issue,0,1
1/5/2025 19:47,21,75.45,36.29,60.09,2.7,1.69,1,0,212,Normal,0,0
1/5/2025 19:48,39,77.17,42.47,37.87,1.05,2.31,1,0,403,Normal,0,0
1/5/2025 19:49,23,80.28,25.73,78.1,2.16,2.06,1,0,436,Normal,0,0
1/5/2025 19:50,27,54.07,39.83,79.02,1.93,0.73,1,0,372,Normal,0,0
1/5/2025 19:51,45,70.47,51.04,68.79,3.67,1.84,1,0,306,Normal,0,0
1/5/2025 19:52,44,85.42,41.47,77.63,3.57,1.24,1,0,228,Normal,0,0
1/5/2025 19:53,18,78.95,57.7,46.42,3.41,2.85,1,0,370,Normal,0,0
1/5/2025 19:54,24,75.4,65.99,74.58,1.28,3.84,1,0,91,Normal,0,0
1/5/2025 19:55,47,69.81,47.91,30.67,1.81,3.22,1,0,457,Normal,0,0
1/5/2025 19:56,40,73.68,35.39,73.49,4.4,3.03,1,0,453,Normal,0,0
1/5/2025 19:57,42,75.42,61.68,44.23,1.2,3.32,1,0,18,Normal,0,1
1/5/2025 19:58,7,65.89,37.23,63.82,3.74,1.34,0,0,30,Normal,0,0
1/5/2025 19:59,50,77.67,46.7,64.82,2.7,2.15,1,0,425,Normal,0,0
1/5/2025 20:00,48,75.7,40.33,35.66,4.66,1.08,2,0,123,Vibration Issue,0,1
1/5/2025 20:01,20,70.82,50.92,39.04,3.15,4.4,1,0,371,Normal,0,0
1/5/2025 20:02,27,70.79,52.96,43.09,1.04,2.67,1,0,373,Normal,0,0
1/5/2025 20:03,6,62.54,36.01,63.97,2.32,4.77,0,0,42,Normal,0,0
1/5/2025 20:04,27,86.09,52.78,78.03,1.5,0.72,2,0,150,Vibration Issue,0,1
1/5/2025 20:05,9,79.96,43.66,58.57,3.56,3.16,1,0,412,Normal,0,0
1/5/2025 20:06,45,77.88,58.97,44.42,1.79,2.85,1,0,179,Normal,0,0
1/5/2025 20:07,31,80.38,53.76,33.46,2.03,3.49,1,0,199,Normal,0,0
1/5/2025 20:08,21,47.37,53.28,48.58,1.63,1.91,1,0,137,Normal,0,0
1/5/2025 20:09,26,91.96,49.79,40.6,4.94,2.54,1,1,18,Normal,1,1
1/5/2025 20:10,40,48.54,48.1,53.08,2.85,4.84,1,0,333,Normal,0,0
1/5/2025 20:11,48,83.9,61.74,64,3.93,4.51,1,0,459,Normal,0,0
1/5/2025 20:12,45,75.94,48.17,49.58,2.53,3.48,1,0,361,Normal,0,0
1/5/2025 20:13,13,64.35,20.13,47.32,4.29,3.97,1,0,309,Normal,0,0
1/5/2025 20:14,49,76.04,31.48,68.52,4.47,3.31,1,0,356,Normal,0,0
1/5/2025 20:15,23,79.86,48.45,66.28,4.68,2.5,1,0,434,Normal,0,0
1/5/2025 20:16,20,69.96,52.96,53.24,4.74,2.91,0,0,339,Normal,0,0
1/5/2025 20:17,37,87.01,35.49,70.73,1.53,2.96,0,0,341,Normal,0,0
1/5/2025 20:18,28,59.9,56.09,57.08,3.07,0.88,1,0,11,Normal,0,1
1/5/2025 20:19,17,64.37,45.72,50.52,3.65,0.75,1,0,13,Normal,0,1
1/5/2025 20:20,28,62.34,59.3,77.63,3.67,4.04,1,0,32,Normal,0,0
1/5/2025 20:21,41,60.68,16.01,41.35,2.31,4.08,1,0,460,Normal,0,0
1/5/2025 20:22,2,76.66,54.75,43.87,3.5,0.7,1,0,383,Normal,0,0
1/5/2025 20:23,25,91.04,13.32,32.91,3.75,4.41,0,1,43,Normal,1,1
1/5/2025 20:24,50,83.5,74.26,65.24,1.57,4.18,1,0,227,Normal,0,0
1/5/2025 20:25,41,71.94,51.37,33.99,2.23,2.58,1,0,300,Normal,0,0
1/5/2025 20:26,6,88.89,41.19,78.04,2.13,2.4,1,0,291,Normal,0,0
1/5/2025 20:27,11,85.3,53.4,58.53,4.56,2.93,1,0,99,Normal,0,0
1/5/2025 20:28,38,68.29,42.47,45.04,4.07,1.78,1,0,422,Normal,0,0
1/5/2025 20:29,6,72.06,46.35,43.75,4.35,2.22,0,0,409,Normal,0,0
1/5/2025 20:30,45,77.9,40.72,65.34,4.7,2.43,1,0,182,Normal,0,0
1/5/2025 20:31,11,67.18,9.69,76.37,3.48,4.25,1,0,350,Normal,0,0
1/5/2025 20:32,14,65.09,33.78,43.32,1.09,4.02,1,0,432,Normal,0,0
1/5/2025 20:33,2,82.38,42.73,57.87,2.67,4.46,1,0,318,Normal,0,0
1/5/2025 20:34,40,84.7,71.68,37.53,3.45,4.53,1,0,201,Normal,0,0
1/5/2025 20:35,3,64.8,35.02,55.36,3.25,4.76,1,0,76,Normal,0,0
1/5/2025 20:36,35,78.64,51.04,30.66,3.81,2.46,1,0,489,Normal,0,0
1/5/2025 20:37,33,78.48,34.2,52.25,2.51,4.54,1,0,118,Normal,0,0
1/5/2025 20:38,24,63.97,35.4,68.17,3.84,2.97,2,0,399,Pressure Drop,0,1
1/5/2025 20:39,19,78.23,59.84,72.49,4.36,1.15,1,0,470,Normal,0,0
1/5/2025 20:40,18,80.18,65.13,59.8,1.25,2.83,0,0,458,Normal,0,0
1/5/2025 20:41,49,80.65,50.22,74.2,3.18,2.93,2,0,192,Vibration Issue,0,1
1/5/2025 20:42,24,72.06,20.87,71.37,1.35,4.37,1,0,133,Normal,0,0
1/5/2025 20:43,45,77.88,64.64,60.56,3.4,4.6,0,0,129,Normal,0,0
1/5/2025 20:44,35,76.71,43.41,66.62,1.84,3.45,1,0,210,Normal,0,0
1/5/2025 20:45,1,75.68,49.35,40.2,4.08,2.07,1,0,467,Normal,0,0
1/5/2025 20:46,36,83.68,64.12,54.69,1.6,4.21,1,0,18,Normal,0,1
1/5/2025 20:47,25,65.23,50.04,53.25,1.05,3.87,0,0,356,Normal,0,0
1/5/2025 20:48,45,66.32,35.88,60.3,4.59,2.62,1,0,273,Normal,0,0
1/5/2025 20:49,49,64.16,49.67,52.47,2.81,1.18,1,0,316,Normal,0,0
1/5/2025 20:50,43,84.69,32.83,44.67,3.39,3.43,1,0,142,Normal,0,0
1/5/2025 20:51,34,74.64,84.27,55.67,3.82,2.88,1,1,14,Normal,1,1
1/5/2025 20:52,25,68.58,51.07,39.11,3.2,4.07,1,0,357,Normal,0,0
1/5/2025 20:53,16,87.45,80.74,76.29,2.93,4.2,1,1,12,Normal,1,1
1/5/2025 20:54,34,72.43,20.28,78.5,4.8,0.9,1,0,246,Normal,0,0
1/5/2025 20:55,29,53.01,37.42,79.43,2.81,1.16,2,0,159,Electrical Fault,0,1
1/5/2025 20:56,19,68.31,52.78,50.27,3.4,2.34,1,0,205,Normal,0,0
1/5/2025 20:57,23,75.73,43.61,56.12,2.75,2.36,1,0,479,Normal,0,0
1/5/2025 20:58,19,78.48,56.48,46.18,2.7,4.21,1,0,166,Normal,0,0
1/5/2025 20:59,25,67.99,43.37,41.57,1.31,2.54,2,0,310,Vibration Issue,0,1
1/5/2025 21:00,16,70.51,67.73,67.02,3.02,4.1,1,0,78,Normal,0,0
1/5/2025 21:01,9,69.82,32.88,68.1,2.27,2.39,0,0,91,Normal,0,0
1/5/2025 21:02,1,81.06,49.43,64.66,4.67,2.4,1,0,79,Normal,0,0
1/5/2025 21:03,42,88.09,55.55,59.61,3.52,1.37,1,0,308,Normal,0,0
1/5/2025 21:04,19,67.37,60.46,30.6,4.97,1.73,1,0,336,Normal,0,0
1/5/2025 21:05,33,88.79,59.72,75.94,3.35,3.71,1,0,302,Normal,0,0
1/5/2025 21:06,34,76.49,50.63,76.47,1.59,4.82,2,0,272,Pressure Drop,0,1
1/5/2025 21:07,16,73.11,42.3,63.23,1.93,2.3,1,0,223,Normal,0,0
1/5/2025 21:08,44,71.72,41.33,71.83,2.49,1.72,1,0,467,Normal,0,0
1/5/2025 21:09,40,64.96,21.25,34.81,2.9,4.17,0,0,479,Normal,0,0
1/5/2025 21:10,18,66.1,55.75,71.8,4.84,0.72,1,0,391,Normal,0,0
1/5/2025 21:11,34,64.6,22.18,67.74,1.5,1.72,2,0,72,Pressure Drop,0,1
1/5/2025 21:12,25,63.61,54.13,42.97,1.77,2.46,1,0,190,Normal,0,0
1/5/2025 21:13,45,78.46,47.01,66.93,3.61,0.8,2,0,212,Vibration Issue,0,1
1/5/2025 21:14,6,95.51,47.05,38.78,4.48,4.68,1,1,20,Normal,1,1
1/5/2025 21:15,21,67,40.41,38.11,3.68,4.51,1,0,398,Normal,0,0
1/5/2025 21:16,6,71.73,39.34,39.96,4.6,2,1,0,362,Normal,0,0
1/5/2025 21:17,32,84.38,41.85,53.3,2.22,1.46,1,0,146,Normal,0,0
1/5/2025 21:18,41,64.45,58.63,48.64,3.58,2.82,1,0,217,Normal,0,0
1/5/2025 21:19,48,60.53,25.92,73.68,3.28,4.24,1,0,414,Normal,0,0
1/5/2025 21:20,43,55.16,48.8,35.84,3.49,0.94,1,0,139,Normal,0,0
1/5/2025 21:21,39,75.08,56.57,62.19,3.8,1.83,1,0,216,Normal,0,0
1/5/2025 21:22,31,68.17,17.81,40.33,4.84,2.13,1,0,456,Normal,0,0
1/5/2025 21:23,42,61.33,32.87,74.8,1.09,1.39,1,0,50,Normal,0,0
1/5/2025 21:24,10,67.77,30.81,47.19,3.88,1.62,1,0,211,Normal,0,0
1/5/2025 21:25,30,83.13,36.55,72.88,2.69,3.49,1,0,227,Normal,0,0
1/5/2025 21:26,18,70.17,38.37,40.25,4.73,4.31,2,0,66,Normal,0,1
1/5/2025 21:27,24,82.74,39.22,42.44,3.39,0.88,1,0,217,Normal,0,0
1/5/2025 21:28,9,78.73,32.12,34.24,4.76,1,1,0,152,Normal,0,0
1/5/2025 21:29,31,75.82,37.99,32.02,3.35,1.94,1,0,198,Normal,0,0
1/5/2025 21:30,15,74.14,48.97,74.37,3.38,4.24,1,0,156,Normal,0,0
1/5/2025 21:31,4,80.97,48.09,75.76,4.64,3.87,2,0,36,Normal,0,1
1/5/2025 21:32,40,77.15,36.83,33.61,4.22,4.91,1,0,353,Normal,0,0
1/5/2025 21:33,9,76.15,59.17,31.71,1.47,1.78,0,0,441,Normal,0,0
1/5/2025 21:34,45,54.8,67.6,67.05,1.42,3.73,1,0,115,Normal,0,0
1/5/2025 21:35,9,71.09,53.89,31.92,1.82,4.38,1,0,378,Normal,0,0
1/5/2025 21:36,26,58.71,51.17,43.68,4.64,3.7,1,0,198,Normal,0,0
1/5/2025 21:37,4,63.39,35.13,37.13,2.47,3.18,0,0,334,Normal,0,0
1/5/2025 21:38,17,84.26,37.47,54.02,2.23,0.68,1,0,347,Normal,0,0
1/5/2025 21:39,16,72.61,25.63,37.83,1.53,4.84,0,0,89,Normal,0,0
1/5/2025 21:40,15,90.7,29.71,60.75,3.41,3.25,1,1,48,Normal,1,1
1/5/2025 21:41,35,81.4,91.43,43.51,3.26,3.88,1,1,8,Normal,1,1
1/5/2025 21:42,5,67.3,50.99,66.25,2.47,4.69,1,0,136,Normal,0,0
1/5/2025 21:43,5,70.05,62.46,45.08,4.07,0.6,1,0,159,Normal,0,0
1/5/2025 21:44,20,80.6,58.87,32.34,3.22,2.36,1,0,472,Normal,0,0
1/5/2025 21:45,15,79.59,78.19,74.04,4.71,3.29,1,0,415,Normal,0,0
1/5/2025 21:46,18,83.77,30.23,42.91,4.62,3.19,0,0,101,Normal,0,0
1/5/2025 21:47,47,52.31,43.56,32.31,4,4.13,1,0,190,Normal,0,0
1/5/2025 21:48,2,58.42,53.6,56.71,3.41,4.04,1,0,376,Normal,0,0
1/5/2025 21:49,29,68.09,41.51,69.56,1.59,1.08,1,0,165,Normal,0,0
1/5/2025 21:50,13,80.81,43.92,49.81,3.98,2.63,1,0,331,Normal,0,0
1/5/2025 21:51,4,82.09,51.32,33.91,4.53,2.68,1,0,254,Normal,0,0
1/5/2025 21:52,42,45.77,51.31,55.66,2.8,2.64,1,0,103,Normal,0,0
1/5/2025 21:53,45,65.35,74.01,48.69,1.18,1.45,1,0,223,Normal,0,0
1/5/2025 21:54,10,79.75,43.35,30.03,1.74,1.71,1,0,419,Normal,0,0
1/5/2025 21:55,31,63.94,71.23,41.39,2.68,3.74,2,0,388,Normal,0,1
1/5/2025 21:56,41,77,61.89,76.3,4.85,3.38,1,0,341,Normal,0,0
1/5/2025 21:57,8,78.87,59.86,31.39,3,4.28,1,0,31,Normal,0,0
1/5/2025 21:58,3,69.33,57.28,75.95,2.06,3.33,0,0,482,Normal,0,0
1/5/2025 21:59,48,75.08,50.72,64.37,1.36,3.07,1,0,53,Normal,0,0
1/5/2025 22:00,46,73.01,54.65,49.06,3,0.76,1,0,128,Normal,0,0
1/5/2025 22:01,9,79.45,47.99,46.77,1.84,1.89,0,0,473,Normal,0,0
1/5/2025 22:02,30,72.14,20.74,71.89,4.95,0.53,0,0,209,Normal,0,0
1/5/2025 22:03,11,56.19,61.26,79.66,2.53,2.61,1,0,132,Normal,0,0
1/5/2025 22:04,35,80.11,53.33,58.46,3.95,4.47,1,0,78,Normal,0,0
1/5/2025 22:05,37,74.22,42.56,45.32,3.61,2.12,1,0,268,Normal,0,0
1/5/2025 22:06,42,80.03,67.7,63.25,3,1.78,1,0,425,Normal,0,0
1/5/2025 22:07,13,66.08,63.76,69.48,2.74,3.2,1,0,435,Normal,0,0
1/5/2025 22:08,36,71.87,41.95,62.37,4.59,0.88,1,0,83,Normal,0,0
1/5/2025 22:09,13,69.48,55.13,30.58,2.16,2,0,0,30,Normal,0,0
1/5/2025 22:10,12,83.6,70.65,45.72,3.7,0.78,1,0,226,Normal,0,0
1/5/2025 22:11,37,81.28,54.59,37.02,1.29,3.16,1,0,421,Normal,0,0
1/5/2025 22:12,10,89.63,34.72,74.08,3.28,2,1,0,385,Normal,0,0
1/5/2025 22:13,9,73.43,34.26,43.43,4.89,3.68,1,0,431,Normal,0,0
1/5/2025 22:14,7,62.06,51.28,44.31,3.87,2.66,1,0,355,Normal,0,0
1/5/2025 22:15,2,64.15,77.81,72.61,2.07,1.89,2,0,17,Overheating,0,1
1/5/2025 22:16,23,83.73,58.59,77.61,3.23,3.26,1,0,430,Normal,0,0
1/5/2025 22:17,39,87.83,47.99,60.78,4.54,2.57,1,0,268,Normal,0,0
1/5/2025 22:18,40,61.36,67.91,41.27,4.16,4.55,1,0,41,Normal,0,0
1/5/2025 22:19,39,69.59,54,45.16,2.34,3.35,1,0,315,Normal,0,0
1/5/2025 22:20,21,63.47,50.08,69.15,4.83,0.53,2,0,202,Vibration Issue,0,1
1/5/2025 22:21,23,94.58,58.06,59.98,3.84,1.65,1,1,3,Normal,1,1
1/5/2025 22:22,29,78.47,49.94,46.22,4.71,1.76,1,0,189,Normal,0,0
1/5/2025 22:23,14,65.84,50.57,76.63,1.45,2.11,1,0,116,Normal,0,0
1/5/2025 22:24,26,65.29,60.99,49.35,2.65,2.39,1,0,467,Normal,0,0
1/5/2025 22:25,5,89.13,58.79,36.83,2.74,3.42,1,0,269,Normal,0,0
1/5/2025 22:26,31,81.04,37.38,44.81,3.95,3.03,1,0,418,Normal,0,0
1/5/2025 22:27,25,74.95,45.41,32.16,4.15,0.87,1,0,129,Normal,0,0
1/5/2025 22:28,31,70.32,63.59,58.99,2.45,1.7,1,0,319,Normal,0,0
1/5/2025 22:29,50,70.58,71.06,64.71,4.58,3.47,1,0,498,Normal,0,0
1/5/2025 22:30,20,60.74,51.06,50.58,2.84,1.91,2,0,17,Pressure Drop,0,1
1/5/2025 22:31,44,67.54,40.06,47.95,1.3,1.98,2,0,61,Electrical Fault,0,1
1/5/2025 22:32,17,70.05,42.72,78.12,2,1.44,0,0,28,Normal,0,0
1/5/2025 22:33,45,73.25,45.22,48.68,3.18,2.22,1,0,247,Normal,0,0
1/5/2025 22:34,2,73.81,42.21,62.67,3.99,4.54,1,0,451,Normal,0,0
1/5/2025 22:35,25,84.2,41.45,70.17,1.32,3.09,1,0,278,Normal,0,0
1/5/2025 22:36,13,67.32,44.51,47.77,3.83,2.48,1,0,244,Normal,0,0
1/5/2025 22:37,39,88.66,44.13,76.25,1.63,1.53,0,0,484,Normal,0,0
1/5/2025 22:38,28,73.43,40.99,66.69,4.42,3.25,1,0,452,Normal,0,0
1/5/2025 22:39,42,78.23,50.76,49.68,2.01,1.83,0,0,496,Normal,0,0
1/5/2025 22:40,6,85.12,40.49,62.2,1.81,0.61,0,0,334,Normal,0,0
1/5/2025 22:41,3,80.08,45.09,63.66,3.61,1.58,0,0,11,Normal,0,1
1/5/2025 22:42,35,82.15,57.89,76.62,2.51,3.56,1,0,465,Normal,0,0
1/5/2025 22:43,18,68.78,52.14,62.34,3.5,4.77,1,0,404,Normal,0,0
1/5/2025 22:44,11,73.13,53.91,66.14,4.76,3.37,1,0,400,Normal,0,0
1/5/2025 22:45,20,82.08,73.3,48.07,3.43,1.95,1,0,464,Normal,0,0
1/5/2025 22:46,5,82.31,47.56,46.01,3.59,4.31,1,0,101,Normal,0,0
1/5/2025 22:47,19,76.56,54.06,59.93,3.99,1.08,1,0,235,Normal,0,0
1/5/2025 22:48,22,82,51.55,70.57,3.88,1.69,2,0,137,Normal,0,1
1/5/2025 22:49,19,66.65,66.78,43.1,3.73,2.1,1,0,303,Normal,0,0
1/5/2025 22:50,47,81.54,30.52,48.33,4.14,1.03,1,0,468,Normal,0,0
1/5/2025 22:51,16,84.11,36.51,76.77,2.49,1.09,1,0,31,Normal,0,0
1/5/2025 22:52,24,74.93,59.64,38.78,2.1,4.35,1,0,19,Normal,0,1
1/5/2025 22:53,41,76.67,66.91,44.11,1.87,0.9,0,0,54,Normal,0,0
1/5/2025 22:54,4,54.58,55.35,71.48,3.78,2.04,0,0,253,Normal,0,0
1/5/2025 22:55,15,88.77,66.21,34.39,2.44,0.96,1,0,376,Normal,0,0
1/5/2025 22:56,25,78.4,29.96,32.92,3.52,1.5,1,0,258,Normal,0,0
1/5/2025 22:57,44,80.77,29.38,49.06,3.87,0.98,1,0,84,Normal,0,0
1/5/2025 22:58,35,78.28,53.86,79.58,2.92,3.91,1,0,171,Normal,0,0
1/5/2025 22:59,14,79.56,59.49,52.05,2,4.27,1,0,341,Normal,0,0
1/5/2025 23:00,49,78.84,57.02,30.58,4.53,4.33,1,0,75,Normal,0,0
1/5/2025 23:01,19,89.72,59.18,55.66,2.53,3.69,1,0,496,Normal,0,0
1/5/2025 23:02,38,99.75,46.75,46.15,1.48,4.13,1,1,26,Normal,1,1
1/5/2025 23:03,36,85.85,28.8,67.16,3.11,4.12,1,0,441,Normal,0,0
1/5/2025 23:04,7,87.46,62.63,36.61,4.24,3,1,0,104,Normal,0,0
1/5/2025 23:05,30,70.5,51.82,42.92,3.85,4.16,0,0,12,Normal,0,1
1/5/2025 23:06,19,72.8,47.34,76.71,4.98,2.53,1,0,337,Normal,0,0
1/5/2025 23:07,49,78.64,73.8,35.26,1.61,4.77,0,0,449,Normal,0,0
1/5/2025 23:08,25,80.36,54.88,62.74,2.96,1.87,0,0,370,Normal,0,0
1/5/2025 23:09,16,78.74,47.27,56.78,4.48,4.76,0,0,49,Normal,0,0
1/5/2025 23:10,47,65.36,42.51,46.43,4.9,1.75,1,0,73,Normal,0,0
1/5/2025 23:11,40,70.8,56.59,62.1,4.36,3.31,1,0,246,Normal,0,0
1/5/2025 23:12,8,71.32,50.59,50.83,1.51,4,2,0,185,Normal,0,1
1/5/2025 23:13,18,79.62,59.52,40.17,3.21,3.32,1,0,187,Normal,0,0
1/5/2025 23:14,28,71.79,79.47,60.75,2.55,4.41,1,0,143,Normal,0,0
1/5/2025 23:15,16,72.97,58.34,68.02,3.29,3.32,1,0,14,Normal,0,1
1/5/2025 23:16,19,72.35,22.11,78.32,3.4,1.57,1,0,105,Normal,0,0
1/5/2025 23:17,42,81.26,32.99,62.57,4.79,2.2,2,0,271,Pressure Drop,0,1
1/5/2025 23:18,17,87.02,49.13,57.37,4.97,3.26,1,0,427,Normal,0,0
1/5/2025 23:19,45,67.01,74.27,64.46,4.72,1.41,0,0,489,Normal,0,0
1/5/2025 23:20,13,82.62,22.13,70.68,3.16,4.79,1,0,198,Normal,0,0
1/5/2025 23:21,7,65.95,65.21,65.2,1.1,4.28,1,0,411,Normal,0,0
1/5/2025 23:22,27,81.51,75.92,36.68,2.91,2.42,1,0,471,Normal,0,0
1/5/2025 23:23,10,62.34,64.97,44.46,3.95,4.35,1,0,220,Normal,0,0
1/5/2025 23:24,34,88.82,53.51,41.41,3.62,4.43,0,0,111,Normal,0,0
1/5/2025 23:25,36,72.26,47.91,35.44,4.8,4.82,1,0,348,Normal,0,0
1/5/2025 23:26,25,77.16,15.28,39.51,1.32,2.29,1,0,329,Normal,0,0
1/5/2025 23:27,6,76.14,52.9,71.16,4.3,1.29,1,0,494,Normal,0,0
1/5/2025 23:28,24,88.59,55.3,71.82,2.36,1.39,1,0,343,Normal,0,0
1/5/2025 23:29,18,68.41,52.37,42.52,3.07,4.07,1,0,74,Normal,0,0
1/5/2025 23:30,23,74.46,20.26,40.99,4.12,0.89,1,0,328,Normal,0,0
1/5/2025 23:31,6,76.56,57.89,53.17,3.32,4.28,1,0,471,Normal,0,0
1/5/2025 23:32,29,84.74,58.86,32.79,4.3,0.74,1,0,306,Normal,0,0
1/5/2025 23:33,25,67.4,53.44,63.42,4.01,1.28,1,0,355,Normal,0,0
1/5/2025 23:34,17,53.65,52.13,57.82,3.04,3.12,1,0,497,Normal,0,0
1/5/2025 23:35,46,63.52,30.17,72.08,2.45,1.84,0,0,356,Normal,0,0
1/5/2025 23:36,24,82.24,52.7,50.2,2.37,4.79,0,0,140,Normal,0,0
1/5/2025 23:37,11,75.76,27.34,52.88,1.47,3.34,1,0,257,Normal,0,0
1/5/2025 23:38,26,74.3,59.85,54.32,2.7,2.22,1,0,106,Normal,0,0
1/5/2025 23:39,34,66.54,58.98,49.77,4.27,2.19,2,0,121,Normal,0,1
1/5/2025 23:40,28,75.7,40.14,73.05,4.78,2.46,1,0,441,Normal,0,0
1/5/2025 23:41,3,80.09,36.18,77.72,2.94,3.48,1,0,235,Normal,0,0
1/5/2025 23:42,11,73.82,38.52,76.01,2.29,1.1,1,0,273,Normal,0,0
1/5/2025 23:43,38,87.97,49,35.75,4.8,2.41,2,0,445,Electrical Fault,0,1
1/5/2025 23:44,14,83.44,76.15,75.11,1.07,1.36,1,0,392,Normal,0,0
1/5/2025 23:45,26,73.68,49.01,76.35,3.36,4,1,0,97,Normal,0,0
1/5/2025 23:46,48,81.9,82.83,55.48,4.17,3.11,1,1,15,Normal,1,1
1/5/2025 23:47,21,75.69,49.32,75.7,4.19,1.62,1,0,218,Normal,0,0
1/5/2025 23:48,39,78.07,53.18,42.14,3.44,2.62,1,0,193,Normal,0,0
1/5/2025 23:49,30,72.69,53.12,31.46,1.8,1.03,1,0,465,Normal,0,0
1/5/2025 23:50,8,76.79,34.33,45.48,4.3,3.97,1,0,212,Normal,0,0
1/5/2025 23:51,20,60.12,29.33,35.41,2.24,4.04,0,0,484,Normal,0,0
1/5/2025 23:52,48,67.02,61.19,31.61,1.04,2.49,1,0,139,Normal,0,0
1/5/2025 23:53,32,86.81,43.27,36.12,3.57,2.96,1,0,160,Normal,0,0
1/5/2025 23:54,22,71.78,51.88,33.86,4.51,1.13,2,0,187,Overheating,0,1
1/5/2025 23:55,7,64.46,40.46,62.04,1.62,1.8,1,0,413,Normal,0,0
1/5/2025 23:56,9,91.58,53.43,39.03,2.79,4.24,2,1,35,Electrical Fault,1,1
1/5/2025 23:57,45,72.03,40.56,60.77,1.31,0.54,1,0,64,Normal,0,0
1/5/2025 23:58,1,80.35,62.05,57.06,3.71,4.5,1,0,56,Normal,0,0
1/5/2025 23:59,29,69.88,39.11,53.09,4.73,4.45,1,0,305,Normal,0,0
1/6/2025 0:00,8,84.24,62.3,40.16,4.07,4.37,1,0,168,Normal,0,0
1/6/2025 0:01,4,75.05,53.6,58.81,3.22,2.87,2,0,328,Overheating,0,1
1/6/2025 0:02,35,58.25,15.4,63.09,4.71,4.65,1,0,347,Normal,0,0
1/6/2025 0:03,3,95.74,38.56,54.58,2.86,2.5,2,1,27,Vibration Issue,1,1
1/6/2025 0:04,45,69.16,34.97,35.36,4.13,4.9,1,0,411,Normal,0,0
1/6/2025 0:05,40,71.84,41.89,61.18,2.5,2.09,1,0,415,Normal,0,0
1/6/2025 0:06,7,62.9,53.52,65.23,3.21,3.53,0,0,216,Normal,0,0
1/6/2025 0:07,27,57.03,46.15,48.49,3.74,3.37,1,0,339,Normal,0,0
1/6/2025 0:08,1,85.96,39.34,45.08,2.3,3.93,1,0,384,Normal,0,0
1/6/2025 0:09,27,77.08,49.95,52.24,2.11,0.75,1,0,452,Normal,0,0
1/6/2025 0:10,16,55.65,33.43,61.68,1.83,4.73,1,0,223,Normal,0,0
1/6/2025 0:11,38,71.23,28.58,77.88,2.09,3.83,2,0,411,Overheating,0,1
1/6/2025 0:12,7,78.78,41.61,49.19,3.95,1.9,1,0,204,Normal,0,0
1/6/2025 0:13,44,81.03,52.73,33.44,2.11,4.89,1,0,422,Normal,0,0
1/6/2025 0:14,23,66.15,43.72,33.67,4.06,3.59,1,0,237,Normal,0,0
1/6/2025 0:15,41,69.87,48.37,69.07,4.12,2.44,1,0,258,Normal,0,0
1/6/2025 0:16,11,68.23,63.03,38.72,4.63,1.53,1,0,124,Normal,0,0
1/6/2025 0:17,42,71.24,53.13,59.75,3.69,1.07,1,0,459,Normal,0,0
1/6/2025 0:18,33,77.25,48.17,39.25,3.56,1.09,1,0,496,Normal,0,0
1/6/2025 0:19,50,83.12,65.73,61.48,2.66,4.04,1,0,466,Normal,0,0
1/6/2025 0:20,36,77.34,40.4,54.64,1.65,3.25,1,0,466,Normal,0,0
1/6/2025 0:21,37,77.66,40.72,40.87,3.19,2.52,1,0,456,Normal,0,0
1/6/2025 0:22,41,73.07,52.46,46.37,1.85,1.82,1,0,359,Normal,0,0
1/6/2025 0:23,17,63.28,33.44,50.38,2.19,1.2,1,0,33,Normal,0,0
1/6/2025 0:24,35,73.54,47.59,71.92,4.27,1.55,1,0,259,Normal,0,0
1/6/2025 0:25,48,70.75,28.59,37.66,2.59,3.16,1,0,446,Normal,0,0
1/6/2025 0:26,5,68.13,67.13,57.85,3.49,2.86,1,0,110,Normal,0,0
1/6/2025 0:27,48,75.17,39.7,73.96,1.07,4.28,1,0,137,Normal,0,0
1/6/2025 0:28,32,59.37,68.72,61.46,1.75,0.72,2,0,410,Pressure Drop,0,1
1/6/2025 0:29,3,70.35,19.83,44.49,4.84,1.4,1,0,191,Normal,0,0
1/6/2025 0:30,47,68.11,39.13,38.02,3.18,1.25,2,0,457,Vibration Issue,0,1
1/6/2025 0:31,35,66.6,51.12,38.56,3.43,2.77,1,0,136,Normal,0,0
1/6/2025 0:32,14,80.79,60.42,44.61,3.65,4.19,1,0,43,Normal,0,0
1/6/2025 0:33,48,76.24,64.9,74.35,3.66,0.56,1,0,477,Normal,0,0
1/6/2025 0:34,31,79.69,57.26,61.41,4.21,2.24,1,0,29,Normal,0,0
1/6/2025 0:35,31,79.28,25.31,53.16,4.38,0.59,1,0,490,Normal,0,0
1/6/2025 0:36,17,65.14,34.33,47.37,2.99,0.68,1,0,273,Normal,0,0
1/6/2025 0:37,24,85.94,39.61,42.55,2.18,1.48,1,0,217,Normal,0,0
1/6/2025 0:38,23,70.23,72.02,35.62,1.12,3.64,1,0,86,Normal,0,0
1/6/2025 0:39,18,86.29,37.98,43.12,2.33,3.55,1,0,414,Normal,0,0
1/6/2025 0:40,50,71.18,37.43,75,1.16,1.17,1,0,242,Normal,0,0
1/6/2025 0:41,14,62.27,47.73,31.53,3.59,1.65,1,0,84,Normal,0,0
1/6/2025 0:42,50,64.5,47.89,78.32,1.43,1.31,1,0,21,Normal,0,0
1/6/2025 0:43,15,84.49,34.72,30.8,2.69,4.59,1,0,11,Normal,0,1
1/6/2025 0:44,15,80.44,41.57,76.37,4.84,2.77,1,0,126,Normal,0,0
1/6/2025 0:45,6,67.53,61.61,40.71,1.05,1.74,0,0,410,Normal,0,0
1/6/2025 0:46,27,77.18,81.4,38.12,3.8,4.98,1,1,38,Normal,1,1
1/6/2025 0:47,15,84.72,58.33,66.46,3.58,3.62,1,0,486,Normal,0,0
1/6/2025 0:48,50,91.29,49.09,57.11,2.16,0.99,2,1,37,Normal,1,1
1/6/2025 0:49,36,76.52,61.14,72.83,1.21,0.63,1,0,230,Normal,0,0
1/6/2025 0:50,8,78.22,65.29,65.88,4.36,3.42,1,0,460,Normal,0,0
1/6/2025 0:51,15,73.37,25.21,62.86,4.47,3.72,1,0,26,Normal,0,0
1/6/2025 0:52,3,75.13,36.69,61.6,1.33,4.04,1,0,362,Normal,0,0
1/6/2025 0:53,47,80.75,27.74,38.54,2.45,2.29,1,0,349,Normal,0,0
1/6/2025 0:54,13,64.15,28.03,62.53,4.53,4.34,1,0,74,Normal,0,0
1/6/2025 0:55,41,81.5,22.32,58.67,3.02,1.7,1,0,250,Normal,0,0
1/6/2025 0:56,34,71.12,38.61,50.22,1.81,0.55,1,0,154,Normal,0,0
1/6/2025 0:57,24,67.62,47.63,73.69,3.46,1.37,1,0,165,Normal,0,0
1/6/2025 0:58,40,67.65,59.94,66.76,1.79,1.74,1,0,36,Normal,0,0
1/6/2025 0:59,32,94.03,48.98,51.81,4.32,3.92,1,1,32,Normal,1,1
1/6/2025 1:00,32,87.97,47.43,76.36,2.11,0.75,1,0,281,Normal,0,0
1/6/2025 1:01,30,66.37,50.44,43.57,2.8,3.71,0,0,244,Normal,0,0
1/6/2025 1:02,49,77.71,35.07,36.99,4.78,4.73,1,0,425,Normal,0,0
1/6/2025 1:03,13,77.3,49.62,45.3,4.81,1.95,0,0,141,Normal,0,0
1/6/2025 1:04,1,92.34,56.7,48.35,3.23,3.63,0,1,3,Normal,1,1
1/6/2025 1:05,34,70.6,49.53,61.83,3.57,1.41,1,0,276,Normal,0,0
1/6/2025 1:06,15,52.77,48.44,73.09,3.67,3.49,1,0,98,Normal,0,0
1/6/2025 1:07,44,73.79,59.18,59.71,2.48,3.76,1,0,304,Normal,0,0
1/6/2025 1:08,14,72.28,44.49,42.71,4.39,2.4,1,0,66,Normal,0,0
1/6/2025 1:09,29,79.57,43.82,35.37,4.27,1.75,1,0,132,Normal,0,0
1/6/2025 1:10,34,83.59,52.13,39.22,4.31,3.52,1,0,334,Normal,0,0
1/6/2025 1:11,18,86.45,41.71,73.88,4.38,2.9,1,0,332,Normal,0,0
1/6/2025 1:12,7,86.12,75.91,64.47,1.99,1.54,1,0,229,Normal,0,0
1/6/2025 1:13,29,81.5,75.51,50.75,2.63,3.78,0,0,175,Normal,0,0
1/6/2025 1:14,31,85.51,62.32,41.65,4.12,3.64,1,0,70,Normal,0,0
1/6/2025 1:15,25,61.33,31.07,72.63,4.18,2.97,1,0,21,Normal,0,0
1/6/2025 1:16,38,72.43,59.22,35.01,3.41,0.91,1,0,372,Normal,0,0
1/6/2025 1:17,14,75.06,63.21,44.3,3.33,3.97,1,0,326,Normal,0,0
1/6/2025 1:18,8,79.55,30.6,41.9,1.83,0.76,1,0,444,Normal,0,0
1/6/2025 1:19,27,68.71,47.78,71.23,2.15,2,2,0,19,Pressure Drop,0,1
1/6/2025 1:20,2,68.29,59.94,73.59,3.2,2.48,1,0,416,Normal,0,0
1/6/2025 1:21,17,71.45,56.86,68.73,4.15,2.74,1,0,133,Normal,0,0
1/6/2025 1:22,37,79.36,46.81,64.57,3.03,4.24,1,0,228,Normal,0,0
1/6/2025 1:23,14,41.45,66.23,71.32,4.55,0.52,1,0,289,Normal,0,0
1/6/2025 1:24,25,74.81,65.44,51.72,1.66,1.48,2,0,252,Electrical Fault,0,1
1/6/2025 1:25,30,67.78,55.2,57.18,2.36,2.13,1,0,57,Normal,0,0
1/6/2025 1:26,29,66.41,39.38,54.9,3.46,1.86,0,0,236,Normal,0,0
1/6/2025 1:27,20,78.32,66.15,56.27,3.87,3.17,1,0,185,Normal,0,0
1/6/2025 1:28,21,76.44,48.38,50.25,3.73,1.66,1,0,451,Normal,0,0
1/6/2025 1:29,22,77.04,49.01,59.02,4.4,3.25,1,0,190,Normal,0,0
1/6/2025 1:30,35,76.69,28.47,57.29,1.24,4.92,1,0,110,Normal,0,0
1/6/2025 1:31,37,89,50.68,35.49,4.09,3.21,1,0,218,Normal,0,0
1/6/2025 1:32,16,86.78,66.01,40.76,4.04,2.08,1,0,285,Normal,0,0
1/6/2025 1:33,50,61.07,49.67,53.77,2.69,4.98,1,0,362,Normal,0,0
1/6/2025 1:34,49,70.12,55.23,43.86,3.17,3.47,1,0,128,Normal,0,0
1/6/2025 1:35,43,71.31,44.92,51.78,3.56,2.43,1,0,434,Normal,0,0
1/6/2025 1:36,17,59.81,46.13,42.51,3.94,2.5,1,0,442,Normal,0,0
1/6/2025 1:37,16,102.25,41.55,45,4.87,2.79,1,1,48,Normal,1,1
1/6/2025 1:38,2,76.03,33.36,49.46,3.13,1.86,1,0,439,Normal,0,0
1/6/2025 1:39,4,63.15,57.42,35.29,3.28,3.61,1,0,31,Normal,0,0
1/6/2025 1:40,21,85.67,43.62,43.79,2.99,0.66,1,0,451,Normal,0,0
1/6/2025 1:41,39,76.34,45.49,48.37,1.71,2.62,1,0,407,Normal,0,0
1/6/2025 1:42,34,67.41,35.98,56.66,1.93,1.44,1,0,344,Normal,0,0
1/6/2025 1:43,30,81.97,50.46,37.02,4.52,2.32,1,0,323,Normal,0,0
1/6/2025 1:44,6,84.17,49.83,64.77,2.03,0.64,2,0,174,Overheating,0,1
1/6/2025 1:45,17,81.92,30.84,40.6,1.33,3.75,1,0,451,Normal,0,0
1/6/2025 1:46,39,80.48,36.36,66.26,4.01,0.56,1,0,236,Normal,0,0
1/6/2025 1:47,25,67.93,64.64,32.99,4.82,0.68,1,0,467,Normal,0,0
1/6/2025 1:48,5,58.57,60.85,54.34,3.54,2.01,1,0,261,Normal,0,0
1/6/2025 1:49,5,62.97,38.22,45.7,4.15,1.61,0,0,19,Normal,0,1
1/6/2025 1:50,20,70.24,62.58,45.01,4.92,1.17,1,0,95,Normal,0,0
1/6/2025 1:51,16,57.66,33.74,48.43,2.66,4.26,1,0,193,Normal,0,0
1/6/2025 1:52,41,93.02,69.39,70.36,4.51,4.52,1,1,3,Normal,1,1
1/6/2025 1:53,37,65.05,101.68,68.23,4.27,4.65,1,1,23,Normal,1,1
1/6/2025 1:54,40,73.11,37.57,74.54,3.74,4.21,1,0,28,Normal,0,0
1/6/2025 1:55,9,76.36,49.48,31.84,2.5,0.87,1,0,247,Normal,0,0
1/6/2025 1:56,5,86.02,49.44,79.17,1.3,2.67,1,0,178,Normal,0,0
1/6/2025 1:57,42,79.88,57.81,41.69,2.3,2.79,1,0,100,Normal,0,0
1/6/2025 1:58,2,76.97,37.18,62.32,2.13,1.01,1,0,146,Normal,0,0
1/6/2025 1:59,9,98.37,47.46,36.34,3.14,3.87,2,1,8,Pressure Drop,1,1
1/6/2025 2:00,43,91.09,72.85,31.1,4.06,0.5,1,1,48,Normal,1,1
1/6/2025 2:01,36,78.95,41.92,50.48,2.53,2.78,2,0,214,Vibration Issue,0,1
1/6/2025 2:02,22,77.9,59.46,78.4,4.51,2.97,1,0,304,Normal,0,0
1/6/2025 2:03,22,73.68,33.84,52.09,3.27,4.39,1,0,249,Normal,0,0
1/6/2025 2:04,22,82.27,60.25,51.29,3.93,0.99,0,0,178,Normal,0,0
1/6/2025 2:05,34,71.29,70.66,51.4,1.82,3.94,1,0,321,Normal,0,0
1/6/2025 2:06,29,67.6,49.22,72.38,4.4,4.42,1,0,134,Normal,0,0
1/6/2025 2:07,38,88.94,56.01,49.02,2.27,1,1,0,418,Normal,0,0
1/6/2025 2:08,46,67.35,62.35,76.08,3.57,4.81,0,0,22,Normal,0,0
1/6/2025 2:09,33,74.64,34.74,45.7,1.44,2.74,1,0,205,Normal,0,0
1/6/2025 2:10,18,71.12,33.6,43.84,4.48,4.98,2,0,28,Pressure Drop,0,1
1/6/2025 2:11,7,74.33,33.37,40.23,2.88,2.13,0,0,204,Normal,0,0
1/6/2025 2:12,1,77.02,59.45,62.88,2.76,3.75,1,0,174,Normal,0,0
1/6/2025 2:13,33,75.06,75.25,47.02,3.05,4.25,0,0,467,Normal,0,0
1/6/2025 2:14,1,66.24,39.93,47.4,3.01,2.45,1,0,328,Normal,0,0
1/6/2025 2:15,24,70.92,48.42,58.39,4.94,2.94,1,0,105,Normal,0,0
1/6/2025 2:16,4,81.54,47.94,34.15,1.7,4.86,0,0,150,Normal,0,0
1/6/2025 2:17,4,77.24,33.53,48.97,3.32,4.02,1,0,145,Normal,0,0
1/6/2025 2:18,18,78.95,24.13,58.49,1.36,1.82,1,0,444,Normal,0,0
1/6/2025 2:19,27,84.04,72.37,50.36,4.24,3.4,2,0,454,Vibration Issue,0,1
1/6/2025 2:20,43,80.39,59.09,50.21,3.59,4.29,0,0,105,Normal,0,0
1/6/2025 2:21,32,69.01,43.01,47.36,4.06,3.4,1,0,424,Normal,0,0
1/6/2025 2:22,33,78.25,57.76,63.87,4.39,2.71,1,0,91,Normal,0,0
1/6/2025 2:23,28,78.01,54.21,71.12,3.6,2.2,1,0,379,Normal,0,0
1/6/2025 2:24,42,59.13,53.56,36.85,2.07,2.93,2,0,397,Normal,0,1
1/6/2025 2:25,41,58.28,59.56,33.02,4.36,1.37,0,0,460,Normal,0,0
1/6/2025 2:26,36,79.45,41.77,55.31,1.09,4.09,1,0,244,Normal,0,0
1/6/2025 2:27,6,69.37,13.83,63.56,3.49,3.45,0,0,346,Normal,0,0
1/6/2025 2:28,16,70.38,39.15,55.03,2.99,4.14,1,0,148,Normal,0,0
1/6/2025 2:29,34,77.74,42.22,41.13,3.5,1.28,1,0,394,Normal,0,0
1/6/2025 2:30,23,75.15,48.08,60.66,4.55,4.9,1,0,110,Normal,0,0
1/6/2025 2:31,50,74.43,34.91,46.33,4.98,1.19,1,0,458,Normal,0,0
1/6/2025 2:32,42,89.96,69.75,31.75,3.23,2.72,0,0,202,Normal,0,0
1/6/2025 2:33,24,72.5,52.46,47.25,4.4,3.57,1,0,266,Normal,0,0
1/6/2025 2:34,49,77.6,4.22,75.3,3.88,4.27,1,0,48,Normal,0,0
1/6/2025 2:35,13,69.11,71.6,72.23,3.08,2.77,1,0,67,Normal,0,0
1/6/2025 2:36,18,85.35,65.31,69.43,2.48,4.37,1,0,214,Normal,0,0
1/6/2025 2:37,13,78.37,41,72.87,3.2,3.66,0,0,432,Normal,0,0
1/6/2025 2:38,49,92.61,35.01,50.85,4.15,3.57,1,1,5,Normal,1,1
1/6/2025 2:39,37,76.43,57.96,37.56,4.86,2.05,1,0,354,Normal,0,0
1/6/2025 2:40,43,78.09,31.61,40.89,3.44,3.07,1,0,367,Normal,0,0
1/6/2025 2:41,39,74.6,51.66,30.76,4.01,2.87,1,0,149,Normal,0,0
1/6/2025 2:42,42,90.73,34.57,59.56,4.57,4.29,1,1,19,Normal,1,1
1/6/2025 2:43,17,78.69,66.77,52.23,1.83,2.2,1,0,287,Normal,0,0
1/6/2025 2:44,15,74.18,44.63,54.3,3.07,1.22,1,0,263,Normal,0,0
1/6/2025 2:45,18,66.06,50.28,36.29,3.97,3.89,1,0,62,Normal,0,0
1/6/2025 2:46,23,52.94,45.49,63.97,1.35,3.68,1,0,335,Normal,0,0
1/6/2025 2:47,30,75.92,65.53,72.27,1.23,2.14,1,0,425,Normal,0,0
1/6/2025 2:48,34,71.97,58.61,30.35,1.96,2.58,2,0,365,Vibration Issue,0,1
1/6/2025 2:49,4,43.42,59.25,71.53,4.6,2.6,1,0,483,Normal,0,0
1/6/2025 2:50,3,70.9,56.07,77.81,4.33,1.87,1,0,489,Normal,0,0
1/6/2025 2:51,7,64.6,39.72,53,1.84,4.01,1,0,421,Normal,0,0
1/6/2025 2:52,18,91.67,73.74,45.43,3.68,2.5,1,1,25,Normal,1,1
1/6/2025 2:53,42,74.37,54.18,79.77,2.43,4.81,1,0,373,Normal,0,0
1/6/2025 2:54,7,87.37,45.7,44.04,3.24,2.54,1,0,125,Normal,0,0
1/6/2025 2:55,40,79.51,47.68,55.47,1.53,4.01,0,0,333,Normal,0,0
1/6/2025 2:56,6,85.17,9.19,65.07,3.89,2.22,2,0,55,Vibration Issue,0,1
1/6/2025 2:57,22,98.01,32.62,54.85,3.66,3.8,1,1,27,Normal,1,1
1/6/2025 2:58,1,83.17,39.96,73.67,3.17,4.07,1,0,221,Normal,0,0
1/6/2025 2:59,4,107.1,55.64,60.79,2.76,3.81,2,1,5,Pressure Drop,1,1
1/6/2025 3:00,46,81.24,38.75,69.31,2.29,1.58,1,0,460,Normal,0,0
1/6/2025 3:01,49,87.2,62.19,61.57,2.07,2.82,1,0,491,Normal,0,0
1/6/2025 3:02,50,71.66,66.04,35.79,3.52,3.9,1,0,456,Normal,0,0
1/6/2025 3:03,43,60.73,54.42,69.02,3.64,3.3,1,0,387,Normal,0,0
1/6/2025 3:04,29,49.98,46.06,67.49,2.77,4.82,1,0,83,Normal,0,0
1/6/2025 3:05,21,83.84,66.51,50.46,4.83,1.74,2,0,421,Electrical Fault,0,1
1/6/2025 3:06,26,70.14,69.93,48.51,2.97,0.84,1,0,69,Normal,0,0
1/6/2025 3:07,14,71.6,40.47,66.91,3.92,4.02,1,0,123,Normal,0,0
1/6/2025 3:08,9,71.45,36.37,45.45,1.97,4.4,0,0,199,Normal,0,0
1/6/2025 3:09,47,68.33,28.97,37.3,3.58,1.3,1,0,179,Normal,0,0
1/6/2025 3:10,12,91.57,42.63,71.05,4.99,1.3,1,1,18,Normal,1,1
1/6/2025 3:11,42,66.18,44.08,63.87,3.02,0.84,1,0,109,Normal,0,0
1/6/2025 3:12,6,79.89,63.52,39.64,1.35,4.64,1,0,213,Normal,0,0
1/6/2025 3:13,20,79.89,53.03,63.05,1.1,2.8,2,0,446,Normal,0,1
1/6/2025 3:14,24,60.16,74.03,43.77,2.11,0.6,1,0,279,Normal,0,0
1/6/2025 3:15,27,80.77,36.6,52.07,3.94,0.93,1,0,452,Normal,0,0
1/6/2025 3:16,38,63.5,31.6,77.3,4.07,3.58,1,0,134,Normal,0,0
1/6/2025 3:17,8,74.1,76.7,70.16,3.34,4.88,1,0,247,Normal,0,0
1/6/2025 3:18,1,71.16,50.57,32.82,3.27,2.65,2,0,230,Vibration Issue,0,1
1/6/2025 3:19,49,75.53,55.92,64.25,3.17,2.97,1,0,120,Normal,0,0
1/6/2025 3:20,49,81.02,55.48,31.38,4.06,4.14,1,0,213,Normal,0,0
1/6/2025 3:21,24,66.19,40.07,48.96,1.14,1.28,1,0,431,Normal,0,0
1/6/2025 3:22,47,69.17,52.15,60.31,4.16,0.72,1,0,141,Normal,0,0
1/6/2025 3:23,7,58.74,39.9,65.31,1.86,2.76,1,0,400,Normal,0,0
1/6/2025 3:24,19,64.12,40.07,33.61,1.55,3.97,1,0,422,Normal,0,0
1/6/2025 3:25,22,82.6,49.74,66.23,3.44,3.08,2,0,291,Vibration Issue,0,1
1/6/2025 3:26,35,71.29,64.71,48.54,2.25,2.64,1,0,363,Normal,0,0
1/6/2025 3:27,30,84.1,61.75,53.86,1.91,2.17,0,0,257,Normal,0,0
1/6/2025 3:28,29,65.49,45.86,66.08,3.14,4.56,1,0,93,Normal,0,0
1/6/2025 3:29,22,67.29,38.92,75.64,1.7,3.76,1,0,195,Normal,0,0
1/6/2025 3:30,11,86.04,47.94,70.74,2.79,2.59,1,0,478,Normal,0,0
1/6/2025 3:31,20,77.29,40.63,52.03,1.94,3.14,1,0,252,Normal,0,0
1/6/2025 3:32,29,60.09,45.07,60.67,4.48,3.54,2,0,315,Normal,0,1
1/6/2025 3:33,41,69.34,63.05,37.73,3.16,4.53,2,0,120,Normal,0,1
1/6/2025 3:34,42,83.61,37.12,60.38,4.98,4.75,2,0,417,Overheating,0,1
1/6/2025 3:35,34,73.32,47.95,78.71,2.74,1.3,1,0,12,Normal,0,1
1/6/2025 3:36,1,87.17,66.7,43.62,4.65,4.44,1,0,339,Normal,0,0
1/6/2025 3:37,31,62.07,17.72,67.17,2.67,4.81,1,0,143,Normal,0,0
1/6/2025 3:38,30,87.13,39.28,71.71,2.76,3.13,1,0,172,Normal,0,0
1/6/2025 3:39,48,63.18,46.67,65.43,3.81,3.42,1,0,425,Normal,0,0
1/6/2025 3:40,18,77.45,39.59,54.2,4.37,3.12,1,0,186,Normal,0,0
1/6/2025 3:41,17,84.47,37.14,38.01,3.61,1.78,1,0,320,Normal,0,0
1/6/2025 3:42,38,76.3,39.6,73.28,1.96,1.41,1,0,490,Normal,0,0
1/6/2025 3:43,14,80.72,59.48,56.85,4.14,4.77,1,0,113,Normal,0,0
1/6/2025 3:44,23,85.25,33.39,46.26,1.39,2.12,0,0,458,Normal,0,0
1/6/2025 3:45,25,79.75,67.01,63.61,2.29,3.86,1,0,241,Normal,0,0
1/6/2025 3:46,15,71.88,50.07,48.22,3.84,4.57,1,0,101,Normal,0,0
1/6/2025 3:47,46,72.72,34.98,52.25,3.75,1.13,0,0,427,Normal,0,0
1/6/2025 3:48,22,66.54,41.87,75.64,1.04,2.64,1,0,158,Normal,0,0
1/6/2025 3:49,3,62.83,63.48,64.49,1.42,2.19,1,0,54,Normal,0,0
1/6/2025 3:50,19,88.17,68.06,39.5,1.48,1.59,0,0,285,Normal,0,0
1/6/2025 3:51,44,81.13,54.84,33.78,1.06,2.4,1,0,362,Normal,0,0
1/6/2025 3:52,34,89.47,43.51,52.91,1.22,4.07,1,0,147,Normal,0,0
1/6/2025 3:53,35,81.08,46.3,45.51,2.98,3.94,1,0,381,Normal,0,0
1/6/2025 3:54,50,71.46,57.58,59.69,3.79,4.61,1,0,498,Normal,0,0
1/6/2025 3:55,1,63.33,44.17,51.73,1.66,2.26,1,0,256,Normal,0,0
1/6/2025 3:56,21,69.86,35.18,70.19,1.66,2.69,1,0,18,Normal,0,1
1/6/2025 3:57,29,81.74,42.12,65.52,2.06,1.69,0,0,194,Normal,0,0
1/6/2025 3:58,6,67.87,86.01,30.05,2.79,3.24,1,1,40,Normal,1,1
1/6/2025 3:59,37,88.18,51.32,76.53,4.96,2.07,1,0,444,Normal,0,0
1/6/2025 4:00,1,71.39,20.35,67.49,1.11,4.36,1,0,126,Normal,0,0
1/6/2025 4:01,1,62.95,43.66,33.53,4.82,3.65,0,0,86,Normal,0,0
1/6/2025 4:02,27,71.86,63.89,72.05,4.8,2.16,1,0,275,Normal,0,0
1/6/2025 4:03,21,77.31,49.73,79.97,1.61,3.83,1,0,33,Normal,0,0
1/6/2025 4:04,16,92,36.57,47.52,3.6,3.64,2,1,12,Overheating,1,1
1/6/2025 4:05,44,76.13,78.83,33.56,2.27,3.87,1,0,68,Normal,0,0
1/6/2025 4:06,40,68.78,52.59,56.82,4.49,1.93,0,0,124,Normal,0,0
1/6/2025 4:07,26,89.17,29.13,40.6,3.21,0.82,1,0,261,Normal,0,0
1/6/2025 4:08,16,86.49,48.46,36.43,2.68,2.17,1,0,75,Normal,0,0
1/6/2025 4:09,28,73.92,82.35,50.63,2.51,3.35,1,1,42,Normal,1,1
1/6/2025 4:10,1,58.81,67.68,47.8,2.69,4.1,1,0,161,Normal,0,0
1/6/2025 4:11,36,69.18,73.9,75.7,3.39,4.25,1,0,409,Normal,0,0
1/6/2025 4:12,10,82.26,33.17,48.52,1.02,2.54,0,0,230,Normal,0,0
1/6/2025 4:13,43,87.49,53.06,46.75,1.95,1.81,1,0,484,Normal,0,0
1/6/2025 4:14,17,76.42,21.03,52.98,2.37,3.8,1,0,112,Normal,0,0
1/6/2025 4:15,23,74.15,22.23,56.97,4.92,2.12,1,0,247,Normal,0,0
1/6/2025 4:16,7,69.87,55.13,63.82,1.14,3.09,1,0,221,Normal,0,0
1/6/2025 4:17,44,82.46,46.48,57.42,3.07,4.85,1,0,229,Normal,0,0
1/6/2025 4:18,7,64.83,44.53,43.05,4.43,2.3,1,0,357,Normal,0,0
1/6/2025 4:19,44,69.52,60.49,74.51,3.05,3.55,0,0,21,Normal,0,0
1/6/2025 4:20,15,88.72,42.39,53.66,1.27,3.25,1,0,206,Normal,0,0
1/6/2025 4:21,34,84.72,30.12,48.01,2.65,3.47,1,0,58,Normal,0,0
1/6/2025 4:22,46,89.85,41.32,42.44,5,1.22,1,0,84,Normal,0,0
1/6/2025 4:23,45,68.48,40.29,31.98,1.61,3.42,1,0,249,Normal,0,0
1/6/2025 4:24,4,62.49,82.54,75.37,4.68,1.73,1,1,17,Normal,1,1
1/6/2025 4:25,14,89.8,28.61,49.74,4.7,3.55,1,0,264,Normal,0,0
1/6/2025 4:26,14,82.37,51.9,38.62,1.83,2.62,1,0,430,Normal,0,0
1/6/2025 4:27,16,85.27,6.53,39.59,1.63,3.07,1,0,58,Normal,0,0
1/6/2025 4:28,7,82.52,52.78,53.05,2.76,1.48,1,0,58,Normal,0,0
1/6/2025 4:29,32,93.56,53.29,71.7,1.65,3.27,0,1,41,Normal,1,1
1/6/2025 4:30,19,82.08,49.85,72.7,3.1,4.66,1,0,60,Normal,0,0
1/6/2025 4:31,2,77.09,45.57,59.39,1.59,1.09,1,0,471,Normal,0,0
1/6/2025 4:32,10,78.25,63.35,55.99,4.52,1.58,1,0,204,Normal,0,0
1/6/2025 4:33,50,77.32,66.02,76.32,2.86,2.02,2,0,190,Vibration Issue,0,1
1/6/2025 4:34,17,90.79,70.73,46.96,2.53,0.55,0,1,8,Normal,1,1
1/6/2025 4:35,37,87.56,33.89,32.35,3.85,0.62,1,0,173,Normal,0,0
1/6/2025 4:36,12,90.89,29.69,38.48,3.27,3.72,1,1,31,Normal,1,1
1/6/2025 4:37,6,54.98,61.3,56.38,3.84,3.6,1,0,472,Normal,0,0
1/6/2025 4:38,22,72.69,61.43,36.06,4.8,0.79,1,0,140,Normal,0,0
1/6/2025 4:39,32,66.09,8.95,47.64,3.58,4.11,1,0,364,Normal,0,0
1/6/2025 4:40,41,93.79,48.47,62.1,3.76,0.65,1,1,34,Normal,1,1
1/6/2025 4:41,20,67.78,42.83,42.8,1.9,2.82,1,0,192,Normal,0,0
1/6/2025 4:42,1,81.24,52.6,65.02,3.75,1.99,0,0,137,Normal,0,0
1/6/2025 4:43,47,95.12,22.47,68.58,4.45,3.46,2,1,25,Overheating,1,1
1/6/2025 4:44,6,78.56,67.56,42.83,3.51,4.5,1,0,471,Normal,0,0
1/6/2025 4:45,19,71.59,80.28,79.6,3.63,3.53,1,1,23,Normal,1,1
1/6/2025 4:46,18,77.32,50.88,44.78,4.63,2.29,1,0,461,Normal,0,0
1/6/2025 4:47,6,61.71,5.34,68.34,3.37,1.31,1,0,60,Normal,0,0
1/6/2025 4:48,45,60.28,40.07,76.35,2.24,4.76,1,0,112,Normal,0,0
1/6/2025 4:49,33,80.79,38.53,63.08,2.61,3.65,0,0,233,Normal,0,0
1/6/2025 4:50,23,50.84,63.93,74.43,2.2,1.44,0,0,58,Normal,0,0
1/6/2025 4:51,23,74.55,55.81,39.91,4.26,0.87,0,0,120,Normal,0,0
1/6/2025 4:52,26,73.85,75.1,53.1,3.66,4.24,1,0,177,Normal,0,0
1/6/2025 4:53,13,94.81,25.27,34.54,2.49,2.36,1,1,36,Normal,1,1
1/6/2025 4:54,7,80.48,37.25,44.06,3.47,1.57,1,0,307,Normal,0,0
1/6/2025 4:55,15,72.35,57.31,75.66,3.76,2.9,1,0,243,Normal,0,0
1/6/2025 4:56,44,84.62,60.97,38.79,2.63,2.45,0,0,462,Normal,0,0
1/6/2025 4:57,27,77.02,33.12,66.22,3.38,2.56,0,0,339,Normal,0,0
1/6/2025 4:58,26,64.25,51.11,73.36,4.76,1.26,1,0,324,Normal,0,0
1/6/2025 4:59,33,78.11,68.56,74.75,2.03,2.1,1,0,416,Normal,0,0
1/6/2025 5:00,15,76.72,29.96,42.43,1.94,3.42,1,0,266,Normal,0,0
1/6/2025 5:01,36,76.02,54.66,32.71,2.35,3.14,0,0,269,Normal,0,0
1/6/2025 5:02,45,79.67,69.83,58.39,2.14,1.67,1,0,407,Normal,0,0
1/6/2025 5:03,27,85.84,77.51,50.42,4.69,4.37,0,0,341,Normal,0,0
1/6/2025 5:04,5,78.83,40.38,49.83,4.55,4.52,1,0,405,Normal,0,0
1/6/2025 5:05,2,62.38,48.66,32.82,3.85,0.64,1,0,223,Normal,0,0
1/6/2025 5:06,33,60.01,53.67,50.13,3.49,2.15,1,0,384,Normal,0,0
1/6/2025 5:07,16,71.35,81.58,56.39,4.8,2.09,1,1,15,Normal,1,1
1/6/2025 5:08,23,70.65,58.11,71.42,2.51,4.87,1,0,47,Normal,0,0
1/6/2025 5:09,38,78.71,49.75,40.62,4.65,4.54,1,0,274,Normal,0,0
1/6/2025 5:10,16,88.41,60.73,60.41,3.29,2.2,1,0,163,Normal,0,0
1/6/2025 5:11,14,90.79,51.92,76.43,1.81,3.13,2,1,25,Vibration Issue,1,1
1/6/2025 5:12,29,68.66,35.19,49.03,2.36,4.96,1,0,97,Normal,0,0
1/6/2025 5:13,26,57.41,59.07,57.14,3.21,3.41,2,0,119,Normal,0,1
1/6/2025 5:14,35,75.68,74.11,37.03,1.05,3.44,1,0,79,Normal,0,0
1/6/2025 5:15,15,86.07,55.53,42.08,1.13,2.07,1,0,68,Normal,0,0
1/6/2025 5:16,3,70.72,42.54,43.63,2.49,0.62,2,0,298,Overheating,0,1
1/6/2025 5:17,23,75.63,54.77,37.5,3.14,2.46,1,0,321,Normal,0,0
1/6/2025 5:18,29,73.39,32.7,34.17,1.94,2.76,1,0,385,Normal,0,0
1/6/2025 5:19,34,90.9,74.65,31.76,2.37,3.02,0,1,20,Normal,1,1
1/6/2025 5:20,33,98.09,55.15,43.68,4.59,3.04,1,1,42,Normal,1,1
1/6/2025 5:21,41,81.7,54.07,46.87,2.65,3.31,1,0,469,Normal,0,0
1/6/2025 5:22,41,81.93,50.25,73.14,1.51,4.83,1,0,196,Normal,0,0
1/6/2025 5:23,23,61.09,73.54,34.73,1.76,1.33,2,0,240,Vibration Issue,0,1
1/6/2025 5:24,7,70.81,32.68,49.26,1.82,2.58,1,0,348,Normal,0,0
1/6/2025 5:25,3,83.86,50.13,40.31,3.71,3.29,1,0,360,Normal,0,0
1/6/2025 5:26,32,79.07,27.19,63.28,2.98,4.8,1,0,148,Normal,0,0
1/6/2025 5:27,31,80.13,67.57,50.08,2.97,4.02,1,0,491,Normal,0,0
1/6/2025 5:28,18,57.92,53.43,31.31,3.83,3.41,1,0,393,Normal,0,0
1/6/2025 5:29,43,53.73,41.22,58.94,4.55,4.27,2,0,310,Electrical Fault,0,1
1/6/2025 5:30,7,94.56,45.72,35,2.72,0.84,1,1,39,Normal,1,1
1/6/2025 5:31,41,73.51,51.33,77.94,4.86,3.59,1,0,416,Normal,0,0
1/6/2025 5:32,1,58.32,58.65,30.22,3.65,3.33,1,0,93,Normal,0,0
1/6/2025 5:33,14,73.78,36.73,67.94,3.34,0.77,1,0,461,Normal,0,0
1/6/2025 5:34,32,60.66,38.68,73.98,3.42,4.11,2,0,94,Pressure Drop,0,1
1/6/2025 5:35,6,63.49,66.68,69.97,1.62,0.65,1,0,128,Normal,0,0
1/6/2025 5:36,39,67.56,28.25,54.37,4.97,1.52,0,0,430,Normal,0,0
1/6/2025 5:37,10,60.65,67.28,46.43,4.44,1.56,2,0,103,Normal,0,1
1/6/2025 5:38,7,41.04,57.97,72.28,3.76,4.68,1,0,277,Normal,0,0
1/6/2025 5:39,26,82.6,46.84,34.72,2.81,2.31,2,0,113,Normal,0,1
1/6/2025 5:40,34,69.15,52.22,73.7,1.61,3.36,1,0,77,Normal,0,0
1/6/2025 5:41,30,84.51,77.42,45.1,2.42,1.61,0,0,442,Normal,0,0
1/6/2025 5:42,36,75.37,39.03,35.65,2.99,4.17,1,0,211,Normal,0,0
1/6/2025 5:43,21,56.79,34.4,54.3,1.4,3.73,1,0,297,Normal,0,0
1/6/2025 5:44,17,74.71,51.62,31.82,4.74,4.44,1,0,295,Normal,0,0
1/6/2025 5:45,33,89.14,62.58,57.84,2.47,1.74,1,0,263,Normal,0,0
1/6/2025 5:46,10,74,18.74,70.03,3.88,2.56,1,0,269,Normal,0,0
1/6/2025 5:47,47,67.76,59.82,68.97,3.34,2.99,1,0,285,Normal,0,0
1/6/2025 5:48,42,60.58,50.27,53.37,1.11,4.69,1,0,83,Normal,0,0
1/6/2025 5:49,12,69.22,34.81,64.03,3.79,3.36,1,0,196,Normal,0,0
1/6/2025 5:50,16,63.37,52.53,44.78,2.77,4.34,1,0,192,Normal,0,0
1/6/2025 5:51,41,70.23,56.58,44.21,1.29,2.49,1,0,328,Normal,0,0
1/6/2025 5:52,32,53.15,66.99,77.22,3.77,1.93,1,0,42,Normal,0,0
1/6/2025 5:53,15,62.83,41.85,76.41,2.03,1.38,2,0,182,Normal,0,1
1/6/2025 5:54,27,80.97,45.23,65.68,3.03,2.08,1,0,497,Normal,0,0
1/6/2025 5:55,28,76.45,58.86,68.97,3.05,4.96,0,0,163,Normal,0,0
1/6/2025 5:56,17,71.67,65.9,40.16,3.5,0.52,1,0,103,Normal,0,0
1/6/2025 5:57,46,62.31,30.75,38.01,4.54,2.21,1,0,339,Normal,0,0
1/6/2025 5:58,50,91.43,13.9,37.12,1.21,0.54,0,1,14,Normal,1,1
1/6/2025 5:59,2,96.76,59.04,57.96,1.14,2.32,1,1,6,Normal,1,1
1/6/2025 6:00,36,62.6,40.28,70.15,1.42,4.96,2,0,108,Normal,0,1
1/6/2025 6:01,50,83.62,36.09,78.82,3.32,0.99,1,0,305,Normal,0,0
1/6/2025 6:02,7,63.15,45.63,65.99,2.32,3.95,1,0,38,Normal,0,0
1/6/2025 6:03,13,80.34,47.74,55.52,4.62,3.36,1,0,398,Normal,0,0
1/6/2025 6:04,15,50.87,50.73,36.44,1.56,4.39,1,0,149,Normal,0,0
1/6/2025 6:05,25,68.83,39.2,54.1,2.91,4.71,1,0,198,Normal,0,0
1/6/2025 6:06,23,76.9,36.72,58.1,1.86,4.26,1,0,333,Normal,0,0
1/6/2025 6:07,22,78.89,60.86,56.85,4.8,1.59,1,0,183,Normal,0,0
1/6/2025 6:08,26,64.8,42.12,68.72,4.31,3.47,0,0,256,Normal,0,0
1/6/2025 6:09,33,80.91,68.07,44.94,3.43,4.43,1,0,377,Normal,0,0
1/6/2025 6:10,11,74.15,46.42,74.2,2.65,0.8,1,0,150,Normal,0,0
1/6/2025 6:11,10,60.32,71.28,50.82,4.01,4.48,1,0,76,Normal,0,0
1/6/2025 6:12,25,63.7,34.79,55.75,2.6,4.69,1,0,289,Normal,0,0
1/6/2025 6:13,37,91.44,29.86,51.12,2.19,4.05,1,1,45,Normal,1,1
1/6/2025 6:14,48,76.84,45.55,43.68,3.57,3.6,0,0,314,Normal,0,0
1/6/2025 6:15,43,70.63,51.61,34.24,1.47,4.85,1,0,466,Normal,0,0
1/6/2025 6:16,38,59.8,55.44,44.54,4.78,3.94,1,0,494,Normal,0,0
1/6/2025 6:17,41,69.27,64.53,33.05,4.22,1.67,1,0,292,Normal,0,0
1/6/2025 6:18,45,76.95,53.31,73.35,1.9,2.48,2,0,397,Vibration Issue,0,1
1/6/2025 6:19,24,78.87,60.64,76.46,1.8,4.76,1,0,233,Normal,0,0
1/6/2025 6:20,40,76.25,60.45,51.83,1.91,4.25,1,0,74,Normal,0,0
1/6/2025 6:21,46,68.18,67.72,36.71,1.81,1.69,1,0,160,Normal,0,0
1/6/2025 6:22,33,55.95,67.99,37.39,3.46,2,1,0,257,Normal,0,0
1/6/2025 6:23,17,74.05,56.28,50.78,2.59,2.75,1,0,130,Normal,0,0
1/6/2025 6:24,24,74.62,78.02,69.73,2.75,1.78,1,0,456,Normal,0,0
1/6/2025 6:25,37,66.23,17.05,52.67,1.22,0.66,1,0,452,Normal,0,0
1/6/2025 6:26,2,72.87,45.13,58.62,4.85,2.96,1,0,424,Normal,0,0
1/6/2025 6:27,32,76,50.33,48.21,3.43,4.44,1,0,149,Normal,0,0
1/6/2025 6:28,24,78.27,47.51,42.92,1.01,0.95,1,0,159,Normal,0,0
1/6/2025 6:29,9,83.17,91.08,78.73,2.36,1.88,1,1,9,Normal,1,1
1/6/2025 6:30,4,50.48,45.67,41.57,3.21,3.34,1,0,379,Normal,0,0
1/6/2025 6:31,17,79.6,40.53,70.66,4.83,4.54,1,0,417,Normal,0,0
1/6/2025 6:32,17,58.77,31.08,39.5,1.85,2.32,1,0,88,Normal,0,0
1/6/2025 6:33,50,64.47,18.64,69.77,1.87,1.03,1,0,291,Normal,0,0
1/6/2025 6:34,48,85.83,24.43,63.22,1.79,4.98,1,0,415,Normal,0,0
1/6/2025 6:35,30,62.6,30.44,38.94,1.13,3.32,1,0,293,Normal,0,0
1/6/2025 6:36,40,83.79,64.81,55.03,3.72,4.8,0,0,241,Normal,0,0
1/6/2025 6:37,11,69.04,30.3,49.44,3.73,1.92,2,0,399,Overheating,0,1
1/6/2025 6:38,21,90.03,53.81,75.06,3.1,3.94,1,1,10,Normal,1,1
1/6/2025 6:39,21,61.28,56,63.78,2.4,1.77,1,0,36,Normal,0,0
1/6/2025 6:40,18,74.1,73.37,51.33,3.22,1.69,1,0,33,Normal,0,0
1/6/2025 6:41,29,46.78,49.35,58.28,1.41,2.09,1,0,280,Normal,0,0
1/6/2025 6:42,24,75.92,45.71,62.71,1.5,2.34,1,0,346,Normal,0,0
1/6/2025 6:43,10,58.39,61.58,54.14,3.51,0.94,0,0,272,Normal,0,0
1/6/2025 6:44,45,72.44,40.89,53.88,4.21,2.9,1,0,481,Normal,0,0
1/6/2025 6:45,17,66.21,49.36,43.84,4.84,2.23,1,0,244,Normal,0,0
1/6/2025 6:46,18,93.04,59.04,68.81,1.69,3.41,1,1,39,Normal,1,1
1/6/2025 6:47,42,70.43,38.45,58.76,1.76,4.31,0,0,161,Normal,0,0
1/6/2025 6:48,48,91.7,53.24,60.12,3.46,2.11,1,1,28,Normal,1,1
1/6/2025 6:49,20,64.93,20.92,58.36,4.01,1.95,0,0,466,Normal,0,0
1/6/2025 6:50,37,41.64,34.03,32.56,2.11,2.34,1,0,409,Normal,0,0
1/6/2025 6:51,45,82.59,40.5,40.09,3.54,4.35,1,0,186,Normal,0,0
1/6/2025 6:52,18,62.76,55.47,65.55,2.16,0.93,1,0,219,Normal,0,0
1/6/2025 6:53,17,86.14,65.82,79.21,2.93,1.82,2,0,475,Overheating,0,1
1/6/2025 6:54,9,73.57,66.41,37.97,2.38,4.12,1,0,321,Normal,0,0
1/6/2025 6:55,14,81,46.53,42.56,1.36,3.19,1,0,46,Normal,0,0
1/6/2025 6:56,49,83.92,48.51,65.83,2.07,0.89,1,0,14,Normal,0,1
1/6/2025 6:57,29,97.18,46.69,63.05,2.65,3.96,0,1,17,Normal,1,1
1/6/2025 6:58,31,85.64,56.29,48.69,3.12,1.91,1,0,447,Normal,0,0
1/6/2025 6:59,4,76.91,69.81,74.33,1.01,2.02,1,0,487,Normal,0,0
1/6/2025 7:00,18,83.67,60.87,50.73,1.54,2.85,1,0,115,Normal,0,0
1/6/2025 7:01,20,82.6,44.1,56.49,1.73,2.08,0,0,119,Normal,0,0
1/6/2025 7:02,47,80.02,33.14,54.3,1.9,3.8,1,0,60,Normal,0,0
1/6/2025 7:03,43,95.26,41.36,60.25,4.69,3.84,1,1,7,Normal,1,1
1/6/2025 7:04,44,72.73,56.62,67.5,1.47,1.53,1,0,99,Normal,0,0
1/6/2025 7:05,9,76.53,57.21,67.9,2.95,1.43,1,0,214,Normal,0,0
1/6/2025 7:06,13,69.21,23.82,42.05,2.91,0.85,1,0,497,Normal,0,0
1/6/2025 7:07,15,102.66,55.92,55.02,3.29,1.45,1,1,14,Normal,1,1
1/6/2025 7:08,27,71.88,23.27,52.54,4.92,2.59,1,0,326,Normal,0,0
1/6/2025 7:09,15,78.54,41.62,42.14,3.35,2.4,1,0,51,Normal,0,0
1/6/2025 7:10,28,65.42,59.04,75.66,1.25,1.77,1,0,88,Normal,0,0
1/6/2025 7:11,37,70.86,34.19,40.74,1.9,3.15,1,0,19,Normal,0,1
1/6/2025 7:12,19,85.17,55.73,43.57,3.84,4.7,1,0,154,Normal,0,0
1/6/2025 7:13,26,73.71,45.52,38.8,1.64,3.66,0,0,379,Normal,0,0
1/6/2025 7:14,26,86.81,36.79,31.79,3.77,3.98,1,0,329,Normal,0,0
1/6/2025 7:15,25,83.23,55.8,79.76,3.75,3.03,1,0,33,Normal,0,0
1/6/2025 7:16,26,73.95,55.99,75,3.12,2.71,0,0,297,Normal,0,0
1/6/2025 7:17,26,66.12,69.66,39.74,2.08,3.32,1,0,409,Normal,0,0
1/6/2025 7:18,46,77.99,42.48,40.07,1.64,4.49,1,0,163,Normal,0,0
1/6/2025 7:19,28,78,65.69,71.34,1.09,1.27,1,0,95,Normal,0,0
1/6/2025 7:20,49,75.16,56.93,49.82,4.85,2.3,2,0,479,Normal,0,1
1/6/2025 7:21,18,78.02,69.02,74.32,1.56,3.03,1,0,128,Normal,0,0
1/6/2025 7:22,32,67.98,45.75,34.28,1.7,3.1,1,0,171,Normal,0,0
1/6/2025 7:23,3,81.62,24.47,69.44,1.46,4.85,1,0,360,Normal,0,0
1/6/2025 7:24,2,79.25,59.29,32.49,3.62,0.96,0,0,68,Normal,0,0
1/6/2025 7:25,33,67.36,28.88,59.01,4.13,2.03,1,0,89,Normal,0,0
1/6/2025 7:26,42,70.26,72.45,66.44,3.88,2.58,1,0,176,Normal,0,0
1/6/2025 7:27,19,74.45,11,75.93,2.27,2.78,1,0,305,Normal,0,0
1/6/2025 7:28,17,70.35,41.63,67.4,2.1,4.2,1,0,13,Normal,0,1
1/6/2025 7:29,44,67.24,58.57,66.62,2.91,2.86,1,0,360,Normal,0,0
1/6/2025 7:30,33,85.39,46.57,36.8,1.44,0.78,0,0,234,Normal,0,0
1/6/2025 7:31,12,83.92,42.16,51.15,2.86,1.64,0,0,402,Normal,0,0
1/6/2025 7:32,49,81.07,47.36,54.11,2.52,2.26,2,0,98,Vibration Issue,0,1
1/6/2025 7:33,3,63.27,38.18,56.39,1.3,3.9,1,0,325,Normal,0,0
1/6/2025 7:34,43,93.52,48.34,70.11,3.79,4.01,1,1,34,Normal,1,1
1/6/2025 7:35,49,78.18,79.3,74.61,3.18,4.98,1,0,230,Normal,0,0
1/6/2025 7:36,26,73.75,54.25,31.55,3.22,1.12,1,0,216,Normal,0,0
1/6/2025 7:37,35,83.31,46.5,78.91,2.6,1.83,1,0,149,Normal,0,0
1/6/2025 7:38,8,73.84,62.54,59.04,2.2,2.72,1,0,117,Normal,0,0
1/6/2025 7:39,36,46.2,53.3,62.99,3.97,1.88,1,0,465,Normal,0,0
1/6/2025 7:40,7,77.64,36.97,76.65,3.38,0.9,0,0,111,Normal,0,0
1/6/2025 7:41,46,85.92,59.09,76.54,1.27,1.89,1,0,67,Normal,0,0
1/6/2025 7:42,46,78.82,63.43,65.36,4.17,2.01,0,0,359,Normal,0,0
1/6/2025 7:43,36,56.38,33.04,42.69,3.79,2,0,0,268,Normal,0,0
1/6/2025 7:44,16,83.52,82.19,79.57,2.1,4.76,1,1,26,Normal,1,1
1/6/2025 7:45,24,77.73,57,33.65,4.66,3.21,1,0,251,Normal,0,0
1/6/2025 7:46,1,78.41,35.39,68.07,4.99,3.77,1,0,85,Normal,0,0
1/6/2025 7:47,49,59.76,74.25,33.26,3.18,0.88,1,0,288,Normal,0,0
1/6/2025 7:48,25,69.46,52.07,45.26,2.63,1.39,2,0,393,Overheating,0,1
1/6/2025 7:49,10,63.99,55.62,40.71,4.97,1.3,1,0,486,Normal,0,0
1/6/2025 7:50,16,84.04,40.75,47.52,3.17,4.04,0,0,361,Normal,0,0
1/6/2025 7:51,16,79.72,53.81,71.15,4.97,1.16,1,0,263,Normal,0,0
1/6/2025 7:52,8,68.69,58.41,34.29,1.29,4.34,1,0,15,Normal,0,1
1/6/2025 7:53,29,67.5,48.08,61.51,1.97,1.19,2,0,165,Vibration Issue,0,1
1/6/2025 7:54,39,71.85,34.77,71.65,3.12,3.35,0,0,63,Normal,0,0
1/6/2025 7:55,28,77.89,38.83,45.64,1.25,1.79,1,0,133,Normal,0,0
1/6/2025 7:56,6,83.88,48.67,39.93,2.87,2.26,1,0,172,Normal,0,0
1/6/2025 7:57,16,65.88,49.27,31.27,4.96,3.52,1,0,492,Normal,0,0
1/6/2025 7:58,20,78.6,73.87,49.29,3.42,1.19,1,0,235,Normal,0,0
1/6/2025 7:59,16,71.33,40.6,50.08,1.78,2.89,1,0,413,Normal,0,0
1/6/2025 8:00,7,45.55,71.71,32.22,3.96,4.09,1,0,345,Normal,0,0
1/6/2025 8:01,41,69.67,50.4,67.21,3.16,0.81,1,0,112,Normal,0,0
1/6/2025 8:02,14,79.02,53.67,49.65,3.5,3.68,1,0,345,Normal,0,0
1/6/2025 8:03,43,66.84,38.76,72.01,3.87,1.31,1,0,120,Normal,0,0
1/6/2025 8:04,26,78.49,71.13,49.77,3.62,2.07,1,0,94,Normal,0,0
1/6/2025 8:05,26,81.98,79.33,35.11,2.38,1.86,1,0,292,Normal,0,0
1/6/2025 8:06,14,86.54,58.82,76.7,3.99,3.14,1,0,59,Normal,0,0
1/6/2025 8:07,7,64.37,48.7,76.06,2.95,2.73,2,0,323,Normal,0,1
1/6/2025 8:08,33,86.75,50.63,77.6,4.75,2.47,1,0,316,Normal,0,0
1/6/2025 8:09,26,75.33,27.79,32.21,2.11,3.08,0,0,416,Normal,0,0
1/6/2025 8:10,45,59.29,30.72,30.82,2.23,4.54,1,0,248,Normal,0,0
1/6/2025 8:11,20,72.59,75.33,40.17,1.27,2.62,1,0,320,Normal,0,0
1/6/2025 8:12,3,72.04,33.87,42.26,4,2.81,1,0,38,Normal,0,0
1/6/2025 8:13,4,69.61,46.17,62.06,4.66,2.1,1,0,14,Normal,0,1
1/6/2025 8:14,26,62.62,77.8,56.38,1.75,2.57,1,0,487,Normal,0,0
1/6/2025 8:15,11,77.38,49.98,32.17,3.88,3.48,1,0,162,Normal,0,0
1/6/2025 8:16,2,74.39,47.55,38.62,4.44,4.22,1,0,464,Normal,0,0
1/6/2025 8:17,14,69.49,44.1,77.76,4.59,0.72,2,0,456,Overheating,0,1
1/6/2025 8:18,44,65.44,49.67,59.52,1.05,1.7,1,0,358,Normal,0,0
1/6/2025 8:19,30,56.69,61.41,74.93,1.68,0.87,1,0,427,Normal,0,0
1/6/2025 8:20,49,90.47,55.38,69.58,3.22,0.78,1,1,27,Normal,1,1
1/6/2025 8:21,12,72.33,52.77,34.83,2.23,2.71,1,0,270,Normal,0,0
1/6/2025 8:22,26,82.94,40.25,60.36,2.98,3.61,1,0,223,Normal,0,0
1/6/2025 8:23,44,86.16,55.37,74.58,4.17,2.35,1,0,363,Normal,0,0
1/6/2025 8:24,33,85.38,41.2,64.5,2,0.92,1,0,152,Normal,0,0
1/6/2025 8:25,13,81.71,71.53,73.61,4.21,2.19,1,0,461,Normal,0,0
1/6/2025 8:26,14,77.24,73.36,68.65,4.63,0.77,1,0,192,Normal,0,0
1/6/2025 8:27,24,57.99,53.86,57.13,1.76,2.6,1,0,114,Normal,0,0
1/6/2025 8:28,34,90.76,64.95,75.35,3.74,4.07,1,1,22,Normal,1,1
1/6/2025 8:29,44,63.59,45.59,61.6,2.27,3.69,1,0,490,Normal,0,0
1/6/2025 8:30,26,89.93,49.7,30.4,4.08,4.31,1,0,337,Normal,0,0
1/6/2025 8:31,21,72.05,45.35,71.54,2.16,0.81,1,0,350,Normal,0,0
1/6/2025 8:32,28,84.87,56.91,55.99,4.67,4,1,0,410,Normal,0,0
1/6/2025 8:33,48,83.53,60.39,59.72,2.87,4,1,0,298,Normal,0,0
1/6/2025 8:34,36,78.61,43.76,37.51,1.49,3.34,1,0,82,Normal,0,0
1/6/2025 8:35,40,78.56,62.35,62.78,2.92,2.61,1,0,286,Normal,0,0
1/6/2025 8:36,2,73.21,40.64,47.62,2.4,0.58,0,0,13,Normal,0,1
1/6/2025 8:37,42,75.46,41.03,65.37,4.39,3.17,1,0,190,Normal,0,0
1/6/2025 8:38,9,75.39,49.53,30.79,2.96,3.7,1,0,321,Normal,0,0
1/6/2025 8:39,23,76.63,72.94,73.1,2.59,3.53,1,0,233,Normal,0,0
1/6/2025 8:40,15,73.67,47.48,31.65,4.99,3.74,1,0,288,Normal,0,0
1/6/2025 8:41,13,61.69,58.83,55.06,2.65,3,1,0,87,Normal,0,0
1/6/2025 8:42,23,70.82,70.83,73.27,3.76,2.28,1,0,193,Normal,0,0
1/6/2025 8:43,17,79.27,64.36,53.4,4.67,2.39,1,0,63,Normal,0,0
1/6/2025 8:44,48,73.67,49.68,36.49,4.35,4.97,1,0,73,Normal,0,0
1/6/2025 8:45,2,75.1,47.99,78.81,4.08,3.66,1,0,404,Normal,0,0
1/6/2025 8:46,20,68.93,40.39,70.23,4.91,1.57,1,0,409,Normal,0,0
1/6/2025 8:47,20,80.73,52.81,56.61,1.91,2.4,1,0,466,Normal,0,0
1/6/2025 8:48,46,81.24,20.94,45.63,2.29,4.17,1,0,485,Normal,0,0
1/6/2025 8:49,3,51.71,69.87,71.54,3.27,4.09,0,0,80,Normal,0,0
1/6/2025 8:50,12,59.41,55.26,33.81,1.46,4.03,1,0,22,Normal,0,0
1/6/2025 8:51,40,73.19,22.84,45.03,3.32,3.68,1,0,112,Normal,0,0
1/6/2025 8:52,2,80.02,51,73.85,2.49,1.01,0,0,444,Normal,0,0
1/6/2025 8:53,36,78,41.97,72.55,1.81,3.6,0,0,397,Normal,0,0
1/6/2025 8:54,14,73.61,38.21,66.17,1.49,1.78,2,0,410,Pressure Drop,0,1
1/6/2025 8:55,16,83.33,37.11,36.99,1.16,1.31,1,0,245,Normal,0,0
1/6/2025 8:56,19,81.06,51.55,70.75,4.06,1.62,1,0,467,Normal,0,0
1/6/2025 8:57,34,73.02,65.15,67.81,3.01,1.55,1,0,25,Normal,0,0
1/6/2025 8:58,44,73.6,32.58,76.14,1,2.62,1,0,49,Normal,0,0
1/6/2025 8:59,46,61.92,87.19,39.64,3.97,0.92,1,1,18,Normal,1,1
1/6/2025 9:00,6,76,67.46,62.88,2.34,1.21,1,0,206,Normal,0,0
1/6/2025 9:01,13,80.62,77.28,56.7,3.57,1.07,1,0,311,Normal,0,0
1/6/2025 9:02,36,67.79,56.16,57.96,3.74,0.95,1,0,419,Normal,0,0
1/6/2025 9:03,22,75.39,34.42,46.93,1.7,3.77,1,0,213,Normal,0,0
1/6/2025 9:04,18,78.37,48.95,65.71,3.48,2.41,2,0,113,Electrical Fault,0,1
1/6/2025 9:05,12,83.71,47.07,30.29,2.78,3.28,1,0,186,Normal,0,0
1/6/2025 9:06,30,71.92,55.59,49.1,4.13,4.21,1,0,124,Normal,0,0
1/6/2025 9:07,40,66.39,43.24,62.75,4.28,0.88,1,0,251,Normal,0,0
1/6/2025 9:08,7,71.63,56.09,56.38,4.76,4.59,1,0,218,Normal,0,0
1/6/2025 9:09,32,77.92,28.99,52.18,3.21,1.38,1,0,74,Normal,0,0
1/6/2025 9:10,48,77.36,47.37,55.95,1.09,4.71,1,0,351,Normal,0,0
1/6/2025 9:11,19,59.62,50.42,56.49,3.81,1.08,1,0,173,Normal,0,0
1/6/2025 9:12,6,71.62,40.28,63.58,4.75,1.95,1,0,304,Normal,0,0
1/6/2025 9:13,20,64.76,62.57,75.01,4.26,2.74,1,0,319,Normal,0,0
1/6/2025 9:14,27,75.33,49.72,75.76,3.78,4.02,1,0,307,Normal,0,0
1/6/2025 9:15,43,78.58,50.1,71.17,2.72,4.31,1,0,153,Normal,0,0
1/6/2025 9:16,37,85.2,37.1,46.06,3.65,4.79,1,0,447,Normal,0,0
1/6/2025 9:17,48,87.59,43.21,41.61,4.68,2.84,1,0,402,Normal,0,0
1/6/2025 9:18,7,79.96,64.7,51.17,3.82,1.82,1,0,488,Normal,0,0
1/6/2025 9:19,5,70.86,41.52,52.84,2.89,2.93,1,0,359,Normal,0,0
1/6/2025 9:20,11,69.89,46.11,58.87,4.08,3.37,0,0,436,Normal,0,0
1/6/2025 9:21,15,79.63,71.09,57.89,3.58,1.21,1,0,32,Normal,0,0
1/6/2025 9:22,3,82.65,66.23,37.41,1.17,4.81,1,0,296,Normal,0,0
1/6/2025 9:23,5,62.85,23.59,44.87,4.34,3.98,1,0,140,Normal,0,0
1/6/2025 9:24,23,98.86,56.98,73.46,4.07,4.74,1,1,11,Normal,1,1
1/6/2025 9:25,37,79.27,50.06,48.09,1.22,4.09,1,0,129,Normal,0,0
1/6/2025 9:26,9,83.39,53.95,32.12,3.35,3.88,1,0,397,Normal,0,0
1/6/2025 9:27,15,79.63,31.59,40.7,1.64,1.16,1,0,188,Normal,0,0
1/6/2025 9:28,3,64.52,51.33,43.28,2.2,3.45,1,0,374,Normal,0,0
1/6/2025 9:29,29,70.58,81.81,31.33,2.44,1.43,1,1,18,Normal,1,1
1/6/2025 9:30,6,67.25,52.74,71.11,3.18,0.58,1,0,414,Normal,0,0
1/6/2025 9:31,17,58.11,58.33,70.6,4.83,2.51,1,0,266,Normal,0,0
1/6/2025 9:32,26,62.76,43.28,52.99,4.57,0.52,1,0,298,Normal,0,0
1/6/2025 9:33,21,92.6,72.56,39.15,3.47,2.2,1,1,43,Normal,1,1
1/6/2025 9:34,8,72.84,32.94,46.75,2.99,3.23,1,0,370,Normal,0,0
1/6/2025 9:35,21,83.69,43.86,65.57,2.88,3.89,2,0,266,Overheating,0,1
1/6/2025 9:36,11,69.34,37.66,34.34,3.02,4.78,1,0,345,Normal,0,0
1/6/2025 9:37,38,67.84,30.3,34.12,1.86,1.04,1,0,417,Normal,0,0
1/6/2025 9:38,8,89.9,59.28,74.59,2.76,0.71,1,0,151,Normal,0,0
1/6/2025 9:39,42,73.16,25.76,69.43,1.16,1.35,1,0,58,Normal,0,0
1/6/2025 9:40,24,72.76,40.95,77.78,4.61,2.56,1,0,335,Normal,0,0
1/6/2025 9:41,35,77.63,43.51,49.08,1.31,2.25,1,0,103,Normal,0,0
1/6/2025 9:42,14,81.33,45.99,44.75,2.66,1.89,1,0,485,Normal,0,0
1/6/2025 9:43,14,69.65,70.3,41.45,4.52,2.91,1,0,445,Normal,0,0
1/6/2025 9:44,10,53.15,76.66,68.26,4.37,3.41,1,0,61,Normal,0,0
1/6/2025 9:45,12,86.56,73.51,40.65,2.62,4.09,1,0,329,Normal,0,0
1/6/2025 9:46,38,79.3,53.08,59.66,3.12,4.36,1,0,289,Normal,0,0
1/6/2025 9:47,44,66.17,65.38,74.9,2.25,2.64,1,0,93,Normal,0,0
1/6/2025 9:48,46,73.38,39.87,65.74,3.87,3.64,1,0,127,Normal,0,0
1/6/2025 9:49,34,88.24,55.56,44.76,5,2.07,1,0,403,Normal,0,0
1/6/2025 9:50,41,90.79,53.36,77.03,2.66,4.71,2,1,48,Vibration Issue,1,1
1/6/2025 9:51,10,71.68,48.85,71.11,1.54,1.04,1,0,371,Normal,0,0
1/6/2025 9:52,17,89.97,62.64,35.45,4.59,0.95,2,0,221,Overheating,0,1
1/6/2025 9:53,17,75.01,58.45,31.33,4.17,1.95,1,0,357,Normal,0,0
1/6/2025 9:54,3,67.66,43.89,74.28,1.49,3.24,2,0,148,Vibration Issue,0,1
1/6/2025 9:55,31,69.72,45.68,74.24,1.88,3.69,1,0,74,Normal,0,0
1/6/2025 9:56,1,92.76,50.4,36.55,1.09,0.87,1,1,8,Normal,1,1
1/6/2025 9:57,12,80.8,58.23,60.63,4.81,3.3,1,0,398,Normal,0,0
1/6/2025 9:58,39,65.52,53.48,75.05,2.93,4.19,2,0,492,Overheating,0,1
1/6/2025 9:59,4,85.31,34.9,32.39,2.76,2.72,2,0,150,Pressure Drop,0,1
1/6/2025 10:00,42,85.7,38.97,59.81,1.48,0.59,1,0,108,Normal,0,0
1/6/2025 10:01,13,70.85,59.7,41.09,1.34,2.78,1,0,250,Normal,0,0
1/6/2025 10:02,34,79.67,42.79,57.29,2.38,2.92,1,0,206,Normal,0,0
1/6/2025 10:03,42,89.18,52.18,38.97,3.85,1,1,0,301,Normal,0,0
1/6/2025 10:04,21,63.4,55.49,42.73,3.62,2.84,1,0,264,Normal,0,0
1/6/2025 10:05,22,56.89,29.17,42.75,1.83,3.48,0,0,376,Normal,0,0
1/6/2025 10:06,4,68.26,51.9,64.67,3.33,3,1,0,111,Normal,0,0
1/6/2025 10:07,18,57.42,28.56,42.53,2.05,4.76,1,0,109,Normal,0,0
1/6/2025 10:08,5,62.55,50.36,73.44,3.39,3.34,1,0,251,Normal,0,0
1/6/2025 10:09,19,86.43,48.93,60.38,1.12,1.24,1,0,384,Normal,0,0
1/6/2025 10:10,2,66.54,43.57,45.65,3.93,3.4,2,0,322,Normal,0,1
1/6/2025 10:11,12,74.32,38.84,69.04,4.46,2.09,1,0,217,Normal,0,0
1/6/2025 10:12,17,82.25,49.5,73.81,2.59,1.44,2,0,302,Vibration Issue,0,1
1/6/2025 10:13,10,86.85,47.3,46.36,2.89,1.87,1,0,182,Normal,0,0
1/6/2025 10:14,34,78.48,21.67,69.24,4.02,1.84,1,0,196,Normal,0,0
1/6/2025 10:15,6,53.61,41.65,34.67,3.18,1.07,2,0,219,Vibration Issue,0,1
1/6/2025 10:16,8,74.48,49.93,77.56,4.72,3.62,1,0,242,Normal,0,0
1/6/2025 10:17,11,82.68,46.99,63.98,2.77,1.51,1,0,210,Normal,0,0
1/6/2025 10:18,12,76.67,62.88,63.25,3.03,1.8,1,0,111,Normal,0,0
1/6/2025 10:19,9,80.48,61.48,50.08,2.54,3.59,2,0,92,Vibration Issue,0,1
1/6/2025 10:20,2,68.27,37.51,48.78,1.17,3.81,1,0,336,Normal,0,0
1/6/2025 10:21,8,75.95,62.08,67.15,1.35,1.23,1,0,81,Normal,0,0
1/6/2025 10:22,11,81.61,37.56,40.73,3.91,1.1,1,0,247,Normal,0,0
1/6/2025 10:23,36,89.25,19.85,50.18,1.36,3.81,1,0,474,Normal,0,0
1/6/2025 10:24,10,68.62,40.33,66.64,1.94,4.54,1,0,37,Normal,0,0
1/6/2025 10:25,21,68.4,32.09,75.22,1.73,1.34,1,0,152,Normal,0,0
1/6/2025 10:26,20,90.83,34.43,61.51,3.31,3.88,1,1,32,Normal,1,1
1/6/2025 10:27,48,71.62,57.97,37.52,1.82,1.83,1,0,159,Normal,0,0
1/6/2025 10:28,8,77.23,50.38,50.77,1.63,2.59,1,0,186,Normal,0,0
1/6/2025 10:29,36,77.62,43.7,30.52,1.9,4.56,1,0,410,Normal,0,0
1/6/2025 10:30,29,74.95,38.57,76.57,4.63,2.98,1,0,183,Normal,0,0
1/6/2025 10:31,42,94.42,78.37,69.8,2.15,0.68,1,1,40,Normal,1,1
1/6/2025 10:32,12,72.71,63.2,37.53,2.42,2.81,1,0,151,Normal,0,0
1/6/2025 10:33,14,82.91,42.81,76.11,4.52,0.95,2,0,409,Overheating,0,1
1/6/2025 10:34,48,70.83,57.49,71.55,3.31,1.25,1,0,469,Normal,0,0
1/6/2025 10:35,50,93.65,76.47,63.23,3.78,1.08,1,1,4,Normal,1,1
1/6/2025 10:36,21,66.79,75.59,59.91,2.22,4.78,1,0,307,Normal,0,0
1/6/2025 10:37,22,81.18,40.75,58.52,2.99,2.03,1,0,247,Normal,0,0
1/6/2025 10:38,21,51.57,49.43,37.52,2.41,1.1,2,0,448,Normal,0,1
1/6/2025 10:39,44,72.06,64.02,46.5,3.74,3.22,1,0,455,Normal,0,0
1/6/2025 10:40,50,80.57,77.74,71.29,4.34,4.29,1,0,365,Normal,0,0
1/6/2025 10:41,30,60.47,63.69,38.07,3.74,1.63,1,0,384,Normal,0,0
1/6/2025 10:42,39,71.27,45.84,36.47,4.33,4.36,0,0,127,Normal,0,0
1/6/2025 10:43,20,107.02,2.42,57.2,3,1.62,1,1,31,Normal,1,1
1/6/2025 10:44,24,64.31,51.6,68.74,2.51,1.29,1,0,93,Normal,0,0
1/6/2025 10:45,23,77.72,39.99,40.11,3.03,2.38,1,0,314,Normal,0,0
1/6/2025 10:46,7,60.34,52.32,69.52,3.74,3.22,1,0,365,Normal,0,0
1/6/2025 10:47,9,64.17,49.64,30.43,1.58,2.75,1,0,330,Normal,0,0
1/6/2025 10:48,1,79.28,59.96,79.7,3.96,3.36,1,0,470,Normal,0,0
1/6/2025 10:49,26,72.77,66.45,78.69,2.96,1.95,1,0,28,Normal,0,0
1/6/2025 10:50,38,66.86,45.5,32.88,1.5,2.81,1,0,47,Normal,0,0
1/6/2025 10:51,38,70.33,35.79,36.16,3.69,1.12,0,0,269,Normal,0,0
1/6/2025 10:52,44,86.09,55.62,52.69,4.69,1.25,1,0,305,Normal,0,0
1/6/2025 10:53,22,72.7,59.19,40.73,2.46,3.87,2,0,261,Vibration Issue,0,1
1/6/2025 10:54,44,80.76,56.08,72.32,3.69,2.93,1,0,64,Normal,0,0
1/6/2025 10:55,10,57.53,83.68,38.78,2.77,3.1,2,1,30,Overheating,1,1
1/6/2025 10:56,6,69.55,50.39,73.33,4.43,3.97,1,0,394,Normal,0,0
1/6/2025 10:57,17,70.73,54.7,48.06,1.43,4.42,1,0,401,Normal,0,0
1/6/2025 10:58,50,67.59,66.14,76.12,4.32,2.53,1,0,33,Normal,0,0
1/6/2025 10:59,38,73.72,60.22,33.48,2.25,2.88,1,0,249,Normal,0,0
1/6/2025 11:00,24,71.93,60.96,63.67,1.45,1.33,1,0,196,Normal,0,0
1/6/2025 11:01,10,82.29,44.6,36.56,2.4,1.53,1,0,217,Normal,0,0
1/6/2025 11:02,8,86.07,42.32,44.9,3.46,3.27,0,0,379,Normal,0,0
1/6/2025 11:03,21,68.78,50.77,49.09,1.51,4.52,0,0,110,Normal,0,0
1/6/2025 11:04,6,87.01,30.7,73.11,1.72,1.17,1,0,227,Normal,0,0
1/6/2025 11:05,21,67.71,56.77,57.77,2.01,3.82,1,0,391,Normal,0,0
1/6/2025 11:06,39,76.21,46.93,69.71,2.04,1.68,1,0,411,Normal,0,0
1/6/2025 11:07,24,61.7,65.76,44.74,3.81,4.2,2,0,438,Vibration Issue,0,1
1/6/2025 11:08,33,72.15,59.36,33.61,1.46,2.89,1,0,277,Normal,0,0
1/6/2025 11:09,18,90.29,51.39,59.89,2.46,1.31,1,1,38,Normal,1,1
1/6/2025 11:10,28,76.42,48.07,65.3,1.29,1.45,2,0,484,Normal,0,1
1/6/2025 11:11,32,72.43,47.94,48.66,2.93,0.95,1,0,61,Normal,0,0
1/6/2025 11:12,12,55,35.26,53.08,3.68,1.99,1,0,328,Normal,0,0
1/6/2025 11:13,48,74.35,52.49,53.91,3.05,1.13,0,0,198,Normal,0,0
1/6/2025 11:14,42,75.96,37.65,55.79,2.61,2.8,1,0,382,Normal,0,0
1/6/2025 11:15,27,70.26,44.83,63.67,1.95,0.79,1,0,490,Normal,0,0
1/6/2025 11:16,10,71.66,42.26,57.22,2.37,1.15,2,0,20,Electrical Fault,0,1
1/6/2025 11:17,46,73.95,49.54,55.89,1.54,3.69,1,0,229,Normal,0,0
1/6/2025 11:18,42,75.31,61.96,60.21,2.55,1.08,1,0,334,Normal,0,0
1/6/2025 11:19,32,73.2,45.7,65.89,2.4,3.94,1,0,119,Normal,0,0
1/6/2025 11:20,42,86.71,67.92,77.39,3.9,2.62,2,0,230,Vibration Issue,0,1
1/6/2025 11:21,26,64.64,46.38,38.91,4.91,4.51,2,0,448,Normal,0,1
1/6/2025 11:22,25,90.46,45.31,51.17,4.75,1.02,1,1,12,Normal,1,1
1/6/2025 11:23,11,72.36,30.8,43.16,2.15,0.56,1,0,315,Normal,0,0
1/6/2025 11:24,23,80.35,42.54,42.69,4.61,4.74,1,0,71,Normal,0,0
1/6/2025 11:25,34,85.66,43.2,32.69,1.74,3.51,1,0,132,Normal,0,0
1/6/2025 11:26,40,76.91,35.02,39.84,1.84,3.17,1,0,138,Normal,0,0
1/6/2025 11:27,23,74.68,57.37,60.03,1.01,2.58,2,0,34,Normal,0,1
1/6/2025 11:28,29,76.46,70.87,62.2,2.08,1.97,1,0,286,Normal,0,0
1/6/2025 11:29,31,55.59,65.09,55.79,1.05,3.89,1,0,165,Normal,0,0
1/6/2025 11:30,7,48.46,26.59,57.61,3.5,1.12,0,0,245,Normal,0,0
1/6/2025 11:31,40,82.56,53.33,41.05,3.42,3.56,1,0,329,Normal,0,0
1/6/2025 11:32,33,71.71,45.27,71.65,4.01,0.51,1,0,362,Normal,0,0
1/6/2025 11:33,21,66.47,58.98,37.52,2.45,2.5,1,0,136,Normal,0,0
1/6/2025 11:34,2,77.21,25.55,72,1.06,3.58,0,0,203,Normal,0,0
1/6/2025 11:35,18,73.43,53.65,54.84,2.45,0.63,1,0,224,Normal,0,0
1/6/2025 11:36,47,62.07,51.97,32.25,3.39,1.33,1,0,245,Normal,0,0
1/6/2025 11:37,33,84.47,67.26,54.09,2.65,1.74,2,0,152,Vibration Issue,0,1
1/6/2025 11:38,37,86.3,47.82,73.25,3.08,4.01,2,0,169,Normal,0,1
1/6/2025 11:39,34,77.1,66.04,58.63,4.65,0.59,1,0,486,Normal,0,0
1/6/2025 11:40,20,76.64,56.52,64.27,1.02,0.97,1,0,243,Normal,0,0
1/6/2025 11:41,35,74.89,29.29,43.54,2.97,3.35,2,0,475,Vibration Issue,0,1
1/6/2025 11:42,50,76.2,64.68,75.4,3.3,4.19,1,0,328,Normal,0,0
1/6/2025 11:43,18,78.49,38.18,75.86,2.54,3.17,1,0,86,Normal,0,0
1/6/2025 11:44,46,70.3,56.98,61.42,4.87,2.56,2,0,162,Vibration Issue,0,1
1/6/2025 11:45,24,83.03,27.83,30.04,2.11,1.19,1,0,58,Normal,0,0
1/6/2025 11:46,8,76.7,75.44,70.34,1.81,4.33,1,0,356,Normal,0,0
1/6/2025 11:47,30,82.73,59.97,31.4,1.61,3.65,1,0,56,Normal,0,0
1/6/2025 11:48,44,87.61,56.97,73.91,2.95,3.65,2,0,455,Electrical Fault,0,1
1/6/2025 11:49,10,75.36,41.76,49.9,1.11,2.48,0,0,270,Normal,0,0
1/6/2025 11:50,23,78.33,36.54,58.04,1.78,1.33,1,0,481,Normal,0,0
1/6/2025 11:51,49,81.44,30.24,52.98,3.57,4.43,1,0,160,Normal,0,0
1/6/2025 11:52,11,75.7,49.08,65.52,2.98,2.2,1,0,57,Normal,0,0
1/6/2025 11:53,2,71.56,46.54,71.07,3.58,4,2,0,346,Pressure Drop,0,1
1/6/2025 11:54,26,76.83,38.93,54.72,3.84,1.49,1,0,410,Normal,0,0
1/6/2025 11:55,36,88.01,62.06,53.9,3.49,2.05,1,0,216,Normal,0,0
1/6/2025 11:56,33,50.8,63.03,70.84,4.98,2.71,1,0,246,Normal,0,0
1/6/2025 11:57,47,82.47,18.33,42.78,4.2,4.14,0,0,10,Normal,0,1
1/6/2025 11:58,13,76.56,56.49,35.05,1.04,2.4,2,0,312,Electrical Fault,0,1
1/6/2025 11:59,40,69.78,48.1,66.57,4.7,3.57,1,0,383,Normal,0,0
1/6/2025 12:00,25,83.67,45.81,74.17,1.34,2.76,1,0,72,Normal,0,0
1/6/2025 12:01,4,62.96,28.02,62.93,2.4,4.1,1,0,423,Normal,0,0
1/6/2025 12:02,42,70.99,43.58,31.14,2.17,2.3,1,0,45,Normal,0,0
1/6/2025 12:03,19,88.12,62.54,43.42,1.51,2.66,1,0,44,Normal,0,0
1/6/2025 12:04,18,56.06,58.23,34.25,2.14,2.98,2,0,99,Overheating,0,1
1/6/2025 12:05,37,80.01,88.32,52.56,4.64,2.72,1,1,8,Normal,1,1
1/6/2025 12:06,30,89.39,74.18,76.1,1.95,3.91,1,0,340,Normal,0,0
1/6/2025 12:07,19,86.04,48.99,50.12,4.43,1.81,1,0,11,Normal,0,1
1/6/2025 12:08,23,78.99,63.26,32.77,3.9,1.23,1,0,413,Normal,0,0
1/6/2025 12:09,16,65.4,68.44,50.37,2.02,0.63,1,0,53,Normal,0,0
1/6/2025 12:10,1,83.94,51.13,66.91,2.64,2.76,1,0,290,Normal,0,0
1/6/2025 12:11,12,68.72,46.64,68.68,4.72,0.87,1,0,375,Normal,0,0
1/6/2025 12:12,24,73.45,53.96,44.67,3.03,0.79,2,0,388,Vibration Issue,0,1
1/6/2025 12:13,34,74.48,31.43,35.61,3.28,0.72,1,0,94,Normal,0,0
1/6/2025 12:14,8,62.69,29.67,37.3,1.25,0.77,1,0,457,Normal,0,0
1/6/2025 12:15,18,87.94,60.51,56.85,1.07,2.81,1,0,311,Normal,0,0
1/6/2025 12:16,48,74.08,20.17,32.11,2.84,4.29,1,0,490,Normal,0,0
1/6/2025 12:17,5,74.28,41.63,75.73,1.62,3.24,2,0,64,Pressure Drop,0,1
1/6/2025 12:18,26,68.88,19.81,61.28,1.06,3.34,1,0,340,Normal,0,0
1/6/2025 12:19,30,67.92,53.19,71.94,4.86,3.15,2,0,392,Electrical Fault,0,1
1/6/2025 12:20,13,81.17,47.86,69.05,1.71,1.78,1,0,484,Normal,0,0
1/6/2025 12:21,19,81.43,53.59,47.57,1.31,0.73,0,0,319,Normal,0,0
1/6/2025 12:22,29,104.72,37.75,47.34,1.51,3.16,0,1,32,Normal,1,1
1/6/2025 12:23,3,71.89,32.55,74.68,4.26,2.16,0,0,432,Normal,0,0
1/6/2025 12:24,26,70.77,50.87,40.23,2.01,3.09,1,0,312,Normal,0,0
1/6/2025 12:25,40,86.07,36.14,79.55,3.55,2.07,0,0,274,Normal,0,0
1/6/2025 12:26,12,83.41,40.79,70.33,2.41,2.38,1,0,115,Normal,0,0
1/6/2025 12:27,2,72.1,27.19,69.56,2.48,4.47,1,0,286,Normal,0,0
1/6/2025 12:28,11,78.53,71.13,65.47,4.06,3.65,1,0,463,Normal,0,0
1/6/2025 12:29,44,90.61,76.8,77.04,3.92,1.77,1,1,21,Normal,1,1
1/6/2025 12:30,28,63.09,37.52,58.2,2.33,4.18,2,0,363,Pressure Drop,0,1
1/6/2025 12:31,18,67.58,43.27,49.22,3.16,4.01,1,0,228,Normal,0,0
1/6/2025 12:32,13,79.29,58.39,56.46,1.01,4.43,1,0,156,Normal,0,0
1/6/2025 12:33,37,68.24,74.85,69.13,4.54,1.91,1,0,386,Normal,0,0
1/6/2025 12:34,22,68.73,28.63,46.65,4.07,4.73,1,0,41,Normal,0,0
1/6/2025 12:35,12,87.28,44.22,65.4,4.41,3.36,1,0,160,Normal,0,0
1/6/2025 12:36,2,79.13,60.21,79.44,1.23,3.9,2,0,76,Overheating,0,1
1/6/2025 12:37,37,74.45,36.1,53.94,2.22,2.8,1,0,38,Normal,0,0
1/6/2025 12:38,7,67.23,64.59,45.08,4.94,3.72,0,0,107,Normal,0,0
1/6/2025 12:39,26,78.67,54.02,35.75,2.61,2.47,1,0,19,Normal,0,1
1/6/2025 12:40,26,86.72,74.95,63.77,4.5,1.62,1,0,445,Normal,0,0
1/6/2025 12:41,24,62.08,36.37,47.44,2.37,2.25,1,0,52,Normal,0,0
1/6/2025 12:42,12,62.79,48,46.11,1.05,4.97,1,0,67,Normal,0,0
1/6/2025 12:43,16,81.8,46.98,49.15,4.27,2.75,1,0,57,Normal,0,0
1/6/2025 12:44,23,69.41,50.31,44.93,3.79,3.74,1,0,89,Normal,0,0
1/6/2025 12:45,40,66.91,52.23,54.71,1.78,2.18,1,0,231,Normal,0,0
1/6/2025 12:46,9,68.19,39.28,60.6,2.13,2.44,1,0,253,Normal,0,0
1/6/2025 12:47,32,82.57,50.12,55.23,1.91,3.54,1,0,229,Normal,0,0
1/6/2025 12:48,15,82.26,61.72,51.07,1.7,1.59,0,0,355,Normal,0,0
1/6/2025 12:49,37,78.96,39.39,74.33,1.37,1.91,1,0,237,Normal,0,0
1/6/2025 12:50,13,70.72,76.74,76.75,4.42,2.51,1,0,102,Normal,0,0
1/6/2025 12:51,5,66.85,45.84,67.21,2.7,3.14,1,0,262,Normal,0,0
1/6/2025 12:52,11,68.97,57.93,76.81,2.12,1.62,1,0,262,Normal,0,0
1/6/2025 12:53,10,66.11,36.66,36.5,2.92,2.73,0,0,55,Normal,0,0
1/6/2025 12:54,13,71.07,5.37,39.78,1.86,3.34,1,0,263,Normal,0,0
1/6/2025 12:55,41,75.36,59.3,60.67,4.96,4.4,1,0,456,Normal,0,0
1/6/2025 12:56,46,82.39,63.13,70.05,4.24,1.43,1,0,213,Normal,0,0
1/6/2025 12:57,50,75.38,58.99,58.2,4.57,2.4,1,0,73,Normal,0,0
1/6/2025 12:58,15,73.31,75.96,56.69,1.88,0.95,1,0,271,Normal,0,0
1/6/2025 12:59,42,92.01,61.48,37.88,4.2,1.46,1,1,19,Normal,1,1
1/6/2025 13:00,7,40.2,53.5,65.2,2.71,2.34,1,0,245,Normal,0,0
1/6/2025 13:01,40,81.42,54.59,67.13,2.43,4.03,2,0,199,Overheating,0,1
1/6/2025 13:02,28,80.22,77.43,77.69,1.64,3.43,1,0,32,Normal,0,0
1/6/2025 13:03,32,80.35,54.37,66.83,4.13,1.77,1,0,386,Normal,0,0
1/6/2025 13:04,35,84.29,57.81,63.86,1.19,4.59,1,0,424,Normal,0,0
1/6/2025 13:05,15,63.13,70.08,77.38,2.46,4.86,1,0,316,Normal,0,0
1/6/2025 13:06,48,84.54,47.67,35.65,1.81,1.19,1,0,164,Normal,0,0
1/6/2025 13:07,36,78.84,55.82,44.34,2,2.34,1,0,462,Normal,0,0
1/6/2025 13:08,21,71.04,52.99,36.75,3.95,3.79,1,0,407,Normal,0,0
1/6/2025 13:09,6,81.3,39.77,45.27,1.99,1.04,1,0,118,Normal,0,0
1/6/2025 13:10,1,76.78,80,61.87,2.69,3.09,1,0,444,Normal,0,0
1/6/2025 13:11,4,65.58,43.86,51.81,2.19,2.79,1,0,141,Normal,0,0
1/6/2025 13:12,11,54.76,64.58,76.87,1.9,0.88,1,0,486,Normal,0,0
1/6/2025 13:13,44,61.88,41.51,31.34,2.4,0.96,2,0,364,Pressure Drop,0,1
1/6/2025 13:14,26,67.86,55.22,36.46,4.45,0.82,1,0,352,Normal,0,0
1/6/2025 13:15,37,78.95,50.35,32.46,1.88,4.96,1,0,422,Normal,0,0
1/6/2025 13:16,23,60.61,55.12,72.15,3.39,2.51,1,0,21,Normal,0,0
1/6/2025 13:17,29,79.1,58.26,65.52,2.92,0.72,1,0,184,Normal,0,0
1/6/2025 13:18,21,78.12,40.04,43.25,4.41,1.5,1,0,186,Normal,0,0
1/6/2025 13:19,48,95.57,70.15,55.3,3.24,2.68,1,1,29,Normal,1,1
1/6/2025 13:20,45,78.61,12.69,48.51,1.42,0.86,0,0,390,Normal,0,0
1/6/2025 13:21,45,54.3,65.83,67.14,3.44,1.26,1,0,126,Normal,0,0
1/6/2025 13:22,49,86.46,54.03,61.4,3.36,1.69,1,0,172,Normal,0,0
1/6/2025 13:23,27,65.88,69.86,47.61,3.28,2.37,1,0,155,Normal,0,0
1/6/2025 13:24,39,65.34,41.44,53.85,3,0.92,1,0,59,Normal,0,0
1/6/2025 13:25,40,73.05,80,53.2,3.32,3.99,1,1,40,Normal,1,1
1/6/2025 13:26,13,80.51,34.14,36.85,4.21,0.88,1,0,311,Normal,0,0
1/6/2025 13:27,23,72.26,24.49,65.68,1.83,3.85,0,0,350,Normal,0,0
1/6/2025 13:28,16,75.1,45.18,54.54,4.89,3.17,1,0,28,Normal,0,0
1/6/2025 13:29,30,65.87,48.69,74.95,1.63,4.78,1,0,45,Normal,0,0
1/6/2025 13:30,4,63.32,64.46,34.01,3.58,2.83,1,0,109,Normal,0,0
1/6/2025 13:31,40,77.02,60.55,72.47,1.07,2.7,2,0,170,Vibration Issue,0,1
1/6/2025 13:32,16,59.75,28.76,79.91,4.62,4.81,1,0,91,Normal,0,0
1/6/2025 13:33,31,67.87,58.41,75.34,4.97,3.18,1,0,145,Normal,0,0
1/6/2025 13:34,42,71.69,41.51,66.88,1.15,1.39,1,0,132,Normal,0,0
1/6/2025 13:35,25,77.35,54.2,57.05,2.88,1.86,1,0,316,Normal,0,0
1/6/2025 13:36,44,72.4,53.2,36.13,1.5,1.43,1,0,223,Normal,0,0
1/6/2025 13:37,12,71.83,58.99,37.4,3.08,3.96,1,0,261,Normal,0,0
1/6/2025 13:38,26,62.7,52.64,38.39,4.08,2.83,1,0,451,Normal,0,0
1/6/2025 13:39,37,70.86,76.66,46.44,1.06,3.27,1,0,136,Normal,0,0
1/6/2025 13:40,48,72.5,69.84,39.13,3.02,1.81,2,0,313,Normal,0,1
1/6/2025 13:41,33,79.17,73.47,48.31,4.49,0.97,2,0,40,Vibration Issue,0,1
1/6/2025 13:42,28,67,53.68,47.93,2.95,1.43,1,0,223,Normal,0,0
1/6/2025 13:43,9,66.06,31.23,38.13,3.73,2.75,1,0,443,Normal,0,0
1/6/2025 13:44,12,62.88,38.95,63.46,3.59,4.43,1,0,487,Normal,0,0
1/6/2025 13:45,5,76.52,49.98,56.5,4.42,1.31,1,0,243,Normal,0,0
1/6/2025 13:46,28,71.5,56.98,70.99,2.72,2.01,0,0,168,Normal,0,0
1/6/2025 13:47,35,73.66,50.27,55.87,2.9,4.8,1,0,402,Normal,0,0
1/6/2025 13:48,5,70.26,38.76,60.83,3.03,4.71,1,0,335,Normal,0,0
1/6/2025 13:49,34,70.66,60.31,45.22,3.31,3.14,1,0,442,Normal,0,0
1/6/2025 13:50,46,68.92,29.73,46.08,1.05,0.9,1,0,19,Normal,0,1
1/6/2025 13:51,34,80.01,58.14,57.47,1.88,3.85,2,0,297,Pressure Drop,0,1
1/6/2025 13:52,13,75.41,56.51,43.73,2.64,3.64,1,0,470,Normal,0,0
1/6/2025 13:53,39,89.68,58.19,77.13,3.1,3.51,1,0,379,Normal,0,0
1/6/2025 13:54,42,71.97,66.8,38.35,4.04,4.79,1,0,232,Normal,0,0
1/6/2025 13:55,45,90.76,52.3,37.89,3.79,4.93,2,1,3,Normal,1,1
1/6/2025 13:56,48,72.16,43.67,76.56,2.93,3.79,1,0,385,Normal,0,0
1/6/2025 13:57,14,80.1,53.62,38.79,3.85,1.83,1,0,460,Normal,0,0
1/6/2025 13:58,11,68.89,45.44,74.87,3.14,3.13,1,0,23,Normal,0,0
1/6/2025 13:59,42,79.84,54.17,32.33,1.13,2.46,1,0,125,Normal,0,0
1/6/2025 14:00,38,51.92,61.52,40.8,4.25,0.74,1,0,311,Normal,0,0
1/6/2025 14:01,4,62.53,37.77,40.97,4.77,4.95,1,0,203,Normal,0,0
1/6/2025 14:02,33,65.2,68.71,61.51,2.57,3.17,1,0,260,Normal,0,0
1/6/2025 14:03,7,95.53,55.2,59.25,3.07,3.87,1,1,13,Normal,1,1
1/6/2025 14:04,41,85.54,71.87,59.94,4.88,3.98,1,0,10,Normal,0,1
1/6/2025 14:05,8,77.59,47.52,78.85,2.68,3.1,2,0,161,Vibration Issue,0,1
1/6/2025 14:06,37,70.84,30.82,65.72,3.74,4.71,1,0,104,Normal,0,0
1/6/2025 14:07,10,69.18,40.04,61.5,3.97,3.41,1,0,271,Normal,0,0
1/6/2025 14:08,43,68.94,38.09,66.44,1.54,4.32,1,0,328,Normal,0,0
1/6/2025 14:09,15,81.75,76.71,63.41,4.29,0.68,1,0,486,Normal,0,0
1/6/2025 14:10,38,75.9,52.05,32,3.06,2,1,0,477,Normal,0,0
1/6/2025 14:11,15,83.99,54.89,59.35,1.51,3.02,1,0,131,Normal,0,0
1/6/2025 14:12,5,80.61,71.19,48.53,3.14,4.78,1,0,141,Normal,0,0
1/6/2025 14:13,29,79.14,46.03,77.8,4,4.13,1,0,426,Normal,0,0
1/6/2025 14:14,19,67.16,59.85,49.22,3.4,3.41,1,0,393,Normal,0,0
1/6/2025 14:15,10,67.13,60.44,41.07,2.21,1.76,2,0,149,Pressure Drop,0,1
1/6/2025 14:16,12,76.31,44.81,69.98,4.67,3.04,1,0,373,Normal,0,0
1/6/2025 14:17,4,78.8,55.3,39.94,2.75,0.67,2,0,325,Overheating,0,1
1/6/2025 14:18,31,73.07,41.24,31.49,4.39,1.97,1,0,316,Normal,0,0
1/6/2025 14:19,18,62.55,48.32,63.7,2.08,0.89,1,0,344,Normal,0,0
1/6/2025 14:20,16,77.23,38.94,65.29,2.5,4.94,1,0,239,Normal,0,0
1/6/2025 14:21,40,82.57,69.68,64.66,1.37,1.53,2,0,284,Normal,0,1
1/6/2025 14:22,36,63.97,25.96,35.66,2.07,2.43,1,0,178,Normal,0,0
1/6/2025 14:23,25,72.07,50.62,45.71,1.65,1.27,1,0,429,Normal,0,0
1/6/2025 14:24,23,65.53,26.98,35.02,1.29,1.64,0,0,55,Normal,0,0
1/6/2025 14:25,12,84.57,46.53,74.51,3.88,0.59,1,0,198,Normal,0,0
1/6/2025 14:26,34,94.96,68.53,39.57,1.43,3.59,1,1,24,Normal,1,1
1/6/2025 14:27,36,88.14,54.2,65.87,1.1,2.23,1,0,303,Normal,0,0
1/6/2025 14:28,37,59.18,49.18,78.65,2.04,3.79,1,0,198,Normal,0,0
1/6/2025 14:29,3,78.46,66.33,48.49,2.99,1.77,1,0,230,Normal,0,0
1/6/2025 14:30,9,80.5,54.54,41.87,2.82,4.29,1,0,196,Normal,0,0
1/6/2025 14:31,18,92.35,56.94,48.13,3.23,2.02,1,1,4,Normal,1,1
1/6/2025 14:32,43,69.22,15,66.1,4.18,1.36,1,0,336,Normal,0,0
1/6/2025 14:33,35,73.76,50.47,43.78,2.98,3.79,2,0,160,Overheating,0,1
1/6/2025 14:34,34,63.21,58.36,78.65,2.91,1.09,1,0,96,Normal,0,0
1/6/2025 14:35,41,61.51,60.67,67.63,1.39,1.94,1,0,499,Normal,0,0
1/6/2025 14:36,14,75.68,57.45,47.01,2.73,2.54,1,0,383,Normal,0,0
1/6/2025 14:37,4,89.68,52.17,72.37,1.82,4.16,1,0,473,Normal,0,0
1/6/2025 14:38,29,75.29,59.11,41.72,1.02,4.37,1,0,146,Normal,0,0
1/6/2025 14:39,41,75.49,31.07,41.5,3.45,4.29,1,0,456,Normal,0,0
1/6/2025 14:40,45,62.35,40.8,75.13,4.29,1.98,1,0,269,Normal,0,0
1/6/2025 14:41,50,76.45,21.18,67.35,2.11,4.18,1,0,180,Normal,0,0
1/6/2025 14:42,15,69.46,40.24,62.87,4.12,2.55,2,0,114,Electrical Fault,0,1
1/6/2025 14:43,28,70.45,38.59,36.88,2.26,3.82,0,0,160,Normal,0,0
1/6/2025 14:44,42,92.08,46.91,64.92,4.44,0.73,1,1,21,Normal,1,1
1/6/2025 14:45,16,70.61,16.42,64.35,4.05,2.75,2,0,135,Vibration Issue,0,1
1/6/2025 14:46,12,71.59,72.5,52.58,2.04,3.4,1,0,117,Normal,0,0
1/6/2025 14:47,5,77.19,58.49,35.3,2.73,4.25,1,0,206,Normal,0,0
1/6/2025 14:48,34,39.68,67.66,67.43,2.35,1.13,1,0,222,Normal,0,0
1/6/2025 14:49,42,67.22,49.86,44.13,2.73,4.37,0,0,201,Normal,0,0
1/6/2025 14:50,1,57.09,44.78,33.38,1.89,4.9,1,0,86,Normal,0,0
1/6/2025 14:51,39,69.5,36.69,37.84,2.26,4.04,1,0,315,Normal,0,0
1/6/2025 14:52,32,94.06,55.89,52.92,4.41,2.31,1,1,15,Normal,1,1
1/6/2025 14:53,26,47.23,36.45,70.05,1.4,2.41,1,0,456,Normal,0,0
1/6/2025 14:54,17,58.35,38.47,57.9,1.26,4.02,1,0,381,Normal,0,0
1/6/2025 14:55,48,88.54,59.34,32.15,4.73,1.93,0,0,55,Normal,0,0
1/6/2025 14:56,27,73.41,43.05,33.87,3.28,2.79,1,0,64,Normal,0,0
1/6/2025 14:57,24,79.4,28.66,41.7,1.7,1.87,1,0,398,Normal,0,0
1/6/2025 14:58,35,75.97,43.83,71.86,3.12,1.35,1,0,153,Normal,0,0
1/6/2025 14:59,46,76.27,69.25,32.11,4.04,1.81,1,0,377,Normal,0,0
1/6/2025 15:00,42,71.55,65.42,30.31,1.25,1.17,2,0,454,Normal,0,1
1/6/2025 15:01,39,42.55,85.58,72.93,3.35,4.14,1,1,16,Normal,1,1
1/6/2025 15:02,26,74.78,66.26,74.79,4.33,0.81,1,0,145,Normal,0,0
1/6/2025 15:03,49,85.98,54.84,52.48,3.91,2.65,1,0,279,Normal,0,0
1/6/2025 15:04,38,85.02,34.12,74.12,2.27,4.76,1,0,290,Normal,0,0
1/6/2025 15:05,23,80.81,33.83,42.16,1.97,4.75,1,0,85,Normal,0,0
1/6/2025 15:06,22,73.95,45.58,39.73,2.81,3.87,2,0,279,Normal,0,1
1/6/2025 15:07,4,76.51,46.73,49.45,1.36,2.83,1,0,66,Normal,0,0
1/6/2025 15:08,49,83.57,57.93,53.9,1.41,2.19,2,0,347,Pressure Drop,0,1
1/6/2025 15:09,9,59.73,36.5,42.82,2.02,4.86,2,0,211,Vibration Issue,0,1
1/6/2025 15:10,4,93.04,46.97,51.17,3.23,1.79,1,1,47,Normal,1,1
1/6/2025 15:11,7,85.07,57.88,60.43,1.3,2.02,2,0,378,Pressure Drop,0,1
1/6/2025 15:12,23,93.49,41.97,47.74,2.88,1.82,1,1,21,Normal,1,1
1/6/2025 15:13,2,78.12,42.98,66.47,4.96,4.8,1,0,277,Normal,0,0
1/6/2025 15:14,49,69.76,55.97,38.64,4.34,3.3,1,0,478,Normal,0,0
1/6/2025 15:15,24,79.63,40,36.68,1.75,4.64,1,0,283,Normal,0,0
1/6/2025 15:16,40,82.55,53.59,75.01,3.72,4.29,1,0,320,Normal,0,0
1/6/2025 15:17,31,94.26,65.31,69.64,2.62,4.58,1,1,17,Normal,1,1
1/6/2025 15:18,47,72.07,62.97,56.35,4.35,4.24,1,0,464,Normal,0,0
1/6/2025 15:19,31,70.87,69.41,77.8,1.2,0.96,1,0,278,Normal,0,0
1/6/2025 15:20,47,85.59,54.82,77.56,4.59,3.15,1,0,278,Normal,0,0
1/6/2025 15:21,40,72.66,61.14,58.5,3.76,1.31,1,0,479,Normal,0,0
1/6/2025 15:22,48,68.98,18.6,32.91,4,1.66,1,0,42,Normal,0,0
1/6/2025 15:23,43,69.63,73.07,43.68,1,4.87,2,0,25,Vibration Issue,0,1
1/6/2025 15:24,34,54.8,53.38,71.17,2.66,1.64,1,0,304,Normal,0,0
1/6/2025 15:25,24,67.9,73.91,39.1,1.72,2.22,1,0,442,Normal,0,0
1/6/2025 15:26,49,79.22,22,31.49,3.61,1.84,0,0,384,Normal,0,0
1/6/2025 15:27,26,74.95,60.99,51.12,2.47,3.49,1,0,261,Normal,0,0
1/6/2025 15:28,16,79.69,43.47,57.9,3.2,4.94,1,0,102,Normal,0,0
1/6/2025 15:29,47,88.26,52.69,35.95,1.71,1.44,2,0,348,Pressure Drop,0,1
1/6/2025 15:30,13,98.88,56.75,52.8,1.63,4.01,1,1,33,Normal,1,1
1/6/2025 15:31,15,72.28,46.38,59.35,3.06,0.52,1,0,215,Normal,0,0
1/6/2025 15:32,27,63.62,78.99,58.77,2.7,3,1,0,466,Normal,0,0
1/6/2025 15:33,4,70.61,35.31,40.06,2.75,3.19,1,0,121,Normal,0,0
1/6/2025 15:34,16,82.72,66.52,57.53,1.05,4.4,1,0,338,Normal,0,0
1/6/2025 15:35,30,99.67,26.24,62.23,1.06,4.54,0,1,16,Normal,1,1
1/6/2025 15:36,44,76.61,49.44,43.92,2.71,4.33,1,0,94,Normal,0,0
1/6/2025 15:37,30,79.79,29.84,48.88,4.31,2.5,1,0,74,Normal,0,0
1/6/2025 15:38,36,72.71,41.48,71.01,4.44,3.08,0,0,457,Normal,0,0
1/6/2025 15:39,3,76.54,58.8,36.37,1.82,2.69,0,0,290,Normal,0,0
1/6/2025 15:40,22,87.42,20.69,33.92,2.76,3.32,1,0,495,Normal,0,0
1/6/2025 15:41,49,83.08,52.99,61.28,4.15,1.48,1,0,139,Normal,0,0
1/6/2025 15:42,22,74.43,42.25,66.76,3.14,3.26,0,0,214,Normal,0,0
1/6/2025 15:43,50,77.52,38.6,59,3.18,3.39,1,0,56,Normal,0,0
1/6/2025 15:44,50,71.32,35.91,64.67,4.81,4.64,0,0,205,Normal,0,0
1/6/2025 15:45,49,86.9,27.39,53.75,3.03,4.73,1,0,129,Normal,0,0
1/6/2025 15:46,12,93.57,45.1,32.74,4.87,3.21,1,1,30,Normal,1,1
1/6/2025 15:47,21,66.3,49.03,48.05,1.44,1.16,0,0,344,Normal,0,0
1/6/2025 15:48,4,67.09,46.74,76.25,1.7,3.18,1,0,157,Normal,0,0
1/6/2025 15:49,31,71.42,41.92,32.48,2.48,0.77,1,0,438,Normal,0,0
1/6/2025 15:50,44,83.56,61.84,68.14,2.28,1.33,1,0,139,Normal,0,0
1/6/2025 15:51,31,70.73,38.53,40.45,3.06,1.91,1,0,262,Normal,0,0
1/6/2025 15:52,23,84.39,39.46,79.21,1.59,2.71,1,0,259,Normal,0,0
1/6/2025 15:53,20,59.31,32.73,53.52,4.85,2.2,1,0,94,Normal,0,0
1/6/2025 15:54,15,74.26,55.98,31.14,2.84,1.22,1,0,248,Normal,0,0
1/6/2025 15:55,23,76.33,55.93,55.99,3.17,0.75,1,0,384,Normal,0,0
1/6/2025 15:56,28,65.67,57.56,39.42,2.19,1.31,1,0,333,Normal,0,0
1/6/2025 15:57,16,73.59,82.8,30.22,2.6,3.39,2,1,24,Overheating,1,1
1/6/2025 15:58,37,86.1,42.86,52.78,4.93,1.92,1,0,147,Normal,0,0
1/6/2025 15:59,21,73.59,65.44,44.45,4.78,3.46,1,0,466,Normal,0,0
1/6/2025 16:00,15,79.18,66.02,77.27,1.77,3.04,1,0,98,Normal,0,0
1/6/2025 16:01,17,89.19,52.28,44.9,2.71,0.8,1,0,45,Normal,0,0
1/6/2025 16:02,50,65.89,54.03,57.07,1.33,3.63,1,0,20,Normal,0,0
1/6/2025 16:03,37,77.59,57.6,39.07,4.32,2.83,1,0,203,Normal,0,0
1/6/2025 16:04,13,46.54,33.76,41.39,4.36,3.09,1,0,230,Normal,0,0
1/6/2025 16:05,19,61.09,53.33,56.25,1.13,1.54,1,0,112,Normal,0,0
1/6/2025 16:06,30,82.48,48.38,60.41,2.88,3.91,2,0,276,Pressure Drop,0,1
1/6/2025 16:07,45,69.67,39.61,77.61,2.31,0.6,1,0,309,Normal,0,0
1/6/2025 16:08,18,77.89,50.15,30.52,3.99,4.85,1,0,346,Normal,0,0
1/6/2025 16:09,14,59.89,38.79,45.09,4.12,3.91,2,0,246,Overheating,0,1
1/6/2025 16:10,36,47.92,74.36,40.7,2.15,1.8,1,0,460,Normal,0,0
1/6/2025 16:11,36,67.97,40.41,76.12,1.37,2.7,1,0,407,Normal,0,0
1/6/2025 16:12,20,69.24,79.43,73.87,1.96,4.15,1,0,480,Normal,0,0
1/6/2025 16:13,19,71.46,47.01,51.46,1.53,1.83,2,0,147,Overheating,0,1
1/6/2025 16:14,45,89.67,37.32,62.37,1.53,1,2,0,26,Overheating,0,1
1/6/2025 16:15,44,54.49,42.22,73.18,4.94,4.45,1,0,176,Normal,0,0
1/6/2025 16:16,7,67.69,66.25,47.35,4.2,4.52,1,0,386,Normal,0,0
1/6/2025 16:17,44,71.34,58.99,46.62,4.29,3.06,1,0,57,Normal,0,0
1/6/2025 16:18,4,73.58,46.44,79.08,4.03,2.96,1,0,404,Normal,0,0
1/6/2025 16:19,34,84.92,49.32,41.56,4.69,4.05,1,0,375,Normal,0,0
1/6/2025 16:20,2,74.4,42.51,65.47,4.61,1.57,1,0,276,Normal,0,0
1/6/2025 16:21,5,82.96,47.56,63.69,4.34,2.63,0,0,12,Normal,0,1
1/6/2025 16:22,10,86.87,49.73,78.38,3.79,4.15,1,0,46,Normal,0,0
1/6/2025 16:23,32,61.09,33.52,45.19,4.9,4.68,1,0,141,Normal,0,0
1/6/2025 16:24,42,86.26,67.4,51.84,4.17,4.54,1,0,299,Normal,0,0
1/6/2025 16:25,41,73.04,43.62,74.41,4.75,3.84,0,0,222,Normal,0,0
1/6/2025 16:26,13,75.47,41.99,31.18,1.39,3.9,1,0,211,Normal,0,0
1/6/2025 16:27,39,76.46,60.53,61.87,4.55,2.17,1,0,15,Normal,0,1
1/6/2025 16:28,5,79.17,25.57,43.68,3.22,4.52,1,0,374,Normal,0,0
1/6/2025 16:29,10,60.24,54.78,30.09,3.79,4.08,1,0,299,Normal,0,0
1/6/2025 16:30,10,59.35,39.7,70.01,3.87,3.7,1,0,98,Normal,0,0
1/6/2025 16:31,38,69.89,36.01,62.03,4.18,3.55,1,0,121,Normal,0,0
1/6/2025 16:32,27,81.08,60.27,46.38,1.78,1.2,1,0,172,Normal,0,0
1/6/2025 16:33,21,87.84,55.22,52.06,1.56,1.37,1,0,364,Normal,0,0
1/6/2025 16:34,8,68.19,79.87,46.17,4.31,3.08,1,0,322,Normal,0,0
1/6/2025 16:35,1,83.57,65.97,32.9,1.03,1.52,1,0,316,Normal,0,0
1/6/2025 16:36,28,72.86,41.92,77.73,1.06,2.78,1,0,257,Normal,0,0
1/6/2025 16:37,49,78.3,63.96,55.99,2.43,2.83,1,0,136,Normal,0,0
1/6/2025 16:38,39,68.99,54.24,68.81,4.3,1,1,0,282,Normal,0,0
1/6/2025 16:39,14,76.38,78.86,71.65,4.25,1.08,0,0,228,Normal,0,0
1/6/2025 16:40,21,65.78,49.18,67.01,3.18,3.63,1,0,59,Normal,0,0
1/6/2025 16:41,30,75.94,35.5,41.63,4.09,4.91,0,0,494,Normal,0,0
1/6/2025 16:42,21,83.67,70.48,31.71,1.12,3.07,1,0,338,Normal,0,0
1/6/2025 16:43,49,70.97,75.36,32.25,4.02,3.48,1,0,121,Normal,0,0
1/6/2025 16:44,9,77.51,44.69,31.23,4.22,2.04,1,0,456,Normal,0,0
1/6/2025 16:45,17,78.69,74.24,49.49,4.44,2.64,1,0,230,Normal,0,0
1/6/2025 16:46,5,86.1,38.95,57.64,2.33,2.53,1,0,461,Normal,0,0
1/6/2025 16:47,31,56.35,80.87,79.01,3.9,4.31,0,1,14,Normal,1,1
1/6/2025 16:48,40,82.03,63.3,40.03,2.53,2.9,1,0,104,Normal,0,0
1/6/2025 16:49,38,64.12,39.39,48.47,2.77,1.74,1,0,317,Normal,0,0
1/6/2025 16:50,43,63.2,50.19,41.85,3.7,0.76,1,0,372,Normal,0,0
1/6/2025 16:51,19,68.54,73.72,69.5,1.3,0.59,2,0,165,Overheating,0,1
1/6/2025 16:52,36,65.64,36.6,64.87,1.09,1.48,1,0,273,Normal,0,0
1/6/2025 16:53,50,77.05,50.54,79.76,3.87,1.62,1,0,73,Normal,0,0
1/6/2025 16:54,33,65.34,59.63,31.81,1.73,2.49,1,0,118,Normal,0,0
1/6/2025 16:55,13,80.76,48.71,33.58,2.26,2.06,1,0,63,Normal,0,0
1/6/2025 16:56,14,53.61,37.99,54.61,2.22,1.82,1,0,235,Normal,0,0
1/6/2025 16:57,33,85.64,66.13,41.9,1.47,1.13,2,0,272,Pressure Drop,0,1
1/6/2025 16:58,29,59.47,43.82,65.12,1.17,3.95,1,0,19,Normal,0,1
1/6/2025 16:59,43,79.05,43.45,63.44,2.41,3.67,1,0,59,Normal,0,0
1/6/2025 17:00,49,66.95,66.47,42.58,1.03,1.95,1,0,200,Normal,0,0
1/6/2025 17:01,36,70.76,60,73.11,4.48,2.13,1,0,267,Normal,0,0
1/6/2025 17:02,44,66.25,56.27,38.04,2.93,3.1,1,0,96,Normal,0,0
1/6/2025 17:03,10,53.76,37.61,72.78,3,4.26,1,0,225,Normal,0,0
1/6/2025 17:04,31,70.37,69.18,54.56,2.66,4.9,0,0,138,Normal,0,0
1/6/2025 17:05,6,62.76,61.33,35.22,4.64,1.72,1,0,248,Normal,0,0
1/6/2025 17:06,1,60.74,40.62,51.39,3.92,0.7,1,0,15,Normal,0,1
1/6/2025 17:07,7,70.76,41.75,79.27,4.26,1.61,1,0,19,Normal,0,1
1/6/2025 17:08,27,72.19,85.17,64.93,3.51,4.75,1,1,9,Normal,1,1
1/6/2025 17:09,21,75.83,50.34,71.89,1.36,4.09,1,0,82,Normal,0,0
1/6/2025 17:10,28,79.95,63.37,49.82,3.81,3.07,1,0,346,Normal,0,0
1/6/2025 17:11,16,62.94,32.05,67.11,3.4,4.49,1,0,80,Normal,0,0
1/6/2025 17:12,46,61.09,61.54,54.27,2.41,4.85,1,0,457,Normal,0,0
1/6/2025 17:13,23,82.56,56.83,75.56,4.44,3.11,1,0,229,Normal,0,0
1/6/2025 17:14,20,71.76,39.61,69.78,2.76,4.58,0,0,345,Normal,0,0
1/6/2025 17:15,38,94.65,40.16,47.52,4.07,3.54,1,1,5,Normal,1,1
1/6/2025 17:16,25,54.47,47.15,51.19,4.8,4.63,1,0,88,Normal,0,0
1/6/2025 17:17,28,78.34,35.49,42.04,1.65,3.54,1,0,376,Normal,0,0
1/6/2025 17:18,5,66.86,27.7,63.5,4.06,1.64,1,0,464,Normal,0,0
1/6/2025 17:19,21,67.23,54.98,71.22,4.5,1.54,1,0,190,Normal,0,0
1/6/2025 17:20,18,69.53,55.14,68.6,2.14,4.13,1,0,414,Normal,0,0
1/6/2025 17:21,47,88.4,19.23,68.44,2.39,2.03,1,0,31,Normal,0,0
1/6/2025 17:22,6,58.24,40.27,78.2,1.63,2.75,2,0,27,Vibration Issue,0,1
1/6/2025 17:23,29,58.09,52.57,46.92,3.55,3.25,1,0,19,Normal,0,1
1/6/2025 17:24,19,81.16,49.49,35.59,1.28,0.99,1,0,17,Normal,0,1
1/6/2025 17:25,33,92.04,29.5,77.28,2.31,2.07,1,1,38,Normal,1,1
1/6/2025 17:26,1,67.68,31.85,40.95,1.02,4.76,0,0,277,Normal,0,0
1/6/2025 17:27,45,85.85,26.4,41.12,1.42,4.43,1,0,349,Normal,0,0
1/6/2025 17:28,3,83.73,22.02,66.92,2.87,4.12,1,0,192,Normal,0,0
1/6/2025 17:29,42,77.81,43.21,59.74,4.14,2.59,2,0,421,Overheating,0,1
1/6/2025 17:30,21,76.83,32.74,52.73,3.87,2.21,1,0,167,Normal,0,0
1/6/2025 17:31,35,71.23,21,50.35,4.21,1.06,2,0,429,Overheating,0,1
1/6/2025 17:32,41,84.05,65.21,44.21,4.53,2.99,0,0,182,Normal,0,0
1/6/2025 17:33,40,81.65,65.19,33.84,1.68,2.64,2,0,43,Pressure Drop,0,1
1/6/2025 17:34,3,69.27,42.43,42.97,1.03,2.37,0,0,346,Normal,0,0
1/6/2025 17:35,25,59.14,37.84,55.21,2.61,4.69,1,0,183,Normal,0,0
1/6/2025 17:36,45,67.17,18.18,44.63,2.15,0.86,1,0,261,Normal,0,0
1/6/2025 17:37,38,64.35,39.82,56.17,3.57,4.04,1,0,53,Normal,0,0
1/6/2025 17:38,45,74.44,50.32,41.47,4.85,4.06,1,0,418,Normal,0,0
1/6/2025 17:39,20,79.8,51.97,34.26,3.6,4.32,1,0,198,Normal,0,0
1/6/2025 17:40,44,78.89,44.84,78.17,1.32,4.92,1,0,403,Normal,0,0
1/6/2025 17:41,45,79.6,54.7,33.96,2.17,1.02,1,0,209,Normal,0,0
1/6/2025 17:42,34,76.93,34.1,56.62,4.17,2.35,1,0,200,Normal,0,0
1/6/2025 17:43,21,74.78,53.4,65.3,3.6,0.99,2,0,241,Vibration Issue,0,1
1/6/2025 17:44,48,74.37,43.98,55.46,2.63,2.02,0,0,400,Normal,0,0
1/6/2025 17:45,23,87.35,54.84,49.43,1.81,2.13,1,0,342,Normal,0,0
1/6/2025 17:46,6,70.11,69.94,74.15,4.57,3.77,1,0,166,Normal,0,0
1/6/2025 17:47,13,72.81,51.09,38.92,4.55,2.24,0,0,280,Normal,0,0
1/6/2025 17:48,49,53.38,43.13,65.11,1.62,3.44,1,0,258,Normal,0,0
1/6/2025 17:49,23,69.56,68.03,40.07,4.38,2.67,2,0,439,Pressure Drop,0,1
1/6/2025 17:50,9,71.99,64.6,70.97,4.19,2.58,1,0,147,Normal,0,0
1/6/2025 17:51,17,86.96,35.77,77.05,3.2,3.14,1,0,11,Normal,0,1
1/6/2025 17:52,2,61.64,39.1,37.41,4.74,2.68,1,0,30,Normal,0,0
1/6/2025 17:53,19,73.72,30.68,52.01,3.32,4.47,2,0,233,Vibration Issue,0,1
1/6/2025 17:54,19,73.52,42.88,74.92,1.81,2.23,1,0,484,Normal,0,0
1/6/2025 17:55,7,81.38,51.22,37.33,1.6,0.69,1,0,217,Normal,0,0
1/6/2025 17:56,42,70.34,68.29,61.33,4.47,4.83,1,0,336,Normal,0,0
1/6/2025 17:57,42,81.08,43.26,31.67,2.4,0.77,1,0,359,Normal,0,0
1/6/2025 17:58,20,77.56,59.86,37.84,2.63,3.25,1,0,19,Normal,0,1
1/6/2025 17:59,9,67.39,37.02,38.84,3.15,2.87,1,0,418,Normal,0,0
1/6/2025 18:00,17,63.89,53.71,67.52,2.5,3.69,1,0,250,Normal,0,0
1/6/2025 18:01,27,95.91,42.99,55.57,4.28,1.33,1,1,6,Normal,1,1
1/6/2025 18:02,47,69.58,60.24,77.59,3.24,4.47,1,0,177,Normal,0,0
1/6/2025 18:03,2,58.07,54.3,47.92,4.07,2.61,1,0,140,Normal,0,0
1/6/2025 18:04,36,70.45,72.68,66.04,1.12,4.77,1,0,221,Normal,0,0
1/6/2025 18:05,19,68.29,46.41,69.7,2.09,1.75,1,0,298,Normal,0,0
1/6/2025 18:06,17,63.32,54.03,50.63,4.57,2.62,1,0,178,Normal,0,0
1/6/2025 18:07,5,74.59,72.74,54.36,2.47,2.94,1,0,470,Normal,0,0
1/6/2025 18:08,39,76.88,39.15,50.5,3.65,1.61,1,0,133,Normal,0,0
1/6/2025 18:09,18,54.83,50.24,54.28,3.6,3.29,1,0,407,Normal,0,0
1/6/2025 18:10,7,76.26,33.84,54.18,1.12,4.38,1,0,333,Normal,0,0
1/6/2025 18:11,17,82.34,42.41,67.01,3.18,3.98,0,0,76,Normal,0,0
1/6/2025 18:12,39,65.34,43.69,35.81,4.76,3.12,1,0,113,Normal,0,0
1/6/2025 18:13,36,61.6,60.2,57.06,4.18,4.06,1,0,294,Normal,0,0
1/6/2025 18:14,40,64.67,55.21,76.9,3.85,3.63,2,0,83,Vibration Issue,0,1
1/6/2025 18:15,45,69.8,80.93,53.27,2.32,2.75,1,1,20,Normal,1,1
1/6/2025 18:16,4,74.36,45.99,72.25,3.63,1.17,1,0,445,Normal,0,0
1/6/2025 18:17,38,63.35,56.47,34.7,2.98,2.7,1,0,409,Normal,0,0
1/6/2025 18:18,25,70.54,77.02,52.93,3.13,0.83,1,0,135,Normal,0,0
1/6/2025 18:19,5,72.49,43.96,45.07,3.15,2.08,1,0,26,Normal,0,0
1/6/2025 18:20,30,76.1,33.43,56.15,2.21,2.54,1,0,140,Normal,0,0
1/6/2025 18:21,12,60.01,62.23,43.48,1.87,1.77,1,0,10,Normal,0,1
1/6/2025 18:22,4,66.51,31.6,33.46,1.61,4.92,1,0,297,Normal,0,0
1/6/2025 18:23,24,67.13,43.14,52.45,3.25,4.49,2,0,382,Pressure Drop,0,1
1/6/2025 18:24,29,90.09,40.88,67.17,1.77,4.33,0,1,34,Normal,1,1
1/6/2025 18:25,9,84.61,27.09,68.63,4.83,1.36,2,0,441,Pressure Drop,0,1
1/6/2025 18:26,4,73.27,60.83,30.61,2.96,4.85,1,0,26,Normal,0,0
1/6/2025 18:27,24,58.93,41.31,60.52,4.79,3.75,1,0,314,Normal,0,0
1/6/2025 18:28,14,82.64,49.44,43.02,3.42,3.7,1,0,188,Normal,0,0
1/6/2025 18:29,5,85.64,32.13,63.83,1.98,3.87,1,0,124,Normal,0,0
1/6/2025 18:30,18,73.06,23.29,38.74,1.23,1.67,1,0,288,Normal,0,0
1/6/2025 18:31,42,69.01,71.7,33.9,2.37,1.1,1,0,204,Normal,0,0
1/6/2025 18:32,19,66.85,70.36,66.05,1.38,2.76,1,0,343,Normal,0,0
1/6/2025 18:33,12,80.68,68.04,51.74,3.3,4.13,1,0,156,Normal,0,0
1/6/2025 18:34,18,80.06,49.47,74.2,3.92,2.04,1,0,190,Normal,0,0
1/6/2025 18:35,17,63.18,69.06,36.49,3.27,3.98,2,0,121,Overheating,0,1
1/6/2025 18:36,30,65.35,41.68,69.41,1.68,4.23,1,0,93,Normal,0,0
1/6/2025 18:37,24,63.16,65.64,33.72,3.93,1.91,1,0,194,Normal,0,0
1/6/2025 18:38,11,91.51,73.58,52.36,3.9,1.86,1,1,40,Normal,1,1
1/6/2025 18:39,35,76.5,64.56,78.7,2.79,1.74,1,0,451,Normal,0,0
1/6/2025 18:40,23,84.79,74.35,36.81,1.77,2.11,1,0,309,Normal,0,0
1/6/2025 18:41,17,74.96,65.83,53.77,1.21,1.53,1,0,351,Normal,0,0
1/6/2025 18:42,1,77.78,74.16,37.06,2.94,0.96,1,0,377,Normal,0,0
1/6/2025 18:43,15,70.7,54.06,73.42,2.14,3.64,1,0,74,Normal,0,0
1/6/2025 18:44,32,88.25,32.55,49.5,4.52,3.07,1,0,172,Normal,0,0
1/6/2025 18:45,9,76.83,59.15,39.59,3.41,1.58,1,0,394,Normal,0,0
1/6/2025 18:46,15,73.06,35.73,48.27,2.39,1.43,1,0,453,Normal,0,0
1/6/2025 18:47,28,55.12,64.74,35.39,3.65,1.42,1,0,401,Normal,0,0
1/6/2025 18:48,24,78.94,48.85,40.74,1.02,3.84,2,0,150,Vibration Issue,0,1
1/6/2025 18:49,35,78.85,39.12,73.51,3.07,3.72,1,0,303,Normal,0,0
1/6/2025 18:50,22,86.36,75.66,36.42,3.03,0.5,2,0,171,Overheating,0,1
1/6/2025 18:51,27,70.63,58.89,45.84,1.5,2.48,1,0,100,Normal,0,0
1/6/2025 18:52,19,66.57,51.35,66.48,1.34,4.87,1,0,456,Normal,0,0
1/6/2025 18:53,45,91.98,31.48,37.32,4.15,1.51,0,1,22,Normal,1,1
1/6/2025 18:54,12,59.77,44.59,71.94,4.84,1.99,1,0,126,Normal,0,0
1/6/2025 18:55,20,65.74,52.71,62.83,2.1,4.95,1,0,79,Normal,0,0
1/6/2025 18:56,1,89.27,45.59,34.34,4.55,1.41,1,0,492,Normal,0,0
1/6/2025 18:57,21,83.43,52.1,37.46,3.91,3.13,1,0,482,Normal,0,0
1/6/2025 18:58,49,71.4,47.99,64.63,4.38,2.14,1,0,219,Normal,0,0
1/6/2025 18:59,45,71.75,30.85,64.17,1.63,3.54,1,0,24,Normal,0,0
1/6/2025 19:00,1,72.41,33.01,41.14,1.04,3.8,1,0,426,Normal,0,0
1/6/2025 19:01,10,82.73,64.94,39.67,1.78,4.2,1,0,83,Normal,0,0
1/6/2025 19:02,47,82.88,47.65,78.93,3.15,4.71,1,0,297,Normal,0,0
1/6/2025 19:03,32,80.44,22.87,74.71,1.9,3.1,1,0,400,Normal,0,0
1/6/2025 19:04,39,82.17,52.82,63.78,2.58,4.21,1,0,415,Normal,0,0
1/6/2025 19:05,22,80.15,43.4,31.47,2.68,1.31,1,0,79,Normal,0,0
1/6/2025 19:06,18,50.45,47.09,55.18,4.11,2.87,1,0,339,Normal,0,0
1/6/2025 19:07,48,78.24,71.5,54.65,2.87,4.73,1,0,409,Normal,0,0
1/6/2025 19:08,46,71.16,31.15,65.84,3.9,4.51,1,0,118,Normal,0,0
1/6/2025 19:09,32,96.38,43.03,48.77,4.04,3.55,0,1,45,Normal,1,1
1/6/2025 19:10,27,60.17,70.56,46.2,3.38,3.29,1,0,385,Normal,0,0
1/6/2025 19:11,28,62.7,66.57,34.73,1.04,4.34,0,0,144,Normal,0,0
1/6/2025 19:12,18,76.05,52.59,71.46,1.75,1.81,2,0,467,Vibration Issue,0,1
1/6/2025 19:13,39,62.78,72.91,32.17,3.15,3.47,1,0,287,Normal,0,0
1/6/2025 19:14,49,100.35,30.28,45.98,1.97,4.18,1,1,35,Normal,1,1
1/6/2025 19:15,29,80.54,42.42,51.51,4.76,1.09,1,0,246,Normal,0,0
1/6/2025 19:16,18,69.09,74.04,47.17,1.32,1.75,1,0,401,Normal,0,0
1/6/2025 19:17,44,78.88,43.37,60.53,3.26,4.09,1,0,410,Normal,0,0
1/6/2025 19:18,8,77.21,42.36,71.96,3.08,3.33,1,0,218,Normal,0,0
1/6/2025 19:19,31,68.49,46.47,42.35,1.12,2.8,1,0,181,Normal,0,0
1/6/2025 19:20,34,62.13,57.2,34.92,4.32,0.92,2,0,315,Normal,0,1
1/6/2025 19:21,7,63.73,54.66,55.93,1.74,3.06,1,0,38,Normal,0,0
1/6/2025 19:22,36,70.52,41.28,46.6,3.91,0.76,2,0,445,Vibration Issue,0,1
1/6/2025 19:23,18,84.83,25.76,62.74,4.41,1.65,1,0,274,Normal,0,0
1/6/2025 19:24,38,81.14,42.88,71.8,1.18,3.74,1,0,485,Normal,0,0
1/6/2025 19:25,9,96.89,31.33,52.46,4.17,2.44,1,1,29,Normal,1,1
1/6/2025 19:26,9,66.47,26.33,73.56,3.2,3.72,1,0,489,Normal,0,0
1/6/2025 19:27,46,62.99,53.65,57.26,3.95,0.51,1,0,186,Normal,0,0
1/6/2025 19:28,8,73.36,70.43,64.43,3.23,1.85,1,0,390,Normal,0,0
1/6/2025 19:29,35,79.3,41.91,31.59,2.73,2.29,1,0,203,Normal,0,0
1/6/2025 19:30,18,79.57,63.34,40.63,1.41,2.76,1,0,412,Normal,0,0
1/6/2025 19:31,5,78.59,33.51,37.47,4.61,1.51,1,0,178,Normal,0,0
1/6/2025 19:32,14,77.08,40.19,49.43,3.26,3.92,1,0,338,Normal,0,0
1/6/2025 19:33,28,69.53,49.24,70.32,3.04,2.55,1,0,65,Normal,0,0
1/6/2025 19:34,30,70.84,63.16,62.31,2.99,4.9,1,0,25,Normal,0,0
1/6/2025 19:35,4,90.73,63.85,33.71,4.22,4.31,1,1,14,Normal,1,1
1/6/2025 19:36,39,63.08,71.3,68.64,3.19,1.78,1,0,205,Normal,0,0
1/6/2025 19:37,20,77.44,37.13,73.66,4.11,1.02,1,0,42,Normal,0,0
1/6/2025 19:38,25,86.62,39.48,36.18,2.68,3.11,1,0,491,Normal,0,0
1/6/2025 19:39,28,64.85,45.26,62.92,2.03,2.5,0,0,254,Normal,0,0
1/6/2025 19:40,12,64.81,52.45,52.1,1.43,4.02,2,0,368,Pressure Drop,0,1
1/6/2025 19:41,2,77.87,58.25,42.08,4.8,1.15,1,0,143,Normal,0,0
1/6/2025 19:42,43,79.3,46.82,33.75,3.19,3.34,1,0,497,Normal,0,0
1/6/2025 19:43,14,71.84,45.86,75.19,2.27,4.72,2,0,479,Overheating,0,1
1/6/2025 19:44,22,79.51,65.04,32.08,4.76,3.21,1,0,357,Normal,0,0
1/6/2025 19:45,31,58.54,62.02,73.32,3.56,0.73,1,0,426,Normal,0,0
1/6/2025 19:46,23,68.59,60.2,57.34,4.98,1.99,1,0,267,Normal,0,0
1/6/2025 19:47,48,86.6,36.82,37.57,3.95,0.75,1,0,375,Normal,0,0
1/6/2025 19:48,20,56.52,60.94,64.73,4.24,3.48,0,0,77,Normal,0,0
1/6/2025 19:49,38,95.53,54.92,79.55,1.36,0.64,1,1,10,Normal,1,1
1/6/2025 19:50,4,73.68,56.78,78.35,3.96,1.65,1,0,37,Normal,0,0
1/6/2025 19:51,15,91.07,40.08,65.62,3.07,2.46,1,1,28,Normal,1,1
1/6/2025 19:52,24,86.63,32.34,34.5,1.83,4.7,1,0,240,Normal,0,0
1/6/2025 19:53,25,77.25,28.77,73.04,1.2,0.98,1,0,100,Normal,0,0
1/6/2025 19:54,1,77.62,64.67,49.34,1.19,1.58,1,0,383,Normal,0,0
1/6/2025 19:55,7,93.94,52.13,76.47,4.94,4.97,1,1,1,Normal,1,1
1/6/2025 19:56,31,64.34,37.89,54.65,3.55,1.92,1,0,270,Normal,0,0
1/6/2025 19:57,12,73.89,52.16,41.71,4.82,1.22,1,0,278,Normal,0,0
1/6/2025 19:58,42,69.06,33.73,47.5,2.73,1.4,1,0,409,Normal,0,0
1/6/2025 19:59,5,66.66,74.19,61.51,2.24,0.63,1,0,474,Normal,0,0
1/6/2025 20:00,44,86.49,33.87,57.49,1.85,1.83,1,0,411,Normal,0,0
1/6/2025 20:01,50,78.89,40.09,38.66,3.4,1.22,2,0,180,Overheating,0,1
1/6/2025 20:02,42,78.58,24.75,49.54,2.25,3.53,1,0,234,Normal,0,0
1/6/2025 20:03,38,78.62,69.37,67.51,3.02,2.8,1,0,252,Normal,0,0
1/6/2025 20:04,12,82.81,46.56,45.73,4.35,1.61,0,0,453,Normal,0,0
1/6/2025 20:05,39,73.11,45.34,34.71,2.17,1.2,1,0,47,Normal,0,0
1/6/2025 20:06,18,85.8,62.11,66.51,3.08,1.43,1,0,441,Normal,0,0
1/6/2025 20:07,2,74.05,44.16,65.56,3.76,0.66,1,0,442,Normal,0,0
1/6/2025 20:08,10,75.03,64.79,61.88,1.36,0.98,1,0,167,Normal,0,0
1/6/2025 20:09,15,71.21,34.01,76.54,4.05,3.1,1,0,343,Normal,0,0
1/6/2025 20:10,30,73.3,39.85,59.98,1.26,4.59,2,0,280,Vibration Issue,0,1
1/6/2025 20:11,44,78.01,43.59,37.23,2.58,2.58,0,0,194,Normal,0,0
1/6/2025 20:12,17,74.55,68.27,61.97,4.53,1.39,1,0,70,Normal,0,0
1/6/2025 20:13,4,66.76,58.36,65.2,4.14,2.83,1,0,281,Normal,0,0
1/6/2025 20:14,7,72.68,73.08,60.85,3.71,3.66,1,0,325,Normal,0,0
1/6/2025 20:15,41,71.67,41,76.9,4.14,3.26,1,0,274,Normal,0,0
1/6/2025 20:16,31,73.27,44.33,57.72,1.94,0.59,1,0,240,Normal,0,0
1/6/2025 20:17,39,56.11,33.89,75.24,3.01,4.01,1,0,479,Normal,0,0
1/6/2025 20:18,34,82.16,43.34,43.12,1.84,4.18,2,0,69,Normal,0,1
1/6/2025 20:19,6,73.14,61.59,56.85,2.82,3.21,1,0,135,Normal,0,0
1/6/2025 20:20,50,78.17,64.27,48.23,3.91,4.87,1,0,95,Normal,0,0
1/6/2025 20:21,38,79.93,44,49.67,3.39,4.12,1,0,391,Normal,0,0
1/6/2025 20:22,45,63.89,64.29,49.78,1.53,1.33,2,0,19,Electrical Fault,0,1
1/6/2025 20:23,34,80.98,79.21,63.86,2.72,2.83,1,0,116,Normal,0,0
1/6/2025 20:24,44,64.33,55.11,45.77,1.12,0.76,1,0,343,Normal,0,0
1/6/2025 20:25,15,78.08,29.26,45.48,1.14,3.85,1,0,288,Normal,0,0
1/6/2025 20:26,14,56.69,40.97,39.5,2.9,1.26,1,0,123,Normal,0,0
1/6/2025 20:27,6,52.5,59.09,68.24,1.66,4.58,1,0,179,Normal,0,0
1/6/2025 20:28,50,83.89,36.14,48.56,4.39,4.17,1,0,319,Normal,0,0
1/6/2025 20:29,37,80.03,38.27,31.36,1.55,1.65,1,0,251,Normal,0,0
1/6/2025 20:30,50,72.74,17.77,36.2,2.71,3.24,1,0,276,Normal,0,0
1/6/2025 20:31,32,74.12,53.71,44.79,3.12,3.41,0,0,187,Normal,0,0
1/6/2025 20:32,3,58.49,42.81,39.22,4.32,2.89,1,0,394,Normal,0,0
1/6/2025 20:33,3,74.1,45.05,76.61,3.64,3.34,1,0,75,Normal,0,0
1/6/2025 20:34,22,75.31,29.21,41.63,1.95,3.66,1,0,496,Normal,0,0
1/6/2025 20:35,22,69.92,72.7,30.74,4.82,2.69,1,0,122,Normal,0,0
1/6/2025 20:36,10,72.58,54.18,53.54,4.99,4.61,1,0,193,Normal,0,0
1/6/2025 20:37,3,64.41,52.54,41.49,3.69,0.61,1,0,412,Normal,0,0
1/6/2025 20:38,12,59.39,69.13,56.92,3.3,2.35,2,0,195,Overheating,0,1
1/6/2025 20:39,29,75.93,40.51,76.32,4.95,4.45,1,0,91,Normal,0,0
1/6/2025 20:40,48,61.77,58.81,53.77,2.37,1.25,2,0,342,Normal,0,1
1/6/2025 20:41,17,78.78,47.42,58.44,3.34,2.98,0,0,166,Normal,0,0
1/6/2025 20:42,7,77.61,49.58,71.7,1.7,4.75,0,0,394,Normal,0,0
1/6/2025 20:43,13,84.5,22.18,39.87,1.59,4.22,1,0,108,Normal,0,0
1/6/2025 20:44,2,77.44,57.05,77.11,2.73,4.37,1,0,85,Normal,0,0
1/6/2025 20:45,4,104.42,38.56,34.14,2.76,1.93,1,1,47,Normal,1,1
1/6/2025 20:46,10,71,52.42,59.29,3.75,4.32,1,0,142,Normal,0,0
1/6/2025 20:47,39,77.9,39.67,76.92,3.96,2.22,0,0,106,Normal,0,0
1/6/2025 20:48,24,67.84,58.5,69.75,3.98,1.82,1,0,415,Normal,0,0
1/6/2025 20:49,17,84.4,40.62,60.51,4.33,3.72,1,0,319,Normal,0,0
1/6/2025 20:50,6,75.64,66.73,45.87,3.01,1.86,1,0,390,Normal,0,0
1/6/2025 20:51,19,56.43,59.18,68.95,1.9,3.6,1,0,331,Normal,0,0
1/6/2025 20:52,5,65.76,54.32,46.48,2.78,4.93,1,0,407,Normal,0,0
1/6/2025 20:53,32,72.4,42.95,34.85,4.57,2.92,1,0,223,Normal,0,0
1/6/2025 20:54,10,61.45,70.65,70.56,3.75,4.1,1,0,175,Normal,0,0
1/6/2025 20:55,9,79.41,22.63,59.06,4.59,1.99,1,0,115,Normal,0,0
1/6/2025 20:56,27,59.84,51.65,43.72,3.76,4.99,1,0,227,Normal,0,0
1/6/2025 20:57,13,71.87,40.05,69.17,3.25,4.77,1,0,213,Normal,0,0
1/6/2025 20:58,19,70.94,49.33,56.45,3.2,3.59,1,0,54,Normal,0,0
1/6/2025 20:59,21,83.96,64.33,69.77,3.94,3.15,1,0,433,Normal,0,0
1/6/2025 21:00,24,71.69,39.58,56.49,3.59,3.55,1,0,413,Normal,0,0
1/6/2025 21:01,38,82.37,43.27,71.68,3.1,1.35,0,0,184,Normal,0,0
1/6/2025 21:02,4,78,29.91,67.78,4.74,1.2,1,0,228,Normal,0,0
1/6/2025 21:03,24,62.44,85.24,66.15,2.6,2.28,1,1,40,Normal,1,1
1/6/2025 21:04,35,95.99,32.62,66.64,4,3.75,1,1,1,Normal,1,1
1/6/2025 21:05,3,84.73,91.55,72.22,2.8,3.42,1,1,17,Normal,1,1
1/6/2025 21:06,4,64.36,53.86,54.9,3.43,1.04,1,0,450,Normal,0,0
1/6/2025 21:07,37,63.3,56.44,65.35,2.34,0.93,2,0,313,Overheating,0,1
1/6/2025 21:08,40,86.07,58.18,42.22,4.67,3.67,1,0,100,Normal,0,0
1/6/2025 21:09,48,82.9,31.55,79.43,1.89,3.28,1,0,450,Normal,0,0
1/6/2025 21:10,35,80.67,70.71,67.08,2.94,1.62,1,0,118,Normal,0,0
1/6/2025 21:11,31,64.27,48.35,52.7,3.38,4.38,0,0,474,Normal,0,0
1/6/2025 21:12,44,67.8,41.63,54.7,4.65,2.07,1,0,236,Normal,0,0
1/6/2025 21:13,25,87.01,59.23,46.44,3.12,1.59,1,0,397,Normal,0,0
1/6/2025 21:14,40,79.84,97.65,67.14,4.07,1.38,1,1,28,Normal,1,1
1/6/2025 21:15,13,66.58,47.93,33.2,2.24,1.71,1,0,244,Normal,0,0
1/6/2025 21:16,4,87.89,59.35,79.83,1.7,0.9,1,0,179,Normal,0,0
1/6/2025 21:17,46,93.95,55.08,40.57,1.25,2.14,1,1,13,Normal,1,1
1/6/2025 21:18,14,69.23,60.6,60.67,3.27,3.21,1,0,74,Normal,0,0
1/6/2025 21:19,13,67.29,42.34,42.98,3.27,0.92,1,0,31,Normal,0,0
1/6/2025 21:20,27,89.02,52.98,34.2,1.68,2.64,1,0,417,Normal,0,0
1/6/2025 21:21,6,90.42,41.58,33.1,1.9,1.96,1,1,34,Normal,1,1
1/6/2025 21:22,17,90.21,49.86,32.5,1.37,2.09,1,1,16,Normal,1,1
1/6/2025 21:23,36,78.1,19.81,37.04,2.15,2.95,1,0,228,Normal,0,0
1/6/2025 21:24,40,69.11,50.58,74.68,1.79,3.91,2,0,283,Vibration Issue,0,1
1/6/2025 21:25,49,83.3,56.74,33.45,2.71,4.01,1,0,93,Normal,0,0
1/6/2025 21:26,35,70.94,61.72,43.57,4.96,4.07,1,0,252,Normal,0,0
1/6/2025 21:27,17,70.34,56.28,52.23,3.2,2.67,1,0,208,Normal,0,0
1/6/2025 21:28,41,76.05,64.57,55.55,1.96,0.87,1,0,58,Normal,0,0
1/6/2025 21:29,2,74.49,36.97,67.67,3.25,4.46,1,0,146,Normal,0,0
1/6/2025 21:30,13,69.2,62.19,34.69,3.87,3.3,1,0,284,Normal,0,0
1/6/2025 21:31,2,63.65,26.5,45.48,1.94,0.55,2,0,199,Vibration Issue,0,1
1/6/2025 21:32,28,72.28,53.5,57.01,1.59,2.57,1,0,328,Normal,0,0
1/6/2025 21:33,43,68,34.13,56.92,2.03,4.61,0,0,431,Normal,0,0
1/6/2025 21:34,26,60.76,31.37,39.62,2.27,4.71,0,0,179,Normal,0,0
1/6/2025 21:35,22,76.13,51.3,41.81,2.52,2.7,1,0,416,Normal,0,0
1/6/2025 21:36,47,76.39,64.75,79.29,3.43,2.42,0,0,94,Normal,0,0
1/6/2025 21:37,43,81.94,58.36,30.26,4.99,3.81,1,0,282,Normal,0,0
1/6/2025 21:38,3,76.02,73.02,66.68,4.15,2.25,1,0,272,Normal,0,0
1/6/2025 21:39,35,73.95,50.23,59.11,1.65,2.49,2,0,356,Pressure Drop,0,1
1/6/2025 21:40,12,81.82,39.88,49.62,4.41,3.34,1,0,388,Normal,0,0
1/6/2025 21:41,24,76.06,61.2,45.79,4.52,3.19,1,0,487,Normal,0,0
1/6/2025 21:42,5,77.44,51.82,36.39,1.75,3.02,1,0,229,Normal,0,0
1/6/2025 21:43,20,80.1,58.87,51.96,1.83,1.38,1,0,467,Normal,0,0
1/6/2025 21:44,39,68.89,37.59,65.34,3.75,2.11,1,0,349,Normal,0,0
1/6/2025 21:45,39,84.19,71.2,41.43,2,3.44,1,0,154,Normal,0,0
1/6/2025 21:46,13,74.95,39.66,77.21,4.43,2.02,1,0,287,Normal,0,0
1/6/2025 21:47,41,73.51,46.98,62.39,4.87,1.4,1,0,64,Normal,0,0
1/6/2025 21:48,45,84.07,51.99,43.24,3.67,4.16,1,0,472,Normal,0,0
1/6/2025 21:49,12,69.82,55.07,66.19,1.58,3.56,1,0,432,Normal,0,0
1/6/2025 21:50,13,70.6,41.55,34.39,4.66,3.03,1,0,197,Normal,0,0
1/6/2025 21:51,10,79.54,85.72,68.83,2.66,1.83,2,1,5,Pressure Drop,1,1
1/6/2025 21:52,33,76.79,60.79,57.3,4.99,2.13,2,0,29,Overheating,0,1
1/6/2025 21:53,40,107.9,50.71,39.54,3.38,4.02,1,1,43,Normal,1,1
1/6/2025 21:54,16,85.03,76.02,38.58,3.9,4.95,1,0,303,Normal,0,0
1/6/2025 21:55,45,51.07,81.1,65.95,1.3,4.81,1,1,4,Normal,1,1
1/6/2025 21:56,35,77.81,58.81,70.29,3.52,2.03,1,0,498,Normal,0,0
1/6/2025 21:57,3,56.56,53.82,59.82,1.75,1.63,1,0,97,Normal,0,0
1/6/2025 21:58,5,70.85,48.97,64.29,3.93,4.58,1,0,179,Normal,0,0
1/6/2025 21:59,26,76.76,31.2,47.71,4.23,1.3,1,0,60,Normal,0,0
1/6/2025 22:00,11,70.39,47.16,56.36,2.76,3.61,0,0,230,Normal,0,0
1/6/2025 22:01,7,53.09,46.86,54.05,1.17,0.55,2,0,171,Overheating,0,1
1/6/2025 22:02,10,75.59,45.41,38.37,2.63,4.99,1,0,451,Normal,0,0
1/6/2025 22:03,42,69.37,36.03,66.26,3.56,1.38,1,0,240,Normal,0,0
1/6/2025 22:04,34,81.42,46.71,75.19,4.95,2.18,1,0,248,Normal,0,0
1/6/2025 22:05,3,56.03,46.86,41.26,2.37,1.5,1,0,449,Normal,0,0
1/6/2025 22:06,8,67.73,30.05,50.27,3.53,3.75,1,0,279,Normal,0,0
1/6/2025 22:07,31,83.15,30.77,77.03,4.93,1.46,1,0,397,Normal,0,0
1/6/2025 22:08,11,52.7,69.46,76.56,3.19,1.71,1,0,412,Normal,0,0
1/6/2025 22:09,45,79.76,34.85,53.55,1.61,1.95,0,0,163,Normal,0,0
1/6/2025 22:10,7,67.21,62.71,67.06,3.97,2.65,1,0,44,Normal,0,0
1/6/2025 22:11,45,72.66,65.61,43.17,4.1,2.33,1,0,347,Normal,0,0
1/6/2025 22:12,2,63.56,72.44,61.56,2.33,1.24,1,0,491,Normal,0,0
1/6/2025 22:13,6,71.86,40.71,56.26,4.01,0.85,0,0,82,Normal,0,0
1/6/2025 22:14,41,64.54,36.83,56.04,1.65,3.69,1,0,179,Normal,0,0
1/6/2025 22:15,32,62.75,19.22,36.61,3.55,1.85,1,0,127,Normal,0,0
1/6/2025 22:16,20,83.09,41.69,46.78,4.94,1.19,1,0,191,Normal,0,0
1/6/2025 22:17,34,73.65,57.84,68.69,2.24,2.93,0,0,84,Normal,0,0
1/6/2025 22:18,50,77.42,73.3,58.36,4.32,4.33,0,0,376,Normal,0,0
1/6/2025 22:19,16,75.67,64.82,37.15,2.92,3.56,1,0,404,Normal,0,0
1/6/2025 22:20,25,87.87,46.76,67.35,4.86,1.98,1,0,157,Normal,0,0
1/6/2025 22:21,12,78.82,47.86,46.95,3.05,3.81,1,0,460,Normal,0,0
1/6/2025 22:22,7,80.16,57.04,43.78,4.35,2.92,1,0,255,Normal,0,0
1/6/2025 22:23,39,82.21,30.1,49.37,1.89,4.26,1,0,235,Normal,0,0
1/6/2025 22:24,17,66.41,39.87,54.12,2.9,4.51,1,0,93,Normal,0,0
1/6/2025 22:25,45,92.78,57.72,61.88,4.97,2.34,1,1,42,Normal,1,1
1/6/2025 22:26,11,61.66,47.92,51.02,4.3,3.31,1,0,491,Normal,0,0
1/6/2025 22:27,6,77.93,51.63,63.68,3.15,1.45,1,0,344,Normal,0,0
1/6/2025 22:28,23,77.88,31.17,72.13,4.5,0.67,1,0,187,Normal,0,0
1/6/2025 22:29,27,98.78,49.61,65.59,2.65,3.54,2,1,8,Normal,1,1
1/6/2025 22:30,46,79.01,39.12,59.87,2.84,4.51,1,0,310,Normal,0,0
1/6/2025 22:31,6,67.28,35.96,66.85,2.96,3.72,1,0,125,Normal,0,0
1/6/2025 22:32,38,68.65,62.32,64.3,2.62,2.34,1,0,195,Normal,0,0
1/6/2025 22:33,2,70.53,42.19,41.22,3.13,4.26,1,0,435,Normal,0,0
1/6/2025 22:34,22,76.09,42.52,54.93,4.46,3.82,1,0,253,Normal,0,0
1/6/2025 22:35,20,76.87,46.26,43.01,2.46,0.55,1,0,270,Normal,0,0
1/6/2025 22:36,25,78.99,65.71,78.47,4.17,3.31,1,0,180,Normal,0,0
1/6/2025 22:37,15,75.26,80.52,66.52,3.33,4.72,1,1,33,Normal,1,1
1/6/2025 22:38,49,80.29,49.2,45.36,4.5,4.41,0,0,70,Normal,0,0
1/6/2025 22:39,29,63.58,79.51,30.46,1.39,2.79,2,0,393,Vibration Issue,0,1
1/6/2025 22:40,8,58.93,24.52,42.32,3.28,3.61,1,0,472,Normal,0,0
1/6/2025 22:41,37,86.02,38.4,76.67,1.59,3.79,1,0,382,Normal,0,0
1/6/2025 22:42,49,59.09,42.34,79.19,4.58,1.82,1,0,242,Normal,0,0
1/6/2025 22:43,33,74.12,65.66,32.28,1.32,4.93,1,0,328,Normal,0,0
1/6/2025 22:44,22,66.87,61.07,60.43,1.04,4.19,1,0,34,Normal,0,0
1/6/2025 22:45,50,92.62,59.35,60.15,4.18,1.85,1,1,36,Normal,1,1
1/6/2025 22:46,47,93.85,29.5,46.84,1.95,0.5,1,1,16,Normal,1,1
1/6/2025 22:47,5,75.13,25.98,58.13,4.68,0.63,1,0,202,Normal,0,0
1/6/2025 22:48,39,71.9,43.51,72.62,1.57,1.74,1,0,228,Normal,0,0
1/6/2025 22:49,18,72.48,33.45,38.55,3.13,2,1,0,102,Normal,0,0
1/6/2025 22:50,38,76.93,62.2,35.11,4.05,4.35,1,0,296,Normal,0,0
1/6/2025 22:51,37,83.55,41.35,38.29,3.77,3.61,1,0,238,Normal,0,0
1/6/2025 22:52,30,108.68,65.98,44.77,4.18,1.97,1,1,8,Normal,1,1
1/6/2025 22:53,31,64.41,44.42,38.1,3.7,0.63,0,0,284,Normal,0,0
1/6/2025 22:54,10,77.42,46.45,62.17,2.8,3.8,0,0,475,Normal,0,0
1/6/2025 22:55,15,73.45,31.61,43.66,1.25,1.64,1,0,44,Normal,0,0
1/6/2025 22:56,42,69.79,24.98,30.95,4.07,1.63,1,0,395,Normal,0,0
1/6/2025 22:57,48,70.65,68.33,71.84,3.63,3.12,1,0,92,Normal,0,0
1/6/2025 22:58,44,73.89,43.29,67.02,3.46,2.75,1,0,123,Normal,0,0
1/6/2025 22:59,18,76.97,49.91,31.16,4.2,1.9,2,0,63,Pressure Drop,0,1
1/6/2025 23:00,23,78.76,52.16,72.63,4.69,3.66,1,0,195,Normal,0,0
1/6/2025 23:01,33,79.99,46.92,36.8,1.11,1.6,1,0,219,Normal,0,0
1/6/2025 23:02,16,60.97,28.3,43.76,3.62,2.36,1,0,337,Normal,0,0
1/6/2025 23:03,38,68.27,41.94,49.1,1.99,4.75,1,0,260,Normal,0,0
1/6/2025 23:04,35,80.42,67.14,72.13,2.05,2.1,0,0,314,Normal,0,0
1/6/2025 23:05,34,89.39,42.53,34.7,4.01,4.11,2,0,484,Electrical Fault,0,1
1/6/2025 23:06,28,79.77,46.13,44.66,1.11,3.91,0,0,478,Normal,0,0
1/6/2025 23:07,2,72,41.14,78.86,2.36,1.8,0,0,202,Normal,0,0
1/6/2025 23:08,30,79.73,30.48,31.84,3.52,4.69,1,0,328,Normal,0,0
1/6/2025 23:09,13,77.55,62.9,78.69,1.54,3.9,1,0,226,Normal,0,0
1/6/2025 23:10,41,64.52,76.4,52.62,3.42,0.8,1,0,54,Normal,0,0
1/6/2025 23:11,16,73.24,40.45,57.82,4.74,3.75,1,0,275,Normal,0,0
1/6/2025 23:12,5,76.72,75.57,76.91,3.37,2.25,1,0,82,Normal,0,0
1/6/2025 23:13,28,82.2,49.47,39.73,4.65,3.25,1,0,125,Normal,0,0
1/6/2025 23:14,39,89.22,50.23,43.87,3.35,4.99,2,0,325,Pressure Drop,0,1
1/6/2025 23:15,45,92.89,27.89,76.68,1.45,0.73,0,1,15,Normal,1,1
1/6/2025 23:16,20,58.29,58.99,39.27,3.26,3.53,1,0,235,Normal,0,0
1/6/2025 23:17,24,73.12,65.74,59.46,4.25,3.42,0,0,431,Normal,0,0
1/6/2025 23:18,27,89.96,22.82,37.75,1.23,4.81,0,0,386,Normal,0,0
1/6/2025 23:19,30,82.73,48.69,41.88,1.08,4.89,2,0,448,Normal,0,1
1/6/2025 23:20,45,83.22,44.15,79.52,3.96,2.2,1,0,134,Normal,0,0
1/6/2025 23:21,27,67.71,30.4,55.92,3.27,0.96,1,0,397,Normal,0,0
1/6/2025 23:22,26,68.1,62.9,62.03,3.64,4.39,1,0,111,Normal,0,0
1/6/2025 23:23,7,81.59,47.06,73.4,2.71,4.78,2,0,294,Normal,0,1
1/6/2025 23:24,42,70.22,46.49,76.79,1.66,1.57,2,0,91,Electrical Fault,0,1
1/6/2025 23:25,47,63.65,41.56,41.54,2.39,1.9,1,0,48,Normal,0,0
1/6/2025 23:26,38,76.02,77.04,46.57,1.58,4.03,1,0,498,Normal,0,0
1/6/2025 23:27,5,73.07,61.13,41.22,3.72,1.74,1,0,284,Normal,0,0
1/6/2025 23:28,23,83.69,48.13,63.09,4.02,4.23,1,0,37,Normal,0,0
1/6/2025 23:29,28,79.11,30.27,39.6,1.72,4.63,1,0,487,Normal,0,0
1/6/2025 23:30,34,94.34,31.99,68.93,4.36,4.3,1,1,34,Normal,1,1
1/6/2025 23:31,15,65.1,56.51,51.89,3.14,1.53,1,0,288,Normal,0,0
1/6/2025 23:32,32,75.43,20.06,38.12,2.95,3.62,1,0,186,Normal,0,0
1/6/2025 23:33,26,80.66,69.01,56.64,1.37,4.67,1,0,346,Normal,0,0
1/6/2025 23:34,48,80.28,78.57,38.97,2.45,0.9,1,0,45,Normal,0,0
1/6/2025 23:35,31,77.57,60.91,63.37,4.17,1.09,1,0,220,Normal,0,0
1/6/2025 23:36,19,57.58,-3.02,75.05,4.22,1.68,2,0,144,Pressure Drop,0,1
1/6/2025 23:37,9,55.38,32.27,43.51,3.62,4.5,1,0,90,Normal,0,0
1/6/2025 23:38,29,64.25,36.41,71.06,3.88,3.93,1,0,259,Normal,0,0
1/6/2025 23:39,39,79.96,46.22,72.89,4.92,4.45,1,0,178,Normal,0,0
1/6/2025 23:40,4,56.01,43.05,38.29,3.29,0.54,1,0,329,Normal,0,0
1/6/2025 23:41,3,81.61,40.69,57.51,2.31,2.27,0,0,382,Normal,0,0
1/6/2025 23:42,29,71.97,43.04,43.22,1.92,4.61,0,0,192,Normal,0,0
1/6/2025 23:43,11,71.64,69.36,63.83,4.51,4.07,1,0,265,Normal,0,0
1/6/2025 23:44,33,94.43,61.41,73.74,1.26,2.14,1,1,29,Normal,1,1
1/6/2025 23:45,38,92.88,64.22,63.09,4.4,1.55,0,1,13,Normal,1,1
1/6/2025 23:46,11,68.26,63.61,70.36,1.84,0.87,1,0,214,Normal,0,0
1/6/2025 23:47,27,82.75,65.25,37.81,4.17,3.76,1,0,162,Normal,0,0
1/6/2025 23:48,33,75.38,68.53,63.75,2.7,2.63,1,0,275,Normal,0,0
1/6/2025 23:49,21,83.55,36.82,54.11,2.4,3.94,1,0,356,Normal,0,0
1/6/2025 23:50,39,71.09,69.52,49.67,3.08,2.76,1,0,382,Normal,0,0
1/6/2025 23:51,31,61.65,23,36.87,3.65,1.89,1,0,318,Normal,0,0
1/6/2025 23:52,38,74.58,59.2,76.14,4.12,2.38,1,0,35,Normal,0,0
1/6/2025 23:53,46,83.11,51.11,77.35,3.22,4.1,1,0,195,Normal,0,0
1/6/2025 23:54,2,73.62,67.71,69.06,1.14,3.26,1,0,147,Normal,0,0
1/6/2025 23:55,27,83.25,63.84,53.5,4.1,0.82,2,0,129,Overheating,0,1
1/6/2025 23:56,36,87.74,26.4,60.36,2.51,3.02,1,0,198,Normal,0,0
1/6/2025 23:57,11,86.79,39.01,67.22,1.69,0.92,1,0,173,Normal,0,0
1/6/2025 23:58,47,79.7,47.15,71.37,1.61,3.53,1,0,360,Normal,0,0
1/6/2025 23:59,18,61.81,71.76,73.36,3.74,3.76,1,0,118,Normal,0,0
1/7/2025 0:00,1,55.26,60.59,42.95,1.54,1.87,1,0,63,Normal,0,0
1/7/2025 0:01,35,80.89,32.89,33.51,3.08,4.79,1,0,90,Normal,0,0
1/7/2025 0:02,35,82.82,47.51,79,4.84,4.1,0,0,41,Normal,0,0
1/7/2025 0:03,31,75.1,71.98,53.41,1.12,4.83,1,0,97,Normal,0,0
1/7/2025 0:04,28,77.63,18.28,65.72,3.28,1.5,1,0,82,Normal,0,0
1/7/2025 0:05,39,74.05,46.8,39.14,2.19,2.04,1,0,193,Normal,0,0
1/7/2025 0:06,1,75.69,47.6,49.67,3.66,4.7,1,0,221,Normal,0,0
1/7/2025 0:07,25,78.81,43.43,52.8,3.51,2.18,0,0,383,Normal,0,0
1/7/2025 0:08,43,84.04,42.28,70.25,2.96,0.66,1,0,128,Normal,0,0
1/7/2025 0:09,38,76.12,31.43,70.75,4.98,1.51,1,0,97,Normal,0,0
1/7/2025 0:10,20,75.18,41.85,69.99,4.97,1.76,1,0,81,Normal,0,0
1/7/2025 0:11,3,73.56,69.57,72.47,4.62,1.51,1,0,467,Normal,0,0
1/7/2025 0:12,2,77.32,52.15,39.9,3.68,1.4,0,0,92,Normal,0,0
1/7/2025 0:13,18,54.98,45.98,61.25,2.23,2.37,1,0,87,Normal,0,0
1/7/2025 0:14,44,84.13,58.44,79.88,1.74,1.04,1,0,310,Normal,0,0
1/7/2025 0:15,10,73.09,55.04,43.5,1.86,0.86,1,0,84,Normal,0,0
1/7/2025 0:16,5,67.17,14.31,44.94,2.73,2.47,1,0,111,Normal,0,0
1/7/2025 0:17,9,88.77,61.55,67.18,1.75,2.09,1,0,409,Normal,0,0
1/7/2025 0:18,2,72.26,68.5,69.73,3.63,2.25,2,0,122,Normal,0,1
1/7/2025 0:19,34,64.53,74.11,54.64,2.54,1.66,1,0,290,Normal,0,0
1/7/2025 0:20,38,82.42,49.33,52.81,1.12,0.98,1,0,313,Normal,0,0
1/7/2025 0:21,31,70.23,46.07,72.42,1.89,2.47,0,0,423,Normal,0,0
1/7/2025 0:22,10,71.25,32.83,52.63,3.64,3.1,1,0,96,Normal,0,0
1/7/2025 0:23,50,83.57,61.51,71.8,2.47,1.78,1,0,391,Normal,0,0
1/7/2025 0:24,12,84.85,56.54,55.11,1.44,4.08,2,0,341,Vibration Issue,0,1
1/7/2025 0:25,36,61.54,35.63,63.92,2.6,2.52,1,0,337,Normal,0,0
1/7/2025 0:26,21,74.2,49.06,35.25,4.93,2.55,1,0,379,Normal,0,0
1/7/2025 0:27,49,60.51,67.23,58.1,1.89,2.5,1,0,254,Normal,0,0
1/7/2025 0:28,47,70.7,61.77,56.94,2.65,4.43,1,0,11,Normal,0,1
1/7/2025 0:29,6,67.1,57.48,77.65,2.48,2.08,0,0,86,Normal,0,0
1/7/2025 0:30,48,85.53,48.91,75.86,3.27,4.58,1,0,123,Normal,0,0
1/7/2025 0:31,49,64.06,65.97,50.96,1.62,2.27,1,0,236,Normal,0,0
1/7/2025 0:32,3,80.45,52.51,46.32,3.17,2.16,1,0,493,Normal,0,0
1/7/2025 0:33,10,72.02,49.26,32.69,2.62,2.18,1,0,109,Normal,0,0
1/7/2025 0:34,5,59.03,45.47,41.31,4.69,1.03,1,0,424,Normal,0,0
1/7/2025 0:35,46,66.75,23.47,69.53,1.67,1.35,2,0,73,Vibration Issue,0,1
1/7/2025 0:36,26,62.02,28.97,79.27,4.51,2.99,1,0,122,Normal,0,0
1/7/2025 0:37,21,66.81,65.81,75.32,4.35,2.29,1,0,387,Normal,0,0
1/7/2025 0:38,45,64.91,30.41,56.65,1.46,1.95,0,0,169,Normal,0,0
1/7/2025 0:39,26,71.7,66.05,38.32,4.13,1.95,2,0,413,Normal,0,1
1/7/2025 0:40,38,84.58,42.38,58.73,4.43,1.78,1,0,485,Normal,0,0
1/7/2025 0:41,44,66.48,73.76,53.17,3.97,0.59,1,0,399,Normal,0,0
1/7/2025 0:42,26,63.68,48.56,48.87,3.93,3.43,2,0,409,Normal,0,1
1/7/2025 0:43,8,68.96,52.67,63.61,4.5,1.9,1,0,25,Normal,0,0
1/7/2025 0:44,5,71.98,33.95,67.49,1.57,1.87,2,0,73,Vibration Issue,0,1
1/7/2025 0:45,15,67.22,32.35,73.86,3.83,0.61,1,0,218,Normal,0,0
1/7/2025 0:46,16,62.05,21.04,40.84,4.88,3.32,2,0,286,Electrical Fault,0,1
1/7/2025 0:47,1,82.53,31.35,79.08,3.27,3.61,1,0,340,Normal,0,0
1/7/2025 0:48,16,80.77,48.54,54.45,1.72,4.37,2,0,194,Pressure Drop,0,1
1/7/2025 0:49,37,74.01,39.81,58.98,2.3,3.75,1,0,419,Normal,0,0
1/7/2025 0:50,3,90.09,61.98,78.76,2.71,1.75,1,1,46,Normal,1,1
1/7/2025 0:51,47,99.73,44.53,50.23,1.6,4.23,1,1,29,Normal,1,1
1/7/2025 0:52,31,88.28,78.36,38.68,3.55,4.24,1,0,282,Normal,0,0
1/7/2025 0:53,13,53.97,41.77,36.23,4.54,3.22,1,0,464,Normal,0,0
1/7/2025 0:54,16,78.12,8.26,45.97,3.19,1.33,1,0,350,Normal,0,0
1/7/2025 0:55,43,67.16,44.43,35.2,2.34,2.26,1,0,460,Normal,0,0
1/7/2025 0:56,21,71.42,45.43,71.46,2.21,3.98,1,0,128,Normal,0,0
1/7/2025 0:57,2,58.98,54.95,53.36,1.33,3.9,1,0,249,Normal,0,0
1/7/2025 0:58,27,77.63,52.81,63.99,4.38,0.63,1,0,250,Normal,0,0
1/7/2025 0:59,38,92.31,54.95,46.54,4.71,0.84,1,1,19,Normal,1,1
1/7/2025 1:00,26,74.35,47.62,49.46,2.91,3.45,1,0,327,Normal,0,0
1/7/2025 1:01,38,85.16,44.13,48.42,4.78,2.69,2,0,465,Pressure Drop,0,1
1/7/2025 1:02,46,78.44,39.34,75.24,3.53,1.42,1,0,318,Normal,0,0
1/7/2025 1:03,25,82.63,45.87,45.72,2.02,4.78,2,0,357,Vibration Issue,0,1
1/7/2025 1:04,11,52.3,42.67,33.93,4.58,1.86,1,0,359,Normal,0,0
1/7/2025 1:05,8,79.32,64.76,34.62,2.18,2.69,1,0,52,Normal,0,0
1/7/2025 1:06,8,83.48,69.78,45.68,2.62,0.8,1,0,41,Normal,0,0
1/7/2025 1:07,33,92.04,36.71,36.42,3.39,4.19,0,1,36,Normal,1,1
1/7/2025 1:08,7,60.6,69.22,66.1,1.19,4.77,1,0,334,Normal,0,0
1/7/2025 1:09,38,91.41,76.47,40.97,4.05,2.85,1,1,22,Normal,1,1
1/7/2025 1:10,21,71.7,50.57,70.9,1.44,3.14,1,0,120,Normal,0,0
1/7/2025 1:11,8,76.89,74.35,78.62,3.06,3.43,0,0,37,Normal,0,0
1/7/2025 1:12,21,84.44,78.7,79.29,1.05,4.87,1,0,467,Normal,0,0
1/7/2025 1:13,20,84.25,66.41,78.52,1.53,0.81,0,0,98,Normal,0,0
1/7/2025 1:14,8,57.77,63.89,38.63,2.16,4.43,1,0,129,Normal,0,0
1/7/2025 1:15,46,76.16,51.6,68.69,2.54,3.43,1,0,425,Normal,0,0
1/7/2025 1:16,31,64.41,56.81,55.95,3.48,2.46,1,0,23,Normal,0,0
1/7/2025 1:17,50,75.54,45.69,61.29,2.16,3.75,2,0,200,Vibration Issue,0,1
1/7/2025 1:18,29,68.92,40.66,58.95,4.68,3.02,1,0,295,Normal,0,0
1/7/2025 1:19,48,58.4,49.81,73.44,2.91,4.85,1,0,305,Normal,0,0
1/7/2025 1:20,9,64.87,67.03,35.49,1.57,0.69,1,0,252,Normal,0,0
1/7/2025 1:21,15,80.61,73.2,32.6,1.49,0.5,1,0,166,Normal,0,0
1/7/2025 1:22,30,78.47,42.65,55.32,2.92,1.4,2,0,365,Vibration Issue,0,1
1/7/2025 1:23,26,63.99,56.09,48.58,2.34,0.65,1,0,455,Normal,0,0
1/7/2025 1:24,10,69.26,61.27,76.83,2.38,3.74,1,0,92,Normal,0,0
1/7/2025 1:25,29,77.48,47.01,38.22,3.05,4.15,1,0,227,Normal,0,0
1/7/2025 1:26,16,77.91,51.33,49.36,1.9,3.43,2,0,50,Electrical Fault,0,1
1/7/2025 1:27,36,81.76,36.26,62.93,4.31,1.09,1,0,485,Normal,0,0
1/7/2025 1:28,20,77.31,39.67,35.88,4.34,2.19,1,0,327,Normal,0,0
1/7/2025 1:29,45,80.91,56.22,45.25,4.67,1.58,1,0,46,Normal,0,0
1/7/2025 1:30,37,74.34,40.7,71.37,4.87,2.6,2,0,195,Overheating,0,1
1/7/2025 1:31,22,80,67.35,32.87,2.42,2.49,1,0,238,Normal,0,0
1/7/2025 1:32,7,91.05,63.17,73.25,3.95,1.77,1,1,42,Normal,1,1
1/7/2025 1:33,23,90.72,45.06,49.82,4.84,1.77,1,1,15,Normal,1,1
1/7/2025 1:34,41,75.37,36.52,40.49,3.11,4.41,1,0,389,Normal,0,0
1/7/2025 1:35,40,63.3,36.68,73.93,3.18,1.12,1,0,353,Normal,0,0
1/7/2025 1:36,29,88.44,41.42,56.81,4.47,2.94,1,0,186,Normal,0,0
1/7/2025 1:37,16,51.5,54.87,44.59,2.04,1.95,1,0,89,Normal,0,0
1/7/2025 1:38,38,80.2,51.97,35.62,2.88,3.12,1,0,328,Normal,0,0
1/7/2025 1:39,28,79.85,69.78,42.42,3.46,2.68,1,0,87,Normal,0,0
1/7/2025 1:40,48,75.48,70.92,37.84,1.65,1.85,0,0,73,Normal,0,0
1/7/2025 1:41,38,78.96,40.46,76.22,3.99,2.24,1,0,313,Normal,0,0
1/7/2025 1:42,31,61.8,57.26,42.01,3.45,3.2,1,0,292,Normal,0,0
1/7/2025 1:43,14,64.49,41.39,77.42,4.27,2.38,1,0,100,Normal,0,0
1/7/2025 1:44,33,62.2,56.89,55.43,1.75,3.85,1,0,199,Normal,0,0
1/7/2025 1:45,9,63.43,65.7,77.72,3.63,0.6,0,0,207,Normal,0,0
1/7/2025 1:46,27,67.97,13.24,41.87,2.02,1.11,1,0,201,Normal,0,0
1/7/2025 1:47,24,73.23,46.98,60.42,3.94,0.92,1,0,121,Normal,0,0
1/7/2025 1:48,13,84.98,42.67,78.41,1.82,3.54,1,0,260,Normal,0,0
1/7/2025 1:49,26,94.56,14.53,79.23,3.74,1.52,1,1,47,Normal,1,1
1/7/2025 1:50,29,66.72,32.06,45.2,4.13,3.47,1,0,127,Normal,0,0
1/7/2025 1:51,49,74.25,38.43,46.96,1.81,3,1,0,361,Normal,0,0
1/7/2025 1:52,43,75.99,40.91,68.08,1.44,2.46,1,0,388,Normal,0,0
1/7/2025 1:53,28,66.11,50.12,65.81,4.16,1,1,0,176,Normal,0,0
1/7/2025 1:54,28,70.37,61.7,46.97,2.76,1.52,1,0,465,Normal,0,0
1/7/2025 1:55,8,91.92,34.08,33.95,3.43,1.02,1,1,13,Normal,1,1
1/7/2025 1:56,23,86.97,70.77,48.6,3.35,1.46,1,0,181,Normal,0,0
1/7/2025 1:57,29,88.2,59.53,56.74,2.61,2.26,1,0,270,Normal,0,0
1/7/2025 1:58,5,80.53,49.81,35.28,3.14,2.71,1,0,143,Normal,0,0
1/7/2025 1:59,42,83.48,65.49,71.87,4.03,2,1,0,383,Normal,0,0
1/7/2025 2:00,7,78.63,66.88,51.21,2.19,2.86,1,0,475,Normal,0,0
1/7/2025 2:01,42,90.98,47.73,66.53,4.35,4.68,2,1,45,Normal,1,1
1/7/2025 2:02,36,45.82,72.7,31.23,3.55,2.21,1,0,272,Normal,0,0
1/7/2025 2:03,41,64.05,46.61,34.21,2.23,4.19,2,0,233,Overheating,0,1
1/7/2025 2:04,27,60.22,56.01,70.73,3.72,0.59,1,0,467,Normal,0,0
1/7/2025 2:05,46,68.18,47.63,49.89,2.48,4.02,0,0,347,Normal,0,0
1/7/2025 2:06,2,75.53,41.38,44.5,1.82,4.05,1,0,305,Normal,0,0
1/7/2025 2:07,25,73.56,69.85,56.8,2.42,0.73,1,0,264,Normal,0,0
1/7/2025 2:08,9,66.47,74.78,60.23,4.34,1.86,0,0,380,Normal,0,0
1/7/2025 2:09,27,76.69,51.11,47.57,1.57,0.56,1,0,443,Normal,0,0
1/7/2025 2:10,1,78.46,74.29,72.75,2.99,3.84,1,0,142,Normal,0,0
1/7/2025 2:11,23,80.29,54.99,31.11,1.59,4.79,1,0,218,Normal,0,0
1/7/2025 2:12,10,82.62,31.97,42.29,1.35,4.93,1,0,488,Normal,0,0
1/7/2025 2:13,42,68.76,69.5,68.26,1.7,3.46,1,0,57,Normal,0,0
1/7/2025 2:14,25,85.01,61.97,65.02,3.01,4.99,1,0,180,Normal,0,0
1/7/2025 2:15,3,74.28,42.53,65.78,3.74,1,2,0,368,Electrical Fault,0,1
1/7/2025 2:16,6,82.53,55.74,66.44,3.49,3.83,1,0,434,Normal,0,0
1/7/2025 2:17,6,68.68,48.14,42.74,1.1,1.97,1,0,372,Normal,0,0
1/7/2025 2:18,2,92.16,62.61,52.96,1.42,3.03,1,1,35,Normal,1,1
1/7/2025 2:19,18,80.04,58.03,40.94,2.18,1.22,2,0,54,Vibration Issue,0,1
1/7/2025 2:20,23,76.13,45.96,31.79,2.39,3.17,1,0,219,Normal,0,0
1/7/2025 2:21,2,62.87,64.55,50.52,4.87,1.89,1,0,70,Normal,0,0
1/7/2025 2:22,12,85.87,28.93,67.01,1.72,4.39,1,0,470,Normal,0,0
1/7/2025 2:23,22,64.15,32.62,39.57,1.03,3.86,1,0,470,Normal,0,0
1/7/2025 2:24,37,97.17,41.61,31.52,3.31,1.26,1,1,29,Normal,1,1
1/7/2025 2:25,20,82.33,50.76,34,1.24,1.37,2,0,422,Vibration Issue,0,1
1/7/2025 2:26,39,61.95,64.25,48.92,3.56,4.69,1,0,118,Normal,0,0
1/7/2025 2:27,24,77.13,23.67,42.91,1.09,3,1,0,48,Normal,0,0
1/7/2025 2:28,48,94.67,58.02,54.87,2.16,1.86,1,1,24,Normal,1,1
1/7/2025 2:29,20,74.86,30.01,78.89,3.24,0.78,1,0,247,Normal,0,0
1/7/2025 2:30,1,71.42,56.33,37.97,2,4.01,0,0,449,Normal,0,0
1/7/2025 2:31,1,78.11,62.25,34.55,1.73,0.84,1,0,237,Normal,0,0
1/7/2025 2:32,17,67.45,49.5,34.63,1.37,2.04,0,0,100,Normal,0,0
1/7/2025 2:33,1,88.34,38.9,66.47,1.01,0.99,1,0,189,Normal,0,0
1/7/2025 2:34,45,66.44,53.06,42.39,1.74,1.91,0,0,242,Normal,0,0
1/7/2025 2:35,30,79.32,45.68,77.77,3.26,1.45,1,0,106,Normal,0,0
1/7/2025 2:36,41,87.51,47.51,33.83,1.54,2.62,1,0,109,Normal,0,0
1/7/2025 2:37,47,75.56,47.44,31.32,2.91,1.31,1,0,99,Normal,0,0
1/7/2025 2:38,3,87.91,40.25,57.53,1.01,2.13,1,0,442,Normal,0,0
1/7/2025 2:39,46,73.11,57.84,74.72,1.81,1.82,1,0,100,Normal,0,0
1/7/2025 2:40,11,63.74,61.65,35.51,3.01,0.84,1,0,447,Normal,0,0
1/7/2025 2:41,24,82.42,54.87,48.28,3.98,4.96,1,0,149,Normal,0,0
1/7/2025 2:42,22,78.37,44.98,50.57,2.68,2.79,1,0,341,Normal,0,0
1/7/2025 2:43,44,65.42,57.37,47.23,3.4,0.68,1,0,375,Normal,0,0
1/7/2025 2:44,45,74.13,15.67,33,1.02,3.55,1,0,344,Normal,0,0
1/7/2025 2:45,26,65.25,48.19,79.22,4.77,3.25,1,0,134,Normal,0,0
1/7/2025 2:46,13,74.94,74.41,75.85,2.14,1.23,1,0,343,Normal,0,0
1/7/2025 2:47,1,97.82,61.54,77.02,4.56,1.76,2,1,28,Overheating,1,1
1/7/2025 2:48,24,84.59,51.63,46.71,3.45,2.52,1,0,207,Normal,0,0
1/7/2025 2:49,10,81.27,57.71,43.93,2.68,3.15,1,0,291,Normal,0,0
1/7/2025 2:50,35,76.69,67.71,50.2,3.25,2.21,1,0,453,Normal,0,0
1/7/2025 2:51,24,85.49,40.46,36.67,1.45,4.17,1,0,429,Normal,0,0
1/7/2025 2:52,28,75.78,46.46,52.7,3.15,4.57,1,0,65,Normal,0,0
1/7/2025 2:53,36,57.07,46.94,61.78,2.68,1.36,1,0,420,Normal,0,0
1/7/2025 2:54,16,61.61,38.6,33.53,1.17,4.26,1,0,315,Normal,0,0
1/7/2025 2:55,40,69.51,67.1,32.5,3.69,4.1,1,0,212,Normal,0,0
1/7/2025 2:56,16,70.79,70.32,58.13,3.27,4.15,1,0,77,Normal,0,0
1/7/2025 2:57,17,75.26,38.67,69.73,4.69,0.92,1,0,142,Normal,0,0
1/7/2025 2:58,15,86.87,69.13,59.74,4.52,0.77,1,0,55,Normal,0,0
1/7/2025 2:59,16,78.9,46.63,47.88,2.55,2.75,1,0,444,Normal,0,0
1/7/2025 3:00,15,76.78,42.82,76.77,1.05,4.73,1,0,115,Normal,0,0
1/7/2025 3:01,34,63.97,51.78,59.44,2.44,2.69,1,0,404,Normal,0,0
1/7/2025 3:02,11,73.46,35.37,58.73,4.67,2.53,1,0,356,Normal,0,0
1/7/2025 3:03,1,68.8,52.39,36.48,1.69,3.02,2,0,70,Overheating,0,1
1/7/2025 3:04,15,64.77,52.05,47.37,3.74,4.67,1,0,423,Normal,0,0
1/7/2025 3:05,26,44.32,70.16,61,1.57,4.73,1,0,374,Normal,0,0
1/7/2025 3:06,4,63.16,35.78,60.06,1.68,3.11,1,0,338,Normal,0,0
1/7/2025 3:07,43,92.45,32.93,40.32,4.35,3.83,1,1,23,Normal,1,1
1/7/2025 3:08,5,86.65,51.67,50.72,4.83,3.24,1,0,174,Normal,0,0
1/7/2025 3:09,35,66.47,49.46,66.31,1.59,3.81,1,0,475,Normal,0,0
1/7/2025 3:10,13,70.17,58.63,52.63,4.97,2.07,1,0,474,Normal,0,0
1/7/2025 3:11,10,100.14,51.17,49.11,4.23,2.7,1,1,48,Normal,1,1
1/7/2025 3:12,11,98.8,61.5,43.05,4.54,3.66,1,1,18,Normal,1,1
1/7/2025 3:13,18,77.16,56.59,39.74,3.44,3.87,1,0,104,Normal,0,0
1/7/2025 3:14,34,82.48,77.99,41.31,3.84,4.71,1,0,362,Normal,0,0
1/7/2025 3:15,39,77.98,59.32,38.29,4.74,2.46,1,0,436,Normal,0,0
1/7/2025 3:16,41,71.86,48.92,76.34,2.13,2.47,1,0,204,Normal,0,0
1/7/2025 3:17,42,77.76,47.83,66.17,4.72,4.83,1,0,98,Normal,0,0
1/7/2025 3:18,50,81.3,50.2,49.41,4.81,4.23,1,0,423,Normal,0,0
1/7/2025 3:19,23,85.53,64.7,53.93,4.07,1.77,1,0,259,Normal,0,0
1/7/2025 3:20,7,78.28,47.55,64.32,3.87,4.61,1,0,330,Normal,0,0
1/7/2025 3:21,39,78.14,48.87,58.5,3.25,4.94,1,0,476,Normal,0,0
1/7/2025 3:22,3,62.35,53.29,78.81,1.24,2.97,1,0,136,Normal,0,0
1/7/2025 3:23,12,66.75,67.72,65.31,2.44,1.16,1,0,302,Normal,0,0
1/7/2025 3:24,7,56.89,46.44,74.76,2.54,4.57,1,0,293,Normal,0,0
1/7/2025 3:25,49,79.73,47.39,30.03,1.8,4.65,1,0,482,Normal,0,0
1/7/2025 3:26,26,69.29,55.04,65.89,2.79,5,1,0,344,Normal,0,0
1/7/2025 3:27,33,73.01,47.45,63.27,4.11,1.57,2,0,478,Overheating,0,1
1/7/2025 3:28,37,75.86,46.74,75.26,3.09,1.59,1,0,75,Normal,0,0
1/7/2025 3:29,48,78.02,59.42,70.66,4.18,1.1,1,0,57,Normal,0,0
1/7/2025 3:30,15,55.96,63.91,50.03,1.03,2.23,1,0,58,Normal,0,0
1/7/2025 3:31,2,78.86,67.72,74.15,3.4,3.83,1,0,143,Normal,0,0
1/7/2025 3:32,41,71.05,49.04,59.56,1.63,2.57,1,0,365,Normal,0,0
1/7/2025 3:33,7,83.81,42.92,58.71,1.61,2.09,1,0,378,Normal,0,0
1/7/2025 3:34,32,71.8,61.5,69.08,3.73,2.33,1,0,175,Normal,0,0
1/7/2025 3:35,4,68.89,54.8,63.22,4.04,3.5,0,0,37,Normal,0,0
1/7/2025 3:36,20,86.4,64.15,62.35,3.72,4.64,2,0,147,Vibration Issue,0,1
1/7/2025 3:37,50,65.35,27.19,32.51,3.99,2.38,1,0,220,Normal,0,0
1/7/2025 3:38,36,69.87,61.41,49.6,4.62,4.77,1,0,37,Normal,0,0
1/7/2025 3:39,32,65.74,72.39,30.04,3.18,1.28,1,0,94,Normal,0,0
1/7/2025 3:40,28,70.32,63.06,63.05,3.93,4.55,1,0,220,Normal,0,0
1/7/2025 3:41,13,91.82,60.18,46.2,2.67,1.98,1,1,32,Normal,1,1
1/7/2025 3:42,1,62.89,59.47,74.24,1.52,3.52,2,0,308,Pressure Drop,0,1
1/7/2025 3:43,35,72.46,20.64,77.32,2.67,2.3,1,0,96,Normal,0,0
1/7/2025 3:44,48,82.87,67.37,75.88,2.74,4.03,1,0,424,Normal,0,0
1/7/2025 3:45,30,72.76,41.08,49.75,2.39,3.43,1,0,396,Normal,0,0
1/7/2025 3:46,36,78.92,35.39,41.58,2.15,2.36,1,0,84,Normal,0,0
1/7/2025 3:47,25,69.66,60.09,36.45,1.26,3.13,1,0,212,Normal,0,0
1/7/2025 3:48,16,73.93,48.18,41.32,2.49,1.57,1,0,398,Normal,0,0
1/7/2025 3:49,19,72.43,27.11,47.32,3.18,1.03,1,0,223,Normal,0,0
1/7/2025 3:50,1,73.14,44.73,77.09,3.21,4.85,1,0,218,Normal,0,0
1/7/2025 3:51,5,86.74,44.69,35.76,1.62,3.34,1,0,104,Normal,0,0
1/7/2025 3:52,22,68.94,46.38,72.6,1.11,4.2,1,0,382,Normal,0,0
1/7/2025 3:53,24,78.1,20.76,40.77,3.21,4.98,1,0,160,Normal,0,0
1/7/2025 3:54,43,84.6,60.23,59.5,2.83,4.12,2,0,29,Vibration Issue,0,1
1/7/2025 3:55,45,80.52,43.22,51.76,2.92,3.79,1,0,274,Normal,0,0
1/7/2025 3:56,37,72.3,41.49,38.2,4.13,4.04,1,0,322,Normal,0,0
1/7/2025 3:57,36,88.5,35.42,32.9,1.14,3.41,1,0,13,Normal,0,1
1/7/2025 3:58,36,76.61,65.36,45.94,2.4,2.67,2,0,12,Overheating,0,1
1/7/2025 3:59,4,83.7,43.91,30.15,1.83,1.59,1,0,361,Normal,0,0
1/7/2025 4:00,36,69.72,20.81,59.01,1.03,4.62,1,0,158,Normal,0,0
1/7/2025 4:01,18,80.86,15.92,79.51,3.61,3.15,1,0,88,Normal,0,0
1/7/2025 4:02,50,81.73,31.42,69.68,3.61,2.81,1,0,438,Normal,0,0
1/7/2025 4:03,16,67.34,66.81,73.3,4.9,3.89,2,0,310,Electrical Fault,0,1
1/7/2025 4:04,41,88.58,66.09,58.91,4.64,3.95,1,0,449,Normal,0,0
1/7/2025 4:05,18,86.29,47.85,51.32,3.89,4.69,1,0,450,Normal,0,0
1/7/2025 4:06,22,69.61,35.9,72.48,2.06,0.72,2,0,16,Pressure Drop,0,1
1/7/2025 4:07,2,60.85,68.39,45.64,4.67,3.75,1,0,314,Normal,0,0
1/7/2025 4:08,21,73.23,52.44,43.08,4.45,4.79,1,0,134,Normal,0,0
1/7/2025 4:09,36,74.01,37.94,41.18,1.47,1.63,2,0,38,Pressure Drop,0,1
1/7/2025 4:10,44,68.98,55.75,67.02,4.55,4.16,1,0,425,Normal,0,0
1/7/2025 4:11,39,70.3,60.3,52.86,3.02,1.51,1,0,123,Normal,0,0
1/7/2025 4:12,47,83.3,71.99,46.77,2.58,3.81,1,0,20,Normal,0,0
1/7/2025 4:13,39,91.01,56.46,38.65,3.96,3.25,1,1,36,Normal,1,1
1/7/2025 4:14,29,82.82,41.48,62.74,3.75,3.87,0,0,44,Normal,0,0
1/7/2025 4:15,26,87.52,43.16,57.34,1.42,1.7,1,0,169,Normal,0,0
1/7/2025 4:16,21,75.05,65.49,50.22,3.48,3.6,1,0,330,Normal,0,0
1/7/2025 4:17,17,59.63,43.9,61.4,1.06,4.55,1,0,172,Normal,0,0
1/7/2025 4:18,16,69.49,28.41,69.97,4,4.27,1,0,192,Normal,0,0
1/7/2025 4:19,31,67.77,51.92,41.34,2.39,0.79,1,0,99,Normal,0,0
1/7/2025 4:20,9,84.85,56.48,68.01,3.54,0.67,1,0,206,Normal,0,0
1/7/2025 4:21,31,53.99,74.65,33.19,4.6,1.36,1,0,413,Normal,0,0
1/7/2025 4:22,14,76.53,46.86,66.54,1.7,2.58,1,0,384,Normal,0,0
1/7/2025 4:23,49,73.47,46.62,43.84,3.95,1.43,1,0,208,Normal,0,0
1/7/2025 4:24,37,78.61,25.3,56.45,1.79,4.51,1,0,87,Normal,0,0
1/7/2025 4:25,2,65.46,46.65,59.06,4.8,0.98,1,0,59,Normal,0,0
1/7/2025 4:26,48,86.65,58.37,76.06,1.57,4.21,1,0,245,Normal,0,0
1/7/2025 4:27,46,76.77,58.41,58.25,2.98,2.44,1,0,263,Normal,0,0
1/7/2025 4:28,14,63.75,62.73,51.21,3.88,3.41,2,0,59,Overheating,0,1
1/7/2025 4:29,33,65.19,45.72,74.37,2.13,4.79,1,0,45,Normal,0,0
1/7/2025 4:30,35,70.7,72.14,60.58,2.63,4.43,1,0,110,Normal,0,0
1/7/2025 4:31,39,80.34,51.61,36.78,3.82,2.03,1,0,470,Normal,0,0
1/7/2025 4:32,47,67.4,77.76,57.29,2.13,2.79,1,0,330,Normal,0,0
1/7/2025 4:33,20,81.05,69.81,35.96,1.32,1.79,1,0,390,Normal,0,0
1/7/2025 4:34,2,74.56,54.37,56.54,3.72,3.61,1,0,483,Normal,0,0
1/7/2025 4:35,41,89.87,19.43,43.35,1.51,1.95,1,0,178,Normal,0,0
1/7/2025 4:36,19,69.13,50,59.02,4.68,2.2,1,0,37,Normal,0,0
1/7/2025 4:37,37,74.44,63,65.04,3.49,4.29,1,0,379,Normal,0,0
1/7/2025 4:38,18,83.78,62.21,77.64,3.95,3.01,1,0,240,Normal,0,0
1/7/2025 4:39,16,66.58,47.64,47.99,1.69,3.99,1,0,311,Normal,0,0
1/7/2025 4:40,4,65.78,41.52,57.1,1.95,4.39,1,0,27,Normal,0,0
1/7/2025 4:41,12,63.41,25.07,37.89,3.39,3.87,2,0,217,Pressure Drop,0,1
1/7/2025 4:42,29,80.87,37.6,63.42,3.84,2.75,1,0,133,Normal,0,0
1/7/2025 4:43,7,60.55,26.97,47,3.25,1.47,1,0,190,Normal,0,0
1/7/2025 4:44,14,77.86,48.97,48.7,2.17,4.98,1,0,468,Normal,0,0
1/7/2025 4:45,12,68.02,44.48,45.46,4.3,2.06,1,0,311,Normal,0,0
1/7/2025 4:46,35,68.07,31.09,47.33,2.93,3.69,1,0,478,Normal,0,0
1/7/2025 4:47,5,56.1,43.48,62.65,3.79,4.3,1,0,448,Normal,0,0
1/7/2025 4:48,17,73.98,89.49,77.9,1.9,0.6,1,1,16,Normal,1,1
1/7/2025 4:49,42,67.53,30.53,52.08,4.81,2.53,1,0,328,Normal,0,0
1/7/2025 4:50,32,72.83,39.41,44.31,4.1,1.62,1,0,173,Normal,0,0
1/7/2025 4:51,10,72.95,45.26,37.22,3.14,2.49,1,0,245,Normal,0,0
1/7/2025 4:52,43,92.29,50.62,31.04,4.73,1.77,0,1,34,Normal,1,1
1/7/2025 4:53,17,65.84,59.81,73.63,4.57,0.96,1,0,96,Normal,0,0
1/7/2025 4:54,5,80.04,45.4,53.19,1.89,3.19,2,0,190,Vibration Issue,0,1
1/7/2025 4:55,45,71.55,58.91,39.16,2.51,2.07,1,0,50,Normal,0,0
1/7/2025 4:56,42,80.83,41.01,41.59,2.85,2.37,1,0,208,Normal,0,0
1/7/2025 4:57,9,73.15,61.44,74.72,1.16,2.88,1,0,424,Normal,0,0
1/7/2025 4:58,49,92.77,29.31,69.55,4.05,4.88,1,1,19,Normal,1,1
1/7/2025 4:59,33,74.4,74.63,74.35,2.74,4.06,1,0,143,Normal,0,0
1/7/2025 5:00,36,76.01,35.27,68.01,2.21,4.86,1,0,127,Normal,0,0
1/7/2025 5:01,36,86.89,61.63,42.48,4.97,1.99,1,0,465,Normal,0,0
1/7/2025 5:02,18,71.41,33.29,48.37,1.38,3.32,1,0,485,Normal,0,0
1/7/2025 5:03,9,85.32,38.33,69.27,1.8,0.83,1,0,491,Normal,0,0
1/7/2025 5:04,29,86.94,43.2,45.59,3.69,1.63,1,0,452,Normal,0,0
1/7/2025 5:05,50,69.45,25.94,71.41,1.27,4,1,0,176,Normal,0,0
1/7/2025 5:06,14,83.05,63.48,51.1,2.39,1.99,2,0,337,Pressure Drop,0,1
1/7/2025 5:07,25,65.4,37.91,57.57,1.5,2.88,1,0,238,Normal,0,0
1/7/2025 5:08,15,77.1,67.43,32.51,2.31,3.69,1,0,23,Normal,0,0
1/7/2025 5:09,6,68.44,58.29,50.51,3.66,4.2,1,0,428,Normal,0,0
1/7/2025 5:10,42,74.32,53.72,70.66,3.32,3.53,1,0,251,Normal,0,0
1/7/2025 5:11,29,81.86,13.01,76.26,2.57,1.12,1,0,173,Normal,0,0
1/7/2025 5:12,15,86.26,51.78,73.11,4.44,1.17,1,0,375,Normal,0,0
1/7/2025 5:13,29,51.66,48.69,69.12,2.49,1.69,1,0,331,Normal,0,0
1/7/2025 5:14,4,66.28,52.17,37.64,4.44,1.88,2,0,46,Normal,0,1
1/7/2025 5:15,18,88.56,56.94,53.93,4.36,2.33,1,0,240,Normal,0,0
1/7/2025 5:16,50,75,61.17,30.34,4.39,4.05,1,0,17,Normal,0,1
1/7/2025 5:17,49,74.68,59.92,64.56,3.99,1.68,0,0,45,Normal,0,0
1/7/2025 5:18,44,84.93,55.16,64.42,4.54,1.67,1,0,323,Normal,0,0
1/7/2025 5:19,39,50.5,54.47,48.07,3.74,4.87,1,0,389,Normal,0,0
1/7/2025 5:20,16,65.04,35.27,38.35,4.28,1.45,2,0,188,Normal,0,1
1/7/2025 5:21,11,84.9,37.29,39.51,1.24,2.43,1,0,125,Normal,0,0
1/7/2025 5:22,14,58.19,39.85,63.72,4.09,4.41,1,0,47,Normal,0,0
1/7/2025 5:23,3,75.36,74.11,74.7,1.54,4.55,1,0,140,Normal,0,0
1/7/2025 5:24,50,54.38,58.78,63.7,1.43,0.75,0,0,56,Normal,0,0
1/7/2025 5:25,42,69.61,50.48,53.32,2.36,0.77,2,0,107,Normal,0,1
1/7/2025 5:26,38,86.28,28.94,34.65,3.73,0.58,2,0,59,Vibration Issue,0,1
1/7/2025 5:27,45,56.39,61.52,62.16,3.31,1.83,2,0,168,Overheating,0,1
1/7/2025 5:28,42,71.8,35.57,66.62,2.44,3.06,1,0,376,Normal,0,0
1/7/2025 5:29,18,83.87,38.34,68.21,4.06,2.36,1,0,499,Normal,0,0
1/7/2025 5:30,20,66.37,50.58,53.59,1.87,4.18,0,0,411,Normal,0,0
1/7/2025 5:31,48,78.28,43.54,59.53,1.05,0.88,1,0,137,Normal,0,0
1/7/2025 5:32,25,93.15,31.64,60.88,2.28,0.8,1,1,23,Normal,1,1
1/7/2025 5:33,38,82.27,57.43,36.98,3.27,1.21,1,0,246,Normal,0,0
1/7/2025 5:34,13,77.11,59.13,74.87,1.9,3.34,1,0,357,Normal,0,0
1/7/2025 5:35,4,91.05,58.06,66.26,4.34,1.38,1,1,29,Normal,1,1
1/7/2025 5:36,14,76.46,29.74,63.35,4.6,3.81,1,0,251,Normal,0,0
1/7/2025 5:37,33,73.66,52.75,45.57,3.67,3.31,1,0,166,Normal,0,0
1/7/2025 5:38,28,64.45,34.24,34.53,2.01,4.31,1,0,52,Normal,0,0
1/7/2025 5:39,37,83.5,60.05,57.1,2.07,3.6,0,0,435,Normal,0,0
1/7/2025 5:40,8,95.43,57.27,43.67,2.12,2.36,1,1,7,Normal,1,1
1/7/2025 5:41,44,53.64,35.75,55.9,2.72,2.94,1,0,286,Normal,0,0
1/7/2025 5:42,34,66.59,52.43,52.49,3.85,1.88,2,0,120,Pressure Drop,0,1
1/7/2025 5:43,44,74.16,46.38,75.08,1.33,3.66,1,0,485,Normal,0,0
1/7/2025 5:44,5,66.26,49.34,53.71,2.32,2.02,2,0,421,Vibration Issue,0,1
1/7/2025 5:45,5,82.99,19.71,52.94,2.07,1.42,2,0,447,Normal,0,1
1/7/2025 5:46,31,81.18,54.42,30.59,2.01,1.13,1,0,178,Normal,0,0
1/7/2025 5:47,45,79.04,65.61,57.94,1.24,4.7,1,0,46,Normal,0,0
1/7/2025 5:48,9,93.37,34.01,77.27,4.55,4.2,1,1,27,Normal,1,1
1/7/2025 5:49,42,78.24,71.73,40.04,1.6,1.21,0,0,284,Normal,0,0
1/7/2025 5:50,32,69.62,51.07,42.15,4.86,4.6,1,0,136,Normal,0,0
1/7/2025 5:51,33,63.51,28.49,69.37,4.46,3.4,1,0,397,Normal,0,0
1/7/2025 5:52,3,79.77,50.36,62.78,3.38,2.67,0,0,12,Normal,0,1
1/7/2025 5:53,30,63.78,47.89,51.09,2.79,2.84,1,0,16,Normal,0,1
1/7/2025 5:54,50,82.42,48.45,40.84,1.15,2.95,1,0,352,Normal,0,0
1/7/2025 5:55,12,70.21,40.48,51.8,4.78,2.09,1,0,305,Normal,0,0
1/7/2025 5:56,29,54.57,52.92,74.56,2.85,2.75,1,0,168,Normal,0,0
1/7/2025 5:57,3,85.15,57.05,42.04,2.39,1.53,1,0,173,Normal,0,0
1/7/2025 5:58,26,80.7,69.47,77.35,1.18,1.39,2,0,254,Vibration Issue,0,1
1/7/2025 5:59,30,82.98,83.27,69.89,2.08,0.73,1,1,16,Normal,1,1
1/7/2025 6:00,9,59.46,44.94,61.04,4.45,4.59,2,0,197,Overheating,0,1
1/7/2025 6:01,26,88.32,37.06,40.13,4.51,4.31,1,0,46,Normal,0,0
1/7/2025 6:02,2,93.57,63.54,69.77,4.91,1.66,1,1,47,Normal,1,1
1/7/2025 6:03,3,65.23,43.55,64.61,1.63,3.37,1,0,195,Normal,0,0
1/7/2025 6:04,46,78.92,27.35,56.94,4.36,3.91,2,0,470,Overheating,0,1
1/7/2025 6:05,4,71.09,53.05,43.39,3.76,1.74,0,0,251,Normal,0,0
1/7/2025 6:06,25,70.89,40.14,49.46,3.43,1.98,1,0,250,Normal,0,0
1/7/2025 6:07,13,77.73,30.09,56.62,1.24,2.27,1,0,54,Normal,0,0
1/7/2025 6:08,39,69.12,63.12,73.49,2.95,4.61,1,0,40,Normal,0,0
1/7/2025 6:09,44,73.28,28,59.8,3.15,1.79,1,0,108,Normal,0,0
1/7/2025 6:10,35,94.82,76.19,41.46,4.33,0.8,1,1,2,Normal,1,1
1/7/2025 6:11,23,62.13,75.14,72.18,3.1,3.66,1,0,248,Normal,0,0
1/7/2025 6:12,9,78.38,36.46,78.22,4.99,4.02,1,0,203,Normal,0,0
1/7/2025 6:13,2,97.97,52,59.08,3.47,0.52,1,1,6,Normal,1,1
1/7/2025 6:14,41,75.51,56.27,69.23,4.71,1.22,1,0,449,Normal,0,0
1/7/2025 6:15,44,82.18,57.09,35.27,2.87,4.59,1,0,248,Normal,0,0
1/7/2025 6:16,31,67.42,51.77,48.67,2.88,4.27,1,0,356,Normal,0,0
1/7/2025 6:17,44,66.26,35.75,77.82,1.12,3.95,1,0,261,Normal,0,0
1/7/2025 6:18,47,61.59,70.13,73.68,3.18,0.89,1,0,99,Normal,0,0
1/7/2025 6:19,2,75.92,47.25,65.4,4.9,1.82,1,0,182,Normal,0,0
1/7/2025 6:20,32,93.32,54.82,76.08,2.22,0.63,1,1,33,Normal,1,1
1/7/2025 6:21,18,81.37,50.86,76.32,4.47,3.29,1,0,376,Normal,0,0
1/7/2025 6:22,13,76.71,54.76,33.84,2.09,2.39,1,0,38,Normal,0,0
1/7/2025 6:23,46,70.86,75.44,72.77,3.52,3.89,1,0,394,Normal,0,0
1/7/2025 6:24,5,70.08,44.92,50.26,2.97,2.62,1,0,322,Normal,0,0
1/7/2025 6:25,42,66.65,49.72,43.89,4.64,1.65,1,0,198,Normal,0,0
1/7/2025 6:26,44,67.85,60.42,77.63,4.94,2.22,1,0,255,Normal,0,0
1/7/2025 6:27,10,80.08,46.85,74.44,2.94,3.4,1,0,400,Normal,0,0
1/7/2025 6:28,43,99.31,66.99,44.04,2.91,3.7,1,1,26,Normal,1,1
1/7/2025 6:29,25,83.64,70.11,36.56,3.32,3.29,1,0,10,Normal,0,1
1/7/2025 6:30,34,69.86,47.71,55.58,3.07,4.11,1,0,379,Normal,0,0
1/7/2025 6:31,37,67.34,51.76,75.04,3.47,2.53,1,0,75,Normal,0,0
1/7/2025 6:32,30,66.66,63.46,58.41,3.09,4.32,1,0,43,Normal,0,0
1/7/2025 6:33,7,97.89,59.91,74.89,2.67,0.79,1,1,40,Normal,1,1
1/7/2025 6:34,6,84.13,64.38,40.27,4.79,1.83,0,0,397,Normal,0,0
1/7/2025 6:35,3,79.12,31.42,43.79,3.29,2.41,1,0,322,Normal,0,0
1/7/2025 6:36,13,86.46,51.23,68.7,1.33,4.86,1,0,83,Normal,0,0
1/7/2025 6:37,3,82.06,53.51,55.81,2.8,3,1,0,32,Normal,0,0
1/7/2025 6:38,26,53.29,55.31,49.55,2.04,4.67,0,0,483,Normal,0,0
1/7/2025 6:39,24,64.63,36.65,43.91,2.65,3.31,1,0,273,Normal,0,0
1/7/2025 6:40,6,86.57,29.97,32.05,2.08,4.07,1,0,19,Normal,0,1
1/7/2025 6:41,43,96.76,30.45,70.7,1.72,0.58,0,1,9,Normal,1,1
1/7/2025 6:42,49,88.41,58.31,45.98,3.49,3.31,2,0,402,Vibration Issue,0,1
1/7/2025 6:43,42,74.59,27.44,39.82,2.99,4.63,2,0,251,Overheating,0,1
1/7/2025 6:44,12,80.24,53.25,74.54,1.55,1.12,1,0,94,Normal,0,0
1/7/2025 6:45,49,65.55,74.64,41.71,1.32,4.62,1,0,61,Normal,0,0
1/7/2025 6:46,36,79.39,49.63,60.05,3.35,0.59,1,0,153,Normal,0,0
1/7/2025 6:47,2,77.64,38.35,61.96,1.81,3.3,1,0,45,Normal,0,0
1/7/2025 6:48,11,75.12,36.57,66.7,2.19,1.8,2,0,148,Overheating,0,1
1/7/2025 6:49,39,81.82,56.1,59.62,2.49,2.61,1,0,214,Normal,0,0
1/7/2025 6:50,34,76.67,24.72,75.07,1.85,2.87,1,0,348,Normal,0,0
1/7/2025 6:51,26,46.64,18.89,76.24,1.74,2.32,1,0,480,Normal,0,0
1/7/2025 6:52,18,69,53.15,45.62,4.52,4.59,1,0,393,Normal,0,0
1/7/2025 6:53,21,68.27,34.34,35.42,4.92,1.53,2,0,464,Vibration Issue,0,1
1/7/2025 6:54,36,73.53,63.81,40.2,4.06,3.76,1,0,267,Normal,0,0
1/7/2025 6:55,40,78.14,59.46,41.53,5,4.08,0,0,154,Normal,0,0
1/7/2025 6:56,46,79.25,48.2,79.96,4.35,2.18,1,0,62,Normal,0,0
1/7/2025 6:57,44,72.9,60.49,49.58,4.63,0.8,1,0,35,Normal,0,0
1/7/2025 6:58,22,73.86,66.58,71.5,1.72,2.59,1,0,296,Normal,0,0
1/7/2025 6:59,30,51.48,37.24,32.61,1.62,4.75,1,0,125,Normal,0,0
1/7/2025 7:00,50,85.67,43.1,59.86,1.06,1.03,2,0,114,Electrical Fault,0,1
1/7/2025 7:01,43,76.75,53.31,72.44,3.24,0.88,0,0,34,Normal,0,0
1/7/2025 7:02,30,73.31,45.61,69.46,1.04,3.13,1,0,330,Normal,0,0
1/7/2025 7:03,8,72.01,54.29,41.3,3.42,2.66,0,0,82,Normal,0,0
1/7/2025 7:04,34,60.16,56.72,37.99,4.85,2.54,1,0,378,Normal,0,0
1/7/2025 7:05,47,94.74,28.29,78.3,3.99,1.57,1,1,44,Normal,1,1
1/7/2025 7:06,9,68.52,64.37,36.96,4.42,3.52,1,0,498,Normal,0,0
1/7/2025 7:07,20,59.11,61.14,67.9,1.29,0.64,1,0,127,Normal,0,0
1/7/2025 7:08,40,73.23,50.29,36.02,2.82,2.43,0,0,288,Normal,0,0
1/7/2025 7:09,25,75.34,17.07,40.86,2.1,2.41,1,0,219,Normal,0,0
1/7/2025 7:10,19,86.27,29.4,56.53,4.31,2.77,1,0,434,Normal,0,0
1/7/2025 7:11,5,73.56,44.41,44.79,3.7,4.75,1,0,209,Normal,0,0
1/7/2025 7:12,11,72.44,61.42,41.22,4.48,1.41,1,0,192,Normal,0,0
1/7/2025 7:13,15,67.34,28.68,38.98,1.45,4.47,1,0,99,Normal,0,0
1/7/2025 7:14,8,60.03,56.66,38.07,1.32,2.08,1,0,333,Normal,0,0
1/7/2025 7:15,19,61.74,68.94,62.35,1.95,2.86,0,0,234,Normal,0,0
1/7/2025 7:16,23,80.53,74.69,74.34,3.74,1.69,1,0,239,Normal,0,0
1/7/2025 7:17,27,79.57,47.47,70.53,4.49,2.9,1,0,377,Normal,0,0
1/7/2025 7:18,40,84.65,52.24,79.23,1.82,3.22,1,0,296,Normal,0,0
1/7/2025 7:19,32,73.29,36.49,53.52,2.22,2.41,1,0,254,Normal,0,0
1/7/2025 7:20,26,90.12,28.05,51.58,4.74,1.13,1,1,39,Normal,1,1
1/7/2025 7:21,27,65.77,48.51,46.04,1.37,3.31,1,0,350,Normal,0,0
1/7/2025 7:22,19,70.63,65.41,49.64,4.28,4.01,1,0,345,Normal,0,0
1/7/2025 7:23,50,73.95,35.61,58.65,2.71,3.3,1,0,142,Normal,0,0
1/7/2025 7:24,42,73.85,68.42,52.42,1.24,1.57,1,0,268,Normal,0,0
1/7/2025 7:25,29,66.76,50.26,61.75,1.22,4.71,1,0,331,Normal,0,0
1/7/2025 7:26,39,65.07,48.84,73.42,1.72,1.41,1,0,69,Normal,0,0
1/7/2025 7:27,41,51.49,46.17,40.03,4.77,2.34,1,0,386,Normal,0,0
1/7/2025 7:28,33,90.68,34.52,51.98,4.14,4,1,1,47,Normal,1,1
1/7/2025 7:29,19,75.16,37.46,34.22,1.12,4.15,1,0,362,Normal,0,0
1/7/2025 7:30,37,71.39,38.53,52.21,2.41,2.11,2,0,114,Pressure Drop,0,1
1/7/2025 7:31,19,67.07,83.19,32.97,4.87,2.91,1,1,28,Normal,1,1
1/7/2025 7:32,33,75.92,28.65,66.86,1.39,2.56,1,0,341,Normal,0,0
1/7/2025 7:33,47,73.41,50.55,46.98,1.06,4.96,0,0,279,Normal,0,0
1/7/2025 7:34,16,92.31,62.9,47.56,1.91,3.95,1,1,37,Normal,1,1
1/7/2025 7:35,23,70.14,37.8,50.31,4.49,4.2,2,0,170,Overheating,0,1
1/7/2025 7:36,7,71.86,53.25,51.64,4.59,4.91,1,0,375,Normal,0,0
1/7/2025 7:37,26,82.64,80.09,36.19,2.96,4.6,1,1,27,Normal,1,1
1/7/2025 7:38,32,81.63,44.33,56.16,1.7,4.63,1,0,85,Normal,0,0
1/7/2025 7:39,12,62.95,54.16,71.47,3.87,3.43,1,0,445,Normal,0,0
1/7/2025 7:40,8,80.32,39.91,75.83,1.33,4.32,1,0,193,Normal,0,0
1/7/2025 7:41,5,87.11,73.59,69.25,2.51,3.79,1,0,119,Normal,0,0
1/7/2025 7:42,42,89.44,76.54,77.8,3,3.9,1,0,64,Normal,0,0
1/7/2025 7:43,28,62.69,26.88,30.2,1.09,1.18,1,0,494,Normal,0,0
1/7/2025 7:44,5,74.67,50.04,58.55,3.38,4.28,0,0,496,Normal,0,0
1/7/2025 7:45,49,64.11,38.98,30.07,4.58,2.28,1,0,208,Normal,0,0
1/7/2025 7:46,26,83.59,70.65,50,2.44,1.92,1,0,364,Normal,0,0
1/7/2025 7:47,5,76.54,73.94,77.11,2.48,1.4,1,0,195,Normal,0,0
1/7/2025 7:48,22,87.02,47.4,65.84,4.15,3.05,1,0,232,Normal,0,0
1/7/2025 7:49,15,80.35,53.78,74.96,3.53,3.43,1,0,378,Normal,0,0
1/7/2025 7:50,13,65.91,58.54,40.91,1.48,1.22,1,0,102,Normal,0,0
1/7/2025 7:51,28,75.82,34.73,69.23,1.3,1.86,1,0,353,Normal,0,0
1/7/2025 7:52,33,67.51,73.82,52.29,2.69,3.62,1,0,363,Normal,0,0
1/7/2025 7:53,43,64.26,46.69,72.33,4.78,0.6,1,0,73,Normal,0,0
1/7/2025 7:54,23,69.87,84.48,50.4,2.19,4.55,1,1,16,Normal,1,1
1/7/2025 7:55,33,76.92,32.75,69.49,3.19,1.8,1,0,121,Normal,0,0
1/7/2025 7:56,43,65.33,58.14,62.54,4.19,0.56,1,0,46,Normal,0,0
1/7/2025 7:57,18,76.23,42.12,48.55,4.56,2.01,1,0,170,Normal,0,0
1/7/2025 7:58,50,61.51,43.27,62.61,1.9,2.14,1,0,60,Normal,0,0
1/7/2025 7:59,30,56,37.1,42.16,1.31,4.29,1,0,440,Normal,0,0
1/7/2025 8:00,26,92.85,65.45,37.62,3.41,2.05,1,1,30,Normal,1,1
1/7/2025 8:01,16,70.92,87.09,33.52,4.62,2.47,1,1,48,Normal,1,1
1/7/2025 8:02,13,72.98,38.13,76.77,4.01,4.59,1,0,220,Normal,0,0
1/7/2025 8:03,39,71.34,52.63,69.14,1.78,1.28,1,0,127,Normal,0,0
1/7/2025 8:04,33,80.1,54.06,51.77,2.22,2.41,1,0,496,Normal,0,0
1/7/2025 8:05,26,76.62,46.81,30.32,4.36,1.15,1,0,428,Normal,0,0
1/7/2025 8:06,48,83.91,49.05,60.41,4.59,3.51,1,0,277,Normal,0,0
1/7/2025 8:07,1,77.81,40.93,37.64,3.4,4.04,1,0,262,Normal,0,0
1/7/2025 8:08,49,74.78,42.11,38.63,3.59,3.14,1,0,54,Normal,0,0
1/7/2025 8:09,38,85.11,45.51,42.96,2.97,3.49,1,0,99,Normal,0,0
1/7/2025 8:10,2,71.27,53.33,75.06,3.89,0.8,1,0,498,Normal,0,0
1/7/2025 8:11,49,74.46,87.88,73.69,3.42,4.96,1,1,42,Normal,1,1
1/7/2025 8:12,6,72.48,34.38,38.67,2.72,2,1,0,294,Normal,0,0
1/7/2025 8:13,46,88.69,25.05,33.92,3.13,4.04,0,0,129,Normal,0,0
1/7/2025 8:14,50,78.34,52.49,54.75,1.41,2.75,1,0,112,Normal,0,0
1/7/2025 8:15,38,75.66,61.15,45.93,2.79,4.83,1,0,213,Normal,0,0
1/7/2025 8:16,42,53.23,40.77,78.01,3.8,3.15,1,0,289,Normal,0,0
1/7/2025 8:17,24,78.58,68.27,35.77,3.27,3.77,1,0,150,Normal,0,0
1/7/2025 8:18,18,82.02,70.23,42.56,3.36,0.92,0,0,212,Normal,0,0
1/7/2025 8:19,27,84.16,39.51,40.79,4.77,1.22,1,0,59,Normal,0,0
1/7/2025 8:20,41,72.98,44.76,64.17,3.88,0.97,1,0,208,Normal,0,0
1/7/2025 8:21,8,81.51,48.8,33.32,1.99,4.94,1,0,215,Normal,0,0
1/7/2025 8:22,28,79.56,42.31,45.98,3.15,0.82,1,0,166,Normal,0,0
1/7/2025 8:23,10,54.71,69.42,34.77,4.12,4.04,2,0,51,Normal,0,1
1/7/2025 8:24,17,86.22,86.17,71.35,4.86,0.63,1,1,46,Normal,1,1
1/7/2025 8:25,29,73.37,36.75,58.44,4.71,3.35,1,0,439,Normal,0,0
1/7/2025 8:26,6,77.37,50.77,62.71,3.46,2.62,1,0,232,Normal,0,0
1/7/2025 8:27,14,68.77,41.17,49.15,2.73,2.56,1,0,309,Normal,0,0
1/7/2025 8:28,22,81.99,40.01,68.68,1.18,1.72,2,0,178,Overheating,0,1
1/7/2025 8:29,6,78.63,50.05,58.54,1.45,3.65,1,0,43,Normal,0,0
1/7/2025 8:30,26,58.31,74.59,37.94,2.78,1.44,1,0,348,Normal,0,0
1/7/2025 8:31,39,68.14,40.98,63.32,2.13,3.66,1,0,251,Normal,0,0
1/7/2025 8:32,12,89.17,57.47,62.45,1.14,1.71,2,0,246,Normal,0,1
1/7/2025 8:33,35,82.98,48.34,49.05,3.3,2.73,1,0,58,Normal,0,0
1/7/2025 8:34,14,71.7,44.72,43.39,4.74,0.68,1,0,66,Normal,0,0
1/7/2025 8:35,22,71.82,22.06,62.99,3.88,2.91,0,0,160,Normal,0,0
1/7/2025 8:36,23,66.13,59.02,54.51,2.24,3.88,1,0,21,Normal,0,0
1/7/2025 8:37,48,66.69,42.4,52.94,4.24,0.57,0,0,431,Normal,0,0
1/7/2025 8:38,7,77.01,51.52,56.32,2.44,3.69,1,0,384,Normal,0,0
1/7/2025 8:39,40,91.41,30.76,77.07,1.13,3.42,1,1,20,Normal,1,1
1/7/2025 8:40,50,71.85,30.25,64.64,2.87,2.96,1,0,281,Normal,0,0
1/7/2025 8:41,25,75.31,22.4,58.17,3.47,1.54,1,0,339,Normal,0,0
1/7/2025 8:42,13,67.71,61.31,63,4.8,1.87,0,0,448,Normal,0,0
1/7/2025 8:43,21,74.05,66.32,63.36,3.24,1.45,1,0,304,Normal,0,0
1/7/2025 8:44,41,78.42,63.52,41.26,2.34,1.58,0,0,182,Normal,0,0
1/7/2025 8:45,10,93.97,29.24,56.18,4.48,3.65,2,1,40,Overheating,1,1
1/7/2025 8:46,9,86.74,48.12,72.97,4.42,4.59,1,0,167,Normal,0,0
1/7/2025 8:47,15,86.74,49.24,33.96,4.25,4.29,1,0,184,Normal,0,0
1/7/2025 8:48,2,70.47,50.6,66.22,3.25,2.79,1,0,120,Normal,0,0
1/7/2025 8:49,25,65.86,59.77,48.44,3.34,3.68,2,0,26,Vibration Issue,0,1
1/7/2025 8:50,13,75,60.56,59.05,4.66,4.01,1,0,30,Normal,0,0
1/7/2025 8:51,34,68.92,64.36,71.24,3.41,4.33,0,0,392,Normal,0,0
1/7/2025 8:52,34,70.58,34.52,56.11,4.86,2.49,1,0,28,Normal,0,0
1/7/2025 8:53,35,77.76,65.44,43.64,3.07,3.73,1,0,263,Normal,0,0
1/7/2025 8:54,38,81.41,42.87,67.34,1.83,1.89,1,0,152,Normal,0,0
1/7/2025 8:55,3,87.05,50.88,64.56,1.04,2.06,2,0,139,Vibration Issue,0,1
1/7/2025 8:56,42,80.14,63.59,36.61,4.78,4.24,1,0,448,Normal,0,0
1/7/2025 8:57,6,76.49,20.03,51.11,1.5,3.44,1,0,85,Normal,0,0
1/7/2025 8:58,48,66.86,47.76,61.65,1.03,3.92,1,0,415,Normal,0,0
1/7/2025 8:59,49,87.11,50.02,58.14,4.51,0.66,1,0,134,Normal,0,0
1/7/2025 9:00,19,82.8,54.71,68.09,2.91,4.99,1,0,390,Normal,0,0
1/7/2025 9:01,3,70.74,43.78,73.78,4.02,1.81,1,0,452,Normal,0,0
1/7/2025 9:02,18,83.5,39.59,44.92,4.98,3.23,1,0,162,Normal,0,0
1/7/2025 9:03,39,76.12,40.82,69.84,2.85,3.11,1,0,470,Normal,0,0
1/7/2025 9:04,9,86.34,78.39,46.08,3.28,4.04,1,0,109,Normal,0,0
1/7/2025 9:05,12,72.62,65.8,75.8,4.34,1.63,1,0,63,Normal,0,0
1/7/2025 9:06,5,72.98,61.22,32.42,3.59,2.49,1,0,367,Normal,0,0
1/7/2025 9:07,3,59.13,48.77,54.17,3.78,4.21,1,0,82,Normal,0,0
1/7/2025 9:08,11,70.4,40.86,64.27,1.16,4.61,1,0,317,Normal,0,0
1/7/2025 9:09,30,91.65,66.16,65.81,4.02,1.62,1,1,11,Normal,1,1
1/7/2025 9:10,4,101.69,61.98,40.37,3.47,4.98,0,1,38,Normal,1,1
1/7/2025 9:11,5,79.46,40.15,52.23,1.69,3.59,0,0,459,Normal,0,0
1/7/2025 9:12,1,70.07,58.72,61.63,3.4,0.81,1,0,57,Normal,0,0
1/7/2025 9:13,27,72.26,47.66,61.34,2.97,3.89,1,0,205,Normal,0,0
1/7/2025 9:14,28,74.53,42.81,47.41,2.32,3.86,1,0,179,Normal,0,0
1/7/2025 9:15,29,71.7,67.69,76.02,3.91,0.56,0,0,152,Normal,0,0
1/7/2025 9:16,18,82.91,33.75,36.33,1.84,4.53,1,0,74,Normal,0,0
1/7/2025 9:17,12,61.25,77.38,63.42,3.22,3.91,0,0,200,Normal,0,0
1/7/2025 9:18,13,75.32,63.02,57.26,2.58,2.84,1,0,344,Normal,0,0
1/7/2025 9:19,41,93.32,35.74,35.76,3.34,2.48,1,1,9,Normal,1,1
1/7/2025 9:20,2,85.45,80.8,33.22,1.35,4.53,1,1,30,Normal,1,1
1/7/2025 9:21,37,95.46,50.04,71.73,1.26,1.9,1,1,9,Normal,1,1
1/7/2025 9:22,45,73.7,59.23,51.71,1.88,1.02,1,0,355,Normal,0,0
1/7/2025 9:23,16,68.6,42.63,33.36,2.14,2.38,1,0,100,Normal,0,0
1/7/2025 9:24,48,78.18,59.08,76.39,3.46,4.41,2,0,376,Vibration Issue,0,1
1/7/2025 9:25,24,67.37,56.88,77.01,2.74,4.36,1,0,326,Normal,0,0
1/7/2025 9:26,35,69.86,45.85,48.45,2.48,1.37,1,0,306,Normal,0,0
1/7/2025 9:27,22,72.91,76.84,70.79,4.81,0.96,1,0,379,Normal,0,0
1/7/2025 9:28,36,87.28,55.59,53.61,4.27,2,1,0,260,Normal,0,0
1/7/2025 9:29,11,84.41,60.27,69.3,4.09,0.74,0,0,77,Normal,0,0
1/7/2025 9:30,46,80.15,41.79,61.07,4.45,4.59,2,0,214,Overheating,0,1
1/7/2025 9:31,29,76.05,46.53,62.34,1.69,0.78,1,0,361,Normal,0,0
1/7/2025 9:32,35,92.67,46.9,59.62,2.88,1.72,1,1,3,Normal,1,1
1/7/2025 9:33,48,79.41,37,59.61,2.37,1.7,1,0,57,Normal,0,0
1/7/2025 9:34,15,65.84,33.44,45.18,2.11,4.36,0,0,313,Normal,0,0
1/7/2025 9:35,31,76.75,43.3,62.25,4.44,2.31,1,0,253,Normal,0,0
1/7/2025 9:36,42,65.6,59.25,73.59,1.96,0.91,1,0,111,Normal,0,0
1/7/2025 9:37,41,69.82,73.33,41.13,1.73,3.14,0,0,273,Normal,0,0
1/7/2025 9:38,43,88.84,30.16,37.31,1.31,2.28,1,0,236,Normal,0,0
1/7/2025 9:39,16,78.1,78.39,74.9,3.74,1.94,1,0,304,Normal,0,0
1/7/2025 9:40,10,76.16,49.85,38,1.12,1.85,1,0,136,Normal,0,0
1/7/2025 9:41,49,77.69,54.65,78.99,1.76,0.72,2,0,327,Pressure Drop,0,1
1/7/2025 9:42,32,74.27,47.16,61.13,3.54,1.71,1,0,461,Normal,0,0
1/7/2025 9:43,2,53.91,44.65,56.24,3.03,3.92,1,0,388,Normal,0,0
1/7/2025 9:44,24,82.43,86.73,65.24,1.28,1.3,1,1,9,Normal,1,1
1/7/2025 9:45,23,81.74,49.95,43.89,3.08,1.64,1,0,309,Normal,0,0
1/7/2025 9:46,2,76.84,68.52,73.44,4.82,4.97,1,0,95,Normal,0,0
1/7/2025 9:47,38,68.12,92.52,71.64,4.95,1.41,1,1,41,Normal,1,1
1/7/2025 9:48,31,92.83,48.66,42.54,2.51,4.1,1,1,21,Normal,1,1
1/7/2025 9:49,40,70.25,77.14,40.78,1.05,3.03,1,0,60,Normal,0,0
1/7/2025 9:50,26,67.08,33.32,39.38,4.05,1.22,1,0,76,Normal,0,0
1/7/2025 9:51,29,76.04,35.03,39.57,1.53,3.18,1,0,365,Normal,0,0
1/7/2025 9:52,3,82.1,40.77,34.97,4.92,2.27,1,0,347,Normal,0,0
1/7/2025 9:53,14,80,59.89,52.24,3.04,3.13,2,0,194,Overheating,0,1
1/7/2025 9:54,25,80.75,26.6,32.58,4.81,4.68,1,0,223,Normal,0,0
1/7/2025 9:55,48,86.9,33.07,31.2,1.58,3.65,1,0,352,Normal,0,0
1/7/2025 9:56,1,77.96,50.21,32.17,1.43,4.41,1,0,146,Normal,0,0
1/7/2025 9:57,3,88.47,48.39,41.08,4.21,1.9,2,0,311,Vibration Issue,0,1
1/7/2025 9:58,26,80.04,60.36,48.83,2.48,3.68,2,0,17,Pressure Drop,0,1
1/7/2025 9:59,18,74.22,19.05,77.02,2.84,0.51,1,0,291,Normal,0,0
1/7/2025 10:00,9,70.62,34.38,34.96,3.69,1.98,1,0,192,Normal,0,0
1/7/2025 10:01,38,88.93,53.46,44.13,1.25,1.83,0,0,421,Normal,0,0
1/7/2025 10:02,23,81.6,60.67,49.81,1.94,1.66,2,0,145,Vibration Issue,0,1
1/7/2025 10:03,21,71.77,70.53,36.49,3.45,4.48,1,0,148,Normal,0,0
1/7/2025 10:04,1,70.69,40.97,50.36,2.65,0.9,1,0,387,Normal,0,0
1/7/2025 10:05,21,64.81,65.88,51.12,3.8,3.04,0,0,359,Normal,0,0
1/7/2025 10:06,27,92.01,36.27,75.32,3.5,2.76,1,1,8,Normal,1,1
1/7/2025 10:07,42,79.84,45.44,69.76,4.69,4.42,1,0,392,Normal,0,0
1/7/2025 10:08,6,89.74,47.53,48.7,2.38,3.09,1,0,456,Normal,0,0
1/7/2025 10:09,44,96.09,36.16,47.28,2.93,4.08,1,1,18,Normal,1,1
1/7/2025 10:10,36,93.78,55.41,62.87,1.15,2.13,1,1,46,Normal,1,1
1/7/2025 10:11,28,70.99,44.56,32.43,1.1,1.55,1,0,38,Normal,0,0
1/7/2025 10:12,45,104.08,50.07,53.27,3.48,2.56,1,1,30,Normal,1,1
1/7/2025 10:13,17,82.74,73.59,57.24,1.92,4.75,1,0,371,Normal,0,0
1/7/2025 10:14,40,63.46,52.24,73.17,4.19,3.03,2,0,132,Pressure Drop,0,1
1/7/2025 10:15,3,77.6,41.65,67.12,4.61,0.9,1,0,466,Normal,0,0
1/7/2025 10:16,12,76.17,46.22,35.61,4.21,4.87,1,0,395,Normal,0,0
1/7/2025 10:17,39,79.39,55.29,30.07,2.84,1.84,1,0,62,Normal,0,0
1/7/2025 10:18,12,78.09,63.49,51.01,4.54,2.11,1,0,485,Normal,0,0
1/7/2025 10:19,2,81.34,40.66,30.78,1.35,0.89,1,0,469,Normal,0,0
1/7/2025 10:20,46,68.08,48.02,64.84,2.6,3.05,1,0,16,Normal,0,1
1/7/2025 10:21,22,78.29,61.11,49.31,1.84,4.93,1,0,31,Normal,0,0
1/7/2025 10:22,23,70.86,55.04,73.61,2.12,4.73,2,0,130,Vibration Issue,0,1
1/7/2025 10:23,30,77.08,48.45,78.42,3.48,3.52,2,0,270,Normal,0,1
1/7/2025 10:24,5,73.42,64.35,39.15,2.38,1.02,1,0,171,Normal,0,0
1/7/2025 10:25,9,70.99,78.16,56.93,3.69,1.14,1,0,333,Normal,0,0
1/7/2025 10:26,21,82.65,67.74,75.91,3.23,1.74,1,0,56,Normal,0,0
1/7/2025 10:27,11,80.16,62.48,51.9,1.1,1.16,1,0,415,Normal,0,0
1/7/2025 10:28,5,79.35,46.01,30.36,4.36,4.7,1,0,114,Normal,0,0
1/7/2025 10:29,35,70.69,65.05,46.39,4.77,2.38,1,0,477,Normal,0,0
1/7/2025 10:30,27,80.9,22.07,42.69,1.06,1.74,2,0,156,Normal,0,1
1/7/2025 10:31,49,74.75,31.72,37.57,3.82,4.18,1,0,389,Normal,0,0
1/7/2025 10:32,2,70.95,35.28,51.51,1.17,3.84,1,0,328,Normal,0,0
1/7/2025 10:33,24,85.11,71.77,74.41,1.76,4.87,2,0,359,Vibration Issue,0,1
1/7/2025 10:34,31,83.26,63.54,63.15,2.47,2.25,1,0,218,Normal,0,0
1/7/2025 10:35,33,45,73.24,67.11,2.58,2.1,1,0,353,Normal,0,0
1/7/2025 10:36,39,53.65,47.01,60.8,3.19,4.3,1,0,100,Normal,0,0
1/7/2025 10:37,30,90.72,36.09,54.46,4.87,2.18,2,1,35,Overheating,1,1
1/7/2025 10:38,46,62.53,20.8,78.5,1.95,0.79,1,0,261,Normal,0,0
1/7/2025 10:39,37,61.88,62.33,46.68,2.78,0.92,0,0,281,Normal,0,0
1/7/2025 10:40,28,73.57,32.11,30.38,3.03,2.87,1,0,81,Normal,0,0
1/7/2025 10:41,31,77.65,54.1,68.2,4.49,3.88,1,0,422,Normal,0,0
1/7/2025 10:42,11,70.16,45.53,56.92,3.94,2.31,2,0,415,Vibration Issue,0,1
1/7/2025 10:43,23,44.48,68.29,75.28,3.07,4.61,1,0,224,Normal,0,0
1/7/2025 10:44,2,76.56,49.01,71.42,3.54,1.33,2,0,116,Normal,0,1
1/7/2025 10:45,40,93.02,65.99,64.15,3.61,4.73,1,1,7,Normal,1,1
1/7/2025 10:46,41,61.24,46.56,43.93,3.92,1.59,1,0,157,Normal,0,0
1/7/2025 10:47,27,91.49,41.31,34.74,4,1.74,0,1,4,Normal,1,1
1/7/2025 10:48,35,72.21,27.19,53.87,4.22,1.96,1,0,446,Normal,0,0
1/7/2025 10:49,2,92.84,35.93,76.1,4.61,1.6,1,1,3,Normal,1,1
1/7/2025 10:50,39,81.24,69.08,71.16,1.18,2.78,1,0,479,Normal,0,0
1/7/2025 10:51,37,69.54,60.44,76.99,2.65,2.1,1,0,130,Normal,0,0
1/7/2025 10:52,21,81.3,44.48,36.88,4.91,4.9,1,0,222,Normal,0,0
1/7/2025 10:53,5,88.12,45.57,52.48,2.16,4.68,1,0,14,Normal,0,1
1/7/2025 10:54,45,60.39,53.34,64.12,2.42,4.7,1,0,261,Normal,0,0
1/7/2025 10:55,21,76.1,29.15,79.18,3.28,3.21,2,0,85,Pressure Drop,0,1
1/7/2025 10:56,29,85.35,60.24,66.97,2.69,1.33,1,0,149,Normal,0,0
1/7/2025 10:57,20,71.57,51.02,63.1,3.59,0.87,1,0,184,Normal,0,0
1/7/2025 10:58,38,61.84,71.78,47.38,1.38,2.34,1,0,389,Normal,0,0
1/7/2025 10:59,20,95.49,43.1,36.69,4.52,4.35,1,1,19,Normal,1,1
1/7/2025 11:00,50,56.94,94.15,74.41,1.59,1.94,1,1,42,Normal,1,1
1/7/2025 11:01,25,71.86,53.53,74.73,3.34,3.82,1,0,270,Normal,0,0
1/7/2025 11:02,2,74.28,57.05,35.65,1.25,1.08,2,0,346,Vibration Issue,0,1
1/7/2025 11:03,32,95.94,43.44,32.24,2.2,4.4,1,1,37,Normal,1,1
1/7/2025 11:04,26,52.75,45.14,42.28,1.61,0.99,1,0,167,Normal,0,0
1/7/2025 11:05,6,74.85,53.62,45.05,3.65,1.7,1,0,490,Normal,0,0
1/7/2025 11:06,41,68.62,43.98,75.19,1.18,0.51,1,0,286,Normal,0,0
1/7/2025 11:07,3,68.56,56.13,54.96,4.74,4.48,1,0,322,Normal,0,0
1/7/2025 11:08,33,90.64,65.14,42.09,1.44,1.21,1,1,12,Normal,1,1
1/7/2025 11:09,1,65.28,32.48,63.21,3.57,1.98,1,0,321,Normal,0,0
1/7/2025 11:10,5,62.43,65.95,70.88,3.74,4.62,1,0,53,Normal,0,0
1/7/2025 11:11,13,63.23,40.27,32.87,3.39,3.24,1,0,361,Normal,0,0
1/7/2025 11:12,19,76.64,30.99,61.2,1.48,0.71,1,0,250,Normal,0,0
1/7/2025 11:13,12,74.75,50.14,72.57,4.99,2.17,0,0,271,Normal,0,0
1/7/2025 11:14,48,72.32,63.42,73.93,3.07,2.63,0,0,56,Normal,0,0
1/7/2025 11:15,25,69.67,26.7,35.84,1.99,1.47,1,0,392,Normal,0,0
1/7/2025 11:16,35,89.21,76.43,39.49,4.82,4.02,1,0,213,Normal,0,0
1/7/2025 11:17,12,55.31,16.82,48.51,4.6,2.82,1,0,189,Normal,0,0
1/7/2025 11:18,30,87.1,38.27,47.04,1.59,0.89,1,0,381,Normal,0,0
1/7/2025 11:19,5,61.01,24.63,71.19,2.82,2.16,1,0,222,Normal,0,0
1/7/2025 11:20,34,85.74,23.32,46.67,4.31,2.75,1,0,214,Normal,0,0
1/7/2025 11:21,22,83.1,48.04,54.23,3.42,2.94,1,0,128,Normal,0,0
1/7/2025 11:22,39,81.31,50.12,44.34,2.12,1.2,1,0,20,Normal,0,0
1/7/2025 11:23,13,74.09,24.93,45.71,1.7,2.93,1,0,155,Normal,0,0
1/7/2025 11:24,47,70.71,37.59,65.83,4.08,3.41,1,0,450,Normal,0,0
1/7/2025 11:25,3,76.9,25.63,54.43,1.4,3.13,2,0,33,Pressure Drop,0,1
1/7/2025 11:26,20,86.26,55.33,37.71,2.08,1.32,1,0,275,Normal,0,0
1/7/2025 11:27,31,71.82,29.11,68.86,3.51,4.47,1,0,230,Normal,0,0
1/7/2025 11:28,5,69.88,44.74,46.54,2.28,2.13,1,0,431,Normal,0,0
1/7/2025 11:29,24,74.57,39.18,53.76,2.88,3.5,1,0,461,Normal,0,0
1/7/2025 11:30,40,72.4,46.91,51.66,1.89,1.1,1,0,185,Normal,0,0
1/7/2025 11:31,33,73.37,57.67,59.79,2.31,4.29,2,0,366,Overheating,0,1
1/7/2025 11:32,8,91.56,59.18,47.77,4.99,2.71,1,1,17,Normal,1,1
1/7/2025 11:33,24,67.28,62.45,68.16,4.91,2.19,1,0,313,Normal,0,0
1/7/2025 11:34,50,87.61,36.19,73.53,1.79,2.26,1,0,49,Normal,0,0
1/7/2025 11:35,20,84.24,39.45,40.7,1.18,3.98,0,0,22,Normal,0,0
1/7/2025 11:36,16,60.59,60.59,48.25,1.6,4.01,1,0,18,Normal,0,1
1/7/2025 11:37,50,67.87,47.99,51.59,4.11,2.74,1,0,183,Normal,0,0
1/7/2025 11:38,12,74.5,42.87,61.74,4.22,0.58,1,0,78,Normal,0,0
1/7/2025 11:39,13,74.4,37.87,59.04,2.25,4.72,2,0,28,Overheating,0,1
1/7/2025 11:40,45,69.67,52.59,54.69,2.33,1.27,1,0,386,Normal,0,0
1/7/2025 11:41,42,85.13,40.78,57.19,2.47,2.26,0,0,442,Normal,0,0
1/7/2025 11:42,39,77.03,44.92,37.62,3.67,4.72,1,0,105,Normal,0,0
1/7/2025 11:43,25,75.72,36.74,74.87,3.56,0.8,0,0,61,Normal,0,0
1/7/2025 11:44,46,87.96,71.62,40.62,1.19,1.7,1,0,227,Normal,0,0
1/7/2025 11:45,32,67.73,66.03,51.42,1.27,4.72,2,0,190,Pressure Drop,0,1
1/7/2025 11:46,24,69.23,35.43,38.55,3.37,2.26,2,0,242,Vibration Issue,0,1
1/7/2025 11:47,48,71.11,51.71,73.2,2.54,1.21,1,0,102,Normal,0,0
1/7/2025 11:48,47,61.04,37.63,75.21,3.75,2.68,1,0,391,Normal,0,0
1/7/2025 11:49,44,74.78,59.43,32.86,1.19,2.97,1,0,111,Normal,0,0
1/7/2025 11:50,9,81.25,65.58,60.77,4.52,2.15,1,0,372,Normal,0,0
1/7/2025 11:51,40,62.34,58.32,60.76,4.5,4.18,1,0,185,Normal,0,0
1/7/2025 11:52,50,64.51,33,39.67,2.52,0.68,1,0,427,Normal,0,0
1/7/2025 11:53,23,75.41,29.46,73.16,4,4.46,1,0,175,Normal,0,0
1/7/2025 11:54,50,78.43,58.2,50.63,1.1,3.35,1,0,433,Normal,0,0
1/7/2025 11:55,13,72.52,64.25,67.38,3.03,3.51,2,0,386,Pressure Drop,0,1
1/7/2025 11:56,32,71.08,23.86,63.91,3.62,1.11,1,0,99,Normal,0,0
1/7/2025 11:57,50,88.49,60.28,48.12,2.94,1.19,1,0,314,Normal,0,0
1/7/2025 11:58,15,69.18,74.03,77.37,4.5,1.66,1,0,130,Normal,0,0
1/7/2025 11:59,36,90.13,55.5,59.12,3.22,3.68,1,1,21,Normal,1,1
1/7/2025 12:00,49,69.36,50,73.85,1.09,1.23,1,0,39,Normal,0,0
1/7/2025 12:01,5,80.18,37.85,69.82,4.45,1.86,1,0,355,Normal,0,0
1/7/2025 12:02,22,69.12,29.05,70.64,4.26,3.42,1,0,176,Normal,0,0
1/7/2025 12:03,16,70.71,46.6,68.21,3.79,3.81,1,0,14,Normal,0,1
1/7/2025 12:04,41,68.66,41.39,38.24,1.71,1.24,1,0,321,Normal,0,0
1/7/2025 12:05,10,82.28,47.2,32.33,2.63,3.38,1,0,283,Normal,0,0
1/7/2025 12:06,24,91.3,74.94,70.26,4.61,1.08,1,1,46,Normal,1,1
1/7/2025 12:07,18,76.03,54.91,50.44,2.32,1.7,1,0,392,Normal,0,0
1/7/2025 12:08,49,64.53,58.49,52.08,1.16,3.9,1,0,166,Normal,0,0
1/7/2025 12:09,18,81.28,54.96,34.13,4.21,2.94,1,0,186,Normal,0,0
1/7/2025 12:10,7,89.76,74.5,68.5,1.53,1.92,2,0,426,Pressure Drop,0,1
1/7/2025 12:11,4,83.72,57.27,43.5,2.58,3.76,1,0,184,Normal,0,0
1/7/2025 12:12,26,61.17,38.95,41.69,1.49,0.68,2,0,456,Vibration Issue,0,1
1/7/2025 12:13,5,68.9,57.47,58.31,4.51,0.74,1,0,191,Normal,0,0
1/7/2025 12:14,16,66.86,71,76.31,2.19,0.89,0,0,194,Normal,0,0
1/7/2025 12:15,35,75.59,55.62,47.45,1.13,2.68,1,0,206,Normal,0,0
1/7/2025 12:16,26,80.74,45.27,59.53,2.05,1.11,1,0,451,Normal,0,0
1/7/2025 12:17,18,86.15,73.1,32.57,2.38,1.12,1,0,231,Normal,0,0
1/7/2025 12:18,29,79.01,51.3,38.03,2.45,4.13,1,0,44,Normal,0,0
1/7/2025 12:19,23,90.15,40.21,60.83,2.49,3.39,0,1,16,Normal,1,1
1/7/2025 12:20,14,93.49,73.55,78.94,4.66,2.7,0,1,48,Normal,1,1
1/7/2025 12:21,15,89.35,68.13,53.79,3.02,1.01,1,0,353,Normal,0,0
1/7/2025 12:22,49,68.26,55.1,30.68,1.73,3.1,1,0,233,Normal,0,0
1/7/2025 12:23,33,81.98,61.39,48.14,3.4,3.65,1,0,359,Normal,0,0
1/7/2025 12:24,25,80.5,50.27,59.44,1.74,2.85,1,0,62,Normal,0,0
1/7/2025 12:25,21,93.94,47.84,59.75,2.84,4.58,1,1,40,Normal,1,1
1/7/2025 12:26,17,106.38,41.73,60.75,1.62,2.13,1,1,18,Normal,1,1
1/7/2025 12:27,23,71.25,24.97,71.52,3.57,4.66,1,0,124,Normal,0,0
1/7/2025 12:28,43,77.38,55.98,39.6,2.82,4.22,1,0,407,Normal,0,0
1/7/2025 12:29,17,76.48,38.03,55.94,4.46,1.15,1,0,483,Normal,0,0
1/7/2025 12:30,14,87.47,62.28,37.41,1.58,1.33,1,0,291,Normal,0,0
1/7/2025 12:31,29,74.29,85.24,43.74,1.83,3.5,1,1,22,Normal,1,1
1/7/2025 12:32,20,82.47,21.92,68.09,1.96,2.65,1,0,102,Normal,0,0
1/7/2025 12:33,30,75.96,31.99,58.41,2.61,1.42,1,0,442,Normal,0,0
1/7/2025 12:34,19,60.49,78.58,42.6,4.44,2.86,1,0,293,Normal,0,0
1/7/2025 12:35,39,75.41,33.94,56.04,2.49,1.59,1,0,62,Normal,0,0
1/7/2025 12:36,13,77.76,35.14,62.31,3.54,4.75,2,0,476,Electrical Fault,0,1
1/7/2025 12:37,18,78.4,44.64,78.27,2.43,3.75,1,0,82,Normal,0,0
1/7/2025 12:38,23,86.13,65.06,50.06,1.61,0.63,2,0,345,Pressure Drop,0,1
1/7/2025 12:39,46,71.68,78.53,36.81,3.41,1.84,1,0,161,Normal,0,0
1/7/2025 12:40,33,65.32,33.9,79.71,4.89,3.08,0,0,457,Normal,0,0
1/7/2025 12:41,39,90.13,77.7,79.98,4.04,2.09,1,1,2,Normal,1,1
1/7/2025 12:42,40,71.34,36.59,52.05,4.42,3.57,1,0,364,Normal,0,0
1/7/2025 12:43,18,77.86,27.4,73.69,1.95,4.88,2,0,285,Overheating,0,1
1/7/2025 12:44,9,76.62,53.36,54.08,3.02,2.76,1,0,163,Normal,0,0
1/7/2025 12:45,33,60.73,65.44,40.13,2.54,4.2,1,0,408,Normal,0,0
1/7/2025 12:46,32,90.62,23.22,46.34,3.16,4.43,1,1,34,Normal,1,1
1/7/2025 12:47,17,78.97,73.92,74.69,1.72,2.9,1,0,12,Normal,0,1
1/7/2025 12:48,19,82.2,51.89,64.06,2.85,3.21,1,0,156,Normal,0,0
1/7/2025 12:49,27,88.69,45.76,70.81,2.73,3.6,1,0,117,Normal,0,0
1/7/2025 12:50,6,74.71,59.74,73.45,1.43,3.02,2,0,359,Electrical Fault,0,1
1/7/2025 12:51,35,82.06,61.61,60.76,3.91,4.34,1,0,102,Normal,0,0
1/7/2025 12:52,37,77.86,42.33,64.83,3.39,1.08,1,0,241,Normal,0,0
1/7/2025 12:53,34,84.08,67.18,50.36,1.44,2.02,1,0,305,Normal,0,0
1/7/2025 12:54,20,72.49,57.8,70.43,1.36,0.66,1,0,426,Normal,0,0
1/7/2025 12:55,25,91.95,58.37,40.14,3.83,1.09,0,1,35,Normal,1,1
1/7/2025 12:56,4,64.84,40.42,67.18,1.53,2.33,0,0,168,Normal,0,0
1/7/2025 12:57,10,89.99,59.96,34.47,2.34,3.15,1,0,25,Normal,0,0
1/7/2025 12:58,10,90.82,34.86,30.27,4.86,1.49,1,1,15,Normal,1,1
1/7/2025 12:59,24,79.34,47.69,57.08,2.89,1.74,1,0,441,Normal,0,0
1/7/2025 13:00,21,75.5,12.67,41.19,4.26,4.99,1,0,322,Normal,0,0
1/7/2025 13:01,11,89.91,25.35,69.46,4.56,4.44,1,0,51,Normal,0,0
1/7/2025 13:02,27,85.6,51.97,55.98,4.83,1.75,1,0,158,Normal,0,0
1/7/2025 13:03,16,67.87,44.6,44.18,2.38,2.63,1,0,189,Normal,0,0
1/7/2025 13:04,26,81.71,53.19,35,4.66,4.89,1,0,258,Normal,0,0
1/7/2025 13:05,30,73.7,37.71,66.67,4.36,3.49,1,0,417,Normal,0,0
1/7/2025 13:06,49,80.47,70.2,30.4,4.02,2.47,1,0,17,Normal,0,1
1/7/2025 13:07,16,82.19,42.8,35.57,2.56,1.74,1,0,154,Normal,0,0
1/7/2025 13:08,7,68.15,49.33,35.5,1.89,0.95,0,0,243,Normal,0,0
1/7/2025 13:09,16,62.08,58.22,52.15,2.44,1.82,1,0,170,Normal,0,0
1/7/2025 13:10,35,70.35,30.61,36.14,1.82,1,1,0,432,Normal,0,0
1/7/2025 13:11,16,88.65,45.97,69.71,4.77,2.01,0,0,436,Normal,0,0
1/7/2025 13:12,40,77.43,47.27,52.14,3.36,4.72,1,0,22,Normal,0,0
1/7/2025 13:13,12,88.9,43.29,67.38,3.78,3.11,1,0,402,Normal,0,0
1/7/2025 13:14,35,93.8,72.83,59.7,3.47,1.82,1,1,34,Normal,1,1
1/7/2025 13:15,49,77.5,47.35,32.24,3.49,1.39,1,0,52,Normal,0,0
1/7/2025 13:16,21,81.06,50.3,61.95,1.4,1.11,1,0,323,Normal,0,0
1/7/2025 13:17,50,84.6,48.7,64.74,3.66,2.22,1,0,428,Normal,0,0
1/7/2025 13:18,43,55.81,32.08,45.07,3,3.42,1,0,364,Normal,0,0
1/7/2025 13:19,36,69.72,45.16,55.47,2.31,3.31,1,0,50,Normal,0,0
1/7/2025 13:20,48,75.73,65.18,53.71,2.48,4.52,1,0,433,Normal,0,0
1/7/2025 13:21,17,87.1,50.91,66.83,4.34,3.24,0,0,253,Normal,0,0
1/7/2025 13:22,32,61.6,50.42,78.6,3.97,3.29,0,0,374,Normal,0,0
1/7/2025 13:23,41,83.7,49.61,49.49,4.23,3.78,1,0,337,Normal,0,0
1/7/2025 13:24,6,70.91,51.21,79.78,4.39,3.6,2,0,107,Overheating,0,1
1/7/2025 13:25,24,81.61,53.08,51.11,4.46,1.96,1,0,62,Normal,0,0
1/7/2025 13:26,27,72.38,48.88,67.81,1.92,3.81,1,0,65,Normal,0,0
1/7/2025 13:27,20,73.53,38.08,43.09,2.51,4.74,1,0,476,Normal,0,0
1/7/2025 13:28,25,71.27,26.29,72.75,1.35,1.76,2,0,336,Normal,0,1
1/7/2025 13:29,2,72.43,47.07,73.22,1.47,3.2,0,0,360,Normal,0,0
1/7/2025 13:30,9,88.33,48.37,56.78,2.91,4.57,1,0,202,Normal,0,0
1/7/2025 13:31,28,65.8,49.13,66.05,2.26,3.91,1,0,64,Normal,0,0
1/7/2025 13:32,38,62.23,42.13,39.53,4.08,2.85,1,0,238,Normal,0,0
1/7/2025 13:33,3,64.26,40.66,45.59,2.53,4.3,1,0,323,Normal,0,0
1/7/2025 13:34,20,70.85,21.92,48.58,1.66,2.63,1,0,495,Normal,0,0
1/7/2025 13:35,6,74.9,48.06,55.22,4.42,2.95,2,0,394,Pressure Drop,0,1
1/7/2025 13:36,39,77.83,58.31,48.62,2.19,2.2,1,0,391,Normal,0,0
1/7/2025 13:37,33,74.95,41.55,49.43,2.19,3.11,1,0,85,Normal,0,0
1/7/2025 13:38,1,69.79,18.04,35.47,4.28,4.1,1,0,474,Normal,0,0
1/7/2025 13:39,37,95.73,56.5,47.97,3.62,0.5,0,1,29,Normal,1,1
1/7/2025 13:40,6,82.14,58.21,52.92,3.82,3.32,1,0,200,Normal,0,0
1/7/2025 13:41,45,68.44,54.53,41.84,2.72,4.9,1,0,159,Normal,0,0
1/7/2025 13:42,34,76,32.04,38.94,2.29,0.69,2,0,279,Normal,0,1
1/7/2025 13:43,47,86.88,28.3,37.68,2.54,1.13,0,0,308,Normal,0,0
1/7/2025 13:44,15,70.61,63.06,46.56,2.93,3.72,1,0,116,Normal,0,0
1/7/2025 13:45,45,73.88,73.11,73.93,4.26,4.23,1,0,499,Normal,0,0
1/7/2025 13:46,26,71.78,64.42,30.28,3.69,1.1,1,0,279,Normal,0,0
1/7/2025 13:47,14,87.52,71.09,39.13,4.93,1.95,1,0,85,Normal,0,0
1/7/2025 13:48,7,80.31,37.34,42.08,3.71,4.25,1,0,195,Normal,0,0
1/7/2025 13:49,46,69.54,55.11,51.99,3.33,2.34,1,0,186,Normal,0,0
1/7/2025 13:50,31,97.52,46.21,47.49,3.94,3.42,2,1,19,Normal,1,1
1/7/2025 13:51,24,66.17,41.24,61.99,3.45,1.27,1,0,88,Normal,0,0
1/7/2025 13:52,31,75.91,53.87,31.22,4.27,1.3,1,0,496,Normal,0,0
1/7/2025 13:53,29,88.15,57,56.77,4.47,1.44,1,0,142,Normal,0,0
1/7/2025 13:54,42,74.93,32.28,51.11,4.85,2.78,2,0,393,Pressure Drop,0,1
1/7/2025 13:55,32,72.85,31.58,50.29,4.34,3.75,0,0,289,Normal,0,0
1/7/2025 13:56,17,80.48,45.6,79.4,3.89,2.06,2,0,224,Vibration Issue,0,1
1/7/2025 13:57,14,77.76,29.92,52.18,3.04,3.13,1,0,198,Normal,0,0
1/7/2025 13:58,40,67.85,56.78,67.23,2.17,0.91,1,0,181,Normal,0,0
1/7/2025 13:59,36,83.2,52.84,38.03,2.08,4.09,1,0,328,Normal,0,0
1/7/2025 14:00,48,67.89,54.47,58.28,3.29,4.97,2,0,477,Vibration Issue,0,1
1/7/2025 14:01,24,62.28,30.77,79.51,2.24,3.62,1,0,133,Normal,0,0
1/7/2025 14:02,45,78.22,48.36,66.87,1.81,1.66,1,0,21,Normal,0,0
1/7/2025 14:03,27,67.6,50.54,39.88,2.85,3.84,0,0,390,Normal,0,0
1/7/2025 14:04,25,76.69,59.09,48.61,3.53,3.78,1,0,291,Normal,0,0
1/7/2025 14:05,32,80.24,30.35,49.77,4.75,4.44,1,0,264,Normal,0,0
1/7/2025 14:06,18,78.28,74.76,62.38,4.59,1.7,1,0,219,Normal,0,0
1/7/2025 14:07,46,107.71,67.67,77.44,2.67,3.99,1,1,27,Normal,1,1
1/7/2025 14:08,18,91.13,47.24,54.28,2.36,1.38,2,1,34,Vibration Issue,1,1
1/7/2025 14:09,37,82.09,63.76,41.35,2.24,4.32,1,0,30,Normal,0,0
1/7/2025 14:10,26,81.52,28.7,75.52,4.14,4.3,1,0,181,Normal,0,0
1/7/2025 14:11,9,84.69,63.98,56.34,4.21,3.95,1,0,278,Normal,0,0
1/7/2025 14:12,35,76.61,51.67,58.86,4.34,1.73,1,0,224,Normal,0,0
1/7/2025 14:13,8,75.73,79.2,48.24,2.5,4.61,2,0,160,Vibration Issue,0,1
1/7/2025 14:14,20,76.13,56.63,76.59,1.92,4.25,1,0,213,Normal,0,0
1/7/2025 14:15,42,71.94,59.43,36.64,2.61,3.8,1,0,200,Normal,0,0
1/7/2025 14:16,22,96.93,32.47,33.94,1.44,2.27,1,1,22,Normal,1,1
1/7/2025 14:17,19,66.6,44.16,72.93,1.84,4.23,1,0,418,Normal,0,0
1/7/2025 14:18,30,86.35,54.2,65.62,1.14,2.54,1,0,71,Normal,0,0
1/7/2025 14:19,28,84.85,61.93,71.2,3.27,1.97,0,0,177,Normal,0,0
1/7/2025 14:20,35,83.68,37.51,70.61,3.22,1.63,1,0,488,Normal,0,0
1/7/2025 14:21,43,77.35,56.68,34.62,4.01,1.81,0,0,38,Normal,0,0
1/7/2025 14:22,11,67.86,60.96,67.35,1.59,4.94,2,0,98,Pressure Drop,0,1
1/7/2025 14:23,31,81.35,61.72,73.88,2.52,2.27,1,0,113,Normal,0,0
1/7/2025 14:24,49,81.35,46.44,70.32,4.55,2.12,1,0,281,Normal,0,0
1/7/2025 14:25,48,100.47,38.1,60.73,2.51,1.25,2,1,27,Normal,1,1
1/7/2025 14:26,39,83.42,51.24,47.12,2.92,4.63,1,0,111,Normal,0,0
1/7/2025 14:27,36,79.82,36.54,48.6,4.43,2.83,1,0,425,Normal,0,0
1/7/2025 14:28,30,77.12,11.08,51.02,3.01,4.45,1,0,321,Normal,0,0
1/7/2025 14:29,23,73.01,50.58,43.36,3.23,0.92,2,0,147,Pressure Drop,0,1
1/7/2025 14:30,19,79.58,74.65,62.96,4.78,3.57,1,0,427,Normal,0,0
1/7/2025 14:31,12,83.14,35.61,39.38,4.71,3.89,0,0,365,Normal,0,0
1/7/2025 14:32,15,69.37,38.18,48.94,1.85,4.05,2,0,60,Overheating,0,1
1/7/2025 14:33,31,72.23,62.64,57.01,4.8,3.93,1,0,167,Normal,0,0
1/7/2025 14:34,43,68.13,64.1,68.22,2.63,3.7,1,0,24,Normal,0,0
1/7/2025 14:35,37,81.77,55.99,64.72,3.52,3.92,1,0,223,Normal,0,0
1/7/2025 14:36,37,88.15,56.89,47.57,2.72,1.16,1,0,437,Normal,0,0
1/7/2025 14:37,15,49.84,61.92,36.68,1.28,4.64,1,0,326,Normal,0,0
1/7/2025 14:38,29,73.66,45.19,64.19,1.7,2.05,1,0,123,Normal,0,0
1/7/2025 14:39,50,94.85,52.63,35.8,2.23,2.98,1,1,25,Normal,1,1
1/7/2025 14:40,43,84.35,42.18,55.4,2.49,4.35,1,0,36,Normal,0,0
1/7/2025 14:41,26,80.79,55.62,40.49,1.11,3.49,1,0,369,Normal,0,0
1/7/2025 14:42,44,64.97,60.29,51.3,4.07,2.42,1,0,36,Normal,0,0
1/7/2025 14:43,2,85.66,74.29,41.58,2.77,3.7,1,0,274,Normal,0,0
1/7/2025 14:44,20,76.22,49.46,49.22,3.45,0.96,1,0,159,Normal,0,0
1/7/2025 14:45,15,84.5,36.07,51.94,1.04,4.36,1,0,147,Normal,0,0
1/7/2025 14:46,4,99.36,40.96,54.41,1.56,0.72,0,1,17,Normal,1,1
1/7/2025 14:47,22,63.76,71.68,46.47,3.29,4.65,1,0,454,Normal,0,0
1/7/2025 14:48,50,91.34,53.27,53.8,4.35,4.74,1,1,45,Normal,1,1
1/7/2025 14:49,38,73.92,58.95,51.43,3.42,0.92,1,0,267,Normal,0,0
1/7/2025 14:50,23,89.29,45.49,72.83,2.84,0.53,1,0,313,Normal,0,0
1/7/2025 14:51,26,70.9,44.86,35.62,3.56,1.44,1,0,72,Normal,0,0
1/7/2025 14:52,11,67,61.15,40.44,4.19,4.19,1,0,142,Normal,0,0
1/7/2025 14:53,28,84.33,43.15,42.38,3.03,2.6,1,0,484,Normal,0,0
1/7/2025 14:54,2,60.17,58.31,38.54,2.06,1.29,2,0,119,Electrical Fault,0,1
1/7/2025 14:55,8,69.11,66.75,56.74,3.85,0.83,1,0,110,Normal,0,0
1/7/2025 14:56,29,69.13,61.58,68.62,1.93,1.03,1,0,354,Normal,0,0
1/7/2025 14:57,11,69.99,58.3,35.66,1.89,4.17,1,0,23,Normal,0,0
1/7/2025 14:58,37,82.97,45.94,55.09,3.04,2.49,1,0,474,Normal,0,0
1/7/2025 14:59,18,82,76.91,44.24,3.97,3.49,1,0,252,Normal,0,0
1/7/2025 15:00,50,75.62,61.47,38.65,2.54,3.7,0,0,215,Normal,0,0
1/7/2025 15:01,14,68.96,44.35,57.91,1.66,4.3,1,0,110,Normal,0,0
1/7/2025 15:02,10,74.99,24.08,46.93,4.03,4.66,1,0,437,Normal,0,0
1/7/2025 15:03,35,63.77,70.93,72.06,2.87,0.94,1,0,19,Normal,0,1
1/7/2025 15:04,9,63.71,29.86,34.03,1.67,1.07,1,0,115,Normal,0,0
1/7/2025 15:05,35,69.24,21.31,60.28,3.45,3.12,1,0,17,Normal,0,1
1/7/2025 15:06,11,61.84,36.91,64.73,4.25,3.66,2,0,406,Overheating,0,1
1/7/2025 15:07,44,77.7,38.76,61.36,4.71,4.12,1,0,474,Normal,0,0
1/7/2025 15:08,12,82.23,43.14,76.25,3.95,1.25,0,0,140,Normal,0,0
1/7/2025 15:09,3,76.41,50.91,62.57,1.99,4.43,1,0,82,Normal,0,0
1/7/2025 15:10,39,65.18,67.95,61.76,3.84,4.7,1,0,186,Normal,0,0
1/7/2025 15:11,14,71.69,48.88,51.14,4.05,1.9,2,0,100,Vibration Issue,0,1
1/7/2025 15:12,28,85.49,36.16,36.18,4.62,4.2,1,0,34,Normal,0,0
1/7/2025 15:13,11,88,69.1,62.49,4.65,3.01,1,0,125,Normal,0,0
1/7/2025 15:14,39,64.19,54.97,56.08,3.56,0.61,1,0,296,Normal,0,0
1/7/2025 15:15,25,80.71,33.81,37.28,3.29,0.67,1,0,328,Normal,0,0
1/7/2025 15:16,21,68.05,40.64,51.05,1.71,1.05,1,0,153,Normal,0,0
1/7/2025 15:17,10,88.12,48.97,60.37,2.22,4.23,1,0,489,Normal,0,0
1/7/2025 15:18,43,88.66,32.48,68.87,1.8,4.14,1,0,495,Normal,0,0
1/7/2025 15:19,15,51.37,47.58,46.98,2.96,4.78,1,0,128,Normal,0,0
1/7/2025 15:20,19,66.86,53.29,72.51,4.92,2.27,1,0,424,Normal,0,0
1/7/2025 15:21,48,80.44,41.66,53.85,2.94,2.42,1,0,344,Normal,0,0
1/7/2025 15:22,22,53.98,49.72,54.37,1.52,1.31,1,0,73,Normal,0,0
1/7/2025 15:23,21,90.97,50.66,61.99,3.19,2.47,1,1,14,Normal,1,1
1/7/2025 15:24,44,80.19,52.89,67.39,2.81,2.52,1,0,90,Normal,0,0
1/7/2025 15:25,32,60.64,50.72,34.85,1.03,4.16,1,0,374,Normal,0,0
1/7/2025 15:26,50,86.11,66.12,36.81,3.44,4.97,1,0,449,Normal,0,0
1/7/2025 15:27,23,86.19,55.17,40.13,4.15,2.82,1,0,265,Normal,0,0
1/7/2025 15:28,13,81.91,54.28,49.32,1.68,3.97,1,0,472,Normal,0,0
1/7/2025 15:29,5,80.46,57.16,59.26,3.98,4,1,0,42,Normal,0,0
1/7/2025 15:30,4,84.56,63.62,65.54,4.37,2.29,2,0,247,Normal,0,1
1/7/2025 15:31,28,64.91,9.77,72.69,3.97,1.73,1,0,25,Normal,0,0
1/7/2025 15:32,14,77.7,44.96,33.07,2.04,3.55,1,0,411,Normal,0,0
1/7/2025 15:33,8,67.71,41.58,56.61,1.96,3.95,1,0,275,Normal,0,0
1/7/2025 15:34,9,86.94,44.28,65.44,1.63,2.78,1,0,157,Normal,0,0
1/7/2025 15:35,35,75.35,25.02,43.96,4.67,1.05,1,0,73,Normal,0,0
1/7/2025 15:36,37,52.97,38.16,34.46,1.37,2.63,1,0,208,Normal,0,0
1/7/2025 15:37,21,60.28,57.41,72.29,2.81,4.55,1,0,250,Normal,0,0
1/7/2025 15:38,18,74.83,61.48,32.59,2.49,3.31,1,0,182,Normal,0,0
1/7/2025 15:39,33,69.58,52.67,60.25,4.44,2.31,1,0,98,Normal,0,0
1/7/2025 15:40,8,69.98,32.81,62.74,4.12,3.76,1,0,53,Normal,0,0
1/7/2025 15:41,49,67.48,27.03,41.66,3.72,2.11,1,0,249,Normal,0,0
1/7/2025 15:42,17,66.68,56.46,39.36,1.34,1.34,1,0,248,Normal,0,0
1/7/2025 15:43,43,78.73,35.9,47.74,2.5,3,1,0,357,Normal,0,0
1/7/2025 15:44,31,82.51,74.28,66.47,1.46,0.54,1,0,33,Normal,0,0
1/7/2025 15:45,34,77.64,54.11,71.43,4.32,2.08,1,0,71,Normal,0,0
1/7/2025 15:46,6,81.64,58.15,47.28,2.21,1.9,1,0,35,Normal,0,0
1/7/2025 15:47,22,75.63,40.1,37.12,4.06,2.3,1,0,257,Normal,0,0
1/7/2025 15:48,14,59.54,57.71,78.93,1.28,1.21,1,0,391,Normal,0,0
1/7/2025 15:49,3,89.97,59.57,70.69,3.79,2.78,1,0,277,Normal,0,0
1/7/2025 15:50,12,89.32,33.43,68.93,3.17,1.52,2,0,212,Overheating,0,1
1/7/2025 15:51,36,81.23,30.58,73.47,4.6,3.83,1,0,464,Normal,0,0
1/7/2025 15:52,12,62.68,68.56,76.19,3,1.88,1,0,322,Normal,0,0
1/7/2025 15:53,45,60.26,60.01,79.82,2.65,2.96,0,0,295,Normal,0,0
1/7/2025 15:54,2,67.65,46.04,46.28,4.17,3.77,1,0,370,Normal,0,0
1/7/2025 15:55,2,96.51,67.83,49.37,2.88,2.94,1,1,15,Normal,1,1
1/7/2025 15:56,15,78.73,46.31,63.99,1.01,4.9,2,0,133,Pressure Drop,0,1
1/7/2025 15:57,23,75.21,33.07,79.58,2.37,2.82,1,0,468,Normal,0,0
1/7/2025 15:58,29,76.26,37.05,64.74,2.2,4.6,1,0,437,Normal,0,0
1/7/2025 15:59,17,71.12,63.54,47.34,2.82,4.36,1,0,451,Normal,0,0
1/7/2025 16:00,32,74.4,35.09,71.77,1.62,2.24,2,0,63,Normal,0,1
1/7/2025 16:01,7,75.96,44.87,39.79,3.64,2.27,1,0,222,Normal,0,0
1/7/2025 16:02,30,69.24,51.33,73.47,3.36,3.67,2,0,375,Overheating,0,1
1/7/2025 16:03,28,62.89,51.34,34.38,2.22,2.01,1,0,115,Normal,0,0
1/7/2025 16:04,14,76.09,52.06,46.59,2.52,3.38,1,0,101,Normal,0,0
1/7/2025 16:05,44,67.32,26.35,63.33,4.44,1.45,0,0,100,Normal,0,0
1/7/2025 16:06,30,85.81,55.75,51.12,1.75,1,0,0,290,Normal,0,0
1/7/2025 16:07,17,79.92,59.39,34.68,1.88,1.8,1,0,334,Normal,0,0
1/7/2025 16:08,32,73.95,38.77,44.49,1.53,4.63,1,0,208,Normal,0,0
1/7/2025 16:09,46,67.83,24.68,74.87,1.59,4.48,1,0,370,Normal,0,0
1/7/2025 16:10,6,81.81,51.24,48.5,4.87,1.23,0,0,55,Normal,0,0
1/7/2025 16:11,24,82.22,65.58,48.91,2.75,1.45,1,0,399,Normal,0,0
1/7/2025 16:12,6,70.43,39.59,36.66,1.5,1.69,0,0,399,Normal,0,0
1/7/2025 16:13,27,78.57,61.89,68.34,3.78,4.28,0,0,165,Normal,0,0
1/7/2025 16:14,18,66.42,10.35,60.79,2.33,1.22,1,0,258,Normal,0,0
1/7/2025 16:15,24,76.64,68.79,38.21,2.1,0.87,1,0,427,Normal,0,0
1/7/2025 16:16,37,66.82,67.17,47.42,1.64,1.69,0,0,348,Normal,0,0
1/7/2025 16:17,24,70.11,64.7,69.84,3.98,4.66,0,0,167,Normal,0,0
1/7/2025 16:18,38,83.63,37.46,32.34,4.24,0.59,0,0,93,Normal,0,0
1/7/2025 16:19,34,86.81,45.71,74.06,3.24,1.73,1,0,232,Normal,0,0
1/7/2025 16:20,40,61.08,75.76,61.63,2.55,1.19,1,0,414,Normal,0,0
1/7/2025 16:21,47,73.46,64.62,56.96,1.18,4.48,1,0,70,Normal,0,0
1/7/2025 16:22,15,81.78,29.19,76.49,1.26,2.56,2,0,338,Normal,0,1
1/7/2025 16:23,11,64.57,46.96,43.37,2.27,4.75,1,0,71,Normal,0,0
1/7/2025 16:24,22,71.03,70.98,64.64,1.02,2.58,1,0,433,Normal,0,0
1/7/2025 16:25,24,80.46,45.42,47.75,3.1,4.4,1,0,217,Normal,0,0
1/7/2025 16:26,1,69.61,41.25,53.33,2.32,0.67,0,0,45,Normal,0,0
1/7/2025 16:27,18,61.7,32.89,61.96,3.66,4.36,1,0,216,Normal,0,0
1/7/2025 16:28,44,71.65,42.42,32.06,4.7,2.84,1,0,348,Normal,0,0
1/7/2025 16:29,12,72.89,71.32,53.35,3.24,1.96,1,0,329,Normal,0,0
1/7/2025 16:30,43,90.57,29.12,52.6,4.35,1.52,1,1,43,Normal,1,1
1/7/2025 16:31,28,98.55,55.16,53.18,2.06,1.82,1,1,1,Normal,1,1
1/7/2025 16:32,40,78.36,44.24,54.3,4.09,4.24,1,0,337,Normal,0,0
1/7/2025 16:33,7,75.95,62.03,39.64,1.43,2.23,1,0,204,Normal,0,0
1/7/2025 16:34,23,63.89,29.05,41.86,2.62,3.9,1,0,295,Normal,0,0
1/7/2025 16:35,21,61.04,47.49,32.89,1.73,2.98,1,0,300,Normal,0,0
1/7/2025 16:36,34,86.62,45.53,72.97,3.31,4,0,0,300,Normal,0,0
1/7/2025 16:37,11,60.28,28.97,75.63,2.68,2,1,0,429,Normal,0,0
1/7/2025 16:38,22,81.61,39.55,62.48,3.26,2.89,1,0,431,Normal,0,0
1/7/2025 16:39,42,98.86,51.48,75.95,4.51,4.9,1,1,17,Normal,1,1
1/7/2025 16:40,35,64.78,48.76,38.67,1.54,3.96,1,0,251,Normal,0,0
1/7/2025 16:41,29,55.84,36.75,78.04,2.16,2.04,1,0,130,Normal,0,0
1/7/2025 16:42,42,79.8,65.05,66.77,1.96,1.78,1,0,202,Normal,0,0
1/7/2025 16:43,28,87.86,62.17,53.86,4.32,2.62,1,0,326,Normal,0,0
1/7/2025 16:44,18,65.1,39.26,30.29,2.5,4.46,1,0,355,Normal,0,0
1/7/2025 16:45,14,84.59,58.59,32.31,4.04,0.55,1,0,323,Normal,0,0
1/7/2025 16:46,18,87.48,25.61,62.17,2.45,4.38,1,0,162,Normal,0,0
1/7/2025 16:47,28,78.82,53.68,34.4,2.16,2.9,0,0,183,Normal,0,0
1/7/2025 16:48,24,71.02,52.96,77.89,3.31,1.2,1,0,58,Normal,0,0
1/7/2025 16:49,8,83.07,54.47,58.49,3.85,2.06,1,0,128,Normal,0,0
1/7/2025 16:50,42,69.78,69.48,34.72,4.82,1.31,1,0,192,Normal,0,0
1/7/2025 16:51,45,74.55,24.09,74.88,3.24,3.12,1,0,70,Normal,0,0
1/7/2025 16:52,8,71.36,56.55,50.6,1.65,1.89,2,0,355,Pressure Drop,0,1
1/7/2025 16:53,4,77.81,45.91,59.73,1.24,4.84,1,0,363,Normal,0,0
1/7/2025 16:54,27,76.76,43.06,79.16,1.02,0.56,2,0,22,Pressure Drop,0,1
1/7/2025 16:55,36,74.74,39.74,48.84,1.98,3.75,1,0,242,Normal,0,0
1/7/2025 16:56,5,72.58,41.39,39.04,3.07,2.57,1,0,291,Normal,0,0
1/7/2025 16:57,33,80.95,43.6,38.83,2.57,0.67,1,0,152,Normal,0,0
1/7/2025 16:58,49,67.71,31.16,41.99,3.5,3.28,1,0,397,Normal,0,0
1/7/2025 16:59,34,66.89,39.81,63,1.04,2.51,1,0,302,Normal,0,0
1/7/2025 17:00,30,86.36,60.88,75.78,3.94,2.13,1,0,306,Normal,0,0
1/7/2025 17:01,8,84.3,50.22,51.97,1.27,2.8,1,0,456,Normal,0,0
1/7/2025 17:02,39,68.08,64.26,32.07,3.35,4.83,1,0,205,Normal,0,0
1/7/2025 17:03,47,67.45,44.34,65.24,3.75,2.76,0,0,381,Normal,0,0
1/7/2025 17:04,26,68.02,69.14,39.01,2.28,1.62,1,0,310,Normal,0,0
1/7/2025 17:05,37,56.54,83.11,48.39,3.27,4.88,1,1,34,Normal,1,1
1/7/2025 17:06,34,84.45,41.58,67.77,1.57,4.86,2,0,386,Vibration Issue,0,1
1/7/2025 17:07,7,78.61,46.69,34.5,4.98,0.69,1,0,484,Normal,0,0
1/7/2025 17:08,40,66.03,57.62,54.98,1.68,0.6,2,0,459,Pressure Drop,0,1
1/7/2025 17:09,28,82.08,46.72,71,4.55,3.31,2,0,153,Electrical Fault,0,1
1/7/2025 17:10,39,83.84,43.04,40.66,1.1,0.77,1,0,400,Normal,0,0
1/7/2025 17:11,39,74.5,56.94,49.36,1.48,4.09,1,0,179,Normal,0,0
1/7/2025 17:12,28,79.52,71.1,65.26,4.8,0.64,1,0,201,Normal,0,0
1/7/2025 17:13,14,79.31,43.24,41.1,1.64,3.07,1,0,345,Normal,0,0
1/7/2025 17:14,50,74.86,51.09,63.84,1.85,4.82,1,0,261,Normal,0,0
1/7/2025 17:15,38,75.29,57.57,69.28,4.4,3.99,1,0,123,Normal,0,0
1/7/2025 17:16,4,78.66,55.27,79.5,3.88,2.25,1,0,290,Normal,0,0
1/7/2025 17:17,42,77.07,21.78,35.48,3.63,1.34,1,0,266,Normal,0,0
1/7/2025 17:18,18,70.59,64.06,63.04,4.15,0.96,1,0,379,Normal,0,0
1/7/2025 17:19,44,69.49,59.79,50.93,1.83,0.7,0,0,44,Normal,0,0
1/7/2025 17:20,48,90.97,36.26,43.82,4.5,2.64,1,1,1,Normal,1,1
1/7/2025 17:21,25,71.24,63.88,61.86,2.76,3.36,1,0,255,Normal,0,0
1/7/2025 17:22,7,62.19,58.61,43.54,4.81,0.67,1,0,193,Normal,0,0
1/7/2025 17:23,38,86.79,45.11,33.45,4.02,3.58,1,0,254,Normal,0,0
1/7/2025 17:24,28,74.57,48.04,33.41,3.36,3.1,0,0,131,Normal,0,0
1/7/2025 17:25,5,74.25,45.63,74.88,4.79,4.02,1,0,492,Normal,0,0
1/7/2025 17:26,3,74.44,19.43,46.27,2.04,2.89,1,0,317,Normal,0,0
1/7/2025 17:27,44,87.56,40.51,78.08,2.31,3.13,1,0,353,Normal,0,0
1/7/2025 17:28,31,65.27,47.34,38.75,3.17,1.28,2,0,199,Vibration Issue,0,1
1/7/2025 17:29,47,85.98,55.51,76.57,2.92,0.82,1,0,330,Normal,0,0
1/7/2025 17:30,42,78.32,40.26,51.63,2.08,2.52,1,0,399,Normal,0,0
1/7/2025 17:31,20,84.19,57.05,48.33,3.35,4.47,1,0,73,Normal,0,0
1/7/2025 17:32,19,70.46,66.9,33.76,2.44,4.87,1,0,285,Normal,0,0
1/7/2025 17:33,48,101.83,61.48,55.22,4.33,4.88,1,1,7,Normal,1,1
1/7/2025 17:34,11,73.89,52.11,58,4.03,2.97,0,0,272,Normal,0,0
1/7/2025 17:35,40,74.38,40.18,40.88,4.22,2.23,1,0,73,Normal,0,0
1/7/2025 17:36,3,65.9,50.78,49.57,1.73,2.47,2,0,226,Vibration Issue,0,1
1/7/2025 17:37,23,73.72,30.17,48.64,3.89,3.75,1,0,24,Normal,0,0
1/7/2025 17:38,7,66.4,33.53,30.68,2.66,4.31,0,0,323,Normal,0,0
1/7/2025 17:39,23,96.64,81.78,65.5,3.28,2.21,2,1,4,Vibration Issue,1,1
1/7/2025 17:40,7,57.02,37.02,34.64,3.62,4.64,0,0,164,Normal,0,0
1/7/2025 17:41,46,51.79,33.86,56.56,2.95,2.01,1,0,441,Normal,0,0
1/7/2025 17:42,34,69.41,61.67,79.28,4.51,3.22,1,0,360,Normal,0,0
1/7/2025 17:43,42,78.67,72.08,58.34,3.23,3.61,1,0,127,Normal,0,0
1/7/2025 17:44,19,88.56,31.79,72.03,2.13,1.75,1,0,322,Normal,0,0
1/7/2025 17:45,9,76.36,39.03,73.07,2.78,4.76,0,0,367,Normal,0,0
1/7/2025 17:46,48,71.68,67.99,49.45,2.82,3.54,1,0,149,Normal,0,0
1/7/2025 17:47,18,75.07,38.5,69.68,1.28,2.37,1,0,246,Normal,0,0
1/7/2025 17:48,41,82.72,41.52,47.22,2.87,1.42,1,0,23,Normal,0,0
1/7/2025 17:49,48,63.3,66.32,66.94,3.96,4.8,1,0,26,Normal,0,0
1/7/2025 17:50,45,84.85,41.17,69.62,2.38,1.17,1,0,184,Normal,0,0
1/7/2025 17:51,42,56.37,51.59,42.75,4.19,3.8,1,0,258,Normal,0,0
1/7/2025 17:52,25,72.55,57.31,35.28,4.2,0.6,1,0,432,Normal,0,0
1/7/2025 17:53,14,74.01,17.82,74.81,1.42,2.07,0,0,122,Normal,0,0
1/7/2025 17:54,44,60.73,57.51,79.01,2.59,1.48,1,0,200,Normal,0,0
1/7/2025 17:55,25,75.34,70.83,41.18,2.25,2.37,1,0,481,Normal,0,0
1/7/2025 17:56,19,70.62,66.16,40.09,1.07,4.98,1,0,454,Normal,0,0
1/7/2025 17:57,39,77.43,36.84,42.48,4.9,0.65,1,0,229,Normal,0,0
1/7/2025 17:58,15,77.88,56.09,76.85,4.02,3.02,0,0,154,Normal,0,0
1/7/2025 17:59,16,78.72,37.79,77.87,3.03,4.28,0,0,184,Normal,0,0
1/7/2025 18:00,27,69.92,44.35,32.18,4.43,0.51,2,0,163,Vibration Issue,0,1
1/7/2025 18:01,40,76.52,46.86,77.39,2.25,1.38,1,0,435,Normal,0,0
1/7/2025 18:02,10,87.12,63.3,40.51,1.7,1.32,1,0,195,Normal,0,0
1/7/2025 18:03,4,82.97,38.53,63.2,3.62,4.55,1,0,295,Normal,0,0
1/7/2025 18:04,19,78.03,49.68,68.18,4.3,4.57,1,0,317,Normal,0,0
1/7/2025 18:05,28,65.34,45.18,59.32,1.45,3.27,1,0,427,Normal,0,0
1/7/2025 18:06,21,49.08,74.28,68.4,4.05,2.91,0,0,257,Normal,0,0
1/7/2025 18:07,47,55.12,51.01,72.91,2,4.72,1,0,152,Normal,0,0
1/7/2025 18:08,14,81.39,52.88,40.06,3.2,3.01,1,0,54,Normal,0,0
1/7/2025 18:09,33,66.97,55.04,72.19,3.94,1.67,1,0,276,Normal,0,0
1/7/2025 18:10,48,62.2,66.57,38.18,2.62,1.97,2,0,304,Vibration Issue,0,1
1/7/2025 18:11,10,68.45,66.13,40.04,1.18,2.41,0,0,207,Normal,0,0
1/7/2025 18:12,19,73.64,51.26,71.89,3.07,3.26,1,0,135,Normal,0,0
1/7/2025 18:13,30,75.84,48.46,33.75,2.69,2.1,1,0,113,Normal,0,0
1/7/2025 18:14,22,67.67,57.32,65.13,3,4.04,1,0,220,Normal,0,0
1/7/2025 18:15,3,84.15,49.63,51.42,4.41,2.06,1,0,375,Normal,0,0
1/7/2025 18:16,37,72.82,44.06,73.54,4.63,1.67,1,0,252,Normal,0,0
1/7/2025 18:17,41,72.48,53.69,79.99,2.7,3.37,1,0,450,Normal,0,0
1/7/2025 18:18,18,65.75,52.35,78.84,3.95,3.75,1,0,90,Normal,0,0
1/7/2025 18:19,11,94.49,40.73,75.99,1.16,4.44,2,1,1,Vibration Issue,1,1
1/7/2025 18:20,48,73.35,60,67.67,3.97,3.9,1,0,132,Normal,0,0
1/7/2025 18:21,2,80.43,72.32,57.37,4.59,1.05,1,0,254,Normal,0,0
1/7/2025 18:22,12,76.73,42.55,47.61,1.92,2.74,2,0,148,Normal,0,1
1/7/2025 18:23,6,87.44,41.03,30.77,4.85,2.49,1,0,306,Normal,0,0
1/7/2025 18:24,43,66.52,66.43,47.31,2.66,1.36,1,0,126,Normal,0,0
1/7/2025 18:25,40,80.26,37.97,72.05,4.23,4.99,1,0,102,Normal,0,0
1/7/2025 18:26,44,71.85,71.42,76.25,2.55,1.17,2,0,245,Normal,0,1
1/7/2025 18:27,29,76.89,33.91,74.45,2.67,2.43,1,0,72,Normal,0,0
1/7/2025 18:28,30,71.55,55.96,70.04,4.83,2.44,1,0,374,Normal,0,0
1/7/2025 18:29,2,94.14,76.39,43.03,1.21,0.64,0,1,21,Normal,1,1
1/7/2025 18:30,9,73.88,41.63,67.42,4.83,2.32,1,0,149,Normal,0,0
1/7/2025 18:31,47,59.44,55.97,45.84,2.34,4.83,1,0,171,Normal,0,0
1/7/2025 18:32,2,73.71,61.85,75.69,3.02,2.65,1,0,346,Normal,0,0
1/7/2025 18:33,29,76.33,51.55,32.8,4.26,3.53,1,0,455,Normal,0,0
1/7/2025 18:34,33,76.31,38.85,72.42,2.99,4.32,1,0,235,Normal,0,0
1/7/2025 18:35,10,62.27,44.99,47.37,2.36,0.8,1,0,271,Normal,0,0
1/7/2025 18:36,34,63.16,32.96,60.71,1.04,2.5,1,0,85,Normal,0,0
1/7/2025 18:37,44,93.58,32.01,65.86,2.98,3.94,2,1,6,Pressure Drop,1,1
1/7/2025 18:38,8,72.74,60.59,55.14,1.82,0.73,1,0,62,Normal,0,0
1/7/2025 18:39,37,73.78,81.34,33.22,1.97,2.56,0,1,4,Normal,1,1
1/7/2025 18:40,33,95.89,66.05,33.64,1.76,4.79,0,1,25,Normal,1,1
1/7/2025 18:41,47,83.02,23.18,68.31,4.63,4.63,2,0,242,Vibration Issue,0,1
1/7/2025 18:42,6,74.66,31.03,71.68,4.72,3.05,1,0,209,Normal,0,0
1/7/2025 18:43,44,77.36,43.35,51.48,4.98,2.87,0,0,16,Normal,0,1
1/7/2025 18:44,40,94.95,56.07,64.02,4.52,3.96,1,1,48,Normal,1,1
1/7/2025 18:45,45,68.67,51.36,60.6,1.42,3.77,1,0,452,Normal,0,0
1/7/2025 18:46,19,83.35,51.79,38.14,1.36,2.62,2,0,16,Pressure Drop,0,1
1/7/2025 18:47,32,81.81,34.94,41.85,2.56,1.28,1,0,426,Normal,0,0
1/7/2025 18:48,27,75.6,50.17,44.24,1.45,4.94,1,0,356,Normal,0,0
1/7/2025 18:49,1,69.54,56.43,34.64,1.74,4.35,1,0,326,Normal,0,0
1/7/2025 18:50,43,79.03,36.45,78.57,4.92,2.77,1,0,223,Normal,0,0
1/7/2025 18:51,33,74.97,42.87,49.98,2.69,0.83,1,0,35,Normal,0,0
1/7/2025 18:52,40,82.19,49.62,66.31,4.93,0.57,0,0,288,Normal,0,0
1/7/2025 18:53,32,58.61,84.34,34.64,3.52,2.1,1,1,10,Normal,1,1
1/7/2025 18:54,5,106.83,46.39,45.37,4.7,1.57,1,1,26,Normal,1,1
1/7/2025 18:55,17,80.94,37.02,44.8,3.38,1.04,1,0,106,Normal,0,0
1/7/2025 18:56,8,79.84,37.51,39.18,2.54,1.14,1,0,350,Normal,0,0
1/7/2025 18:57,42,95.55,81.23,65.13,2.05,4.84,2,1,47,Electrical Fault,1,1
1/7/2025 18:58,34,68.75,53.26,41.03,3.98,3.36,2,0,192,Overheating,0,1
1/7/2025 18:59,9,68.05,75.31,50.75,4.02,2.99,1,0,162,Normal,0,0
1/7/2025 19:00,23,71.73,13.62,62.4,2.76,3.87,0,0,295,Normal,0,0
1/7/2025 19:01,35,96.72,48.5,52.23,1.9,2.24,1,1,15,Normal,1,1
1/7/2025 19:02,50,74.07,75.62,36.49,4.66,1.17,1,0,338,Normal,0,0
1/7/2025 19:03,7,102.58,65.46,44.02,2.95,2.22,1,1,31,Normal,1,1
1/7/2025 19:04,15,69.68,50.75,73.55,2.71,3.84,2,0,94,Pressure Drop,0,1
1/7/2025 19:05,20,48.81,33.34,64.28,4.77,3.6,1,0,205,Normal,0,0
1/7/2025 19:06,50,58.18,59.1,52.96,2.32,0.82,1,0,348,Normal,0,0
1/7/2025 19:07,25,80.9,77.62,41.32,4.52,1.76,1,0,160,Normal,0,0
1/7/2025 19:08,3,81.48,55.77,36.62,2.35,3.42,1,0,100,Normal,0,0
1/7/2025 19:09,46,78.63,56.31,39.53,2.91,4.79,1,0,144,Normal,0,0
1/7/2025 19:10,24,64.71,18.38,47.96,2.24,3.95,1,0,269,Normal,0,0
1/7/2025 19:11,34,63.06,45.15,76.27,2.29,2.44,1,0,108,Normal,0,0
1/7/2025 19:12,46,60.54,57.94,58.3,2.84,2.69,1,0,149,Normal,0,0
1/7/2025 19:13,22,71.86,48.7,61.88,3.39,3.68,1,0,416,Normal,0,0
1/7/2025 19:14,11,78.49,57.49,63.7,2.97,1.55,1,0,102,Normal,0,0
1/7/2025 19:15,48,87.85,57.92,63.69,2,3.96,1,0,218,Normal,0,0
1/7/2025 19:16,8,84.43,31.62,59.85,1.88,3.83,1,0,302,Normal,0,0
1/7/2025 19:17,39,76.81,82.44,67.89,4.91,2.04,1,1,37,Normal,1,1
1/7/2025 19:18,43,101.84,56.41,61.78,1.45,1.93,1,1,5,Normal,1,1
1/7/2025 19:19,35,75.53,33.43,71.52,3.16,1.63,1,0,108,Normal,0,0
1/7/2025 19:20,49,52.41,39.79,67.32,2.97,2.19,1,0,426,Normal,0,0
1/7/2025 19:21,46,61.69,42.33,30.37,3.14,2.45,1,0,101,Normal,0,0
1/7/2025 19:22,38,76.11,50.9,57.23,1.75,0.67,1,0,293,Normal,0,0
1/7/2025 19:23,8,61.65,51.56,75.63,1.92,4.98,1,0,486,Normal,0,0
1/7/2025 19:24,37,88.18,15.35,49.29,4.36,4.7,1,0,50,Normal,0,0
1/7/2025 19:25,27,77.33,66.77,38.67,4,1.24,1,0,314,Normal,0,0
1/7/2025 19:26,28,88.48,89.41,57.34,4.58,4.31,0,1,7,Normal,1,1
1/7/2025 19:27,40,77.78,51.27,68.69,2.73,4.17,1,0,385,Normal,0,0
1/7/2025 19:28,34,50.77,27.95,69.92,3.95,1.7,1,0,360,Normal,0,0
1/7/2025 19:29,32,90.15,47.61,72.34,2.96,4.92,2,1,28,Overheating,1,1
1/7/2025 19:30,15,74.44,50.19,51.82,2.37,1.69,1,0,168,Normal,0,0
1/7/2025 19:31,44,74.95,27.73,41.24,2.13,4.74,1,0,73,Normal,0,0
1/7/2025 19:32,17,79.78,41.29,47.12,2.74,2.51,1,0,380,Normal,0,0
1/7/2025 19:33,33,73.63,44.8,62.85,2.74,2.56,0,0,437,Normal,0,0
1/7/2025 19:34,47,80.69,66.06,39.32,1.99,4.19,0,0,89,Normal,0,0
1/7/2025 19:35,46,77.38,50.31,62.3,4.32,3.57,1,0,52,Normal,0,0
1/7/2025 19:36,16,74.58,41.99,40.46,1.83,2.74,1,0,187,Normal,0,0
1/7/2025 19:37,29,60.71,43.51,38.13,2.26,1.48,1,0,240,Normal,0,0
1/7/2025 19:38,9,75.44,42.17,66.83,3.82,4.27,2,0,11,Overheating,0,1
1/7/2025 19:39,33,73.83,38.76,42.63,1.09,4.69,2,0,457,Vibration Issue,0,1
1/7/2025 19:40,49,81.99,39.61,37.05,3.74,3.03,1,0,478,Normal,0,0
1/7/2025 19:41,29,83.01,49.77,48.87,4.21,3.68,1,0,307,Normal,0,0
1/7/2025 19:42,13,73.13,62.58,59.21,3.28,4.87,2,0,29,Normal,0,1
1/7/2025 19:43,21,71.95,58.27,71.76,4.88,1.23,1,0,25,Normal,0,0
1/7/2025 19:44,21,87.16,70.82,37.3,1.26,1.02,1,0,66,Normal,0,0
1/7/2025 19:45,5,82.32,55.81,54.6,1.89,0.93,1,0,430,Normal,0,0
1/7/2025 19:46,10,68.51,63.13,43.54,4.81,4.83,1,0,354,Normal,0,0
1/7/2025 19:47,6,59.38,84.98,79.95,1.24,3.87,2,1,29,Vibration Issue,1,1
1/7/2025 19:48,13,93.14,57.44,69.75,4.28,3.85,2,1,47,Normal,1,1
1/7/2025 19:49,1,83.21,54.45,59.32,2.68,2.83,2,0,123,Vibration Issue,0,1
1/7/2025 19:50,20,84.43,37.51,69.82,4.38,2.98,1,0,139,Normal,0,0
1/7/2025 19:51,47,63.77,63.73,51.58,2.88,4.46,2,0,252,Pressure Drop,0,1
1/7/2025 19:52,46,83.11,39.71,37.03,2.05,4.77,1,0,409,Normal,0,0
1/7/2025 19:53,8,65.32,35.92,44.03,3.5,0.83,1,0,174,Normal,0,0
1/7/2025 19:54,10,85.69,11.71,33.45,3.76,3.03,1,0,186,Normal,0,0
1/7/2025 19:55,9,73.77,28.76,62.76,4.86,3.8,0,0,426,Normal,0,0
1/7/2025 19:56,49,61.7,36.25,36.66,1.07,2.82,0,0,20,Normal,0,0
1/7/2025 19:57,41,76.89,43.91,76.11,1.22,4.94,1,0,493,Normal,0,0
1/7/2025 19:58,3,80.26,49.51,80,4.38,2.74,1,0,282,Normal,0,0
1/7/2025 19:59,11,81.1,28.72,59.16,3.24,4.97,1,0,477,Normal,0,0
1/7/2025 20:00,12,75.54,61.43,58.76,4.8,2.91,1,0,421,Normal,0,0
1/7/2025 20:01,10,54.77,44.87,60.76,3.26,2.64,1,0,442,Normal,0,0
1/7/2025 20:02,25,89.71,38.16,79.77,1.73,4.53,1,0,273,Normal,0,0
1/7/2025 20:03,49,81.22,66.13,59.23,3.31,2.94,2,0,121,Overheating,0,1
1/7/2025 20:04,49,75.62,38.05,52.87,3.86,2.94,1,0,438,Normal,0,0
1/7/2025 20:05,25,87.86,63.46,35.81,3.13,0.79,1,0,282,Normal,0,0
1/7/2025 20:06,11,61.92,51.87,32.91,4.02,4.12,0,0,93,Normal,0,0
1/7/2025 20:07,36,71.38,25.98,58.66,3.13,2.68,1,0,145,Normal,0,0
1/7/2025 20:08,39,85.1,48.37,39.78,3.25,2.28,1,0,331,Normal,0,0
1/7/2025 20:09,26,96.77,48.83,65.23,1.39,3.73,1,1,22,Normal,1,1
1/7/2025 20:10,14,70.42,71.96,42.83,3.14,2.75,1,0,496,Normal,0,0
1/7/2025 20:11,39,57.24,36.86,75.02,2.49,4.21,1,0,493,Normal,0,0
1/7/2025 20:12,40,82.33,51.39,71.74,4.87,1.32,1,0,284,Normal,0,0
1/7/2025 20:13,1,88.82,68.41,69.04,3.4,3.21,1,0,175,Normal,0,0
1/7/2025 20:14,4,57.35,47.38,46.07,4.36,4.04,1,0,31,Normal,0,0
1/7/2025 20:15,30,73.58,54.3,74.09,1.9,4.64,1,0,327,Normal,0,0
1/7/2025 20:16,12,86.24,48.67,76.72,3.14,4.95,1,0,288,Normal,0,0
1/7/2025 20:17,35,89.79,51.98,58.87,2.91,3.95,2,0,18,Pressure Drop,0,1
1/7/2025 20:18,13,59.25,69.89,38.82,3.33,2.02,1,0,335,Normal,0,0
1/7/2025 20:19,31,72.48,59.78,53.36,4.76,0.83,1,0,16,Normal,0,1
1/7/2025 20:20,38,69.98,46.32,61.15,1.93,4.36,1,0,351,Normal,0,0
1/7/2025 20:21,43,64.84,36.6,48.56,4.7,2.16,1,0,479,Normal,0,0
1/7/2025 20:22,23,77.07,45.8,39.65,4.57,2.09,1,0,21,Normal,0,0
1/7/2025 20:23,4,78.33,39.03,57.09,1.25,2.69,1,0,257,Normal,0,0
1/7/2025 20:24,16,92.97,44.88,55.28,3.3,1.85,1,1,4,Normal,1,1
1/7/2025 20:25,7,50.73,31.11,43.27,1.4,1.22,1,0,314,Normal,0,0
1/7/2025 20:26,22,80.33,66.5,73.5,1.67,1.18,2,0,280,Vibration Issue,0,1
1/7/2025 20:27,29,67.03,81.47,66.93,2.4,1.37,1,1,42,Normal,1,1
1/7/2025 20:28,11,63.25,49.89,42.85,3.58,0.56,1,0,448,Normal,0,0
1/7/2025 20:29,33,72.29,62.46,30.64,1.79,4.31,1,0,483,Normal,0,0
1/7/2025 20:30,29,77.84,28.27,45.17,4.26,4.23,1,0,434,Normal,0,0
1/7/2025 20:31,39,69.14,49.28,46.52,4.94,1.93,1,0,216,Normal,0,0
1/7/2025 20:32,12,72.36,47.86,42.73,3.15,4.97,1,0,458,Normal,0,0
1/7/2025 20:33,7,74.9,35.6,69.45,2.86,1.25,0,0,32,Normal,0,0
1/7/2025 20:34,39,79.2,48.04,70.86,3.45,3.68,1,0,341,Normal,0,0
1/7/2025 20:35,42,86.4,34.74,34.8,2.9,0.64,1,0,191,Normal,0,0
1/7/2025 20:36,48,73.02,32.1,34.1,2.59,2.55,1,0,403,Normal,0,0
1/7/2025 20:37,26,76,70.56,73.26,2.43,3.32,1,0,413,Normal,0,0
1/7/2025 20:38,40,75.36,25.59,40.81,2.16,2.1,0,0,457,Normal,0,0
1/7/2025 20:39,9,92.31,38.32,62.72,3.13,1.57,1,1,35,Normal,1,1
1/7/2025 20:40,41,79.86,24.29,36.45,3.02,4.17,2,0,450,Vibration Issue,0,1
1/7/2025 20:41,34,78.87,42.1,79.88,1.26,0.63,1,0,487,Normal,0,0
1/7/2025 20:42,45,74.6,72.6,65.59,2.7,4.02,2,0,260,Vibration Issue,0,1
1/7/2025 20:43,13,75.26,21.74,53.23,3.94,4.07,1,0,10,Normal,0,1
1/7/2025 20:44,36,55.55,41.04,38.58,3.02,2.2,1,0,270,Normal,0,0
1/7/2025 20:45,25,70.75,51.43,52.35,2.58,2.75,1,0,289,Normal,0,0
1/7/2025 20:46,24,80.32,35.23,39.52,2.55,2.46,2,0,21,Normal,0,1
1/7/2025 20:47,44,75.1,54.05,37.18,1.53,3.45,2,0,241,Vibration Issue,0,1
1/7/2025 20:48,17,73.35,49.99,51.84,4.83,2.2,1,0,96,Normal,0,0
1/7/2025 20:49,2,89.26,77.86,56.55,4.08,2.86,0,0,178,Normal,0,0
1/7/2025 20:50,13,78.96,49.09,69.4,3.93,0.64,1,0,339,Normal,0,0
1/7/2025 20:51,31,63.21,51.54,54.88,3.77,2.3,1,0,227,Normal,0,0
1/7/2025 20:52,29,59.22,57.49,76.76,4.98,2.45,1,0,262,Normal,0,0
1/7/2025 20:53,50,84.49,54.37,54.64,2.55,2.97,1,0,175,Normal,0,0
1/7/2025 20:54,28,66.01,46.87,61.31,1.19,1.31,1,0,466,Normal,0,0
1/7/2025 20:55,27,77.74,57.93,72.55,3.25,3.2,1,0,245,Normal,0,0
1/7/2025 20:56,15,82.98,38.61,64.07,4.1,0.98,1,0,367,Normal,0,0
1/7/2025 20:57,31,77.7,44.52,56.01,1.75,4.25,1,0,86,Normal,0,0
1/7/2025 20:58,40,90.8,59.81,46.73,1.86,2.57,0,1,49,Normal,1,1
1/7/2025 20:59,15,73.33,61.02,38.35,3.92,2.28,2,0,490,Vibration Issue,0,1
1/7/2025 21:00,33,78.06,98.41,42.31,1.34,1.74,1,1,16,Normal,1,1
1/7/2025 21:01,20,70.8,48.57,32.63,1.15,0.94,1,0,366,Normal,0,0
1/7/2025 21:02,42,72.2,63.45,71.51,4.68,3.81,2,0,170,Overheating,0,1
1/7/2025 21:03,12,83.02,47.01,54.91,4.32,1.31,1,0,378,Normal,0,0
1/7/2025 21:04,37,84.25,10.39,60.79,4.71,1.18,1,0,289,Normal,0,0
1/7/2025 21:05,9,59.46,36.61,69.27,3.59,3.54,1,0,206,Normal,0,0
1/7/2025 21:06,23,67.27,34.07,44.79,4.32,1.12,1,0,74,Normal,0,0
1/7/2025 21:07,8,77.1,55.05,58.63,1.72,4.75,1,0,269,Normal,0,0
1/7/2025 21:08,32,80.86,57.07,71.45,3.41,0.65,1,0,330,Normal,0,0
1/7/2025 21:09,48,62.77,56.39,30.97,1.57,4.53,1,0,210,Normal,0,0
1/7/2025 21:10,14,69.46,27.38,31.25,3.67,2.65,1,0,283,Normal,0,0
1/7/2025 21:11,27,80.41,69.28,35.37,2.76,4.98,1,0,223,Normal,0,0
1/7/2025 21:12,25,82.24,24.38,77.99,3.99,2.17,1,0,326,Normal,0,0
1/7/2025 21:13,13,78.94,60.44,58.69,4.52,0.85,0,0,105,Normal,0,0
1/7/2025 21:14,21,73.41,35.52,40.66,1.18,2.12,1,0,175,Normal,0,0
1/7/2025 21:15,45,65,40.85,49.41,2.83,1.76,1,0,106,Normal,0,0
1/7/2025 21:16,31,71.26,27.76,75.74,2.5,2.99,1,0,116,Normal,0,0
1/7/2025 21:17,37,85.13,64.93,54.38,1.2,3.73,1,0,193,Normal,0,0
1/7/2025 21:18,48,84.16,59.59,33.56,1.76,4.92,0,0,319,Normal,0,0
1/7/2025 21:19,43,66.4,32.97,32.2,1.97,1.36,1,0,141,Normal,0,0
1/7/2025 21:20,5,90.93,61.32,44.51,4.44,4.61,1,1,5,Normal,1,1
1/7/2025 21:21,13,67.34,70.03,65.43,1.44,2.18,1,0,72,Normal,0,0
1/7/2025 21:22,28,76.5,39.94,64.17,2.92,2.82,1,0,371,Normal,0,0
1/7/2025 21:23,43,64.5,50.13,64.25,1.96,3.52,1,0,276,Normal,0,0
1/7/2025 21:24,25,91.93,47.22,65.84,4.34,3.69,1,1,38,Normal,1,1
1/7/2025 21:25,35,83.5,80.91,72.04,1.97,2.09,0,1,3,Normal,1,1
1/7/2025 21:26,47,76.87,11.41,38.61,2.24,3.12,1,0,107,Normal,0,0
1/7/2025 21:27,39,70.77,46.26,71.49,4.12,3.21,0,0,475,Normal,0,0
1/7/2025 21:28,7,96.76,33.35,54,4.27,0.64,1,1,20,Normal,1,1
1/7/2025 21:29,38,80.2,54.02,79.01,1.8,3.1,1,0,465,Normal,0,0
1/7/2025 21:30,32,95.39,59.38,62.18,2.03,4.62,2,1,14,Vibration Issue,1,1
1/7/2025 21:31,3,76.5,17.24,75.13,4.23,3.53,1,0,201,Normal,0,0
1/7/2025 21:32,45,76.8,33.88,55.39,4.17,2.33,1,0,434,Normal,0,0
1/7/2025 21:33,39,83.37,46.2,74.84,2.69,1.55,1,0,157,Normal,0,0
1/7/2025 21:34,37,76.91,31.38,43.57,3.79,3.01,1,0,34,Normal,0,0
1/7/2025 21:35,50,77.69,52.15,60.97,1.58,0.9,1,0,499,Normal,0,0
1/7/2025 21:36,22,78.82,64.03,64.21,3.59,0.67,1,0,311,Normal,0,0
1/7/2025 21:37,8,83.75,34.43,43.76,1.25,1.07,1,0,197,Normal,0,0
1/7/2025 21:38,17,67.29,31.35,39.63,1.42,3.96,1,0,94,Normal,0,0
1/7/2025 21:39,27,75.33,38.24,30.67,1.91,0.85,1,0,210,Normal,0,0
1/7/2025 21:40,33,70,58.24,40.15,4.21,3.82,2,0,311,Vibration Issue,0,1
1/7/2025 21:41,46,81.49,48.96,64.93,4.73,2.57,2,0,401,Electrical Fault,0,1
1/7/2025 21:42,17,75.23,77.83,45.12,2.15,1.83,1,0,259,Normal,0,0
1/7/2025 21:43,42,69.52,45.6,61.15,2.19,1.4,1,0,412,Normal,0,0
1/7/2025 21:44,12,89.45,34.83,43.44,2.37,4.84,0,0,206,Normal,0,0
1/7/2025 21:45,48,86.83,36.96,36.46,1.51,2.01,1,0,385,Normal,0,0
1/7/2025 21:46,46,86.87,56.28,65.46,1.86,4.9,1,0,118,Normal,0,0
1/7/2025 21:47,27,88.1,69.68,79.24,1.76,2.3,1,0,326,Normal,0,0
1/7/2025 21:48,48,80.89,34.14,53.75,2.11,2.53,1,0,270,Normal,0,0
1/7/2025 21:49,8,81.74,32.68,77.76,2.72,4.79,2,0,475,Vibration Issue,0,1
1/7/2025 21:50,23,73.29,63.71,41.57,3.16,3.74,1,0,211,Normal,0,0
1/7/2025 21:51,42,88.47,60.54,30.17,1.87,3,1,0,152,Normal,0,0
1/7/2025 21:52,49,76.78,56.43,72.32,1.48,3.2,1,0,352,Normal,0,0
1/7/2025 21:53,29,69.42,34.46,78.92,1.14,1.38,1,0,490,Normal,0,0
1/7/2025 21:54,50,79.39,73.52,43.41,2.57,3.04,0,0,141,Normal,0,0
1/7/2025 21:55,20,71.46,60.45,67.42,3.09,0.92,1,0,53,Normal,0,0
1/7/2025 21:56,16,84.32,54.91,53.79,2.84,2.71,1,0,12,Normal,0,1
1/7/2025 21:57,17,82.77,46,41.16,2.28,3.63,2,0,498,Vibration Issue,0,1
1/7/2025 21:58,16,83.76,56.95,38.14,3.52,4.35,1,0,129,Normal,0,0
1/7/2025 21:59,19,60.93,77.81,31.41,1.31,1.93,1,0,148,Normal,0,0
1/7/2025 22:00,8,57.66,56.2,65.38,4.07,0.55,2,0,285,Overheating,0,1
1/7/2025 22:01,38,77.1,27.58,44.53,4.7,4.99,1,0,82,Normal,0,0
1/7/2025 22:02,38,77.14,68.3,30.77,3.37,0.69,1,0,237,Normal,0,0
1/7/2025 22:03,29,88.37,43.22,39.59,3.57,2.49,1,0,58,Normal,0,0
1/7/2025 22:04,41,69.03,49.34,38.93,2.18,4.99,2,0,308,Normal,0,1
1/7/2025 22:05,36,65.52,40.62,31.86,1.59,4.46,1,0,300,Normal,0,0
1/7/2025 22:06,26,67.73,52.16,46.01,2.51,1.56,2,0,112,Normal,0,1
1/7/2025 22:07,31,64.42,5.76,42.32,4.01,1.66,1,0,187,Normal,0,0
1/7/2025 22:08,44,70.21,46.51,35.54,4.19,1.18,1,0,217,Normal,0,0
1/7/2025 22:09,12,63.41,31.45,60.41,4.86,4.85,0,0,248,Normal,0,0
1/7/2025 22:10,17,75.98,54.15,75.35,1.4,0.86,1,0,50,Normal,0,0
1/7/2025 22:11,15,75.41,71.6,67.75,2.86,1.73,1,0,195,Normal,0,0
1/7/2025 22:12,9,68.26,60.32,40.18,3.44,4.91,2,0,309,Vibration Issue,0,1
1/7/2025 22:13,39,65.25,89.92,53.67,1.55,1.73,1,1,4,Normal,1,1
1/7/2025 22:14,42,63.88,56.02,35.09,4.7,3.66,1,0,337,Normal,0,0
1/7/2025 22:15,48,51.3,58.27,67.45,4.99,2.03,0,0,81,Normal,0,0
1/7/2025 22:16,12,68.08,50.37,44.42,2.64,2.39,1,0,159,Normal,0,0
1/7/2025 22:17,32,70.38,47.38,69.45,2.77,3.45,0,0,413,Normal,0,0
1/7/2025 22:18,25,54.82,74.86,43.63,4.96,1.66,1,0,33,Normal,0,0
1/7/2025 22:19,39,89.01,57.7,74,1.44,2.59,1,0,31,Normal,0,0
1/7/2025 22:20,18,84.19,71.73,61.89,4.75,1.7,1,0,158,Normal,0,0
1/7/2025 22:21,15,73.28,51.57,68.21,1.8,1.61,1,0,12,Normal,0,1
1/7/2025 22:22,32,54.51,39.2,68.79,3.73,1.57,1,0,91,Normal,0,0
1/7/2025 22:23,6,86.27,18.24,50.14,3.32,2.09,1,0,75,Normal,0,0
1/7/2025 22:24,44,70.45,67.46,33.27,3.1,2.01,2,0,137,Electrical Fault,0,1
1/7/2025 22:25,43,59.3,63.96,32.11,1.23,3.1,1,0,70,Normal,0,0
1/7/2025 22:26,35,62.51,54.27,31.29,1.26,4.83,1,0,255,Normal,0,0
1/7/2025 22:27,34,69.73,57.46,39.41,3.4,3.48,2,0,217,Normal,0,1
1/7/2025 22:28,38,65.49,59.53,72.3,1.36,3.14,1,0,176,Normal,0,0
1/7/2025 22:29,5,68.48,62.21,78.78,3.3,3.36,1,0,174,Normal,0,0
1/7/2025 22:30,18,55.19,52.43,72.27,1.9,1.02,1,0,151,Normal,0,0
1/7/2025 22:31,16,89.28,50.47,37.2,3.58,2.43,1,0,188,Normal,0,0
1/7/2025 22:32,8,84.64,49.07,36.68,4.68,0.78,1,0,115,Normal,0,0
1/7/2025 22:33,25,67.34,44.93,66.17,1.59,1.3,1,0,291,Normal,0,0
1/7/2025 22:34,32,83.61,75.49,33.49,3.17,0.83,1,0,27,Normal,0,0
1/7/2025 22:35,26,70.31,48.81,57.12,3.77,0.58,1,0,101,Normal,0,0
1/7/2025 22:36,22,75.29,68.64,36.65,4.25,2.94,1,0,63,Normal,0,0
1/7/2025 22:37,31,63.02,26.85,74.79,4.5,1.12,2,0,273,Overheating,0,1
1/7/2025 22:38,43,80.26,45.15,79.61,2.74,4.03,1,0,249,Normal,0,0
1/7/2025 22:39,10,83.09,54.11,76.52,2.56,2.38,1,0,189,Normal,0,0
1/7/2025 22:40,12,77.23,48.03,34.39,4.43,2.16,1,0,479,Normal,0,0
1/7/2025 22:41,28,69.72,50.15,56.71,2.05,2.67,1,0,129,Normal,0,0
1/7/2025 22:42,6,55.07,50.41,43.2,2.9,1.98,2,0,163,Overheating,0,1
1/7/2025 22:43,20,83.62,42.5,47.83,1.53,4.46,1,0,437,Normal,0,0
1/7/2025 22:44,5,72.98,42.81,40.99,3.05,1.19,1,0,61,Normal,0,0
1/7/2025 22:45,23,67.22,44.04,41.66,3.96,1.54,0,0,57,Normal,0,0
1/7/2025 22:46,9,68.8,66.31,35.15,4.38,4.9,1,0,223,Normal,0,0
1/7/2025 22:47,29,77.78,56.36,52.54,1.75,0.93,1,0,74,Normal,0,0
1/7/2025 22:48,16,62.79,44.27,59.32,3.24,2.66,1,0,64,Normal,0,0
1/7/2025 22:49,46,79.25,49.67,53.54,2.13,2.58,0,0,64,Normal,0,0
1/7/2025 22:50,22,72.47,66.24,47.54,3.08,4.78,1,0,112,Normal,0,0
1/7/2025 22:51,8,67.87,73.26,68.55,3.23,3.07,1,0,131,Normal,0,0
1/7/2025 22:52,20,67.05,50.88,75.67,1.13,2.18,1,0,190,Normal,0,0
1/7/2025 22:53,14,78.5,52.4,62.17,2.38,1.01,2,0,54,Overheating,0,1
1/7/2025 22:54,39,50.2,51.76,40.14,3.93,2.93,1,0,345,Normal,0,0
1/7/2025 22:55,37,68.58,7.43,41.49,3.02,3.77,1,0,235,Normal,0,0
1/7/2025 22:56,50,81.45,58.6,47.19,2.52,3.54,2,0,337,Electrical Fault,0,1
1/7/2025 22:57,34,73.94,71.5,37.28,3.83,0.89,2,0,110,Overheating,0,1
1/7/2025 22:58,11,87.12,32.91,77.48,3.04,4.7,1,0,395,Normal,0,0
1/7/2025 22:59,40,76.36,38.09,44.63,1.55,2.03,1,0,265,Normal,0,0
1/7/2025 23:00,33,68.39,44,41.69,2.36,2.63,1,0,113,Normal,0,0
1/7/2025 23:01,31,72.6,76.23,66.2,2.59,2.39,0,0,70,Normal,0,0
1/7/2025 23:02,44,76.45,64.29,77.04,4.58,3.28,1,0,242,Normal,0,0
1/7/2025 23:03,34,66.9,42.08,64.11,4.51,1.66,0,0,447,Normal,0,0
1/7/2025 23:04,50,81.08,65.26,42.46,2.92,1.77,1,0,288,Normal,0,0
1/7/2025 23:05,7,93.19,40.36,35.65,3.28,2.27,1,1,17,Normal,1,1
1/7/2025 23:06,49,63.33,65.46,68.08,3.45,4.44,1,0,44,Normal,0,0
1/7/2025 23:07,23,81.25,74.9,52.35,2.26,3.61,2,0,395,Overheating,0,1
1/7/2025 23:08,46,67.24,67.33,56.56,3.27,1.34,1,0,236,Normal,0,0
1/7/2025 23:09,7,68.14,44.75,32.08,4.54,4.68,1,0,243,Normal,0,0
1/7/2025 23:10,25,71.24,18.45,54.99,4.47,0.97,1,0,16,Normal,0,1
1/7/2025 23:11,3,69.03,48.62,68.13,3.54,1.57,0,0,442,Normal,0,0
1/7/2025 23:12,38,81.42,40.79,42.32,1.37,3.08,1,0,404,Normal,0,0
1/7/2025 23:13,20,75.49,75.54,48.76,1.67,3.02,1,0,423,Normal,0,0
1/7/2025 23:14,34,73.08,44.71,32.55,1.98,4.77,1,0,396,Normal,0,0
1/7/2025 23:15,49,78.55,42.26,38.26,4.5,2.54,1,0,147,Normal,0,0
1/7/2025 23:16,44,79.15,61.69,64.36,3,3.42,1,0,221,Normal,0,0
1/7/2025 23:17,44,74.8,40.51,32.17,4.63,3.16,1,0,106,Normal,0,0
1/7/2025 23:18,30,85.01,66.92,44.17,2.06,4.96,1,0,117,Normal,0,0
1/7/2025 23:19,17,75.98,45.47,69.43,2.18,3.27,1,0,46,Normal,0,0
1/7/2025 23:20,10,96.13,53.28,79.79,2.53,0.53,1,1,8,Normal,1,1
1/7/2025 23:21,35,65.86,62.77,73.64,2.1,3.47,1,0,370,Normal,0,0
1/7/2025 23:22,20,60,83.23,44.69,1.95,2.31,1,1,33,Normal,1,1
1/7/2025 23:23,18,76.91,44.52,55.76,4.16,3.89,1,0,105,Normal,0,0
1/7/2025 23:24,45,84.12,33.06,56.79,3.63,4.62,1,0,52,Normal,0,0
1/7/2025 23:25,44,71.61,21.15,47.67,1.97,4.86,1,0,479,Normal,0,0
1/7/2025 23:26,27,66.78,41.76,78.37,4.02,3.89,1,0,29,Normal,0,0
1/7/2025 23:27,49,75.05,61.55,38.99,4.43,3.86,1,0,113,Normal,0,0
1/7/2025 23:28,36,72.48,48.78,57.24,3.44,0.75,1,0,206,Normal,0,0
1/7/2025 23:29,23,73.11,49.31,69.3,1.73,1.6,1,0,150,Normal,0,0
1/7/2025 23:30,32,67.21,27.44,36.59,2.06,2.3,1,0,344,Normal,0,0
1/7/2025 23:31,10,69.83,35.03,47.72,3.02,2.73,2,0,46,Vibration Issue,0,1
1/7/2025 23:32,11,84.57,41.16,66.48,3.8,3.04,1,0,239,Normal,0,0
1/7/2025 23:33,38,87.73,43.23,66.19,1.53,1.03,2,0,62,Electrical Fault,0,1
1/7/2025 23:34,6,73.36,66.08,32.72,1.03,2.4,1,0,457,Normal,0,0
1/7/2025 23:35,41,64.1,50.22,78.3,2.8,1.8,0,0,55,Normal,0,0
1/7/2025 23:36,47,64.95,40.14,79.27,1.61,1.46,1,0,63,Normal,0,0
1/7/2025 23:37,34,62.4,46.42,39.56,4.7,4.6,1,0,221,Normal,0,0
1/7/2025 23:38,36,83.97,61.66,50.34,1.96,4.1,1,0,345,Normal,0,0
1/7/2025 23:39,37,76.71,37.58,77.93,1.18,4.06,1,0,192,Normal,0,0
1/7/2025 23:40,17,73.06,48.91,55.08,3.89,1.59,1,0,312,Normal,0,0
1/7/2025 23:41,40,83.88,25.94,38.86,3.53,4.94,0,0,196,Normal,0,0
1/7/2025 23:42,40,79.11,55.34,70.05,3.11,0.6,1,0,428,Normal,0,0
1/7/2025 23:43,12,50.61,37.05,44.35,2.2,4.75,1,0,268,Normal,0,0
1/7/2025 23:44,21,67.8,46.23,75.23,2.41,4.06,1,0,407,Normal,0,0
1/7/2025 23:45,40,74.57,77.66,74.94,1.26,4.15,1,0,275,Normal,0,0
1/7/2025 23:46,19,92.72,45.24,66.35,1.18,3.45,1,1,46,Normal,1,1
1/7/2025 23:47,3,91.47,49.16,63.7,3.33,4.28,1,1,21,Normal,1,1
1/7/2025 23:48,18,52.98,52.4,46.28,2.85,4.91,1,0,216,Normal,0,0
1/7/2025 23:49,19,62.29,52.65,73.93,1.16,1.22,1,0,396,Normal,0,0
1/7/2025 23:50,47,76.45,52.8,78.23,2.26,4.35,1,0,167,Normal,0,0
1/7/2025 23:51,6,81.3,32.62,73.02,1.56,2.51,1,0,497,Normal,0,0
1/7/2025 23:52,16,68.42,68.41,42.18,2.44,1.78,1,0,445,Normal,0,0
1/7/2025 23:53,8,80.18,47.15,55.87,1.9,4.63,1,0,447,Normal,0,0
1/7/2025 23:54,48,68.36,36.22,73.03,1.79,3.09,1,0,430,Normal,0,0
1/7/2025 23:55,18,69.08,43.82,61.75,1.07,2.54,1,0,23,Normal,0,0
1/7/2025 23:56,48,63.85,44.63,51.75,3.82,2.45,1,0,333,Normal,0,0
1/7/2025 23:57,43,61.32,51.26,47.49,2.61,2.45,1,0,54,Normal,0,0
1/7/2025 23:58,39,69.95,41.6,39.12,2.62,2.22,1,0,114,Normal,0,0
1/7/2025 23:59,49,86.3,40.89,59.75,2.09,2.91,1,0,433,Normal,0,0
1/8/2025 0:00,49,79.81,47.56,45.15,3.98,3.57,0,0,467,Normal,0,0
1/8/2025 0:01,12,77.71,60.92,34.54,4.04,1.59,1,0,300,Normal,0,0
1/8/2025 0:02,45,72.15,49.04,53.86,1.05,1.63,1,0,43,Normal,0,0
1/8/2025 0:03,10,79.23,40.44,72.6,2.23,4.17,1,0,474,Normal,0,0
1/8/2025 0:04,7,70.26,28.61,30.72,3.4,3.57,1,0,178,Normal,0,0
1/8/2025 0:05,46,66.98,54.72,76.97,4.08,4.33,2,0,167,Overheating,0,1
1/8/2025 0:06,1,80.31,54.8,34.09,3.95,2.47,1,0,320,Normal,0,0
1/8/2025 0:07,49,69.32,47.57,42.9,3.51,0.62,1,0,143,Normal,0,0
1/8/2025 0:08,36,64.32,50.81,73.93,4.24,3.27,1,0,195,Normal,0,0
1/8/2025 0:09,21,79.32,27.71,55.56,4.81,2.47,1,0,87,Normal,0,0
1/8/2025 0:10,37,61.42,54.07,49.18,1.89,2.19,1,0,462,Normal,0,0
1/8/2025 0:11,24,78.89,64.78,54.54,4.01,2.75,1,0,288,Normal,0,0
1/8/2025 0:12,25,79.06,59.83,73.98,4.05,0.96,0,0,420,Normal,0,0
1/8/2025 0:13,7,62.13,84.03,50.45,1.25,4.29,1,1,22,Normal,1,1
1/8/2025 0:14,42,62.81,80.41,46.26,4.59,1.74,1,1,39,Normal,1,1
1/8/2025 0:15,17,88.05,60.08,39.6,4.89,4.15,1,0,302,Normal,0,0
1/8/2025 0:16,29,81.22,69.74,67.07,4.11,0.68,0,0,411,Normal,0,0
1/8/2025 0:17,30,79.86,20.7,76.23,3.97,4.75,1,0,304,Normal,0,0
1/8/2025 0:18,7,77.16,66.15,61.9,4.11,3.37,1,0,457,Normal,0,0
1/8/2025 0:19,33,82.14,62.48,66.14,1.7,3.25,1,0,352,Normal,0,0
1/8/2025 0:20,7,82.14,75.75,73.22,1.43,4.94,1,0,267,Normal,0,0
1/8/2025 0:21,24,66.95,87.5,42.04,4.73,0.89,0,1,15,Normal,1,1
1/8/2025 0:22,11,73.1,45.63,75.93,4.38,4.46,1,0,240,Normal,0,0
1/8/2025 0:23,9,70.62,37.07,58.76,4.26,3.57,1,0,299,Normal,0,0
1/8/2025 0:24,12,80.73,47.54,50.62,2.68,2.92,1,0,356,Normal,0,0
1/8/2025 0:25,35,76.69,34.86,40.82,2.27,4.92,1,0,91,Normal,0,0
1/8/2025 0:26,4,87.65,53.44,30.14,2.96,3.25,1,0,332,Normal,0,0
1/8/2025 0:27,36,77.79,34.42,74.22,4.14,4.18,1,0,303,Normal,0,0
1/8/2025 0:28,28,75.37,35.79,38.1,2.6,2.45,1,0,401,Normal,0,0
1/8/2025 0:29,13,83.16,42.55,70.37,2.49,4.48,1,0,94,Normal,0,0
1/8/2025 0:30,23,83.26,53.28,30.62,3.27,1.56,2,0,188,Normal,0,1
1/8/2025 0:31,19,87.23,52.43,67.38,1.22,2.04,1,0,430,Normal,0,0
1/8/2025 0:32,42,77.05,35.96,33.12,2.9,2.43,1,0,361,Normal,0,0
1/8/2025 0:33,37,95.55,48.44,55.2,2.16,3.36,1,1,12,Normal,1,1
1/8/2025 0:34,39,84.25,57.59,34.86,2.35,1.02,1,0,46,Normal,0,0
1/8/2025 0:35,24,95.96,50.81,70.67,1.49,4.52,2,1,49,Pressure Drop,1,1
1/8/2025 0:36,16,75.86,38.06,36.44,4.31,2.78,1,0,110,Normal,0,0
1/8/2025 0:37,33,97.69,44.19,73.6,1.53,2.78,1,1,41,Normal,1,1
1/8/2025 0:38,12,82.15,32.64,61.43,1.55,3.74,1,0,98,Normal,0,0
1/8/2025 0:39,34,64.75,49.8,30.9,1.73,4.03,0,0,354,Normal,0,0
1/8/2025 0:40,7,65.48,62.13,39.18,2.03,2.78,1,0,229,Normal,0,0
1/8/2025 0:41,11,72.03,67.92,70.43,2.54,0.66,1,0,189,Normal,0,0
1/8/2025 0:42,31,71.91,42.38,74.46,3.12,0.92,1,0,249,Normal,0,0
1/8/2025 0:43,29,78.4,59.75,52.46,2.04,1.89,1,0,335,Normal,0,0
1/8/2025 0:44,13,92.58,31.65,64.72,2.18,3.75,1,1,11,Normal,1,1
1/8/2025 0:45,31,78.24,49.84,66.43,2.83,3.45,1,0,323,Normal,0,0
1/8/2025 0:46,2,64.93,63.49,79.76,4.97,4.78,1,0,353,Normal,0,0
1/8/2025 0:47,39,79.38,62.53,73.15,4.64,2.02,1,0,390,Normal,0,0
1/8/2025 0:48,15,70.98,24.93,71.56,1.28,2.34,1,0,345,Normal,0,0
1/8/2025 0:49,11,71.5,64.84,60.02,1.12,2.22,1,0,413,Normal,0,0
1/8/2025 0:50,34,73.14,32.9,75.88,1.26,1.06,1,0,146,Normal,0,0
1/8/2025 0:51,39,71.33,52.65,52.08,1.28,3.16,1,0,352,Normal,0,0
1/8/2025 0:52,4,62.05,57.84,78.36,4.49,4.06,1,0,151,Normal,0,0
1/8/2025 0:53,11,75.96,32.65,71.87,5,3.35,1,0,268,Normal,0,0
1/8/2025 0:54,29,92.41,39.91,45.28,1.79,1.41,1,1,46,Normal,1,1
1/8/2025 0:55,2,83.01,42.55,51.2,3.84,0.52,1,0,76,Normal,0,0
1/8/2025 0:56,16,63.11,53.84,70.74,3.66,0.89,1,0,269,Normal,0,0
1/8/2025 0:57,39,49.69,26.96,53.68,2.09,0.74,1,0,180,Normal,0,0
1/8/2025 0:58,13,78.3,43.86,73.3,4.26,2.19,1,0,183,Normal,0,0
1/8/2025 0:59,37,80.78,42.2,71.79,4.86,3.92,0,0,357,Normal,0,0
1/8/2025 1:00,17,80.76,47.25,70.33,3.26,2.27,1,0,495,Normal,0,0
1/8/2025 1:01,21,76.13,63.18,42.49,3.95,3.49,0,0,17,Normal,0,1
1/8/2025 1:02,44,64.64,54.07,74.81,3.71,1.37,0,0,351,Normal,0,0
1/8/2025 1:03,19,91.63,63.77,60.54,2.09,2.84,2,1,15,Vibration Issue,1,1
1/8/2025 1:04,7,73.75,30.45,75.02,4.58,2.05,1,0,352,Normal,0,0
1/8/2025 1:05,38,69.81,59.35,63.32,1.91,4.17,1,0,70,Normal,0,0
1/8/2025 1:06,8,79.94,48.33,70.47,1.35,2.71,2,0,327,Overheating,0,1
1/8/2025 1:07,13,69.95,22.21,63.97,4.44,3.21,1,0,154,Normal,0,0
1/8/2025 1:08,37,63.67,35.45,44.14,2.39,4.55,2,0,171,Pressure Drop,0,1
1/8/2025 1:09,2,70.13,63.97,67.84,1.02,1.9,1,0,51,Normal,0,0
1/8/2025 1:10,41,77.42,83.12,36.51,2.13,4.14,1,1,4,Normal,1,1
1/8/2025 1:11,11,88.09,53.09,46.13,2.49,2.33,2,0,345,Normal,0,1
1/8/2025 1:12,24,56.96,52.2,32.66,4.54,4.04,1,0,362,Normal,0,0
1/8/2025 1:13,6,79.24,56.8,72.79,1.86,1.93,2,0,110,Pressure Drop,0,1
1/8/2025 1:14,26,83.41,43.5,58.09,3.91,4.35,1,0,281,Normal,0,0
1/8/2025 1:15,7,79.07,52.22,62.28,4.66,1.16,1,0,403,Normal,0,0
1/8/2025 1:16,39,81.35,48.57,63.92,3.52,3.73,1,0,240,Normal,0,0
1/8/2025 1:17,19,89.14,77.53,78.31,2.25,2.49,1,0,134,Normal,0,0
1/8/2025 1:18,6,84.42,67.2,32.59,1.33,2.71,1,0,113,Normal,0,0
1/8/2025 1:19,43,71.03,59.64,42.46,1.31,4.16,1,0,124,Normal,0,0
1/8/2025 1:20,29,84.57,25.65,49.48,1.2,2.93,0,0,343,Normal,0,0
1/8/2025 1:21,43,76.62,53.47,70.86,2.82,3.01,0,0,374,Normal,0,0
1/8/2025 1:22,39,82.84,54.42,40.71,1.02,3.58,1,0,215,Normal,0,0
1/8/2025 1:23,2,62.51,54.9,57.39,1.34,0.9,1,0,32,Normal,0,0
1/8/2025 1:24,19,73.25,44.63,47.79,1.64,4.01,1,0,27,Normal,0,0
1/8/2025 1:25,4,81.03,35.93,72.72,1.05,0.99,1,0,120,Normal,0,0
1/8/2025 1:26,6,73.73,54.27,43.31,2.03,0.83,1,0,369,Normal,0,0
1/8/2025 1:27,49,80.33,55.46,50.66,2.33,2.76,1,0,216,Normal,0,0
1/8/2025 1:28,37,88.43,30.83,35.55,2.03,3.26,1,0,258,Normal,0,0
1/8/2025 1:29,28,72.27,89.86,43.12,3.32,1.07,2,1,40,Vibration Issue,1,1
1/8/2025 1:30,30,83.85,50.15,38.89,2.59,4.98,0,0,126,Normal,0,0
1/8/2025 1:31,7,64.72,27.8,51.07,2.23,1.33,1,0,181,Normal,0,0
1/8/2025 1:32,9,82.59,62.45,40.71,1.21,1.68,1,0,134,Normal,0,0
1/8/2025 1:33,25,58.68,39.85,59.59,1.48,3.61,1,0,183,Normal,0,0
1/8/2025 1:34,33,76.97,58.57,77.73,2.84,4.79,2,0,211,Overheating,0,1
1/8/2025 1:35,1,76.65,75.65,56.9,1.28,3.63,1,0,452,Normal,0,0
1/8/2025 1:36,6,92.21,36.05,40.54,4.7,0.88,1,1,43,Normal,1,1
1/8/2025 1:37,18,70.14,48.35,60.29,3.98,4.36,1,0,187,Normal,0,0
1/8/2025 1:38,10,55.04,65.75,68.46,4.13,1.4,1,0,274,Normal,0,0
1/8/2025 1:39,28,80.25,63.94,44.28,4.36,4.32,1,0,247,Normal,0,0
1/8/2025 1:40,11,64.88,50.47,35.14,1.17,0.73,1,0,17,Normal,0,1
1/8/2025 1:41,33,75.61,80.21,52.15,3.24,1.69,1,1,29,Normal,1,1
1/8/2025 1:42,1,68.4,39.51,34.03,3.55,0.92,0,0,366,Normal,0,0
1/8/2025 1:43,13,72.94,38.02,79.93,2.47,1.48,1,0,157,Normal,0,0
1/8/2025 1:44,37,53.53,52.62,43.6,1.45,3.02,1,0,124,Normal,0,0
1/8/2025 1:45,20,57.7,45.84,47.43,4.46,4.35,1,0,218,Normal,0,0
1/8/2025 1:46,1,78.82,49.05,67.3,1.64,4.42,1,0,459,Normal,0,0
1/8/2025 1:47,3,73.55,56.41,53.98,1.91,3.05,1,0,471,Normal,0,0
1/8/2025 1:48,18,63.55,58.89,54.56,1.49,0.95,1,0,174,Normal,0,0
1/8/2025 1:49,41,69.48,64.36,48.98,1.49,3.15,1,0,243,Normal,0,0
1/8/2025 1:50,14,79.91,43.71,64.15,2.09,2.46,1,0,157,Normal,0,0
1/8/2025 1:51,31,72.22,37.85,70.48,4.87,2.11,1,0,496,Normal,0,0
1/8/2025 1:52,27,79.35,53.87,48.7,2.21,1.84,1,0,459,Normal,0,0
1/8/2025 1:53,17,66.24,55.67,65.79,4.16,4.01,1,0,232,Normal,0,0
1/8/2025 1:54,46,80.49,49.36,35.92,1.84,2.55,1,0,435,Normal,0,0
1/8/2025 1:55,29,72.61,45.98,37.75,2.62,3.87,0,0,405,Normal,0,0
1/8/2025 1:56,36,78.82,66,55.35,3.03,0.66,2,0,345,Vibration Issue,0,1
1/8/2025 1:57,37,77.92,71,77.34,2.01,3.54,2,0,114,Vibration Issue,0,1
1/8/2025 1:58,26,70.96,48.51,58.3,2.81,1.69,1,0,53,Normal,0,0
1/8/2025 1:59,17,71.45,44.16,43.8,2,2.05,1,0,315,Normal,0,0
1/8/2025 2:00,22,73.49,60.59,49.05,1.4,2.5,0,0,481,Normal,0,0
1/8/2025 2:01,25,81.83,40.81,56.34,1.99,4.51,1,0,127,Normal,0,0
1/8/2025 2:02,2,92.28,18.98,48.42,3.56,2.87,0,1,34,Normal,1,1
1/8/2025 2:03,22,67.11,35.95,70.7,3.03,3.09,1,0,440,Normal,0,0
1/8/2025 2:04,5,84.67,70.47,32.49,3.28,4.01,1,0,276,Normal,0,0
1/8/2025 2:05,4,72.36,48.14,65.2,4.42,4.57,0,0,440,Normal,0,0
1/8/2025 2:06,36,73.96,67.81,76.84,3.37,1.1,1,0,168,Normal,0,0
1/8/2025 2:07,6,77.84,26.52,68.08,4.85,4.06,2,0,42,Vibration Issue,0,1
1/8/2025 2:08,21,70.47,52.4,38.59,3.64,1.52,1,0,130,Normal,0,0
1/8/2025 2:09,13,71.41,34.53,42.59,1.77,0.84,0,0,110,Normal,0,0
1/8/2025 2:10,37,93.71,31.01,33.37,4.24,3.81,1,1,24,Normal,1,1
1/8/2025 2:11,25,75.84,59.83,49.87,3.31,3.54,0,0,352,Normal,0,0
1/8/2025 2:12,26,79.96,76.18,34.65,3.65,0.92,1,0,168,Normal,0,0
1/8/2025 2:13,39,93.2,26.3,49.31,2.55,4.21,2,1,37,Overheating,1,1
1/8/2025 2:14,20,92.89,36.08,64.2,2.53,0.86,1,1,37,Normal,1,1
1/8/2025 2:15,33,73.24,43.73,34.29,3.73,3.71,2,0,210,Normal,0,1
1/8/2025 2:16,14,67.24,48.51,58.53,1.87,1.88,1,0,483,Normal,0,0
1/8/2025 2:17,36,64.26,44.59,79.02,3.93,2.79,1,0,429,Normal,0,0
1/8/2025 2:18,17,63.23,4.28,35.16,2.69,0.61,1,0,424,Normal,0,0
1/8/2025 2:19,21,70.73,40.96,31.3,1.18,4.2,1,0,208,Normal,0,0
1/8/2025 2:20,46,63.98,53.41,40.68,3.15,4.24,0,0,343,Normal,0,0
1/8/2025 2:21,16,74.36,95.28,46.8,3.76,1.97,1,1,17,Normal,1,1
1/8/2025 2:22,46,67.83,25.85,36.13,4.59,0.73,2,0,448,Vibration Issue,0,1
1/8/2025 2:23,16,71.63,47.68,61.8,1.41,4.29,1,0,369,Normal,0,0
1/8/2025 2:24,20,74,73,64.38,4.57,3.72,0,0,73,Normal,0,0
1/8/2025 2:25,29,71.8,58.31,73.23,4.9,3.51,1,0,311,Normal,0,0
1/8/2025 2:26,28,64.48,55.47,32.79,3.03,4.73,1,0,220,Normal,0,0
1/8/2025 2:27,8,78.55,60.69,52.64,3.46,1.32,1,0,208,Normal,0,0
1/8/2025 2:28,24,87.31,41.38,61,2.73,1.83,1,0,383,Normal,0,0
1/8/2025 2:29,3,87.07,50.2,63.08,3.68,4.57,1,0,298,Normal,0,0
1/8/2025 2:30,25,83.57,81.95,53.51,4.12,0.84,1,1,47,Normal,1,1
1/8/2025 2:31,19,72.28,49.02,50.4,3.94,3,1,0,217,Normal,0,0
1/8/2025 2:32,33,68.68,60.58,38.04,4.04,0.68,1,0,234,Normal,0,0
1/8/2025 2:33,2,82.06,69.96,52.27,4.12,1.82,1,0,130,Normal,0,0
1/8/2025 2:34,15,78.27,43.41,72.42,4.31,4.78,1,0,404,Normal,0,0
1/8/2025 2:35,22,82.05,51.25,71.08,2.13,3.1,1,0,436,Normal,0,0
1/8/2025 2:36,10,93.47,51.04,55.87,3.65,3.09,1,1,13,Normal,1,1
1/8/2025 2:37,18,74.78,47.3,50.64,1.28,3.45,1,0,43,Normal,0,0
1/8/2025 2:38,22,67.43,56.07,40.07,2.99,2.22,1,0,291,Normal,0,0
1/8/2025 2:39,46,69.71,44.16,54.15,2.99,2.03,1,0,108,Normal,0,0
1/8/2025 2:40,49,76.4,28.9,64.96,2.77,4.46,1,0,436,Normal,0,0
1/8/2025 2:41,27,69.28,45.66,42.6,4.83,4.9,1,0,488,Normal,0,0
1/8/2025 2:42,13,82.47,44.31,37.22,2.22,4.16,1,0,56,Normal,0,0
1/8/2025 2:43,33,82.01,57.12,31.38,4.84,0.56,2,0,354,Vibration Issue,0,1
1/8/2025 2:44,5,87.89,34.97,44.18,4.83,3.21,1,0,356,Normal,0,0
1/8/2025 2:45,26,87.97,84.86,40.55,1.82,4.29,1,1,2,Normal,1,1
1/8/2025 2:46,13,49.76,31.55,34.22,3.07,2.76,1,0,182,Normal,0,0
1/8/2025 2:47,27,67.15,68.65,49.74,2.96,0.87,1,0,317,Normal,0,0
1/8/2025 2:48,14,76.09,65.37,77.97,3.92,4.69,1,0,310,Normal,0,0
1/8/2025 2:49,24,63.8,27.21,43.21,2.7,3.06,1,0,174,Normal,0,0
1/8/2025 2:50,3,74.43,51.8,68.23,3.69,4.43,1,0,110,Normal,0,0
1/8/2025 2:51,47,67.26,40.05,50.58,3.99,1.54,1,0,164,Normal,0,0
1/8/2025 2:52,49,70.86,36.53,76.44,2.14,1.43,1,0,231,Normal,0,0
1/8/2025 2:53,30,91.73,60.2,66.98,1.95,1.48,1,1,13,Normal,1,1
1/8/2025 2:54,35,87.31,41.93,64.82,5,4.2,1,0,292,Normal,0,0
1/8/2025 2:55,48,75.3,53.71,74.12,2.26,1.72,1,0,480,Normal,0,0
1/8/2025 2:56,14,66.22,50.71,68.24,1.25,3.34,1,0,141,Normal,0,0
1/8/2025 2:57,12,78.46,33.06,46.38,4.81,3.94,1,0,69,Normal,0,0
1/8/2025 2:58,28,53.61,58.82,72.96,2.98,4.88,1,0,167,Normal,0,0
1/8/2025 2:59,44,81.78,47.29,35.59,4.54,2.5,1,0,91,Normal,0,0
1/8/2025 3:00,29,80.84,73.1,30.7,2.49,3.83,1,0,203,Normal,0,0
1/8/2025 3:01,43,63.42,64.28,34.81,3.16,4.83,1,0,112,Normal,0,0
1/8/2025 3:02,17,88.57,56.06,61.21,4.21,0.8,1,0,15,Normal,0,1
1/8/2025 3:03,40,69.24,56.16,77.91,3.66,2.58,1,0,403,Normal,0,0
1/8/2025 3:04,49,66.04,61.45,57.38,3.19,3.34,1,0,346,Normal,0,0
1/8/2025 3:05,21,76.96,63.85,66.72,2.86,2.96,1,0,427,Normal,0,0
1/8/2025 3:06,23,62.02,74.65,64.63,1.21,2.72,1,0,307,Normal,0,0
1/8/2025 3:07,20,66.56,62.61,61.54,3.43,4.96,1,0,199,Normal,0,0
1/8/2025 3:08,11,78.7,69.75,55.86,4.05,3.89,1,0,192,Normal,0,0
1/8/2025 3:09,34,70.68,46.19,38.94,4.54,4.37,1,0,273,Normal,0,0
1/8/2025 3:10,10,89.32,42.95,70.07,1.88,1.96,1,0,246,Normal,0,0
1/8/2025 3:11,10,59.64,53.45,38.61,2.12,3.05,1,0,415,Normal,0,0
1/8/2025 3:12,43,76.15,42.73,50.38,4.47,3.04,1,0,247,Normal,0,0
1/8/2025 3:13,6,85.19,65.85,36.89,3.75,0.86,1,0,444,Normal,0,0
1/8/2025 3:14,36,83.12,20.32,57.92,1.26,3.76,1,0,173,Normal,0,0
1/8/2025 3:15,24,68.24,45.01,66.44,2.56,1.68,2,0,236,Electrical Fault,0,1
1/8/2025 3:16,12,93.43,45.74,41.71,4.59,1.88,2,1,44,Vibration Issue,1,1
1/8/2025 3:17,43,56.46,64.37,52.03,3.55,3.65,0,0,202,Normal,0,0
1/8/2025 3:18,23,74.75,20.5,62.09,3.68,2.11,1,0,63,Normal,0,0
1/8/2025 3:19,27,84.33,58.4,35.66,1.87,3.61,1,0,345,Normal,0,0
1/8/2025 3:20,45,87.28,55.58,53.67,1.65,2.07,0,0,118,Normal,0,0
1/8/2025 3:21,37,66.08,65.58,42.64,3.61,4.97,1,0,386,Normal,0,0
1/8/2025 3:22,6,76.53,36.85,70.64,4.92,3.8,1,0,214,Normal,0,0
1/8/2025 3:23,1,83.03,40.98,54.34,3.65,0.76,0,0,356,Normal,0,0
1/8/2025 3:24,6,73.35,48.17,50.56,4.02,3.71,1,0,444,Normal,0,0
1/8/2025 3:25,50,63.12,39.47,55.54,3.93,0.67,2,0,241,Vibration Issue,0,1
1/8/2025 3:26,22,57.86,38.35,40.64,3.26,4.9,0,0,188,Normal,0,0
1/8/2025 3:27,41,68.48,20.31,75.08,3.39,1.59,1,0,292,Normal,0,0
1/8/2025 3:28,24,69.5,83.53,63.36,3.88,4.22,1,1,13,Normal,1,1
1/8/2025 3:29,25,67.43,48.28,59.75,4.61,1.23,1,0,234,Normal,0,0
1/8/2025 3:30,15,93.65,46.15,73.95,2.36,4.45,1,1,13,Normal,1,1
1/8/2025 3:31,26,80.58,48.65,37.88,1.32,3.67,2,0,379,Vibration Issue,0,1
1/8/2025 3:32,8,72.15,89.46,42.34,4.24,2.38,1,1,4,Normal,1,1
1/8/2025 3:33,24,72.8,32.49,70.48,1.6,4.46,1,0,52,Normal,0,0
1/8/2025 3:34,48,73.4,38.74,79.56,3.97,4.52,1,0,490,Normal,0,0
1/8/2025 3:35,38,80.96,33.42,52.93,2.69,3.68,2,0,352,Electrical Fault,0,1
1/8/2025 3:36,6,64.22,40.09,44.26,3.78,2.95,1,0,371,Normal,0,0
1/8/2025 3:37,35,65.44,74.51,69.29,4.8,2.29,0,0,386,Normal,0,0
1/8/2025 3:38,42,74.74,80.67,54.98,1.35,2.05,1,1,37,Normal,1,1
1/8/2025 3:39,1,47.42,38.86,49.7,3.73,0.81,1,0,295,Normal,0,0
1/8/2025 3:40,46,66.93,53.58,74.51,4.59,3.89,0,0,437,Normal,0,0
1/8/2025 3:41,36,83.97,75.08,52.95,2.92,2.75,1,0,332,Normal,0,0
1/8/2025 3:42,12,82.88,66.18,68.59,3.51,4.49,1,0,98,Normal,0,0
1/8/2025 3:43,38,58.91,57.76,79.13,1.74,4.9,1,0,230,Normal,0,0
1/8/2025 3:44,11,73.89,48.21,56.95,2.91,1.74,2,0,439,Electrical Fault,0,1
1/8/2025 3:45,12,61.77,48.03,74.23,3.82,3.51,1,0,247,Normal,0,0
1/8/2025 3:46,42,67.37,56.05,68.82,2.63,1.99,1,0,11,Normal,0,1
1/8/2025 3:47,50,68.7,51.73,40.1,1.73,0.62,2,0,489,Vibration Issue,0,1
1/8/2025 3:48,39,81.55,38.56,65.28,1.52,2.79,0,0,429,Normal,0,0
1/8/2025 3:49,7,84.35,42.82,73.14,2.41,3.58,1,0,353,Normal,0,0
1/8/2025 3:50,11,69.87,84.63,40.7,3,3.53,1,1,20,Normal,1,1
1/8/2025 3:51,36,59.87,50.65,76.68,1.3,4.35,1,0,52,Normal,0,0
1/8/2025 3:52,31,56.94,56.01,44.14,2.59,1.29,1,0,389,Normal,0,0
1/8/2025 3:53,33,86.28,51.52,49.97,4.77,4.7,1,0,238,Normal,0,0
1/8/2025 3:54,13,72.13,55.63,68.9,2.16,3.41,1,0,112,Normal,0,0
1/8/2025 3:55,18,72.82,23.42,54.48,2.27,3.54,1,0,236,Normal,0,0
1/8/2025 3:56,41,63.44,53.21,66.45,4.35,3.95,1,0,47,Normal,0,0
1/8/2025 3:57,24,84.11,41.31,77.11,4.5,4.18,1,0,444,Normal,0,0
1/8/2025 3:58,9,81.02,76.99,66.2,4.6,3.55,1,0,429,Normal,0,0
1/8/2025 3:59,31,70.61,58.25,44.72,4.65,0.75,1,0,291,Normal,0,0
1/8/2025 4:00,41,65.62,54.02,74.42,1.42,4.29,1,0,208,Normal,0,0
1/8/2025 4:01,10,76.73,53.91,44.75,2.35,1.29,1,0,439,Normal,0,0
1/8/2025 4:02,2,56.37,63.79,39.06,4.16,4.04,0,0,365,Normal,0,0
1/8/2025 4:03,38,79.8,30.44,70.25,4.41,1.06,1,0,22,Normal,0,0
1/8/2025 4:04,15,71.87,51.39,32.54,1.77,1.39,1,0,341,Normal,0,0
1/8/2025 4:05,3,76.76,60.85,67.48,2.6,2.09,1,0,228,Normal,0,0
1/8/2025 4:06,43,74.56,45.06,72.88,4.12,4.14,1,0,452,Normal,0,0
1/8/2025 4:07,31,83.43,45.84,49.09,1.35,4.32,1,0,198,Normal,0,0
1/8/2025 4:08,6,84.06,51.5,75.57,2.62,1.98,1,0,469,Normal,0,0
1/8/2025 4:09,3,85.38,31.25,57.12,3.61,4.44,0,0,457,Normal,0,0
1/8/2025 4:10,11,75.97,61.92,64.21,3.65,2.54,0,0,183,Normal,0,0
1/8/2025 4:11,15,74.18,33.71,41.2,1.4,2.32,1,0,18,Normal,0,1
1/8/2025 4:12,45,68.21,43.87,65.57,1.79,0.66,1,0,453,Normal,0,0
1/8/2025 4:13,28,69.14,44.8,71.25,1.08,4.34,0,0,344,Normal,0,0
1/8/2025 4:14,10,78.49,54.56,31.95,3.07,2.26,1,0,474,Normal,0,0
1/8/2025 4:15,38,75.15,75.03,58.62,3.74,4.7,0,0,349,Normal,0,0
1/8/2025 4:16,47,87.15,58.67,39.49,1.35,2.86,2,0,401,Electrical Fault,0,1
1/8/2025 4:17,50,72.64,38.29,36.4,4.77,4.42,2,0,432,Normal,0,1
1/8/2025 4:18,50,60.61,31.96,79.38,1.25,4.41,1,0,15,Normal,0,1
1/8/2025 4:19,7,76.46,56.46,74.26,1.28,1.66,0,0,303,Normal,0,0
1/8/2025 4:20,15,84.26,37.11,54.69,4.24,0.68,1,0,290,Normal,0,0
1/8/2025 4:21,18,80.12,64.33,73.96,2.27,1.22,1,0,365,Normal,0,0
1/8/2025 4:22,18,79.72,59.45,77.1,2.02,1.72,2,0,86,Overheating,0,1
1/8/2025 4:23,41,85.09,53.49,55.68,2.3,4.2,1,0,65,Normal,0,0
1/8/2025 4:24,24,77.09,32.63,35.8,4.64,4.88,1,0,225,Normal,0,0
1/8/2025 4:25,2,58.53,92.46,73.99,4.38,0.62,1,1,26,Normal,1,1
1/8/2025 4:26,40,83.42,37.87,43.09,2.86,1.45,1,0,467,Normal,0,0
1/8/2025 4:27,20,77.8,61.5,59.81,2.92,2.1,1,0,417,Normal,0,0
1/8/2025 4:28,34,73.74,31.54,41,3.76,1.51,1,0,219,Normal,0,0
1/8/2025 4:29,43,62.75,66.67,77.03,2.91,2.01,1,0,255,Normal,0,0
1/8/2025 4:30,26,67,47.26,53.58,3.88,2.51,2,0,351,Electrical Fault,0,1
1/8/2025 4:31,7,56.54,50.78,75.61,1.61,4.59,1,0,31,Normal,0,0
1/8/2025 4:32,38,69.62,44.52,35.94,4.43,4.01,0,0,446,Normal,0,0
1/8/2025 4:33,30,68.97,75.82,62.35,4.05,4.96,1,0,106,Normal,0,0
1/8/2025 4:34,42,73.75,62.01,39.35,1.17,0.81,1,0,154,Normal,0,0
1/8/2025 4:35,5,90.62,42.92,72.15,2.82,3.67,0,1,47,Normal,1,1
1/8/2025 4:36,11,84.56,41.79,46.59,2.93,4.99,0,0,406,Normal,0,0
1/8/2025 4:37,1,75.34,61.52,56.92,1.05,4.27,1,0,400,Normal,0,0
1/8/2025 4:38,34,67.44,85.37,58.88,1.26,2.43,1,1,32,Normal,1,1
1/8/2025 4:39,1,63.48,47.65,37.27,3.28,4.22,1,0,69,Normal,0,0
1/8/2025 4:40,19,85.68,59.1,43.43,3.63,3.35,1,0,368,Normal,0,0
1/8/2025 4:41,2,62.16,67,50.39,3.67,4.6,1,0,331,Normal,0,0
1/8/2025 4:42,21,63.31,49.49,71.79,2.73,3.22,1,0,218,Normal,0,0
1/8/2025 4:43,20,100.65,50.54,38.08,2.68,4.75,2,1,17,Overheating,1,1
1/8/2025 4:44,23,73.01,40.17,48.19,3.58,0.73,2,0,290,Normal,0,1
1/8/2025 4:45,21,95.75,54.33,30.33,4.87,2.89,1,1,40,Normal,1,1
1/8/2025 4:46,24,71.46,41.31,45.23,4.82,1.2,1,0,376,Normal,0,0
1/8/2025 4:47,4,87.47,38.66,61.32,3.21,4.66,1,0,284,Normal,0,0
1/8/2025 4:48,12,77.67,33.27,49.29,3.41,1.17,1,0,148,Normal,0,0
1/8/2025 4:49,22,68.02,50.85,65.85,1.62,1.83,1,0,229,Normal,0,0
1/8/2025 4:50,20,66.07,38.04,77.37,1.89,1.6,1,0,333,Normal,0,0
1/8/2025 4:51,18,52.75,54.77,34.26,2.61,4.97,1,0,109,Normal,0,0
1/8/2025 4:52,1,65.01,64.46,59.82,4.72,4.7,1,0,134,Normal,0,0
1/8/2025 4:53,30,81.86,36.88,65.03,2.47,2.47,1,0,37,Normal,0,0
1/8/2025 4:54,33,74.23,59.03,53.13,3.74,1.16,1,0,123,Normal,0,0
1/8/2025 4:55,24,69.29,54.53,44.94,1.62,3.56,2,0,338,Pressure Drop,0,1
1/8/2025 4:56,14,73.82,65.33,55.09,2.44,2.63,1,0,247,Normal,0,0
1/8/2025 4:57,36,84.49,53.48,51.59,2.81,3.59,1,0,115,Normal,0,0
1/8/2025 4:58,5,61.14,47.81,45.51,1.25,1.41,1,0,360,Normal,0,0
1/8/2025 4:59,11,78.42,67.3,71.83,4.23,3.46,1,0,325,Normal,0,0
1/8/2025 5:00,24,59.99,56.84,75.13,2.71,2.23,1,0,334,Normal,0,0
1/8/2025 5:01,31,47.12,61.25,70.54,4.32,4.22,1,0,212,Normal,0,0
1/8/2025 5:02,13,68.81,55.37,62.52,1.01,3.49,0,0,78,Normal,0,0
1/8/2025 5:03,16,70.12,31.5,61.11,2.73,1.62,2,0,490,Overheating,0,1
1/8/2025 5:04,24,71.66,24.66,76.86,1.7,2.51,1,0,66,Normal,0,0
1/8/2025 5:05,13,73.92,35.94,65.39,2.12,3.03,1,0,174,Normal,0,0
1/8/2025 5:06,24,80.2,41.86,74.81,1.21,3.12,1,0,226,Normal,0,0
1/8/2025 5:07,26,67.5,86.11,63.37,1.89,2.35,1,1,15,Normal,1,1
1/8/2025 5:08,2,61.57,31.92,47.2,4.47,1.08,1,0,129,Normal,0,0
1/8/2025 5:09,16,85.7,60.6,47.3,3.51,2.17,0,0,70,Normal,0,0
1/8/2025 5:10,38,87.58,32.27,39.17,4.69,3.95,1,0,38,Normal,0,0
1/8/2025 5:11,46,76.95,55.79,50.59,2.4,2.98,1,0,96,Normal,0,0
1/8/2025 5:12,1,79.49,45.22,67.58,4.23,1.96,1,0,229,Normal,0,0
1/8/2025 5:13,49,84.87,27.61,52.99,1.15,4.12,1,0,332,Normal,0,0
1/8/2025 5:14,11,84.97,51.25,39.1,1.52,4.76,1,0,303,Normal,0,0
1/8/2025 5:15,35,62.83,55.81,41.91,3.65,2.59,1,0,365,Normal,0,0
1/8/2025 5:16,43,72.54,74.06,49.39,4.25,3.37,0,0,223,Normal,0,0
1/8/2025 5:17,29,58.27,60.4,40.28,2.38,4.7,1,0,91,Normal,0,0
1/8/2025 5:18,37,77.65,52.69,60.92,3.29,1.15,1,0,135,Normal,0,0
1/8/2025 5:19,17,80.92,18.64,41.61,1.19,1.75,1,0,330,Normal,0,0
1/8/2025 5:20,39,61.18,58.4,64.11,3.11,4.72,1,0,352,Normal,0,0
1/8/2025 5:21,42,81.5,31.34,67.87,2.27,0.53,0,0,176,Normal,0,0
1/8/2025 5:22,28,84.43,43.57,60.13,2.95,3.34,1,0,192,Normal,0,0
1/8/2025 5:23,29,89.9,36.5,31.68,1.92,3.27,1,0,372,Normal,0,0
1/8/2025 5:24,43,73.39,49.51,56.23,2.3,3.28,0,0,113,Normal,0,0
1/8/2025 5:25,3,79.74,45.45,46.57,4.4,2.94,2,0,382,Pressure Drop,0,1
1/8/2025 5:26,10,88.18,47.89,67.66,3.6,2.4,1,0,97,Normal,0,0
1/8/2025 5:27,42,63.15,53.94,58.12,1.48,3.59,1,0,39,Normal,0,0
1/8/2025 5:28,14,73.57,57.64,45.97,2.05,1.85,1,0,164,Normal,0,0
1/8/2025 5:29,12,62.08,57.53,45.84,3.5,1.84,1,0,313,Normal,0,0
1/8/2025 5:30,47,75.44,54.19,80,2.59,4.44,1,0,384,Normal,0,0
1/8/2025 5:31,42,72.71,44.59,57.17,3.56,2.23,1,0,208,Normal,0,0
1/8/2025 5:32,30,68.58,43.14,60.62,1.23,3.69,1,0,99,Normal,0,0
1/8/2025 5:33,32,81.15,57.83,73.09,1.31,2.71,2,0,476,Vibration Issue,0,1
1/8/2025 5:34,32,67.38,47.82,59.64,4.86,1.63,1,0,90,Normal,0,0
1/8/2025 5:35,42,71.01,53.94,37.37,2.57,2.79,1,0,493,Normal,0,0
1/8/2025 5:36,32,86.17,67.53,53.43,2.08,1.56,1,0,456,Normal,0,0
1/8/2025 5:37,26,95.18,32.82,58.8,2.02,3.04,1,1,12,Normal,1,1
1/8/2025 5:38,1,89.31,48.52,48.98,3.18,2.72,2,0,69,Normal,0,1
1/8/2025 5:39,42,77.63,55.74,66.85,1.6,1.19,0,0,409,Normal,0,0
1/8/2025 5:40,2,82.34,44.44,63.17,2.88,2.33,1,0,382,Normal,0,0
1/8/2025 5:41,17,77.94,56.02,35.5,3.85,1.22,1,0,311,Normal,0,0
1/8/2025 5:42,30,54.76,56.46,33.98,3.52,3.05,2,0,83,Vibration Issue,0,1
1/8/2025 5:43,39,58.82,23.5,41.34,3.48,1.76,1,0,432,Normal,0,0
1/8/2025 5:44,7,72.15,49.64,55.89,4.54,4.24,1,0,247,Normal,0,0
1/8/2025 5:45,27,94.21,68.19,45.43,2.94,4.01,1,1,46,Normal,1,1
1/8/2025 5:46,9,63.08,54.55,36.35,4.98,1.2,0,0,38,Normal,0,0
1/8/2025 5:47,22,82.29,64.62,60.45,3.19,1.91,1,0,408,Normal,0,0
1/8/2025 5:48,34,62.52,53.13,41.81,3.63,3.26,1,0,344,Normal,0,0
1/8/2025 5:49,46,84.12,30.7,58.01,2.41,1.08,1,0,124,Normal,0,0
1/8/2025 5:50,49,80.59,58.73,31.63,2.09,4.83,1,0,220,Normal,0,0
1/8/2025 5:51,1,62.37,56.83,45.73,2.79,3.96,0,0,193,Normal,0,0
1/8/2025 5:52,9,76.16,44.47,73.34,3.8,1.53,1,0,33,Normal,0,0
1/8/2025 5:53,20,81.55,50.82,38.04,3.05,1.9,1,0,47,Normal,0,0
1/8/2025 5:54,19,77.3,37.34,76.26,1.5,3.69,1,0,284,Normal,0,0
1/8/2025 5:55,36,86.94,42.77,31.2,2.63,3.43,1,0,102,Normal,0,0
1/8/2025 5:56,40,82.17,40.26,51.16,4.73,4.98,1,0,288,Normal,0,0
1/8/2025 5:57,45,93.48,47.8,71.42,2.71,2.26,2,1,24,Vibration Issue,1,1
1/8/2025 5:58,4,90.84,61.65,65.59,2.86,2.61,1,1,2,Normal,1,1
1/8/2025 5:59,9,79.99,53.13,62.78,3.1,3.84,0,0,497,Normal,0,0
1/8/2025 6:00,41,83.25,34.54,64.6,1.55,1.33,1,0,321,Normal,0,0
1/8/2025 6:01,22,72.88,43.21,36.28,3.82,0.58,1,0,269,Normal,0,0
1/8/2025 6:02,18,79.17,65.8,58.31,2.56,1,1,0,141,Normal,0,0
1/8/2025 6:03,12,81.72,33.21,30.08,2.09,1.19,1,0,193,Normal,0,0
1/8/2025 6:04,42,69.55,53.09,31.54,4.9,4.01,1,0,371,Normal,0,0
1/8/2025 6:05,43,90.31,40.34,57.66,2.25,4.97,1,1,32,Normal,1,1
1/8/2025 6:06,39,71.19,64.54,78.46,2.83,1.69,1,0,418,Normal,0,0
1/8/2025 6:07,9,78.07,68.27,70.41,3.82,2.51,0,0,205,Normal,0,0
1/8/2025 6:08,6,73.18,46.91,62.51,4.98,2.71,1,0,100,Normal,0,0
1/8/2025 6:09,19,89.71,35.08,65.31,2.15,4.37,1,0,375,Normal,0,0
1/8/2025 6:10,48,61.23,38.16,72.25,2.68,1.02,2,0,54,Pressure Drop,0,1
1/8/2025 6:11,47,62.21,63.87,30.68,1.79,3.49,1,0,204,Normal,0,0
1/8/2025 6:12,7,69.06,37.13,55.4,2.72,2.09,1,0,64,Normal,0,0
1/8/2025 6:13,16,71.23,39.85,69.36,4.1,3.92,1,0,454,Normal,0,0
1/8/2025 6:14,5,75.55,59.13,39.5,4.5,1.64,1,0,121,Normal,0,0
1/8/2025 6:15,16,62.22,73.24,53.47,4.05,1.67,1,0,347,Normal,0,0
1/8/2025 6:16,1,77.52,63.05,55.66,2.72,2.26,1,0,478,Normal,0,0
1/8/2025 6:17,37,62.04,64.66,70.26,2.23,2.53,2,0,429,Pressure Drop,0,1
1/8/2025 6:18,39,76.36,56.46,34.29,3.16,0.88,1,0,381,Normal,0,0
1/8/2025 6:19,19,86.91,38.26,39.38,1.06,0.62,1,0,203,Normal,0,0
1/8/2025 6:20,37,83.58,47.04,36.78,1.05,2.76,1,0,356,Normal,0,0
1/8/2025 6:21,17,71.52,62.77,73.16,2.26,3.66,1,0,438,Normal,0,0
1/8/2025 6:22,26,68.92,60.73,45.34,3.54,4.68,1,0,449,Normal,0,0
1/8/2025 6:23,22,100.7,71.03,76.61,4.69,3.04,1,1,30,Normal,1,1
1/8/2025 6:24,8,81.9,49.27,36.48,1.71,1.65,1,0,282,Normal,0,0
1/8/2025 6:25,33,81.54,31.36,76.86,1.44,3.48,0,0,297,Normal,0,0
1/8/2025 6:26,2,85.11,39.64,63.75,2.22,1.73,1,0,23,Normal,0,0
1/8/2025 6:27,30,80.71,48.83,64.37,3.68,0.52,1,0,137,Normal,0,0
1/8/2025 6:28,47,80.63,43.14,67.82,3.44,3.54,0,0,263,Normal,0,0
1/8/2025 6:29,20,78.57,64.98,62.97,3.71,3.61,1,0,58,Normal,0,0
1/8/2025 6:30,18,78.26,16.76,78.72,3.31,1.94,1,0,165,Normal,0,0
1/8/2025 6:31,43,72.24,29.57,56.41,1.01,3.84,2,0,102,Overheating,0,1
1/8/2025 6:32,10,74.31,57.43,47.43,2.6,3.47,1,0,149,Normal,0,0
1/8/2025 6:33,24,90.32,40.78,65.59,3.84,4.69,0,1,16,Normal,1,1
1/8/2025 6:34,4,83.59,25.2,37.04,4.24,2.9,1,0,288,Normal,0,0
1/8/2025 6:35,37,66.88,66.5,48.04,1.01,1.33,1,0,327,Normal,0,0
1/8/2025 6:36,4,84.39,40.28,40.33,4.63,1.03,1,0,89,Normal,0,0
1/8/2025 6:37,13,74.37,42.74,31.52,1.78,4.38,1,0,266,Normal,0,0
1/8/2025 6:38,25,67.68,42.62,49.83,4.97,3.52,1,0,283,Normal,0,0
1/8/2025 6:39,13,79.27,77.95,72.42,1.89,2.58,1,0,193,Normal,0,0
1/8/2025 6:40,18,66.56,31.59,75.84,1.77,3.28,1,0,449,Normal,0,0
1/8/2025 6:41,24,66.07,39.73,55.34,3.8,3.37,1,0,61,Normal,0,0
1/8/2025 6:42,2,87.93,82.45,52.85,2.16,3.76,1,1,15,Normal,1,1
1/8/2025 6:43,48,62.89,57.15,76.6,4.79,4.64,1,0,470,Normal,0,0
1/8/2025 6:44,33,77.12,60.86,56.29,2.14,0.96,1,0,299,Normal,0,0
1/8/2025 6:45,19,83.92,49.84,43.73,2.86,4.81,1,0,262,Normal,0,0
1/8/2025 6:46,9,66.9,57.1,31.87,4.62,3.36,1,0,34,Normal,0,0
1/8/2025 6:47,28,86.13,59.76,59.51,1.88,4.85,1,0,498,Normal,0,0
1/8/2025 6:48,35,81.35,33.48,36.94,2.8,4.36,1,0,97,Normal,0,0
1/8/2025 6:49,39,109.56,57.91,70.35,1.39,0.88,1,1,11,Normal,1,1
1/8/2025 6:50,10,76.69,60.6,58.58,2.65,1.4,0,0,338,Normal,0,0
1/8/2025 6:51,1,93.97,77.71,65.22,4.91,1.17,1,1,28,Normal,1,1
1/8/2025 6:52,42,63.2,46.92,61.16,3.6,1.62,1,0,251,Normal,0,0
1/8/2025 6:53,21,67.36,57.99,52.76,3.92,3.61,0,0,429,Normal,0,0
1/8/2025 6:54,9,86.34,58.41,73.61,1,1.56,2,0,134,Vibration Issue,0,1
1/8/2025 6:55,47,69.73,44.46,48.15,4.72,2.42,1,0,290,Normal,0,0
1/8/2025 6:56,15,70.6,68.49,42.05,2.57,1.73,1,0,204,Normal,0,0
1/8/2025 6:57,35,94.12,38.74,57.67,3.01,4.41,1,1,12,Normal,1,1
1/8/2025 6:58,5,82.09,25.81,65.7,3.02,0.92,1,0,375,Normal,0,0
1/8/2025 6:59,41,80.75,38.26,56.82,2.65,0.66,1,0,139,Normal,0,0
1/8/2025 7:00,22,78.2,83.95,67.82,1.9,1.01,1,1,35,Normal,1,1
1/8/2025 7:01,41,79.18,34.94,68.16,4.68,3.43,1,0,188,Normal,0,0
1/8/2025 7:02,23,57.82,46.92,74.93,2.07,2.86,1,0,151,Normal,0,0
1/8/2025 7:03,7,76.96,40.63,34.53,4.61,1.83,2,0,380,Normal,0,1
1/8/2025 7:04,23,68.36,73.61,39.49,4.7,3.55,1,0,236,Normal,0,0
1/8/2025 7:05,44,85.48,26.52,40.26,3.09,2.63,1,0,421,Normal,0,0
1/8/2025 7:06,25,68.22,44.14,39.11,1.72,2.34,1,0,325,Normal,0,0
1/8/2025 7:07,27,69.73,83.76,74.72,3.6,4.95,1,1,19,Normal,1,1
1/8/2025 7:08,41,61.65,51.82,58.91,4.18,4.76,1,0,410,Normal,0,0
1/8/2025 7:09,6,81.59,37.73,70.13,1.96,2.94,1,0,320,Normal,0,0
1/8/2025 7:10,34,89.55,42.12,33.54,4.04,2.09,1,0,36,Normal,0,0
1/8/2025 7:11,9,66.29,26.44,53.07,1.81,4.12,1,0,429,Normal,0,0
1/8/2025 7:12,49,68.56,55.87,68.78,1.05,0.64,1,0,492,Normal,0,0
1/8/2025 7:13,33,85.21,22.84,30.22,4.93,3.76,1,0,473,Normal,0,0
1/8/2025 7:14,6,74.6,49.55,46.66,4.59,1.21,1,0,288,Normal,0,0
1/8/2025 7:15,37,77.35,39.13,57.86,4.49,4.99,1,0,196,Normal,0,0
1/8/2025 7:16,31,80.44,49,79.2,4.86,1.84,1,0,16,Normal,0,1
1/8/2025 7:17,34,72.75,46,37.32,4.86,2.44,1,0,215,Normal,0,0
1/8/2025 7:18,41,71.48,28.63,80,4.89,4.16,1,0,130,Normal,0,0
1/8/2025 7:19,29,65.9,43.95,53.8,4.83,2.84,1,0,233,Normal,0,0
1/8/2025 7:20,14,64.92,65.56,57.27,1.68,4.66,1,0,363,Normal,0,0
1/8/2025 7:21,36,56.19,51.22,62.24,1.68,2.57,1,0,240,Normal,0,0
1/8/2025 7:22,36,76.64,52.58,40.03,2.83,1.44,1,0,443,Normal,0,0
1/8/2025 7:23,15,76.63,79.23,32.05,2.27,2.81,1,0,32,Normal,0,0
1/8/2025 7:24,8,79.67,34.98,68.71,4.05,2.94,1,0,443,Normal,0,0
1/8/2025 7:25,26,83.87,38.81,40.99,4.93,4.29,1,0,394,Normal,0,0
1/8/2025 7:26,36,77.3,46.12,49.43,1.52,4.48,1,0,67,Normal,0,0
1/8/2025 7:27,48,61.11,61.08,71.74,3.93,3.09,2,0,71,Pressure Drop,0,1
1/8/2025 7:28,21,68.14,44.64,36.93,4.81,4.45,1,0,142,Normal,0,0
1/8/2025 7:29,28,65.11,62.23,50.24,3.37,4.36,1,0,137,Normal,0,0
1/8/2025 7:30,4,65.38,59.68,64.68,2.11,4.73,1,0,177,Normal,0,0
1/8/2025 7:31,16,80.66,45.76,37.95,3.47,3.06,1,0,376,Normal,0,0
1/8/2025 7:32,22,75.68,41.17,58.53,2.16,4.8,1,0,62,Normal,0,0
1/8/2025 7:33,12,66.14,75.82,61,1.46,0.73,1,0,137,Normal,0,0
1/8/2025 7:34,16,82.33,41.6,31.06,4.34,4.04,0,0,44,Normal,0,0
1/8/2025 7:35,40,72.94,54.09,36.53,4.73,4.15,1,0,343,Normal,0,0
1/8/2025 7:36,38,67.6,58.1,40.76,3.74,0.75,1,0,371,Normal,0,0
1/8/2025 7:37,42,79.14,39.5,45.87,4.45,4.66,1,0,429,Normal,0,0
1/8/2025 7:38,37,88.75,95.08,78.72,3.66,4.42,1,1,20,Normal,1,1
1/8/2025 7:39,29,68.66,49.97,72.12,3.98,3.56,0,0,145,Normal,0,0
1/8/2025 7:40,18,65.63,47.91,37.88,1.06,3.45,1,0,485,Normal,0,0
1/8/2025 7:41,10,79.48,46.06,43.29,1.42,1.59,1,0,18,Normal,0,1
1/8/2025 7:42,42,76.78,61.99,67.87,2.01,4.04,2,0,134,Electrical Fault,0,1
1/8/2025 7:43,39,70.71,48.57,77.66,4.04,2.16,1,0,92,Normal,0,0
1/8/2025 7:44,18,68.96,29.98,54.04,1.54,3.72,1,0,185,Normal,0,0
1/8/2025 7:45,1,76.49,57.43,71.86,2.91,2.46,1,0,418,Normal,0,0
1/8/2025 7:46,39,63.38,34.87,44.28,3.5,1.74,1,0,108,Normal,0,0
1/8/2025 7:47,21,70.89,72.75,44.75,2.42,3.92,1,0,487,Normal,0,0
1/8/2025 7:48,1,68.07,75.76,68.35,1.47,2.54,1,0,72,Normal,0,0
1/8/2025 7:49,15,65.84,41.14,34.1,2.93,0.51,2,0,177,Vibration Issue,0,1
1/8/2025 7:50,4,77.5,61.78,36.77,3.23,2.15,1,0,186,Normal,0,0
1/8/2025 7:51,20,93.54,49.18,44.85,1.68,0.85,1,1,10,Normal,1,1
1/8/2025 7:52,10,59.52,47.39,63.49,4.76,2.77,1,0,225,Normal,0,0
1/8/2025 7:53,23,83.66,70.57,71.44,3.3,3.17,1,0,168,Normal,0,0
1/8/2025 7:54,41,75.95,59.23,65.43,1.95,3.79,1,0,312,Normal,0,0
1/8/2025 7:55,34,35.55,53.25,74.21,2.51,4.76,1,0,155,Normal,0,0
1/8/2025 7:56,46,71.36,58.6,41.43,4.51,2.93,1,0,451,Normal,0,0
1/8/2025 7:57,48,109.3,47.12,50.46,4.85,1.22,1,1,36,Normal,1,1
1/8/2025 7:58,33,54.52,43.13,77.93,4.57,4.53,1,0,44,Normal,0,0
1/8/2025 7:59,34,86.87,54.65,52.25,1.36,1.58,2,0,495,Normal,0,1
1/8/2025 8:00,39,79.2,41.31,33.83,4.75,3.9,1,0,362,Normal,0,0
1/8/2025 8:01,10,65.97,63.59,34,3.98,3.8,1,0,267,Normal,0,0
1/8/2025 8:02,20,79.97,50.19,66.91,1.79,4.19,1,0,452,Normal,0,0
1/8/2025 8:03,1,79.26,41.43,40.01,2.56,3.96,0,0,395,Normal,0,0
1/8/2025 8:04,13,74.38,60.07,39.11,1.39,0.62,1,0,215,Normal,0,0
1/8/2025 8:05,1,71.88,51.8,44,3.9,2.45,0,0,239,Normal,0,0
1/8/2025 8:06,5,71.08,47.09,45.2,2.97,1.02,1,0,292,Normal,0,0
1/8/2025 8:07,16,78,19.99,74.94,3.49,3.13,1,0,350,Normal,0,0
1/8/2025 8:08,15,80.2,49.06,75.8,3.65,2.12,2,0,363,Pressure Drop,0,1
1/8/2025 8:09,49,84.8,50.86,66.75,1.9,4.45,1,0,32,Normal,0,0
1/8/2025 8:10,28,73.4,62.31,50.02,3.82,1.67,1,0,315,Normal,0,0
1/8/2025 8:11,31,78.59,27.6,49.84,3.36,4.09,1,0,55,Normal,0,0
1/8/2025 8:12,23,62.1,93.72,66.03,4.02,2.1,1,1,27,Normal,1,1
1/8/2025 8:13,48,57.66,31.55,36.75,2.45,1.23,1,0,463,Normal,0,0
1/8/2025 8:14,45,70.68,26.2,76.86,4.28,1.79,1,0,127,Normal,0,0
1/8/2025 8:15,43,63.4,54.76,63.19,1.47,3.83,1,0,303,Normal,0,0
1/8/2025 8:16,17,74.91,26.62,40.33,4.77,4.91,1,0,490,Normal,0,0
1/8/2025 8:17,49,79.13,65.81,39.08,1.33,1.34,1,0,44,Normal,0,0
1/8/2025 8:18,34,75.85,54.32,53.12,4.17,2.25,1,0,241,Normal,0,0
1/8/2025 8:19,13,69.83,56.98,53.4,2.75,3.08,1,0,294,Normal,0,0
1/8/2025 8:20,14,66.52,29.04,71.6,2.74,4.53,1,0,208,Normal,0,0
1/8/2025 8:21,11,82.09,44.27,49.72,3.94,3.71,1,0,107,Normal,0,0
1/8/2025 8:22,28,85.83,71.5,69.33,2.94,3.7,1,0,171,Normal,0,0
1/8/2025 8:23,42,75.1,33.91,39.06,4.63,3.21,1,0,486,Normal,0,0
1/8/2025 8:24,32,67.31,71.17,79.66,4.26,2.87,1,0,204,Normal,0,0
1/8/2025 8:25,35,82.5,53.08,61.34,4.17,1.81,1,0,93,Normal,0,0
1/8/2025 8:26,31,62.52,67.26,30.18,4.5,3.86,1,0,69,Normal,0,0
1/8/2025 8:27,17,64.36,42.56,64.19,3.88,3.34,1,0,316,Normal,0,0
1/8/2025 8:28,47,81.44,16.58,47.85,2.93,4.33,2,0,421,Pressure Drop,0,1
1/8/2025 8:29,9,58.96,44.77,66.23,2.56,2.71,1,0,453,Normal,0,0
1/8/2025 8:30,10,62.25,53.75,61.87,3.9,2.64,1,0,84,Normal,0,0
1/8/2025 8:31,8,87.07,38.05,43.41,4.34,3.32,1,0,168,Normal,0,0
1/8/2025 8:32,21,58.66,33.87,76.34,2.15,1.98,2,0,171,Overheating,0,1
1/8/2025 8:33,13,71.75,72.48,40.77,4.84,1.57,1,0,454,Normal,0,0
1/8/2025 8:34,50,92.54,43.99,41.24,2.8,2.81,1,1,35,Normal,1,1
1/8/2025 8:35,5,80.96,37.64,52.28,4.84,0.57,2,0,393,Normal,0,1
1/8/2025 8:36,6,64.69,45.53,47.52,3.82,3.95,0,0,266,Normal,0,0
1/8/2025 8:37,30,78.53,35.98,50.5,4.64,0.82,1,0,73,Normal,0,0
1/8/2025 8:38,31,79.23,36.72,30.83,1.04,4.84,1,0,496,Normal,0,0
1/8/2025 8:39,17,63.98,67.7,59.5,4.79,4.95,2,0,217,Vibration Issue,0,1
1/8/2025 8:40,11,80.26,54.42,54.99,3.14,2.92,1,0,350,Normal,0,0
1/8/2025 8:41,20,88.24,31.52,71.63,1.79,1.59,1,0,481,Normal,0,0
1/8/2025 8:42,48,90.74,63.38,43.52,1.81,2.06,0,1,41,Normal,1,1
1/8/2025 8:43,9,79.5,53.01,46.47,4.36,4.9,2,0,142,Vibration Issue,0,1
1/8/2025 8:44,2,83.15,71.91,76.92,1.36,3.22,1,0,76,Normal,0,0
1/8/2025 8:45,37,65.98,58.65,61.83,1.28,0.98,1,0,379,Normal,0,0
1/8/2025 8:46,1,92.27,57.91,68.21,2.92,3.84,1,1,17,Normal,1,1
1/8/2025 8:47,4,66.19,33.86,77.94,1.95,2.29,1,0,469,Normal,0,0
1/8/2025 8:48,36,68.24,73.59,50.73,4.76,3.72,1,0,457,Normal,0,0
1/8/2025 8:49,25,70.8,48.82,58.44,4.7,3.56,1,0,165,Normal,0,0
1/8/2025 8:50,3,69.75,84.44,77.32,2.59,4.45,1,1,45,Normal,1,1
1/8/2025 8:51,9,63.35,59.23,66.38,1.02,4.36,1,0,472,Normal,0,0
1/8/2025 8:52,22,72.17,40.79,63.38,2.04,3.08,1,0,338,Normal,0,0
1/8/2025 8:53,23,90.28,42.47,45.42,3.98,4.78,1,1,22,Normal,1,1
1/8/2025 8:54,12,68.7,55.97,76.94,1.59,3.22,0,0,373,Normal,0,0
1/8/2025 8:55,10,69.17,65.65,62.25,4.03,0.82,1,0,96,Normal,0,0
1/8/2025 8:56,34,89.1,49.15,56.09,3.24,1.8,1,0,414,Normal,0,0
1/8/2025 8:57,43,55.08,40.55,70.1,3.94,3.6,1,0,358,Normal,0,0
1/8/2025 8:58,10,83.14,50.59,62.29,1.73,2.56,1,0,463,Normal,0,0
1/8/2025 8:59,30,72.83,57.85,54.76,1.86,3.6,2,0,198,Vibration Issue,0,1
1/8/2025 9:00,22,79.89,32.07,47.35,3.28,3.47,1,0,133,Normal,0,0
1/8/2025 9:01,6,78.04,44.96,43.71,2.11,4.19,1,0,97,Normal,0,0
1/8/2025 9:02,50,88.89,64.64,77.02,3.45,2.38,2,0,214,Pressure Drop,0,1
1/8/2025 9:03,2,63.67,48.98,51.43,3.46,4.86,1,0,88,Normal,0,0
1/8/2025 9:04,30,61.61,50.7,54.74,4.9,4.11,1,0,87,Normal,0,0
1/8/2025 9:05,2,78.61,59.32,78.11,2.38,1.28,1,0,195,Normal,0,0
1/8/2025 9:06,32,63.75,60.41,76.16,1.59,2.74,1,0,117,Normal,0,0
1/8/2025 9:07,42,83.13,40.5,43.12,2.04,4.14,1,0,475,Normal,0,0
1/8/2025 9:08,16,79.37,40.68,43.67,4.45,1.92,1,0,243,Normal,0,0
1/8/2025 9:09,12,78.39,43.48,69.88,1.2,4.95,1,0,298,Normal,0,0
1/8/2025 9:10,1,68.27,21.58,40.47,3.09,1.42,1,0,194,Normal,0,0
1/8/2025 9:11,8,74.67,17.21,40.66,2.2,2.19,1,0,153,Normal,0,0
1/8/2025 9:12,48,72.65,38.91,33.02,2.89,0.81,1,0,114,Normal,0,0
1/8/2025 9:13,50,91.99,67.55,45.25,2.9,3.51,1,1,8,Normal,1,1
1/8/2025 9:14,13,72.23,31.2,77.86,3.4,3.64,1,0,402,Normal,0,0
1/8/2025 9:15,15,68.35,43.95,79.94,1.98,1.17,1,0,96,Normal,0,0
1/8/2025 9:16,44,85.21,58.95,73.48,3.76,2.44,1,0,484,Normal,0,0
1/8/2025 9:17,8,65.56,38.53,70.98,1.31,2.21,1,0,111,Normal,0,0
1/8/2025 9:18,10,93.24,93.97,32.75,3.52,3.75,2,1,10,Normal,1,1
1/8/2025 9:19,46,59.09,58.99,70.29,3.57,4.7,2,0,403,Overheating,0,1
1/8/2025 9:20,5,92.91,68.16,60.36,2.77,0.91,1,1,7,Normal,1,1
1/8/2025 9:21,50,75.09,46.78,62.68,1.71,3.15,1,0,169,Normal,0,0
1/8/2025 9:22,19,70.9,79.53,30.19,2.06,1.15,1,0,78,Normal,0,0
1/8/2025 9:23,47,92.45,63.6,33.79,2.93,4,1,1,6,Normal,1,1
1/8/2025 9:24,38,72.39,76.5,38.12,3.28,3.95,1,0,33,Normal,0,0
1/8/2025 9:25,11,64.67,39.64,43.61,2.7,3.33,1,0,337,Normal,0,0
1/8/2025 9:26,43,74.39,61.96,40.7,1.47,2,1,0,29,Normal,0,0
1/8/2025 9:27,20,81.31,9.95,60.18,3.2,2.9,2,0,472,Vibration Issue,0,1
1/8/2025 9:28,20,74.23,79.96,70.96,4.58,3.4,1,0,71,Normal,0,0
1/8/2025 9:29,21,72.08,38.49,49,1.41,3.84,1,0,450,Normal,0,0
1/8/2025 9:30,18,71.88,42.18,40.43,2.64,4,1,0,184,Normal,0,0
1/8/2025 9:31,50,80.82,60.54,69.3,3.26,1.08,1,0,43,Normal,0,0
1/8/2025 9:32,10,63.36,31.46,50.33,1.49,2.25,1,0,436,Normal,0,0
1/8/2025 9:33,34,79.49,58.12,55,1.26,2.14,0,0,43,Normal,0,0
1/8/2025 9:34,26,90.25,68.82,60.08,2.62,3.67,1,1,12,Normal,1,1
1/8/2025 9:35,30,89.19,64.71,70.41,1.12,2.12,2,0,217,Overheating,0,1
1/8/2025 9:36,9,89.78,64.82,57.38,2.82,4.5,1,0,493,Normal,0,0
1/8/2025 9:37,46,66.33,58.63,57.31,2.36,0.74,1,0,429,Normal,0,0
1/8/2025 9:38,31,91.76,62.41,54.69,2.34,4.44,1,1,38,Normal,1,1
1/8/2025 9:39,42,73.53,26.74,78.7,3.48,2.02,1,0,246,Normal,0,0
1/8/2025 9:40,4,79.12,51.8,46.47,1.63,2.75,1,0,286,Normal,0,0
1/8/2025 9:41,6,75.15,32.05,74.08,4.69,2.38,1,0,454,Normal,0,0
1/8/2025 9:42,14,68.57,31.58,42.03,1.67,4.76,1,0,360,Normal,0,0
1/8/2025 9:43,4,76.58,69.73,53.77,4.2,0.7,2,0,136,Vibration Issue,0,1
1/8/2025 9:44,26,82.91,68.73,69.42,3.02,4.09,1,0,287,Normal,0,0
1/8/2025 9:45,47,80.69,50.42,50.73,1.34,1.91,1,0,315,Normal,0,0
1/8/2025 9:46,48,79,51.98,46.02,1.99,1.31,0,0,52,Normal,0,0
1/8/2025 9:47,39,66.85,49.04,59.9,4.3,0.75,1,0,367,Normal,0,0
1/8/2025 9:48,17,73.47,64,42.73,2.48,3.91,1,0,265,Normal,0,0
1/8/2025 9:49,19,77.59,55.05,49.17,3.65,2.73,2,0,258,Vibration Issue,0,1
1/8/2025 9:50,49,59.01,64.6,49.97,4.12,1.8,1,0,410,Normal,0,0
1/8/2025 9:51,6,81.03,60.91,66.9,2.75,0.75,2,0,66,Vibration Issue,0,1
1/8/2025 9:52,29,79.22,28.8,73.17,4.12,1.36,1,0,334,Normal,0,0
1/8/2025 9:53,11,89.34,35.28,42.43,1.99,2.48,0,0,445,Normal,0,0
1/8/2025 9:54,16,70.66,48.57,62.81,3.89,4.08,2,0,471,Overheating,0,1
1/8/2025 9:55,30,74.34,49.47,76.19,2.37,0.78,1,0,492,Normal,0,0
1/8/2025 9:56,25,74.97,53.18,48.85,2.36,4.84,1,0,12,Normal,0,1
1/8/2025 9:57,40,81.84,46.29,39.01,1.02,1.34,1,0,452,Normal,0,0
1/8/2025 9:58,11,70.57,38.92,33.42,4.42,4.23,1,0,465,Normal,0,0
1/8/2025 9:59,7,87.47,48.88,54.76,1.7,3.9,1,0,262,Normal,0,0
1/8/2025 10:00,26,72.76,22.02,32.71,2.83,3.61,1,0,79,Normal,0,0
1/8/2025 10:01,22,77.3,50.77,50.54,3,2.11,1,0,229,Normal,0,0
1/8/2025 10:02,25,67.86,58.66,64,3.37,1.27,1,0,107,Normal,0,0
1/8/2025 10:03,19,63.49,49.9,49.44,3.58,2.5,1,0,384,Normal,0,0
1/8/2025 10:04,31,73.83,36.07,36.15,3.55,1.12,2,0,399,Pressure Drop,0,1
1/8/2025 10:05,26,66.46,17.48,70.17,4.17,3.25,1,0,235,Normal,0,0
1/8/2025 10:06,42,64.81,33.22,31.15,2.69,1.51,1,0,399,Normal,0,0
1/8/2025 10:07,41,74.63,46.86,38.63,3.21,0.74,1,0,163,Normal,0,0
1/8/2025 10:08,36,61.62,52.78,43.03,1.93,0.69,1,0,349,Normal,0,0
1/8/2025 10:09,23,71.78,69.36,54.84,4.42,4.33,1,0,246,Normal,0,0
1/8/2025 10:10,47,75.27,36.92,69.28,1.68,2.89,1,0,121,Normal,0,0
1/8/2025 10:11,13,85.71,58.67,51.82,4.81,0.64,1,0,393,Normal,0,0
1/8/2025 10:12,25,73.63,76,72.5,4.06,1.74,1,0,277,Normal,0,0
1/8/2025 10:13,2,78.91,41.77,55.61,3.19,0.58,1,0,372,Normal,0,0
1/8/2025 10:14,2,62.3,41.03,50.24,4.8,2.88,2,0,58,Vibration Issue,0,1
1/8/2025 10:15,16,62.51,49.3,61.47,3.2,2.51,1,0,376,Normal,0,0
1/8/2025 10:16,9,83.63,38.66,47.13,3.02,3.14,1,0,415,Normal,0,0
1/8/2025 10:17,28,67.96,51.16,41.13,3.81,3.73,1,0,315,Normal,0,0
1/8/2025 10:18,13,65.13,20.19,38.03,4.86,1.23,1,0,315,Normal,0,0
1/8/2025 10:19,35,64.89,49.69,62.43,1.73,3.82,1,0,411,Normal,0,0
1/8/2025 10:20,41,71.57,47.7,51.86,3.76,3.83,2,0,62,Vibration Issue,0,1
1/8/2025 10:21,13,81.38,62.13,59.41,4.98,3.25,1,0,128,Normal,0,0
1/8/2025 10:22,31,53.17,38.34,34.28,1.21,1.52,1,0,441,Normal,0,0
1/8/2025 10:23,21,101.28,65.74,76.93,3.04,3.29,1,1,4,Normal,1,1
1/8/2025 10:24,32,75.66,40.14,67.71,4.32,1.97,1,0,10,Normal,0,1
1/8/2025 10:25,34,66.31,15.09,58.99,1.21,1.8,1,0,372,Normal,0,0
1/8/2025 10:26,8,73.34,29.77,68.75,4.13,3.98,1,0,437,Normal,0,0
1/8/2025 10:27,41,65.29,55.96,48.16,1.02,2.79,1,0,346,Normal,0,0
1/8/2025 10:28,48,76.74,20.87,59.55,3.64,1.29,1,0,25,Normal,0,0
1/8/2025 10:29,2,66.93,46.03,69.92,3.67,1.62,2,0,440,Pressure Drop,0,1
1/8/2025 10:30,38,76.39,81.64,57.29,1.21,3.5,1,1,15,Normal,1,1
1/8/2025 10:31,32,70.13,31.96,56.08,3.35,2.11,1,0,354,Normal,0,0
1/8/2025 10:32,40,80.88,38.9,44.47,2.01,2.73,1,0,398,Normal,0,0
1/8/2025 10:33,28,92.19,48.11,54.8,4.41,2.45,1,1,47,Normal,1,1
1/8/2025 10:34,37,67.88,36.76,54.9,2,3.33,1,0,217,Normal,0,0
1/8/2025 10:35,41,74.51,45.89,56.69,4.46,4.87,1,0,89,Normal,0,0
1/8/2025 10:36,1,81.63,44.27,66.26,2.51,4.1,1,0,135,Normal,0,0
1/8/2025 10:37,41,87.21,60.87,59.7,1.76,0.93,0,0,63,Normal,0,0
1/8/2025 10:38,10,78.76,38.4,79.19,1.54,4.81,1,0,94,Normal,0,0
1/8/2025 10:39,4,67.49,45.29,63.2,3.99,2.44,1,0,381,Normal,0,0
1/8/2025 10:40,35,62.96,53.08,62.07,1.7,2.22,1,0,72,Normal,0,0
1/8/2025 10:41,10,77.71,42.04,54.11,3.78,2.49,1,0,431,Normal,0,0
1/8/2025 10:42,47,81.72,54.27,37.58,3.5,4,1,0,480,Normal,0,0
1/8/2025 10:43,11,80.19,71.39,54.15,2.91,3.19,0,0,458,Normal,0,0
1/8/2025 10:44,14,81.48,46.65,46.34,1.53,3.64,0,0,162,Normal,0,0
1/8/2025 10:45,38,62.26,63.87,58.75,2.82,0.59,1,0,272,Normal,0,0
1/8/2025 10:46,12,69.29,59.94,67.85,4.06,0.88,1,0,107,Normal,0,0
1/8/2025 10:47,45,73.42,58.6,61.85,2.57,4.38,2,0,156,Vibration Issue,0,1
1/8/2025 10:48,17,77.46,61.16,36.24,3.94,2.66,2,0,120,Overheating,0,1
1/8/2025 10:49,16,77.77,44.49,78.18,4.47,3.35,1,0,184,Normal,0,0
1/8/2025 10:50,35,78.4,48.53,51.18,1.04,2.18,1,0,176,Normal,0,0
1/8/2025 10:51,2,55.34,50.16,38.98,4.66,1.94,1,0,461,Normal,0,0
1/8/2025 10:52,11,61.78,41.36,42.02,2.12,4.96,1,0,411,Normal,0,0
1/8/2025 10:53,41,75.51,47.93,56.99,1.59,4.68,1,0,397,Normal,0,0
1/8/2025 10:54,3,76.53,47.46,60.15,1,4.76,0,0,196,Normal,0,0
1/8/2025 10:55,29,73.43,48.35,72.09,1.25,1.05,0,0,21,Normal,0,0
1/8/2025 10:56,18,79.03,47.53,60.98,4.06,3.17,1,0,207,Normal,0,0
1/8/2025 10:57,20,81.58,59.56,48.8,4.15,2.81,1,0,154,Normal,0,0
1/8/2025 10:58,47,63.9,35.11,76.28,1.51,4.97,1,0,435,Normal,0,0
1/8/2025 10:59,14,57.73,46.85,68.39,1.56,1.2,1,0,72,Normal,0,0
1/8/2025 11:00,34,71.03,19.06,41.73,2.76,2.56,1,0,244,Normal,0,0
1/8/2025 11:01,49,81.67,49.19,61.06,1.81,4.02,1,0,62,Normal,0,0
1/8/2025 11:02,31,77.55,81.11,58.73,2.57,4.57,2,1,23,Electrical Fault,1,1
1/8/2025 11:03,40,72.17,55,79.39,2.81,2.82,1,0,412,Normal,0,0
1/8/2025 11:04,42,87.31,65.28,62.34,4.15,4.05,2,0,133,Pressure Drop,0,1
1/8/2025 11:05,18,96.27,76.96,60.42,1.86,1,1,1,2,Normal,1,1
1/8/2025 11:06,30,82.28,65.87,65.2,2.89,1.23,1,0,394,Normal,0,0
1/8/2025 11:07,25,90.77,65.57,59.76,2.59,3.08,2,1,7,Vibration Issue,1,1
1/8/2025 11:08,19,60,55.3,62.18,4.02,3.51,2,0,59,Normal,0,1
1/8/2025 11:09,8,76.26,58.95,79.56,3.36,1.26,1,0,127,Normal,0,0
1/8/2025 11:10,28,69.73,58.43,33.72,3.67,3.04,0,0,492,Normal,0,0
1/8/2025 11:11,8,81.97,50.16,37.32,1.14,3.14,2,0,249,Overheating,0,1
1/8/2025 11:12,31,62.68,73.31,71.1,1.25,0.65,1,0,96,Normal,0,0
1/8/2025 11:13,3,74.63,51.6,70.79,2.3,2.01,1,0,28,Normal,0,0
1/8/2025 11:14,3,68.7,53.79,66.95,4.4,1.03,1,0,85,Normal,0,0
1/8/2025 11:15,44,83.06,56.81,34.77,2.76,1.82,2,0,141,Pressure Drop,0,1
1/8/2025 11:16,22,70,54.81,66.57,3,3.07,1,0,328,Normal,0,0
1/8/2025 11:17,17,59.43,35.44,39.09,2.98,3.81,1,0,444,Normal,0,0
1/8/2025 11:18,36,79.67,54.61,47.36,4.14,1.73,1,0,383,Normal,0,0
1/8/2025 11:19,17,83.61,52.79,79.78,1.01,4.8,1,0,81,Normal,0,0
1/8/2025 11:20,14,66.12,27.54,33.24,1.3,0.69,1,0,341,Normal,0,0
1/8/2025 11:21,9,81.7,37.78,51.99,2.33,1.41,1,0,124,Normal,0,0
1/8/2025 11:22,30,76.04,40.85,52.71,4.32,0.94,1,0,53,Normal,0,0
1/8/2025 11:23,21,75.98,25,41.97,4.64,3.98,1,0,432,Normal,0,0
1/8/2025 11:24,12,53.22,41.38,55.91,2.72,0.64,1,0,459,Normal,0,0
1/8/2025 11:25,37,86.49,67.78,62.89,3.14,4.42,1,0,104,Normal,0,0
1/8/2025 11:26,32,78.54,56.25,73.9,1.51,1.88,1,0,184,Normal,0,0
1/8/2025 11:27,11,77.77,32.4,73.05,4.49,2.35,1,0,338,Normal,0,0
1/8/2025 11:28,20,79.18,60.27,72.73,1.09,1.62,2,0,234,Overheating,0,1
1/8/2025 11:29,35,77.45,51.46,63.54,3.76,3.32,1,0,185,Normal,0,0
1/8/2025 11:30,47,89.86,58.78,47.04,1.81,4.68,2,0,156,Vibration Issue,0,1
1/8/2025 11:31,46,86.03,45.76,37.06,1.02,4.16,1,0,433,Normal,0,0
1/8/2025 11:32,11,70.49,53.24,49.47,1.29,3.56,1,0,221,Normal,0,0
1/8/2025 11:33,8,102.39,34.49,42.18,2.89,2.27,1,1,25,Normal,1,1
1/8/2025 11:34,4,82.7,59.68,75.98,1.78,0.63,1,0,111,Normal,0,0
1/8/2025 11:35,27,94.51,41.95,70.77,3.73,0.61,1,1,5,Normal,1,1
1/8/2025 11:36,44,77.25,40.63,55.92,1.61,1.75,1,0,154,Normal,0,0
1/8/2025 11:37,40,76.2,50.78,39.27,4.16,1.7,1,0,47,Normal,0,0
1/8/2025 11:38,38,62.59,65.3,35.29,4.14,2.84,1,0,65,Normal,0,0
1/8/2025 11:39,47,57.26,60.46,63.34,4.69,0.97,1,0,314,Normal,0,0
1/8/2025 11:40,30,75.19,53.87,73.03,2.04,4.25,1,0,27,Normal,0,0
1/8/2025 11:41,44,71.6,47.1,78.51,3.5,0.97,1,0,241,Normal,0,0
1/8/2025 11:42,48,79.01,48.67,58.34,2.9,4.48,0,0,61,Normal,0,0
1/8/2025 11:43,48,68.16,62.24,65.07,1.13,1.14,1,0,210,Normal,0,0
1/8/2025 11:44,27,82.22,46.68,50.91,1.6,2.9,1,0,204,Normal,0,0
1/8/2025 11:45,21,84.06,59.56,65.15,1.85,1.46,1,0,496,Normal,0,0
1/8/2025 11:46,20,92.37,58.83,44.22,4.59,4.05,1,1,39,Normal,1,1
1/8/2025 11:47,4,98.68,49.42,59.75,4.83,1,1,1,8,Normal,1,1
1/8/2025 11:48,11,82.54,58.42,39.63,3.67,1.51,1,0,216,Normal,0,0
1/8/2025 11:49,13,95.2,79.04,77.51,1.07,3.45,1,1,13,Normal,1,1
1/8/2025 11:50,9,79.4,69.37,40.91,4.63,1.24,1,0,125,Normal,0,0
1/8/2025 11:51,4,77.79,68.27,59.98,3.06,3.42,2,0,84,Vibration Issue,0,1
1/8/2025 11:52,12,65.14,32.85,59,4.35,2.03,1,0,348,Normal,0,0
1/8/2025 11:53,9,75.91,47.75,72.86,2.33,4.88,0,0,322,Normal,0,0
1/8/2025 11:54,13,71.81,51.44,67.15,1.26,2.99,0,0,78,Normal,0,0
1/8/2025 11:55,48,65.52,29.61,35.7,4.07,3.24,1,0,198,Normal,0,0
1/8/2025 11:56,26,59.54,38.53,52.6,1.97,3.04,1,0,90,Normal,0,0
1/8/2025 11:57,38,74.79,44.58,69.01,1.3,3.86,1,0,201,Normal,0,0
1/8/2025 11:58,42,63.99,73.63,41.71,4.75,0.98,2,0,426,Pressure Drop,0,1
1/8/2025 11:59,13,73.57,73.5,41.58,1.44,0.54,1,0,206,Normal,0,0
1/8/2025 12:00,39,83.03,38.03,70.43,1.71,0.61,1,0,460,Normal,0,0
1/8/2025 12:01,28,66.1,28.13,66.8,2.79,2.56,1,0,428,Normal,0,0
1/8/2025 12:02,19,62.66,26.51,36.79,1.78,3.12,0,0,404,Normal,0,0
1/8/2025 12:03,24,61.7,77.92,50.52,3.78,1.94,1,0,479,Normal,0,0
1/8/2025 12:04,19,68.3,30.49,31.96,2.53,1.81,1,0,170,Normal,0,0
1/8/2025 12:05,49,68.73,46.11,77.08,1.21,4.65,1,0,108,Normal,0,0
1/8/2025 12:06,13,61.73,57.78,76.73,3.98,2.47,1,0,102,Normal,0,0
1/8/2025 12:07,13,84.46,52.04,75.07,3.84,3.25,2,0,384,Overheating,0,1
1/8/2025 12:08,28,80.66,20.36,64.16,2.54,3.13,1,0,42,Normal,0,0
1/8/2025 12:09,2,59.75,44.91,71.21,1.32,0.62,2,0,276,Pressure Drop,0,1
1/8/2025 12:10,10,64.42,40.97,48.45,3.1,3.89,1,0,123,Normal,0,0
1/8/2025 12:11,22,83.45,51.71,72.59,1.14,1.89,1,0,410,Normal,0,0
1/8/2025 12:12,13,61.91,62.2,71.82,4.26,0.87,2,0,401,Electrical Fault,0,1
1/8/2025 12:13,9,65.44,51.43,70.89,1.55,4.71,1,0,233,Normal,0,0
1/8/2025 12:14,33,72.9,63.79,61.07,4.46,2.07,1,0,103,Normal,0,0
1/8/2025 12:15,14,67.37,60.29,42.43,2.18,1.33,1,0,488,Normal,0,0
1/8/2025 12:16,48,95.93,53.15,74.78,2.61,1.78,1,1,24,Normal,1,1
1/8/2025 12:17,20,79.53,67.18,35.02,2.55,1.95,2,0,178,Overheating,0,1
1/8/2025 12:18,15,77.73,57.74,58.68,4.37,2.17,1,0,367,Normal,0,0
1/8/2025 12:19,32,74.53,41.36,32.55,1.58,2.17,1,0,212,Normal,0,0
1/8/2025 12:20,33,83.65,33.37,62.75,4.06,3.45,1,0,305,Normal,0,0
1/8/2025 12:21,17,77.82,54.53,54.89,1.43,1.86,1,0,133,Normal,0,0
1/8/2025 12:22,24,70.1,36.93,32.01,3.66,4.89,1,0,128,Normal,0,0
1/8/2025 12:23,30,58.59,27.24,48.35,3.27,3.12,1,0,126,Normal,0,0
1/8/2025 12:24,13,68.66,35.85,68.54,3.98,2.56,1,0,141,Normal,0,0
1/8/2025 12:25,47,71.63,48.98,61.65,3.27,2.96,1,0,357,Normal,0,0
1/8/2025 12:26,48,79.77,50.98,54.83,4.96,2.74,1,0,137,Normal,0,0
1/8/2025 12:27,16,84.31,70.92,31.57,4.81,3.99,1,0,342,Normal,0,0
1/8/2025 12:28,2,75,60.43,60.57,1.82,3.76,1,0,345,Normal,0,0
1/8/2025 12:29,17,75.85,28.88,60.41,4.88,3.36,1,0,184,Normal,0,0
1/8/2025 12:30,32,63.03,71.5,68.82,3.42,2.87,0,0,260,Normal,0,0
1/8/2025 12:31,43,66.42,44.72,57.95,2.98,1.99,1,0,395,Normal,0,0
1/8/2025 12:32,8,56.91,10.72,53.59,1.76,1.53,0,0,366,Normal,0,0
1/8/2025 12:33,3,68.85,49.93,77.55,1.24,4.13,1,0,60,Normal,0,0
1/8/2025 12:34,12,78.26,58.11,38.83,4.76,1.11,2,0,39,Pressure Drop,0,1
1/8/2025 12:35,20,81.58,45.71,44.31,3.47,2.67,1,0,329,Normal,0,0
1/8/2025 12:36,16,68.26,37.18,46.6,2.64,2.01,1,0,137,Normal,0,0
1/8/2025 12:37,14,85.66,55.92,37.04,4.15,3.2,1,0,464,Normal,0,0
1/8/2025 12:38,16,89.7,38.54,37.15,2.22,4.37,1,0,272,Normal,0,0
1/8/2025 12:39,49,83.67,38.62,73.44,4.36,3.94,1,0,479,Normal,0,0
1/8/2025 12:40,43,86.91,41.82,57.71,1.59,3.3,1,0,112,Normal,0,0
1/8/2025 12:41,49,65.79,57.41,58.16,4.83,0.79,1,0,314,Normal,0,0
1/8/2025 12:42,33,60.61,32.18,76.19,3.23,1.58,1,0,403,Normal,0,0
1/8/2025 12:43,30,84.16,38.84,45.85,3.24,4.3,1,0,34,Normal,0,0
1/8/2025 12:44,12,88.8,49.51,46.5,4.43,2.67,1,0,165,Normal,0,0
1/8/2025 12:45,15,91.66,16.65,75.26,4.3,4.59,1,1,47,Normal,1,1
1/8/2025 12:46,18,58.29,31.2,68.34,2.96,3.64,1,0,381,Normal,0,0
1/8/2025 12:47,28,75.51,33.55,40.01,1.72,2.36,0,0,180,Normal,0,0
1/8/2025 12:48,23,63.69,30.86,71.1,1.23,1.95,1,0,157,Normal,0,0
1/8/2025 12:49,14,73.24,68.75,70.56,1.05,2.88,1,0,218,Normal,0,0
1/8/2025 12:50,30,83.49,27.64,70.03,1.82,4.6,1,0,413,Normal,0,0
1/8/2025 12:51,33,78.73,48.96,31,3,4.98,1,0,340,Normal,0,0
1/8/2025 12:52,45,60.32,26.63,31.8,2.36,2.8,1,0,102,Normal,0,0
1/8/2025 12:53,15,73.14,40.4,40,1.35,1.98,1,0,363,Normal,0,0
1/8/2025 12:54,7,69.75,55.33,77.01,4.11,3.59,1,0,60,Normal,0,0
1/8/2025 12:55,15,84.21,57.11,56.17,1.79,0.65,1,0,409,Normal,0,0
1/8/2025 12:56,42,67.7,39.41,50.36,4.9,1.89,0,0,112,Normal,0,0
1/8/2025 12:57,46,76.61,62.19,46.06,1.3,4.55,2,0,306,Vibration Issue,0,1
1/8/2025 12:58,38,71.79,45.14,77.4,1.15,2.02,2,0,301,Vibration Issue,0,1
1/8/2025 12:59,46,92.76,41.57,47.2,4.05,3.48,1,1,25,Normal,1,1
1/8/2025 13:00,44,81.95,36.12,51.76,3.74,0.51,1,0,393,Normal,0,0
1/8/2025 13:01,11,73.78,81.45,31.82,2.5,2.86,1,1,39,Normal,1,1
1/8/2025 13:02,29,71.32,49.07,52.17,4.84,4.87,0,0,105,Normal,0,0
1/8/2025 13:03,31,74.94,25.62,43.52,3.03,3.08,1,0,239,Normal,0,0
1/8/2025 13:04,25,96.9,37.68,44.95,2.95,1.54,1,1,38,Normal,1,1
1/8/2025 13:05,24,80.88,49.09,70,3.15,3.85,1,0,403,Normal,0,0
1/8/2025 13:06,19,78.13,57.12,45.92,4.37,4.15,1,0,23,Normal,0,0
1/8/2025 13:07,2,81.89,43.92,60.55,3.57,2.34,1,0,68,Normal,0,0
1/8/2025 13:08,22,80.77,42.7,37.79,4.91,3.2,1,0,76,Normal,0,0
1/8/2025 13:09,20,81.65,35.11,77.99,3.04,2.02,2,0,44,Vibration Issue,0,1
1/8/2025 13:10,33,81.86,36.32,49.11,4.82,2.59,1,0,15,Normal,0,1
1/8/2025 13:11,8,65.2,85.02,77.52,4.01,4.81,1,1,12,Normal,1,1
1/8/2025 13:12,25,62.02,50.96,71.89,2.19,2.39,1,0,353,Normal,0,0
1/8/2025 13:13,46,81.97,77.68,43.83,3.14,4.26,1,0,237,Normal,0,0
1/8/2025 13:14,9,78.68,66.92,51.63,3.93,4.36,2,0,212,Vibration Issue,0,1
1/8/2025 13:15,34,69.56,46.68,67.56,4.07,2.66,1,0,370,Normal,0,0
1/8/2025 13:16,23,68.15,58.48,46.87,2.59,2.25,1,0,418,Normal,0,0
1/8/2025 13:17,5,80.13,67.67,79.21,3.58,3.61,1,0,28,Normal,0,0
1/8/2025 13:18,25,80.09,56.22,79.49,2.98,3.75,1,0,99,Normal,0,0
1/8/2025 13:19,8,60,48.32,37.51,4.83,1.27,1,0,427,Normal,0,0
1/8/2025 13:20,16,75.45,45.88,46.24,2.91,3.85,1,0,33,Normal,0,0
1/8/2025 13:21,48,73.74,35.89,51.78,3.98,2.41,1,0,135,Normal,0,0
1/8/2025 13:22,45,72.35,37.8,63.53,1.17,2.65,1,0,190,Normal,0,0
1/8/2025 13:23,15,64.13,69.59,43.77,1.29,3.53,0,0,461,Normal,0,0
1/8/2025 13:24,1,68.08,82.65,67.39,3.32,0.7,1,1,27,Normal,1,1
1/8/2025 13:25,22,71.84,52.86,63.23,4.75,4.24,2,0,287,Electrical Fault,0,1
1/8/2025 13:26,3,56.41,58.42,63.29,4.36,1.27,1,0,157,Normal,0,0
1/8/2025 13:27,38,85.55,55.64,38.81,3.45,2.33,1,0,102,Normal,0,0
1/8/2025 13:28,14,74.3,66.4,36.93,4.81,1.61,1,0,365,Normal,0,0
1/8/2025 13:29,36,69.22,31.7,44.82,2.08,2.67,1,0,393,Normal,0,0
1/8/2025 13:30,18,64.84,40.04,56.15,1.85,0.59,1,0,433,Normal,0,0
1/8/2025 13:31,47,77.48,45.97,36.98,4.16,2.19,1,0,38,Normal,0,0
1/8/2025 13:32,41,58.14,24.23,42.39,4.94,2.29,1,0,463,Normal,0,0
1/8/2025 13:33,18,82.24,40.22,79.24,1.03,1.97,1,0,83,Normal,0,0
1/8/2025 13:34,3,83.09,56.56,65.45,3.42,4.98,1,0,396,Normal,0,0
1/8/2025 13:35,10,68.42,38.06,72.53,4.13,2.47,1,0,247,Normal,0,0
1/8/2025 13:36,49,52.32,44.46,63.51,4.38,1.69,2,0,323,Electrical Fault,0,1
1/8/2025 13:37,39,69.01,58.74,39.31,4.35,4.18,1,0,350,Normal,0,0
1/8/2025 13:38,47,71.9,47.5,76.76,3.62,3.76,1,0,318,Normal,0,0
1/8/2025 13:39,1,73.72,34.2,79.21,4.82,3.35,2,0,41,Pressure Drop,0,1
1/8/2025 13:40,27,92.86,25.69,36.38,4.37,3,1,1,44,Normal,1,1
1/8/2025 13:41,27,78.38,77.35,32.8,2.79,0.59,1,0,322,Normal,0,0
1/8/2025 13:42,11,91.99,40.58,31.28,2.97,1.8,0,1,6,Normal,1,1
1/8/2025 13:43,49,82.93,72.83,70.25,2.55,3.8,1,0,283,Normal,0,0
1/8/2025 13:44,5,78.94,61.66,70.27,3.01,1.8,1,0,475,Normal,0,0
1/8/2025 13:45,7,76.27,60.05,78.86,2.36,1.97,1,0,163,Normal,0,0
1/8/2025 13:46,19,55.32,17.13,43.71,4.84,1.75,1,0,283,Normal,0,0
1/8/2025 13:47,29,54.37,43.27,48.44,3.85,3.35,0,0,69,Normal,0,0
1/8/2025 13:48,15,82.55,58.34,42.48,3.55,3.82,0,0,410,Normal,0,0
1/8/2025 13:49,35,74.23,43.09,37.14,3.23,3.24,1,0,106,Normal,0,0
1/8/2025 13:50,47,85.35,52.05,44.85,2.68,0.65,1,0,441,Normal,0,0
1/8/2025 13:51,37,59.34,46.64,30.83,2.44,1.37,1,0,17,Normal,0,1
1/8/2025 13:52,12,78.22,33.47,32.32,3.26,4.38,2,0,193,Overheating,0,1
1/8/2025 13:53,30,79.6,36.22,74.28,1.77,1.97,1,0,322,Normal,0,0
1/8/2025 13:54,20,68.64,56.82,78.04,4.29,1.62,1,0,217,Normal,0,0
1/8/2025 13:55,37,64.35,40.49,72.57,1.09,0.58,1,0,139,Normal,0,0
1/8/2025 13:56,3,64.61,48.53,70.1,1.34,1.03,1,0,127,Normal,0,0
1/8/2025 13:57,9,67.94,54.59,79.2,1.59,1.31,0,0,356,Normal,0,0
1/8/2025 13:58,41,70.05,58.72,49.42,4.33,4.14,1,0,329,Normal,0,0
1/8/2025 13:59,39,68.83,54,79.26,3.57,3.19,1,0,79,Normal,0,0
1/8/2025 14:00,26,78.13,63.23,48.29,1.94,4.18,1,0,224,Normal,0,0
1/8/2025 14:01,2,73.5,32.09,59.7,3.64,3.34,2,0,303,Overheating,0,1
1/8/2025 14:02,23,62.49,75.64,72.38,3.14,4.7,1,0,199,Normal,0,0
1/8/2025 14:03,23,80.48,70.43,44.76,4.17,4.82,1,0,335,Normal,0,0
1/8/2025 14:04,21,63.14,41.48,66.09,4.89,0.56,1,0,203,Normal,0,0
1/8/2025 14:05,16,71.5,51.6,48.26,4,3.46,1,0,440,Normal,0,0
1/8/2025 14:06,9,64.72,49.69,78.91,3.59,4.5,1,0,62,Normal,0,0
1/8/2025 14:07,13,68.09,36.68,41.43,2.87,1.72,1,0,251,Normal,0,0
1/8/2025 14:08,28,69.92,41.58,31.33,1.89,2.86,2,0,139,Electrical Fault,0,1
1/8/2025 14:09,27,70.39,49.09,56.61,2.31,3.98,1,0,318,Normal,0,0
1/8/2025 14:10,17,72.65,41.11,38.38,3.03,3.32,1,0,183,Normal,0,0
1/8/2025 14:11,38,74.58,54.17,45.96,1.36,0.62,1,0,224,Normal,0,0
1/8/2025 14:12,36,85.37,51.55,76.66,4.33,2.38,2,0,139,Vibration Issue,0,1
1/8/2025 14:13,1,64.65,49.1,79.08,1.91,2.27,1,0,22,Normal,0,0
1/8/2025 14:14,18,46.1,38.23,34.53,2.01,2.43,2,0,236,Electrical Fault,0,1
1/8/2025 14:15,9,64.16,76.51,78.17,3.34,4.28,1,0,350,Normal,0,0
1/8/2025 14:16,13,85.79,63.34,52.81,4.02,2.48,1,0,122,Normal,0,0
1/8/2025 14:17,40,81.37,34.99,41.3,1.03,3.1,2,0,218,Vibration Issue,0,1
1/8/2025 14:18,45,66.96,42.01,35.57,1.13,3.44,1,0,34,Normal,0,0
1/8/2025 14:19,15,71.24,54.29,34.68,3.12,4.27,1,0,192,Normal,0,0
1/8/2025 14:20,43,54.9,73.82,62.12,1.87,1.98,1,0,387,Normal,0,0
1/8/2025 14:21,44,66.22,65.31,56.17,1.15,3.59,1,0,156,Normal,0,0
1/8/2025 14:22,46,67,33.49,49.82,4.88,1.87,1,0,299,Normal,0,0
1/8/2025 14:23,4,82.48,63.09,62.45,4.89,1.29,1,0,143,Normal,0,0
1/8/2025 14:24,33,73.18,44.91,36.65,3.83,1.09,2,0,456,Normal,0,1
1/8/2025 14:25,24,64.01,47.53,48.22,3.54,1.15,1,0,46,Normal,0,0
1/8/2025 14:26,36,60.78,34.1,64.17,4.98,3.84,1,0,161,Normal,0,0
1/8/2025 14:27,41,83.31,63.28,72.19,3.78,1.84,1,0,333,Normal,0,0
1/8/2025 14:28,10,73.45,39.88,54.89,2.36,3.38,1,0,255,Normal,0,0
1/8/2025 14:29,36,65.17,33.32,68.66,3.01,1.31,1,0,402,Normal,0,0
1/8/2025 14:30,20,84.66,40.48,42.32,2.7,3.31,1,0,55,Normal,0,0
1/8/2025 14:31,41,82.27,30.29,33.39,2.52,2.85,1,0,289,Normal,0,0
1/8/2025 14:32,45,69.83,54.21,43.83,2.02,4.07,1,0,466,Normal,0,0
1/8/2025 14:33,44,62.78,25.03,73.89,1.55,4.62,1,0,161,Normal,0,0
1/8/2025 14:34,11,89.42,33.11,63.25,1.94,3.06,1,0,491,Normal,0,0
1/8/2025 14:35,12,81.03,32.51,62.65,3.72,4.4,1,0,374,Normal,0,0
1/8/2025 14:36,18,73.41,59.94,57.1,1.65,3.55,1,0,317,Normal,0,0
1/8/2025 14:37,30,62.49,65.89,77.66,4.5,4.47,1,0,450,Normal,0,0
1/8/2025 14:38,44,79.17,26.31,54.36,1.79,4.26,0,0,205,Normal,0,0
1/8/2025 14:39,48,64.46,21.07,36.04,2.88,0.64,1,0,214,Normal,0,0
1/8/2025 14:40,37,81,47.96,45.2,1.46,3.86,1,0,160,Normal,0,0
1/8/2025 14:41,20,79.9,77.34,64.47,4.42,2.35,2,0,373,Pressure Drop,0,1
1/8/2025 14:42,25,67.75,45.85,48.15,4.58,3.58,1,0,300,Normal,0,0
1/8/2025 14:43,12,79.94,69.08,63.26,2.34,1.66,1,0,224,Normal,0,0
1/8/2025 14:44,21,70.01,50.48,30.62,4.28,2.57,2,0,109,Vibration Issue,0,1
1/8/2025 14:45,25,84.9,59.55,66.22,2.93,0.79,1,0,264,Normal,0,0
1/8/2025 14:46,11,69.96,78.03,76.42,3.21,1.18,1,0,216,Normal,0,0
1/8/2025 14:47,9,81.79,42.78,32.82,2.84,1.96,1,0,234,Normal,0,0
1/8/2025 14:48,50,100.78,48.51,36.69,4.93,3.74,1,1,29,Normal,1,1
1/8/2025 14:49,25,66.82,29.21,39.26,1.93,3.7,1,0,95,Normal,0,0
1/8/2025 14:50,35,61.1,60.6,66.47,4.68,2.76,1,0,151,Normal,0,0
1/8/2025 14:51,32,75.52,27.98,76.91,1.49,1.64,1,0,400,Normal,0,0
1/8/2025 14:52,49,79.88,62.35,40.56,4.76,1.19,1,0,287,Normal,0,0
1/8/2025 14:53,14,66.13,55.49,53.15,3.08,1.74,1,0,327,Normal,0,0
1/8/2025 14:54,1,73.83,41.8,35.76,1.65,4.56,1,0,331,Normal,0,0
1/8/2025 14:55,17,66.88,58.3,67.18,2.63,3.82,1,0,429,Normal,0,0
1/8/2025 14:56,25,59.47,75.68,74.23,2.74,0.58,1,0,284,Normal,0,0
1/8/2025 14:57,8,77.34,49.5,38.82,1.94,3.52,1,0,478,Normal,0,0
1/8/2025 14:58,5,74.73,13.45,79.44,1.89,1.09,2,0,282,Pressure Drop,0,1
1/8/2025 14:59,5,64.07,35.72,58.39,2.19,3.54,1,0,478,Normal,0,0
1/8/2025 15:00,41,66.06,46.28,32.52,4.22,3.16,1,0,73,Normal,0,0
1/8/2025 15:01,35,71.03,51.49,78.13,4.81,4.72,1,0,210,Normal,0,0
1/8/2025 15:02,19,73.53,33.79,58.85,2.71,1.34,1,0,482,Normal,0,0
1/8/2025 15:03,23,60.36,48.84,65.59,2.74,3.98,1,0,243,Normal,0,0
1/8/2025 15:04,9,68,43.52,69.69,4.14,3.05,1,0,274,Normal,0,0
1/8/2025 15:05,30,86.05,55.79,75.85,2.03,3.8,1,0,392,Normal,0,0
1/8/2025 15:06,50,80.71,60.22,73.96,4.77,1,1,0,268,Normal,0,0
1/8/2025 15:07,16,71.32,61.86,56.86,4.86,2.34,1,0,397,Normal,0,0
1/8/2025 15:08,33,85.76,70.98,39.75,1.76,4.09,0,0,71,Normal,0,0
1/8/2025 15:09,2,72.83,46.14,55.56,4,4.21,1,0,401,Normal,0,0
1/8/2025 15:10,14,71.07,79.72,50.98,2.3,3.45,1,0,99,Normal,0,0
1/8/2025 15:11,46,77.34,41.62,56.51,2.84,3.88,1,0,118,Normal,0,0
1/8/2025 15:12,1,76.71,48.22,69.22,1.44,2.98,1,0,286,Normal,0,0
1/8/2025 15:13,26,88.43,70.62,64.41,2.08,1.46,1,0,107,Normal,0,0
1/8/2025 15:14,25,64.2,63.53,51.76,1.29,1.39,1,0,488,Normal,0,0
1/8/2025 15:15,16,81.83,43.59,77.87,1.79,4.09,1,0,266,Normal,0,0
1/8/2025 15:16,15,72.22,41.08,53.09,2.1,3.6,1,0,48,Normal,0,0
1/8/2025 15:17,26,61.74,47.25,37.4,2.57,1.8,1,0,163,Normal,0,0
1/8/2025 15:18,47,78.12,37.6,46.8,1.16,3.1,1,0,340,Normal,0,0
1/8/2025 15:19,44,70.5,61.75,45.87,4.95,1.46,2,0,26,Electrical Fault,0,1
1/8/2025 15:20,16,87.79,45.07,37.74,1.13,1.96,1,0,205,Normal,0,0
1/8/2025 15:21,14,66.5,78.84,42.23,1.82,4.13,1,0,211,Normal,0,0
1/8/2025 15:22,29,68.59,73.93,53.09,4.12,4.32,1,0,217,Normal,0,0
1/8/2025 15:23,24,75.98,34.39,47.82,2.02,4.02,1,0,433,Normal,0,0
1/8/2025 15:24,47,57.4,70.5,62.11,2.39,4.27,1,0,262,Normal,0,0
1/8/2025 15:25,15,84.88,49.26,62.46,2.67,0.64,1,0,209,Normal,0,0
1/8/2025 15:26,19,86.09,39.68,43.45,3.06,2.08,1,0,31,Normal,0,0
1/8/2025 15:27,8,81.66,41.28,35.92,2.78,4.66,1,0,320,Normal,0,0
1/8/2025 15:28,34,76.16,29.93,53.64,1.08,1.33,1,0,428,Normal,0,0
1/8/2025 15:29,2,80.99,29.31,66.53,1.13,4.2,1,0,242,Normal,0,0
1/8/2025 15:30,27,77.46,51.45,49.96,3.97,4.81,1,0,261,Normal,0,0
1/8/2025 15:31,10,83.44,80.63,50.28,2.07,4.54,2,1,33,Electrical Fault,1,1
1/8/2025 15:32,35,92.57,22.51,72.19,3.49,1.74,1,1,5,Normal,1,1
1/8/2025 15:33,23,73.79,61.1,61.34,2.14,2.78,1,0,378,Normal,0,0
1/8/2025 15:34,49,72.24,61.27,49.1,1.55,4.51,1,0,52,Normal,0,0
1/8/2025 15:35,8,73.05,59.52,41.72,3.51,1.23,1,0,471,Normal,0,0
1/8/2025 15:36,28,62.95,44.73,75.02,1.76,1.21,0,0,28,Normal,0,0
1/8/2025 15:37,23,75.91,37.33,65.28,2.59,2.65,1,0,183,Normal,0,0
1/8/2025 15:38,4,58.81,61.19,59.04,1.55,1.46,1,0,74,Normal,0,0
1/8/2025 15:39,14,86.96,43.3,65.7,1.47,2.63,1,0,439,Normal,0,0
1/8/2025 15:40,42,87.83,52.88,72.11,2.54,2.55,1,0,230,Normal,0,0
1/8/2025 15:41,29,66.35,53.08,65.31,1.81,0.73,1,0,221,Normal,0,0
1/8/2025 15:42,1,64.24,79.4,72.17,1.9,3.57,0,0,365,Normal,0,0
1/8/2025 15:43,4,83.78,39.8,50.43,2.63,1.03,1,0,283,Normal,0,0
1/8/2025 15:44,32,59.59,50.49,55.72,2.23,2.51,1,0,223,Normal,0,0
1/8/2025 15:45,33,65.83,36.33,49.06,1.62,3.19,1,0,29,Normal,0,0
1/8/2025 15:46,49,64.31,37.08,39.76,3.11,1.45,1,0,93,Normal,0,0
1/8/2025 15:47,26,78.55,63.79,69.14,2.37,1.86,1,0,85,Normal,0,0
1/8/2025 15:48,17,78.7,68.7,44.63,2.06,3.63,0,0,49,Normal,0,0
1/8/2025 15:49,39,76.92,37.6,58.25,3.28,3.81,0,0,224,Normal,0,0
1/8/2025 15:50,23,73.28,42.06,48.36,2.56,3.65,1,0,180,Normal,0,0
1/8/2025 15:51,32,80.87,42.61,38.79,4.45,1.58,0,0,330,Normal,0,0
1/8/2025 15:52,15,74.75,39.79,79.44,1.99,4.37,1,0,401,Normal,0,0
1/8/2025 15:53,13,89.49,30.17,79.7,2.33,0.88,1,0,408,Normal,0,0
1/8/2025 15:54,2,84.17,54.39,55.92,2.25,2.54,1,0,214,Normal,0,0
1/8/2025 15:55,19,66.45,58.52,38.87,4.4,4.68,1,0,116,Normal,0,0
1/8/2025 15:56,24,70.61,52.63,78.83,3.4,1.27,1,0,76,Normal,0,0
1/8/2025 15:57,45,72.12,52.19,68.38,3.66,3.02,0,0,16,Normal,0,1
1/8/2025 15:58,24,64.54,67.89,44.22,1,0.98,1,0,115,Normal,0,0
1/8/2025 15:59,11,85.08,43.47,37.89,4.48,3.59,1,0,226,Normal,0,0
1/8/2025 16:00,22,82.04,68.25,30.78,3.43,4.6,2,0,474,Pressure Drop,0,1
1/8/2025 16:01,15,71.41,52.08,72.87,4.92,1.7,0,0,447,Normal,0,0
1/8/2025 16:02,10,78.8,66.75,33.2,2.33,3.2,1,0,313,Normal,0,0
1/8/2025 16:03,41,69.78,54.16,61.21,1.01,4.89,1,0,56,Normal,0,0
1/8/2025 16:04,27,83.6,49.15,63.1,4.81,0.97,1,0,464,Normal,0,0
1/8/2025 16:05,9,72.51,52.04,32.42,2.58,2.51,2,0,337,Vibration Issue,0,1
1/8/2025 16:06,28,54.34,30.11,57.33,4.58,4.5,1,0,151,Normal,0,0
1/8/2025 16:07,1,61.46,32.64,60.74,1.77,4.47,1,0,225,Normal,0,0
1/8/2025 16:08,17,86.93,66.1,43.05,1.74,2.34,0,0,10,Normal,0,1
1/8/2025 16:09,31,72.52,54.67,42.78,2.55,0.58,1,0,19,Normal,0,1
1/8/2025 16:10,44,77.98,48.59,64.63,2.53,1.56,1,0,23,Normal,0,0
1/8/2025 16:11,10,72.7,45.03,73.24,4.36,1.58,1,0,54,Normal,0,0
1/8/2025 16:12,37,59.97,24.37,79.63,3.55,1.78,1,0,53,Normal,0,0
1/8/2025 16:13,29,63.42,33.07,75.94,2.42,3.23,1,0,475,Normal,0,0
1/8/2025 16:14,18,85.07,49.27,51.15,2.9,1.66,1,0,450,Normal,0,0
1/8/2025 16:15,47,84.63,65.53,75.81,3.69,4.64,0,0,291,Normal,0,0
1/8/2025 16:16,38,60.61,53.92,64.71,1.36,3.45,1,0,297,Normal,0,0
1/8/2025 16:17,39,86.31,49.64,51.49,3.22,0.84,1,0,253,Normal,0,0
1/8/2025 16:18,49,69.34,33.88,47.02,3.3,2.7,1,0,257,Normal,0,0
1/8/2025 16:19,6,76.4,36.11,59.52,3.52,3.01,1,0,349,Normal,0,0
1/8/2025 16:20,40,74.39,40.7,67.02,1.49,1.82,2,0,10,Vibration Issue,0,1
1/8/2025 16:21,12,80.92,65.36,71.2,1.56,4.12,2,0,315,Normal,0,1
1/8/2025 16:22,14,82.82,79.13,47.38,4.26,3.92,2,0,450,Overheating,0,1
1/8/2025 16:23,44,70.76,61.64,32.53,1.91,4.56,1,0,118,Normal,0,0
1/8/2025 16:24,10,85.51,30.04,65.04,2.6,4.32,2,0,246,Vibration Issue,0,1
1/8/2025 16:25,20,88.39,63.67,70.19,4.62,2.44,1,0,475,Normal,0,0
1/8/2025 16:26,15,78.38,66.06,73.51,2.84,3.13,1,0,358,Normal,0,0
1/8/2025 16:27,31,64.3,52.25,32.65,4.55,3.12,1,0,396,Normal,0,0
1/8/2025 16:28,7,79.27,47.31,65.64,2.1,4.35,1,0,23,Normal,0,0
1/8/2025 16:29,41,69.8,41.76,42.21,4.07,1.2,1,0,199,Normal,0,0
1/8/2025 16:30,10,71.34,76.67,56.8,4.83,3.79,1,0,217,Normal,0,0
1/8/2025 16:31,10,65.63,53.39,40.9,1.63,0.92,0,0,186,Normal,0,0
1/8/2025 16:32,48,88.97,61.06,60.54,2.97,0.57,1,0,253,Normal,0,0
1/8/2025 16:33,39,73.93,41.15,31.92,2.31,1.88,1,0,377,Normal,0,0
1/8/2025 16:34,28,88.37,39,79.1,2.36,1.38,0,0,226,Normal,0,0
1/8/2025 16:35,30,82.16,53.94,41.75,1.35,3.89,1,0,213,Normal,0,0
1/8/2025 16:36,37,67.03,69.36,79.69,4.52,2.19,1,0,50,Normal,0,0
1/8/2025 16:37,3,67.23,66.14,68.53,3.34,1.38,2,0,231,Pressure Drop,0,1
1/8/2025 16:38,50,73.24,64.2,41.42,4.03,1.37,1,0,229,Normal,0,0
1/8/2025 16:39,43,74.56,73.62,66.61,4.5,2.71,1,0,202,Normal,0,0
1/8/2025 16:40,15,70.72,41.79,51.42,3.01,3.38,1,0,334,Normal,0,0
1/8/2025 16:41,21,85.88,71.54,73.08,2.43,0.51,1,0,206,Normal,0,0
1/8/2025 16:42,37,75.84,54.35,77.24,3.11,0.61,1,0,499,Normal,0,0
1/8/2025 16:43,12,77.68,46.8,59.04,3.48,1.03,1,0,145,Normal,0,0
1/8/2025 16:44,4,64.22,27.16,72.37,1.82,4.95,1,0,494,Normal,0,0
1/8/2025 16:45,47,57.07,53.47,30.92,4.2,4.15,0,0,486,Normal,0,0
1/8/2025 16:46,9,83.67,67.16,37.46,4.55,0.86,1,0,342,Normal,0,0
1/8/2025 16:47,39,65,47.87,64.69,1.83,1,1,0,190,Normal,0,0
1/8/2025 16:48,42,72.17,55.95,55.45,3.27,0.97,1,0,236,Normal,0,0
1/8/2025 16:49,28,74.13,43.83,47.47,1.31,0.92,1,0,217,Normal,0,0
1/8/2025 16:50,23,76.26,55.82,60.19,4.32,1.46,1,0,303,Normal,0,0
1/8/2025 16:51,45,70.02,41.2,35.21,4.15,4.68,1,0,386,Normal,0,0
1/8/2025 16:52,40,66.67,51.85,41.57,2.72,3.08,0,0,394,Normal,0,0
1/8/2025 16:53,44,69.73,63.89,71.43,1.84,3.98,1,0,417,Normal,0,0
1/8/2025 16:54,22,57.74,53.78,38.45,4.01,4.1,1,0,92,Normal,0,0
1/8/2025 16:55,24,79.08,45,78.2,1.45,4.57,1,0,366,Normal,0,0
1/8/2025 16:56,26,80.18,43.45,30.2,1.88,1.8,1,0,175,Normal,0,0
1/8/2025 16:57,30,79.09,54.13,40.73,2.11,2.55,1,0,157,Normal,0,0
1/8/2025 16:58,33,76.01,35.08,69.87,1.37,2.4,0,0,304,Normal,0,0
1/8/2025 16:59,16,85.74,43.36,75.05,1.26,3.42,1,0,320,Normal,0,0
1/8/2025 17:00,22,86.78,42.67,64.02,4.21,1.93,1,0,315,Normal,0,0
1/8/2025 17:01,49,85.29,49.55,78.38,2.51,3.17,0,0,390,Normal,0,0
1/8/2025 17:02,50,74.32,51.33,36.84,2.79,2.54,1,0,69,Normal,0,0
1/8/2025 17:03,43,73.6,74.93,76.02,2.98,2.26,1,0,303,Normal,0,0
1/8/2025 17:04,18,75.61,47.79,39.76,1.6,2.38,1,0,399,Normal,0,0
1/8/2025 17:05,7,68.34,74.57,58.84,2.23,4.12,1,0,456,Normal,0,0
1/8/2025 17:06,50,76.74,70.27,52.6,2.74,3.21,2,0,186,Vibration Issue,0,1
1/8/2025 17:07,26,75.55,60.86,77.27,1.94,4.6,1,0,223,Normal,0,0
1/8/2025 17:08,8,83.8,36.2,56.17,1.3,1.62,2,0,195,Vibration Issue,0,1
1/8/2025 17:09,6,88.74,62.05,40.59,3.47,2.45,1,0,347,Normal,0,0
1/8/2025 17:10,30,77.64,45.79,75.37,4.31,1.53,2,0,470,Electrical Fault,0,1
1/8/2025 17:11,39,81.71,59.47,48.98,2.56,1.62,1,0,134,Normal,0,0
1/8/2025 17:12,23,74.87,40.54,48.96,4.37,1.12,1,0,492,Normal,0,0
1/8/2025 17:13,32,82.63,46.24,46.39,4.48,2.85,1,0,251,Normal,0,0
1/8/2025 17:14,22,83.47,56.6,58.18,3.61,4.7,1,0,497,Normal,0,0
1/8/2025 17:15,42,89.05,62.91,35.33,1.47,3.22,1,0,296,Normal,0,0
1/8/2025 17:16,43,55.82,65.54,67.22,4.63,3.8,1,0,278,Normal,0,0
1/8/2025 17:17,45,80.73,42.84,43.19,3.96,1.85,1,0,321,Normal,0,0
1/8/2025 17:18,9,72.32,53.07,60.77,1.02,4.15,1,0,347,Normal,0,0
1/8/2025 17:19,31,79.7,66.28,33.61,4.92,3.32,1,0,41,Normal,0,0
1/8/2025 17:20,7,79.96,52.57,30.93,3.5,3.25,1,0,85,Normal,0,0
1/8/2025 17:21,9,67.03,40.56,38.81,3.48,2.49,1,0,227,Normal,0,0
1/8/2025 17:22,13,58.27,58.56,48.27,2.15,3.9,1,0,338,Normal,0,0
1/8/2025 17:23,3,78.29,59.68,61.06,2.59,1.5,2,0,362,Vibration Issue,0,1
1/8/2025 17:24,35,71.04,41.07,33.2,4.36,1.79,1,0,462,Normal,0,0
1/8/2025 17:25,33,81.85,73.94,79.27,1.07,3.4,0,0,69,Normal,0,0
1/8/2025 17:26,21,73.3,39.83,44.08,1.76,0.93,1,0,211,Normal,0,0
1/8/2025 17:27,31,82.33,31.02,71.08,4.37,2.25,1,0,407,Normal,0,0
1/8/2025 17:28,34,78.32,43.94,77.12,2.78,0.86,1,0,193,Normal,0,0
1/8/2025 17:29,32,60.82,59.22,33.9,2.68,3.12,2,0,25,Normal,0,1
1/8/2025 17:30,35,75.09,106.98,64.76,4.38,4.13,1,1,22,Normal,1,1
1/8/2025 17:31,15,75,60.17,36.95,3.72,1.47,1,0,31,Normal,0,0
1/8/2025 17:32,32,71.74,49.27,33.21,3.81,1.17,2,0,243,Overheating,0,1
1/8/2025 17:33,6,80.54,36.09,35.56,1.19,4.47,1,0,351,Normal,0,0
1/8/2025 17:34,45,66.21,62.25,55.95,1.43,1.31,1,0,257,Normal,0,0
1/8/2025 17:35,21,90.41,56.8,76.36,2.6,4.27,1,1,8,Normal,1,1
1/8/2025 17:36,33,61.22,53.68,37.51,2.33,1.98,1,0,162,Normal,0,0
1/8/2025 17:37,32,60.95,37.52,32.11,1.73,3.43,1,0,114,Normal,0,0
1/8/2025 17:38,19,80.87,48.64,69.42,3.24,1.22,1,0,203,Normal,0,0
1/8/2025 17:39,33,96.51,50.84,38.57,1.53,4.26,0,1,30,Normal,1,1
1/8/2025 17:40,28,68.77,53.74,53.01,4.99,1.8,1,0,413,Normal,0,0
1/8/2025 17:41,31,79.58,49.78,54.26,2.04,4.76,1,0,434,Normal,0,0
1/8/2025 17:42,21,85.85,73.71,32.92,1.52,1.84,1,0,137,Normal,0,0
1/8/2025 17:43,34,72.76,39.43,56.3,2.19,3.73,1,0,146,Normal,0,0
1/8/2025 17:44,15,69.77,74.87,52.96,4.08,4.98,1,0,12,Normal,0,1
1/8/2025 17:45,14,87.88,33.98,66.9,2.87,0.67,1,0,409,Normal,0,0
1/8/2025 17:46,19,78.39,37.14,56.5,2.56,3.71,1,0,479,Normal,0,0
1/8/2025 17:47,43,80.52,26.31,60.07,4.55,1.81,0,0,97,Normal,0,0
1/8/2025 17:48,15,62.39,34.24,60.8,4.13,1.22,1,0,403,Normal,0,0
1/8/2025 17:49,6,79.43,17.84,62.41,1.78,2.58,1,0,113,Normal,0,0
1/8/2025 17:50,9,84.57,74.87,65.53,4.16,4.09,1,0,411,Normal,0,0
1/8/2025 17:51,37,79.88,47.64,68.43,4.53,2.47,1,0,413,Normal,0,0
1/8/2025 17:52,20,80.28,37.14,69.38,3.93,2.54,1,0,135,Normal,0,0
1/8/2025 17:53,34,91.21,47.53,68.78,1.24,2.17,1,1,20,Normal,1,1
1/8/2025 17:54,38,80.64,31.94,35.49,2.15,1.49,1,0,452,Normal,0,0
1/8/2025 17:55,26,86.89,63.02,30.96,1.43,4.8,1,0,55,Normal,0,0
1/8/2025 17:56,18,82.96,38.85,76.62,1.83,1.33,1,0,402,Normal,0,0
1/8/2025 17:57,28,69.4,49.86,39.34,3.65,4.89,1,0,360,Normal,0,0
1/8/2025 17:58,9,77.57,63.38,59.77,4.93,4.42,2,0,11,Normal,0,1
1/8/2025 17:59,32,80.79,53.43,41.06,2.05,2.08,1,0,169,Normal,0,0
1/8/2025 18:00,6,52.14,50.93,74.43,1.92,1.08,1,0,442,Normal,0,0
1/8/2025 18:01,14,76.89,31.29,61.07,3.71,2.16,1,0,72,Normal,0,0
1/8/2025 18:02,28,87.1,45.95,40.21,2.97,3.08,1,0,373,Normal,0,0
1/8/2025 18:03,24,65.79,62.16,75.52,1.58,4.68,1,0,34,Normal,0,0
1/8/2025 18:04,13,64.03,65.74,62.19,2.87,3.89,1,0,350,Normal,0,0
1/8/2025 18:05,43,78.42,49.82,56.59,1.38,4.17,1,0,246,Normal,0,0
1/8/2025 18:06,12,63.53,54.63,33.74,2.98,2.12,1,0,23,Normal,0,0
1/8/2025 18:07,19,86.34,51.69,53.18,2.69,1.86,1,0,378,Normal,0,0
1/8/2025 18:08,21,69.85,40.42,37.07,1.49,0.84,1,0,187,Normal,0,0
1/8/2025 18:09,27,81.78,8.99,69.39,2.96,4.68,1,0,136,Normal,0,0
1/8/2025 18:10,19,65.88,44.02,65.89,3.84,1.65,1,0,363,Normal,0,0
1/8/2025 18:11,24,95.19,60.11,76.36,1.54,4.19,1,1,44,Normal,1,1
1/8/2025 18:12,26,97.08,40.36,66.18,2.28,3.07,1,1,9,Normal,1,1
1/8/2025 18:13,45,86.27,23.6,60.13,2.9,1.71,1,0,123,Normal,0,0
1/8/2025 18:14,28,68.17,37.21,65.1,4.38,1.19,2,0,303,Pressure Drop,0,1
1/8/2025 18:15,46,74.3,56.7,40.95,2.61,2.94,1,0,79,Normal,0,0
1/8/2025 18:16,18,55.23,30.42,53.72,1.89,3.68,2,0,79,Normal,0,1
1/8/2025 18:17,44,88.06,56.91,61.83,4.57,3.76,1,0,264,Normal,0,0
1/8/2025 18:18,36,76.18,34.24,33.98,2.88,0.55,1,0,27,Normal,0,0
1/8/2025 18:19,42,74.11,73.02,66.38,4.58,4.55,1,0,267,Normal,0,0
1/8/2025 18:20,29,65.98,35.15,48.55,2.16,1.59,1,0,161,Normal,0,0
1/8/2025 18:21,17,84.86,70.08,46.06,1.1,3.36,0,0,141,Normal,0,0
1/8/2025 18:22,4,80.39,37.48,61.89,4.26,1.21,1,0,271,Normal,0,0
1/8/2025 18:23,44,75.45,25.89,73.59,2.21,4.82,0,0,461,Normal,0,0
1/8/2025 18:24,45,79.3,37.3,44.49,3.27,2.76,1,0,207,Normal,0,0
1/8/2025 18:25,29,94.32,41.89,64.98,5,1.9,1,1,47,Normal,1,1
1/8/2025 18:26,4,65.9,55.95,65.09,3.46,0.62,1,0,405,Normal,0,0
1/8/2025 18:27,10,62.42,65.89,64.16,3.54,3.5,1,0,30,Normal,0,0
1/8/2025 18:28,25,67.19,38.99,69.6,2.3,0.72,0,0,272,Normal,0,0
1/8/2025 18:29,31,87.02,42.88,58.78,3.99,3.62,0,0,282,Normal,0,0
1/8/2025 18:30,3,77.8,60.75,79.89,1.76,4.18,1,0,373,Normal,0,0
1/8/2025 18:31,47,67.29,38.38,55.97,1.66,1.93,1,0,155,Normal,0,0
1/8/2025 18:32,2,80.27,59.52,55.13,3.24,0.93,0,0,214,Normal,0,0
1/8/2025 18:33,25,70.03,39.04,31.13,2.7,1.04,1,0,50,Normal,0,0
1/8/2025 18:34,49,76.74,54.96,69.26,2.63,4.79,1,0,359,Normal,0,0
1/8/2025 18:35,6,79.74,24.8,77.41,3.44,1.21,0,0,351,Normal,0,0
1/8/2025 18:36,26,68.92,61.31,56.78,1.9,2.98,2,0,477,Electrical Fault,0,1
1/8/2025 18:37,8,56.84,41.27,46.3,2.26,1.05,1,0,438,Normal,0,0
1/8/2025 18:38,35,77.42,48.06,47.93,1.3,2.12,1,0,140,Normal,0,0
1/8/2025 18:39,27,73.06,63.95,76.5,1.7,2.29,1,0,367,Normal,0,0
1/8/2025 18:40,25,68.8,39.38,62.44,2.8,2.47,1,0,152,Normal,0,0
1/8/2025 18:41,18,77.47,71.49,75.43,1.14,1.68,2,0,210,Vibration Issue,0,1
1/8/2025 18:42,1,81.23,59.38,62.68,1.14,2.91,1,0,406,Normal,0,0
1/8/2025 18:43,48,53.2,68.27,49.31,3.63,3.77,1,0,419,Normal,0,0
1/8/2025 18:44,39,76.07,63.51,51.65,1.51,2.51,2,0,445,Pressure Drop,0,1
1/8/2025 18:45,3,73.82,48.95,56.46,3.8,2.64,2,0,253,Pressure Drop,0,1
1/8/2025 18:46,4,71.26,64.65,59.44,3.29,4.99,1,0,10,Normal,0,1
1/8/2025 18:47,41,81.52,37.52,60.39,4.79,2.88,0,0,21,Normal,0,0
1/8/2025 18:48,37,56.32,63.41,52.6,2.71,1.77,1,0,183,Normal,0,0
1/8/2025 18:49,15,45.59,59.27,31.93,2.56,3.82,1,0,260,Normal,0,0
1/8/2025 18:50,8,58.86,43.51,60.7,4.28,1.42,1,0,458,Normal,0,0
1/8/2025 18:51,38,82.09,38.07,55.12,2.9,1.88,1,0,222,Normal,0,0
1/8/2025 18:52,50,70.21,45.58,63.64,4.62,3.36,1,0,484,Normal,0,0
1/8/2025 18:53,19,72.54,27.33,66.33,1.62,2.16,1,0,193,Normal,0,0
1/8/2025 18:54,47,92.04,80.74,46.4,2.85,0.81,1,1,4,Normal,1,1
1/8/2025 18:55,26,79.33,72.33,43.34,1.35,3.03,1,0,284,Normal,0,0
1/8/2025 18:56,39,85.19,50.34,37.59,3.49,2.44,2,0,64,Vibration Issue,0,1
1/8/2025 18:57,10,74.33,70.65,56.53,4.52,0.64,1,0,26,Normal,0,0
1/8/2025 18:58,38,53.44,65.13,33.27,4.51,2.46,1,0,195,Normal,0,0
1/8/2025 18:59,14,72.75,55.66,78.73,4.98,0.54,1,0,31,Normal,0,0
1/8/2025 19:00,49,66.7,70.46,35.1,4.45,4.37,1,0,40,Normal,0,0
1/8/2025 19:01,41,66.94,51.12,49.6,3.03,1.89,1,0,204,Normal,0,0
1/8/2025 19:02,19,78.91,36.94,33.27,1.42,2.87,0,0,494,Normal,0,0
1/8/2025 19:03,30,52.86,59.63,76.7,1.35,3.06,1,0,132,Normal,0,0
1/8/2025 19:04,5,68.02,55.41,42.68,2.98,2.83,2,0,205,Vibration Issue,0,1
1/8/2025 19:05,31,70.59,62.31,78.8,3.11,3.36,1,0,319,Normal,0,0
1/8/2025 19:06,7,81.45,63.02,76.49,1.71,1.03,2,0,316,Pressure Drop,0,1
1/8/2025 19:07,19,95.81,28.5,56.39,4.05,3.55,1,1,1,Normal,1,1
1/8/2025 19:08,31,53.96,25.71,78.12,4.71,3.25,1,0,316,Normal,0,0
1/8/2025 19:09,39,75.99,69.19,45.28,2.84,3.55,0,0,429,Normal,0,0
1/8/2025 19:10,24,71.56,23.04,61.12,3.12,3.87,1,0,432,Normal,0,0
1/8/2025 19:11,34,77.48,45.16,40.61,1.81,1.8,1,0,102,Normal,0,0
1/8/2025 19:12,23,101.13,63.38,72.69,4.66,1.11,2,1,14,Electrical Fault,1,1
1/8/2025 19:13,48,60.95,42.61,59.62,4.49,0.99,1,0,346,Normal,0,0
1/8/2025 19:14,45,68.99,44.02,75.76,3.8,2.52,0,0,451,Normal,0,0
1/8/2025 19:15,40,87.75,48.39,60.03,3.7,4.66,1,0,429,Normal,0,0
1/8/2025 19:16,6,79.43,56.51,60.45,2.45,2.44,1,0,102,Normal,0,0
1/8/2025 19:17,38,82.96,50.03,66.72,4.69,1.98,1,0,197,Normal,0,0
1/8/2025 19:18,41,70.69,35.34,32.58,2.14,2.47,1,0,274,Normal,0,0
1/8/2025 19:19,36,84.7,62.47,52.95,3.35,4.43,1,0,140,Normal,0,0
1/8/2025 19:20,27,83.96,38.48,41.06,2.21,1.82,1,0,461,Normal,0,0
1/8/2025 19:21,11,78.54,64.76,76.71,3.82,3.38,1,0,177,Normal,0,0
1/8/2025 19:22,5,94.78,39.12,75.15,2.36,1.61,1,1,30,Normal,1,1
1/8/2025 19:23,17,77.72,73.54,69.11,2.07,1.3,1,0,397,Normal,0,0
1/8/2025 19:24,7,79.25,47.65,75.65,1.98,4.54,1,0,417,Normal,0,0
1/8/2025 19:25,27,70.59,42.17,73.51,4.5,2.86,1,0,86,Normal,0,0
1/8/2025 19:26,47,79.4,59.63,58.58,4.27,2.73,0,0,254,Normal,0,0
1/8/2025 19:27,15,77.91,43.07,77.64,4.5,1.03,1,0,281,Normal,0,0
1/8/2025 19:28,46,81.7,46.12,55.68,2.95,1.9,2,0,346,Vibration Issue,0,1
1/8/2025 19:29,13,78.74,36.08,79.3,1.08,3.47,1,0,456,Normal,0,0
1/8/2025 19:30,11,78.88,39.86,78.08,2.9,2.44,1,0,61,Normal,0,0
1/8/2025 19:31,45,70.82,51.55,76.58,2.92,2.73,1,0,21,Normal,0,0
1/8/2025 19:32,26,81.79,44.44,46.81,3.19,4.05,1,0,439,Normal,0,0
1/8/2025 19:33,22,76.84,20.2,45.9,2.78,4.42,0,0,453,Normal,0,0
1/8/2025 19:34,28,71.75,70.8,52.29,3.31,4.13,0,0,16,Normal,0,1
1/8/2025 19:35,24,67.16,76.19,39.04,1.52,1.27,0,0,210,Normal,0,0
1/8/2025 19:36,29,83.37,56.11,35.88,4.76,2.53,0,0,350,Normal,0,0
1/8/2025 19:37,9,83.32,70.51,64.28,2.69,3.93,1,0,411,Normal,0,0
1/8/2025 19:38,42,73.84,60.69,50.74,2.34,1.5,1,0,151,Normal,0,0
1/8/2025 19:39,4,62.22,33.51,60.56,1.43,3.57,0,0,183,Normal,0,0
1/8/2025 19:40,49,89.93,63.05,44.67,4.34,0.95,1,0,376,Normal,0,0
1/8/2025 19:41,46,88.25,55.37,46.66,2.24,1.39,1,0,26,Normal,0,0
1/8/2025 19:42,18,98.91,51.18,63.85,2.35,4.56,1,1,5,Normal,1,1
1/8/2025 19:43,43,56.24,26.29,43.38,3.73,0.86,1,0,389,Normal,0,0
1/8/2025 19:44,16,72.24,47.75,37.73,1.05,3.64,1,0,151,Normal,0,0
1/8/2025 19:45,33,67.63,40.37,75.99,4.49,4.89,1,0,468,Normal,0,0
1/8/2025 19:46,29,57.14,58.94,66.95,1.48,1.04,2,0,475,Vibration Issue,0,1
1/8/2025 19:47,39,75.58,43.47,37.98,1.15,4.6,1,0,303,Normal,0,0
1/8/2025 19:48,10,77.49,33.82,40.96,4.49,4.99,1,0,266,Normal,0,0
1/8/2025 19:49,9,74.26,44.34,46.44,3.46,1.48,1,0,195,Normal,0,0
1/8/2025 19:50,31,58.82,44.46,54.16,2.4,4.3,1,0,24,Normal,0,0
1/8/2025 19:51,28,81.15,52.57,34.45,3.02,1.75,1,0,368,Normal,0,0
1/8/2025 19:52,3,63.11,34.15,40.47,1.26,2.46,1,0,235,Normal,0,0
1/8/2025 19:53,14,85.45,69.09,30.68,1.62,3.52,1,0,138,Normal,0,0
1/8/2025 19:54,25,84.92,37.05,59.86,2.24,3.48,1,0,204,Normal,0,0
1/8/2025 19:55,15,78.92,29,71.61,2.84,1.37,1,0,41,Normal,0,0
1/8/2025 19:56,2,70.93,51.83,38.95,3.52,4.51,1,0,465,Normal,0,0
1/8/2025 19:57,24,76.43,28.4,74.22,2.29,4.88,1,0,239,Normal,0,0
1/8/2025 19:58,14,68.86,43.82,49.96,2.31,3.05,1,0,292,Normal,0,0
1/8/2025 19:59,48,81.31,51.04,46.02,2.05,1.94,1,0,356,Normal,0,0
1/8/2025 20:00,7,89.13,35.89,41.07,3.19,2.48,1,0,55,Normal,0,0
1/8/2025 20:01,36,87.98,64.08,78.95,1.1,1.36,1,0,244,Normal,0,0
1/8/2025 20:02,50,75.27,48.27,42.49,2.44,1.45,1,0,128,Normal,0,0
1/8/2025 20:03,24,89.11,50.15,48.39,4.06,0.54,1,0,196,Normal,0,0
1/8/2025 20:04,27,78.38,77.66,34.67,2.14,3.96,1,0,126,Normal,0,0
1/8/2025 20:05,37,51.72,57.3,78.47,4.24,2.89,1,0,354,Normal,0,0
1/8/2025 20:06,38,88.01,52.96,32.08,2.51,1.04,1,0,164,Normal,0,0
1/8/2025 20:07,30,76.85,40.55,48.51,2.77,0.67,1,0,379,Normal,0,0
1/8/2025 20:08,27,79.66,35.59,39.96,4.09,0.65,1,0,279,Normal,0,0
1/8/2025 20:09,39,71.03,35.85,45.97,2.24,3.95,1,0,226,Normal,0,0
1/8/2025 20:10,15,88.41,67.14,37.28,1.31,1.68,0,0,219,Normal,0,0
1/8/2025 20:11,26,67.62,33.66,43.82,2.81,0.52,0,0,489,Normal,0,0
1/8/2025 20:12,1,87.5,45.45,46.51,1.89,1.66,1,0,378,Normal,0,0
1/8/2025 20:13,4,65.17,39.27,43.58,1.87,3.44,1,0,428,Normal,0,0
1/8/2025 20:14,29,77.68,30.44,59.98,1.52,4.74,1,0,435,Normal,0,0
1/8/2025 20:15,1,88.81,39.7,50.71,1.6,3.01,1,0,323,Normal,0,0
1/8/2025 20:16,43,89.86,86.35,43.36,4.92,3.62,1,1,3,Normal,1,1
1/8/2025 20:17,50,83.55,26.92,56.49,1.56,4.77,2,0,78,Overheating,0,1
1/8/2025 20:18,46,86.17,46.45,44.65,2.87,0.99,1,0,266,Normal,0,0
1/8/2025 20:19,22,84.26,56.98,62.78,2.37,2.7,1,0,271,Normal,0,0
1/8/2025 20:20,11,70.85,22.93,73.12,1.55,4.04,1,0,204,Normal,0,0
1/8/2025 20:21,10,80.2,61.9,73.8,3.39,3.71,1,0,362,Normal,0,0
1/8/2025 20:22,17,77.86,38.13,37.5,4.03,0.52,1,0,378,Normal,0,0
1/8/2025 20:23,36,85.95,49.8,33.86,1.44,3.16,1,0,274,Normal,0,0
1/8/2025 20:24,47,86.62,1.82,67.46,2.4,1.27,1,0,46,Normal,0,0
1/8/2025 20:25,26,75.57,67.26,76.05,1.43,4.38,1,0,56,Normal,0,0
1/8/2025 20:26,48,74.06,25.19,56.48,3.59,3.32,1,0,124,Normal,0,0
1/8/2025 20:27,21,85.51,59.74,33.6,4.85,2.97,1,0,16,Normal,0,1
1/8/2025 20:28,13,73.19,66.68,64.3,2.68,2.64,1,0,338,Normal,0,0
1/8/2025 20:29,9,86.43,50.18,36.85,1.55,2.46,1,0,456,Normal,0,0
1/8/2025 20:30,11,76.43,38.07,51.4,1.98,2.02,1,0,257,Normal,0,0
1/8/2025 20:31,11,69.55,36.62,64.06,3.07,0.99,1,0,197,Normal,0,0
1/8/2025 20:32,6,71.19,49.17,73.14,1.33,4.24,0,0,486,Normal,0,0
1/8/2025 20:33,1,46.68,52.4,55.87,2.81,1.69,1,0,29,Normal,0,0
1/8/2025 20:34,6,74.39,74.75,46.28,2.08,4.02,1,0,34,Normal,0,0
1/8/2025 20:35,13,81.39,33.85,54.78,2.25,2.07,1,0,182,Normal,0,0
1/8/2025 20:36,22,100.52,8.47,38.12,1.96,0.62,2,1,23,Electrical Fault,1,1
1/8/2025 20:37,31,68.83,41.95,53.33,2.16,4.98,1,0,285,Normal,0,0
1/8/2025 20:38,22,71.59,78.32,60.46,1.39,2.87,1,0,12,Normal,0,1
1/8/2025 20:39,37,68.32,43.93,43.68,3.46,2.32,1,0,31,Normal,0,0
1/8/2025 20:40,47,67.33,47.23,50.71,4.71,2.66,0,0,298,Normal,0,0
1/8/2025 20:41,27,80.81,51.92,76.98,4.59,3.62,1,0,100,Normal,0,0
1/8/2025 20:42,50,71.09,41.2,31.07,4.11,1.18,1,0,176,Normal,0,0
1/8/2025 20:43,14,67.77,46.2,73.12,1.35,1.21,1,0,423,Normal,0,0
1/8/2025 20:44,47,79.04,79.62,71.2,3.29,3.99,1,0,353,Normal,0,0
1/8/2025 20:45,5,80.51,55.42,47.34,3.41,4.45,1,0,428,Normal,0,0
1/8/2025 20:46,36,68.01,51.69,44.9,4.34,0.76,1,0,108,Normal,0,0
1/8/2025 20:47,32,85.9,48.69,65.35,3.47,2.84,1,0,97,Normal,0,0
1/8/2025 20:48,34,91.68,65.75,74.53,3.31,4.43,1,1,39,Normal,1,1
1/8/2025 20:49,7,82.11,56.33,32.51,1.16,3.11,1,0,198,Normal,0,0
1/8/2025 20:50,42,80.41,60.75,56.37,4.1,4.89,1,0,268,Normal,0,0
1/8/2025 20:51,48,52.11,31.55,43.6,4.93,3.88,0,0,85,Normal,0,0
1/8/2025 20:52,10,66.52,41.72,37.01,3.68,3.01,1,0,173,Normal,0,0
1/8/2025 20:53,50,61.19,52.02,53.73,4.55,3.06,0,0,367,Normal,0,0
1/8/2025 20:54,17,84.3,73.04,35.32,2.75,0.97,1,0,123,Normal,0,0
1/8/2025 20:55,30,84.79,66.55,56.53,4.52,2.78,1,0,379,Normal,0,0
1/8/2025 20:56,21,79.44,38.84,31.52,2.19,2.99,1,0,369,Normal,0,0
1/8/2025 20:57,13,72.48,48.72,57.79,1.85,0.56,1,0,282,Normal,0,0
1/8/2025 20:58,1,72.35,53.7,45.37,3.87,2.57,1,0,231,Normal,0,0
1/8/2025 20:59,1,113.57,57.47,71.89,2.1,0.63,1,1,37,Normal,1,1
1/8/2025 21:00,47,82.99,54.29,55.6,4.91,2.79,1,0,496,Normal,0,0
1/8/2025 21:01,33,74.07,39.09,57.2,3.67,2.5,1,0,294,Normal,0,0
1/8/2025 21:02,38,79.9,39.57,66,1.42,4.4,1,0,411,Normal,0,0
1/8/2025 21:03,25,62.19,63.31,39.62,2.04,0.62,1,0,480,Normal,0,0
1/8/2025 21:04,26,80.72,67.64,34.68,2.71,0.54,1,0,110,Normal,0,0
1/8/2025 21:05,13,72.49,36.5,73.55,3.41,1.54,1,0,340,Normal,0,0
1/8/2025 21:06,28,80.05,42.4,76.28,4.54,3.55,1,0,56,Normal,0,0
1/8/2025 21:07,33,65.52,43.81,66.86,3.37,3.68,1,0,57,Normal,0,0
1/8/2025 21:08,37,93.23,41.22,72.86,2.48,1.28,1,1,11,Normal,1,1
1/8/2025 21:09,41,66.15,39.95,62.3,4.3,3.79,1,0,444,Normal,0,0
1/8/2025 21:10,30,71.58,55.66,57.48,3.76,1.08,1,0,175,Normal,0,0
1/8/2025 21:11,49,63.98,57.72,64.64,3.18,3.11,2,0,222,Vibration Issue,0,1
1/8/2025 21:12,48,67.74,32.34,66.93,1.26,1.18,1,0,373,Normal,0,0
1/8/2025 21:13,8,73.62,41.5,39,2.24,1.5,1,0,472,Normal,0,0
1/8/2025 21:14,49,75.5,30.79,71.29,4.87,1.82,1,0,22,Normal,0,0
1/8/2025 21:15,47,72.59,43.1,75.38,3.03,4.37,1,0,482,Normal,0,0
1/8/2025 21:16,1,80.09,57.16,60.55,1.9,0.58,1,0,346,Normal,0,0
1/8/2025 21:17,12,98.53,51.23,47.97,2.05,0.69,1,1,3,Normal,1,1
1/8/2025 21:18,5,73.05,47.34,41.4,1.78,0.57,1,0,225,Normal,0,0
1/8/2025 21:19,24,69.99,67.37,60.06,4.09,2.56,2,0,361,Vibration Issue,0,1
1/8/2025 21:20,6,88.77,53.04,33.32,3.69,0.88,1,0,283,Normal,0,0
1/8/2025 21:21,25,65.52,46.54,75.8,4.36,3.89,1,0,64,Normal,0,0
1/8/2025 21:22,1,91.5,41.11,54.15,1.67,2.95,1,1,13,Normal,1,1
1/8/2025 21:23,25,56.65,42.68,70.92,1.63,3.86,1,0,108,Normal,0,0
1/8/2025 21:24,1,85.01,45.8,76.66,3.18,3.1,2,0,277,Electrical Fault,0,1
1/8/2025 21:25,32,65.53,43.98,39.62,3.54,1.5,1,0,385,Normal,0,0
1/8/2025 21:26,42,65.22,65.56,65.95,1.55,3.38,1,0,217,Normal,0,0
1/8/2025 21:27,42,78.94,47.43,68.32,3.58,4.13,1,0,171,Normal,0,0
1/8/2025 21:28,3,84.14,9.31,76.98,1.08,0.85,2,0,198,Overheating,0,1
1/8/2025 21:29,49,81.94,38.09,49.95,1.08,2.85,1,0,207,Normal,0,0
1/8/2025 21:30,19,68.13,62.25,33.81,1.3,2.91,1,0,149,Normal,0,0
1/8/2025 21:31,43,83.65,17.02,66.48,3.43,2.09,1,0,70,Normal,0,0
1/8/2025 21:32,29,66.67,47.81,38.26,3.82,0.77,1,0,344,Normal,0,0
1/8/2025 21:33,50,72.47,67.03,51.13,4.78,3.99,1,0,91,Normal,0,0
1/8/2025 21:34,2,69.23,35.78,76.97,2.64,1.04,2,0,180,Vibration Issue,0,1
1/8/2025 21:35,9,73.5,8.31,34.52,2.74,1.64,0,0,92,Normal,0,0
1/8/2025 21:36,17,69.58,22.74,56.94,1.34,0.97,2,0,68,Pressure Drop,0,1
1/8/2025 21:37,46,76.79,46.44,32.65,4.57,2.93,1,0,29,Normal,0,0
1/8/2025 21:38,36,61.47,57.81,71.14,4.21,4.71,1,0,475,Normal,0,0
1/8/2025 21:39,17,80.89,62.87,38.93,1.91,4.66,0,0,109,Normal,0,0
1/8/2025 21:40,49,69.97,60.12,32.22,4.06,3.54,1,0,439,Normal,0,0
1/8/2025 21:41,12,64.46,51.97,56.65,4.94,0.87,1,0,384,Normal,0,0
1/8/2025 21:42,20,85.32,49.88,58.34,2.23,4.48,1,0,164,Normal,0,0
1/8/2025 21:43,50,93.61,46.41,62.93,1.92,1.46,1,1,28,Normal,1,1
1/8/2025 21:44,3,80.56,49.66,73.13,3.33,3.07,1,0,390,Normal,0,0
1/8/2025 21:45,43,77.4,45.38,32.86,2.02,3.94,1,0,421,Normal,0,0
1/8/2025 21:46,50,71.11,50.66,62.49,4.03,1.18,1,0,140,Normal,0,0
1/8/2025 21:47,4,61.69,44.77,34.31,2.09,3.96,0,0,396,Normal,0,0
1/8/2025 21:48,17,80.77,42.26,70.04,3.09,2.57,1,0,214,Normal,0,0
1/8/2025 21:49,50,59.36,64.52,47.86,1.74,3.76,1,0,405,Normal,0,0
1/8/2025 21:50,37,79.63,45.92,51.71,2.47,0.51,1,0,336,Normal,0,0
1/8/2025 21:51,46,57.7,44.91,57.22,4.62,3.66,1,0,473,Normal,0,0
1/8/2025 21:52,42,77.03,40.13,76.6,3.84,1.01,1,0,301,Normal,0,0
1/8/2025 21:53,15,87.87,47.24,74.87,1.3,3.32,1,0,95,Normal,0,0
1/8/2025 21:54,33,78.65,53.02,59.68,1.91,1.67,1,0,199,Normal,0,0
1/8/2025 21:55,16,86.07,33.58,46.12,1.44,1.96,1,0,94,Normal,0,0
1/8/2025 21:56,11,89.72,33.86,77.35,2.12,2.34,1,0,391,Normal,0,0
1/8/2025 21:57,20,75.4,56.45,68.72,4.06,3.96,1,0,254,Normal,0,0
1/8/2025 21:58,38,93.54,49.31,71.05,3.22,1.95,1,1,9,Normal,1,1
1/8/2025 21:59,24,72.18,44.89,45.14,1.08,1.4,1,0,280,Normal,0,0
1/8/2025 22:00,16,65.2,53.34,30.55,3.88,3.18,1,0,364,Normal,0,0
1/8/2025 22:01,30,65.11,30.47,65.35,1.49,3.53,2,0,391,Vibration Issue,0,1
1/8/2025 22:02,34,84.53,51.49,45.69,2.69,3.57,2,0,112,Pressure Drop,0,1
1/8/2025 22:03,1,72.56,47.5,78.06,3.16,3.4,1,0,390,Normal,0,0
1/8/2025 22:04,24,70.65,65.52,57.78,3.55,4.15,1,0,242,Normal,0,0
1/8/2025 22:05,24,82.4,50.3,79.85,1.85,4.83,1,0,73,Normal,0,0
1/8/2025 22:06,9,59.4,43.79,32.61,1.6,2.41,1,0,327,Normal,0,0
1/8/2025 22:07,22,101.25,59.07,50.88,4.55,2.8,1,1,45,Normal,1,1
1/8/2025 22:08,12,63.32,50.45,64.45,1.9,1.46,1,0,275,Normal,0,0
1/8/2025 22:09,17,81.15,48.5,41,4.1,3.37,1,0,353,Normal,0,0
1/8/2025 22:10,25,80.43,28.07,43.19,3.39,1.4,1,0,97,Normal,0,0
1/8/2025 22:11,28,73.56,60.89,66.36,1.85,2.67,1,0,285,Normal,0,0
1/8/2025 22:12,15,86.1,18.13,62.03,1.65,1.08,1,0,465,Normal,0,0
1/8/2025 22:13,30,83.23,54.99,31.29,2.38,2.39,1,0,272,Normal,0,0
1/8/2025 22:14,27,73.9,70.74,42.85,1.88,4.63,1,0,317,Normal,0,0
1/8/2025 22:15,22,81.26,54.47,63.92,2.35,2.02,1,0,498,Normal,0,0
1/8/2025 22:16,10,52.97,27.64,40.2,3.3,4.35,1,0,346,Normal,0,0
1/8/2025 22:17,31,70.98,34.8,74.55,2.74,0.68,1,0,227,Normal,0,0
1/8/2025 22:18,27,80.53,84.02,46.99,2.48,3.81,1,1,10,Normal,1,1
1/8/2025 22:19,12,68.39,73.27,46.2,2.3,1.82,1,0,232,Normal,0,0
1/8/2025 22:20,46,74.18,28.45,79.92,3.57,1.75,1,0,472,Normal,0,0
1/8/2025 22:21,31,73.14,40.6,35.67,4.34,2.44,1,0,225,Normal,0,0
1/8/2025 22:22,32,57.91,30.68,54.92,2.11,2.15,1,0,136,Normal,0,0
1/8/2025 22:23,32,84.11,48.15,35.68,3.33,0.67,1,0,29,Normal,0,0
1/8/2025 22:24,41,76.29,74.53,55,3.41,4.03,0,0,481,Normal,0,0
1/8/2025 22:25,45,63.22,85.62,42.35,2.05,4.2,1,1,48,Normal,1,1
1/8/2025 22:26,35,93.48,34.34,50.29,2.27,4.19,1,1,47,Normal,1,1
1/8/2025 22:27,46,76.89,52.93,75.08,2.38,1.14,1,0,78,Normal,0,0
1/8/2025 22:28,21,77.39,40.65,36.88,1.45,3.68,0,0,495,Normal,0,0
1/8/2025 22:29,10,74.04,33.62,56.58,3.5,2.58,1,0,32,Normal,0,0
1/8/2025 22:30,16,94.06,57.88,58.05,3.51,3.1,1,1,40,Normal,1,1
1/8/2025 22:31,7,84.32,15.84,38.5,1.33,2.15,1,0,273,Normal,0,0
1/8/2025 22:32,4,67.98,68.16,79.13,4.89,2.86,1,0,315,Normal,0,0
1/8/2025 22:33,27,54.23,38.78,32.93,1.68,4.08,2,0,24,Overheating,0,1
1/8/2025 22:34,25,81.79,42.08,78.97,2.83,4.69,1,0,175,Normal,0,0
1/8/2025 22:35,31,73.73,54.87,37.99,1.26,2.33,1,0,248,Normal,0,0
1/8/2025 22:36,11,71.44,43.39,65.88,4.09,1.95,1,0,418,Normal,0,0
1/8/2025 22:37,48,73.51,54.63,46.65,4.12,1.64,1,0,123,Normal,0,0
1/8/2025 22:38,20,56.99,31.58,63.7,3.19,2.84,1,0,250,Normal,0,0
1/8/2025 22:39,36,76.37,29.95,32.47,3.27,0.65,1,0,297,Normal,0,0
1/8/2025 22:40,17,72.51,48.68,67.98,3.93,1.09,1,0,180,Normal,0,0
1/8/2025 22:41,45,70.54,73.38,44.84,4.46,1.37,1,0,158,Normal,0,0
1/8/2025 22:42,11,75.66,75.01,50.79,2.44,4.47,1,0,30,Normal,0,0
1/8/2025 22:43,30,90.6,28.12,74.34,2.68,3.62,1,1,43,Normal,1,1
1/8/2025 22:44,35,71.62,45.95,61.65,2.43,2.69,1,0,127,Normal,0,0
1/8/2025 22:45,41,87.52,41.63,76.18,2.22,2.36,2,0,283,Normal,0,1
1/8/2025 22:46,38,76.62,35.03,78.99,1.47,1.57,1,0,143,Normal,0,0
1/8/2025 22:47,22,88.4,36.14,51.65,3.92,1.17,1,0,453,Normal,0,0
1/8/2025 22:48,43,74.4,50.4,34.95,4.42,4.9,1,0,449,Normal,0,0
1/8/2025 22:49,48,66.28,48.07,56,1.23,1.06,1,0,362,Normal,0,0
1/8/2025 22:50,27,96.3,61.46,58.79,4.43,2.15,1,1,44,Normal,1,1
1/8/2025 22:51,37,85.17,41.95,40.29,4.71,1.38,1,0,148,Normal,0,0
1/8/2025 22:52,46,89.32,51.47,54.77,3.84,4.68,2,0,73,Vibration Issue,0,1
1/8/2025 22:53,49,81.03,37.18,61.29,3.89,1.3,1,0,486,Normal,0,0
1/8/2025 22:54,35,75.64,31.23,59.77,4.54,4.7,1,0,93,Normal,0,0
1/8/2025 22:55,4,84.91,47.28,44.95,1.95,0.9,0,0,268,Normal,0,0
1/8/2025 22:56,16,80.88,10.58,62.95,2.17,3.87,1,0,23,Normal,0,0
1/8/2025 22:57,16,69.7,24.96,77.58,3.21,3.09,1,0,231,Normal,0,0
1/8/2025 22:58,21,79.71,29.53,43.94,1.31,4.33,1,0,372,Normal,0,0
1/8/2025 22:59,26,71.58,44.77,71.94,3.08,0.51,1,0,359,Normal,0,0
1/8/2025 23:00,36,62.18,61.07,78.19,2.1,2.51,1,0,370,Normal,0,0
1/8/2025 23:01,19,74.4,26.12,77.96,2.1,4.41,0,0,144,Normal,0,0
1/8/2025 23:02,17,68.96,40.01,43.88,2.26,3.51,1,0,486,Normal,0,0
1/8/2025 23:03,45,96.03,40.12,66.12,1.64,4.44,2,1,49,Overheating,1,1
1/8/2025 23:04,26,64.46,47.42,79.26,3.34,4.86,1,0,193,Normal,0,0
1/8/2025 23:05,22,70.65,17.62,62.46,4.49,2.94,1,0,193,Normal,0,0
1/8/2025 23:06,28,69.3,35.2,46.94,2.57,4.16,0,0,191,Normal,0,0
1/8/2025 23:07,1,82.83,51.2,52.68,1.11,0.51,2,0,175,Vibration Issue,0,1
1/8/2025 23:08,44,77.53,59.49,70.16,4.59,3.5,1,0,236,Normal,0,0
1/8/2025 23:09,36,94.08,10.55,50.42,4.87,4.14,1,1,18,Normal,1,1
1/8/2025 23:10,43,90.09,25.67,55.42,1.61,3.34,1,1,16,Normal,1,1
1/8/2025 23:11,37,76.06,54.05,41.13,3.42,3.85,1,0,397,Normal,0,0
1/8/2025 23:12,2,64.17,45.27,33.04,2.57,1.06,1,0,116,Normal,0,0
1/8/2025 23:13,17,78.75,77.26,37.89,2.69,1.71,1,0,281,Normal,0,0
1/8/2025 23:14,40,77.34,8.8,77.39,3.49,2.22,1,0,85,Normal,0,0
1/8/2025 23:15,38,60.08,76.9,54.3,4.45,3.25,0,0,496,Normal,0,0
1/8/2025 23:16,21,72.99,38.09,70.99,4.75,3.39,1,0,81,Normal,0,0
1/8/2025 23:17,9,77,53.85,74.55,2.87,3.69,1,0,227,Normal,0,0
1/8/2025 23:18,13,75.44,36.43,41.65,2.62,1.23,1,0,469,Normal,0,0
1/8/2025 23:19,11,65.22,37.31,36.67,2.2,2.71,1,0,47,Normal,0,0
1/8/2025 23:20,16,74.88,38.69,55.83,3.5,2.13,1,0,314,Normal,0,0
1/8/2025 23:21,16,73.83,70.3,77.7,3.31,3.37,1,0,402,Normal,0,0
1/8/2025 23:22,2,79.88,52.84,40.49,2.19,0.55,2,0,154,Vibration Issue,0,1
1/8/2025 23:23,42,65.9,39,41.97,2.87,4.89,1,0,107,Normal,0,0
1/8/2025 23:24,44,86.72,69.72,70.57,2.71,3.58,1,0,209,Normal,0,0
1/8/2025 23:25,8,79.97,53.77,70.46,4.69,2.86,1,0,235,Normal,0,0
1/8/2025 23:26,43,61.77,74.51,45.23,3.86,1.59,1,0,99,Normal,0,0
1/8/2025 23:27,42,77.7,37.38,47.99,2.59,3.83,1,0,170,Normal,0,0
1/8/2025 23:28,13,75.42,77.36,63.77,4.33,2.11,2,0,309,Normal,0,1
1/8/2025 23:29,17,74.15,70.24,40.85,4.53,2.65,1,0,396,Normal,0,0
1/8/2025 23:30,39,60.31,50.15,65.97,4.46,4.92,1,0,80,Normal,0,0
1/8/2025 23:31,24,71.82,26.96,57.16,1.39,3.78,1,0,291,Normal,0,0
1/8/2025 23:32,3,68.65,68.58,55.92,2.81,1.69,1,0,222,Normal,0,0
1/8/2025 23:33,30,70.51,61.96,67.15,1.58,1.58,2,0,153,Electrical Fault,0,1
1/8/2025 23:34,13,84.07,52.82,35.65,2.44,2.95,1,0,11,Normal,0,1
1/8/2025 23:35,19,68.28,64.65,38.37,3.3,3.76,1,0,415,Normal,0,0
1/8/2025 23:36,7,96.92,68.88,71.44,3.38,2.89,0,1,19,Normal,1,1
1/8/2025 23:37,9,99.77,49.76,65.35,3.94,3.18,0,1,15,Normal,1,1
1/8/2025 23:38,19,78.6,46.65,79.95,1.19,2.4,1,0,178,Normal,0,0
1/8/2025 23:39,45,62.16,76.96,78.2,4.55,0.5,1,0,448,Normal,0,0
1/8/2025 23:40,40,62.15,48.72,69.27,5,2.08,1,0,406,Normal,0,0
1/8/2025 23:41,22,79.74,47,50.24,4.7,1.87,1,0,295,Normal,0,0
1/8/2025 23:42,18,72.69,43.96,72.46,2.23,2.88,1,0,372,Normal,0,0
1/8/2025 23:43,23,67.74,34.47,77.19,2.5,2.24,1,0,315,Normal,0,0
1/8/2025 23:44,2,75.13,59.5,70.58,3.47,4.04,1,0,121,Normal,0,0
1/8/2025 23:45,50,62.01,60.45,48.81,4.02,3.87,1,0,46,Normal,0,0
1/8/2025 23:46,50,98.83,66.99,59.16,1.2,1.59,1,1,43,Normal,1,1
1/8/2025 23:47,11,80.75,51.2,45.41,3.6,2.44,1,0,300,Normal,0,0
1/8/2025 23:48,31,91.37,47.65,73.05,4.72,2.31,2,1,2,Overheating,1,1
1/8/2025 23:49,33,84.63,49.93,34.69,3.55,4.08,1,0,470,Normal,0,0
1/8/2025 23:50,14,82.62,62.11,77.01,1.09,4.4,1,0,59,Normal,0,0
1/8/2025 23:51,16,66.11,66.92,42.34,1.45,1.9,1,0,104,Normal,0,0
1/8/2025 23:52,11,48.68,29.47,48.17,3.07,4.24,1,0,355,Normal,0,0
1/8/2025 23:53,33,85.42,41.1,50.28,4.69,1.41,1,0,143,Normal,0,0
1/8/2025 23:54,7,75.19,44.64,75.4,4.71,1.66,1,0,190,Normal,0,0
1/8/2025 23:55,31,97.07,54.14,79.3,1.69,3.34,1,1,17,Normal,1,1
1/8/2025 23:56,48,70.71,65.92,38.02,3.43,0.77,1,0,247,Normal,0,0
1/8/2025 23:57,46,75.23,16.63,75.91,2.57,1.14,1,0,84,Normal,0,0
1/8/2025 23:58,47,71.65,41.12,72.64,4.63,3.43,1,0,101,Normal,0,0
1/8/2025 23:59,14,88.35,45.46,65.32,4.36,1.47,0,0,318,Normal,0,0
1/9/2025 0:00,28,50.83,72.9,31.31,2.18,0.91,1,0,159,Normal,0,0
1/9/2025 0:01,43,78.97,13.9,56.44,2.85,1.93,1,0,318,Normal,0,0
1/9/2025 0:02,16,68.48,32.99,66.9,2.79,3.67,1,0,217,Normal,0,0
1/9/2025 0:03,19,75.75,26.17,59.07,3.79,4.35,2,0,55,Pressure Drop,0,1
1/9/2025 0:04,17,90.57,55.86,78.24,4.26,1.33,1,1,27,Normal,1,1
1/9/2025 0:05,26,64.29,63.29,52.56,3.1,3.11,1,0,112,Normal,0,0
1/9/2025 0:06,6,64.11,55.59,34.94,1.64,2.07,1,0,421,Normal,0,0
1/9/2025 0:07,43,93.83,41.83,39.93,4.84,4.58,2,1,43,Normal,1,1
1/9/2025 0:08,49,71.49,56.23,77.9,3.83,0.99,1,0,266,Normal,0,0
1/9/2025 0:09,9,69.69,58.6,33.57,2.55,3.65,1,0,440,Normal,0,0
1/9/2025 0:10,50,69.85,46.93,61.79,3.8,4.43,0,0,384,Normal,0,0
1/9/2025 0:11,17,58.65,64.01,61.5,4.36,2.79,1,0,252,Normal,0,0
1/9/2025 0:12,31,90.59,39.28,54.9,2.68,2.72,1,1,10,Normal,1,1
1/9/2025 0:13,12,89.44,68.93,79.67,1.23,0.57,1,0,60,Normal,0,0
1/9/2025 0:14,23,57.69,43.19,32.34,2.35,1.5,1,0,307,Normal,0,0
1/9/2025 0:15,5,71.59,36.22,72.03,1.13,4.67,1,0,122,Normal,0,0
1/9/2025 0:16,43,59.33,52.78,34.48,2.43,1.19,1,0,154,Normal,0,0
1/9/2025 0:17,36,83.08,27.89,66.9,4.14,2.95,0,0,373,Normal,0,0
1/9/2025 0:18,36,81,46.31,43.62,4.87,3.02,1,0,27,Normal,0,0
1/9/2025 0:19,3,65.06,50.43,76.09,3.3,1.53,1,0,324,Normal,0,0
1/9/2025 0:20,24,70.58,56.22,51.88,3.15,2.95,0,0,295,Normal,0,0
1/9/2025 0:21,17,88.54,61.64,77.64,4.72,3.88,1,0,307,Normal,0,0
1/9/2025 0:22,39,73.61,28.45,38.14,1.77,4.87,1,0,416,Normal,0,0
1/9/2025 0:23,26,68.79,43.71,68.06,2.82,2.85,1,0,139,Normal,0,0
1/9/2025 0:24,4,84.7,31.6,43.94,3.68,2.33,1,0,298,Normal,0,0
1/9/2025 0:25,45,75.79,74.15,60.66,4.78,4.1,1,0,86,Normal,0,0
1/9/2025 0:26,12,87.88,53.07,66.91,2.61,2.36,1,0,448,Normal,0,0
1/9/2025 0:27,1,84.59,27.8,69.86,2.22,2.31,1,0,372,Normal,0,0
1/9/2025 0:28,21,81.53,29.77,58.64,1.11,1.16,1,0,224,Normal,0,0
1/9/2025 0:29,19,66.18,56.27,30.69,2.53,3.98,1,0,124,Normal,0,0
1/9/2025 0:30,21,88.34,60.35,34.95,4.29,2.58,0,0,362,Normal,0,0
1/9/2025 0:31,18,75.08,36.74,43.45,3.72,2.22,1,0,453,Normal,0,0
1/9/2025 0:32,43,75.79,47.6,44.65,3.9,1.07,1,0,66,Normal,0,0
1/9/2025 0:33,3,59.98,55.52,64.15,2.52,3.21,2,0,462,Normal,0,1
1/9/2025 0:34,49,68.23,46.71,34.21,2.71,1.31,0,0,64,Normal,0,0
1/9/2025 0:35,44,65.81,36.47,51.52,3.48,4.86,1,0,251,Normal,0,0
1/9/2025 0:36,32,80.12,35.71,45.59,3.26,2.13,1,0,183,Normal,0,0
1/9/2025 0:37,10,84.05,31.93,70.11,1.33,2.2,1,0,308,Normal,0,0
1/9/2025 0:38,40,72.27,49.26,67.28,1.44,4.6,1,0,173,Normal,0,0
1/9/2025 0:39,15,76.44,62.74,71.89,3.33,1.76,1,0,337,Normal,0,0
1/9/2025 0:40,5,74.34,61.65,46.88,3.15,0.84,2,0,159,Overheating,0,1
1/9/2025 0:41,4,92.67,39.1,79.82,3.75,5,1,1,5,Normal,1,1
1/9/2025 0:42,28,51.76,62.55,64.14,2.97,1.74,0,0,12,Normal,0,1
1/9/2025 0:43,4,64.13,78.21,47.37,3.28,4.51,1,0,211,Normal,0,0
1/9/2025 0:44,15,72.08,49.15,51.97,2.13,1.29,1,0,93,Normal,0,0
1/9/2025 0:45,17,78.18,24.74,61.72,2.36,3.13,1,0,457,Normal,0,0
1/9/2025 0:46,44,70.04,49.27,37.25,4.1,3,0,0,220,Normal,0,0
1/9/2025 0:47,3,58.7,48.73,63.51,3.68,2.02,1,0,407,Normal,0,0
1/9/2025 0:48,10,81.62,38.4,39.19,3.7,1.66,1,0,186,Normal,0,0
1/9/2025 0:49,47,91.92,52.1,70.88,2.78,0.6,1,1,3,Normal,1,1
1/9/2025 0:50,42,59.32,70.44,48.56,4.79,0.78,1,0,192,Normal,0,0
1/9/2025 0:51,23,78.95,67.05,74.2,3.7,4.58,1,0,183,Normal,0,0
1/9/2025 0:52,18,86.32,35.34,59.75,1.91,0.85,1,0,129,Normal,0,0
1/9/2025 0:53,1,79.56,45.59,38.82,1.33,2.26,2,0,69,Pressure Drop,0,1
1/9/2025 0:54,35,85.6,48.64,32.95,3.43,0.95,2,0,415,Normal,0,1
1/9/2025 0:55,31,71.25,46.55,64.65,4.51,0.62,1,0,271,Normal,0,0
1/9/2025 0:56,44,66.18,54.85,49.88,4.37,1.27,1,0,180,Normal,0,0
1/9/2025 0:57,1,88.09,87.79,42.64,4.49,1.06,1,1,18,Normal,1,1
1/9/2025 0:58,3,78.77,25.02,69.71,3.31,0.79,1,0,467,Normal,0,0
1/9/2025 0:59,3,76.93,80.79,65.17,1.05,3.81,1,1,44,Normal,1,1
1/9/2025 1:00,37,77.42,44.04,40.13,2.82,2.55,1,0,324,Normal,0,0
1/9/2025 1:01,19,60.45,43.37,49.3,4.85,3.38,1,0,112,Normal,0,0
1/9/2025 1:02,29,68.54,54.62,55.93,1.48,4.38,1,0,134,Normal,0,0
1/9/2025 1:03,25,76.81,59.26,35.81,4.15,4,1,0,478,Normal,0,0
1/9/2025 1:04,33,92.29,43.89,48.04,1,2.46,1,1,32,Normal,1,1
1/9/2025 1:05,36,64.26,76.4,51.44,2.56,3.55,1,0,46,Normal,0,0
1/9/2025 1:06,29,67.77,53.62,77.96,3.51,0.79,1,0,192,Normal,0,0
1/9/2025 1:07,26,80.86,38.81,58.68,1.24,4.65,1,0,242,Normal,0,0
1/9/2025 1:08,4,50.94,57.02,31.37,3.34,3.28,1,0,111,Normal,0,0
1/9/2025 1:09,49,73.01,72.79,78.27,4.31,1.37,1,0,65,Normal,0,0
1/9/2025 1:10,14,62.75,50.14,61.55,3.59,4.93,1,0,360,Normal,0,0
1/9/2025 1:11,50,96.52,60.18,37.45,2.23,1.34,1,1,2,Normal,1,1
1/9/2025 1:12,27,82.92,63.66,71.54,1.18,3.32,1,0,65,Normal,0,0
1/9/2025 1:13,33,65.75,48.02,77.22,3.87,4.38,1,0,491,Normal,0,0
1/9/2025 1:14,22,75.79,48.2,61.4,4.88,4.95,1,0,393,Normal,0,0
1/9/2025 1:15,48,65.3,46.41,77.53,4.28,3.23,1,0,381,Normal,0,0
1/9/2025 1:16,3,64.61,51.58,56.1,1.57,2.43,2,0,441,Vibration Issue,0,1
1/9/2025 1:17,23,62.16,57.04,32.68,4.53,1.41,1,0,341,Normal,0,0
1/9/2025 1:18,21,67.97,49.79,48.88,4.78,1.6,0,0,214,Normal,0,0
1/9/2025 1:19,41,78.92,68.64,67.93,3.04,2.85,1,0,263,Normal,0,0
1/9/2025 1:20,23,86.95,55.74,69.33,4.37,4.44,1,0,396,Normal,0,0
1/9/2025 1:21,4,64.31,49.82,61.69,4.97,2.33,0,0,164,Normal,0,0
1/9/2025 1:22,21,65.64,46.37,38.42,1.47,0.95,1,0,83,Normal,0,0
1/9/2025 1:23,37,97.54,31.31,39.98,3.05,4.29,2,1,33,Vibration Issue,1,1
1/9/2025 1:24,43,76.34,62.66,41.51,4.56,3.24,1,0,486,Normal,0,0
1/9/2025 1:25,31,71.99,44.03,33.38,3.16,4.48,1,0,228,Normal,0,0
1/9/2025 1:26,21,66.68,45.77,76.25,2.28,3.6,2,0,50,Pressure Drop,0,1
1/9/2025 1:27,26,68.41,39.75,47.86,2.22,4.06,0,0,309,Normal,0,0
1/9/2025 1:28,41,75.48,47.62,38.31,3.38,4.23,1,0,329,Normal,0,0
1/9/2025 1:29,35,86.48,22.83,67.94,3.77,1.73,0,0,454,Normal,0,0
1/9/2025 1:30,38,63.82,50.35,73.95,1.76,2.63,1,0,23,Normal,0,0
1/9/2025 1:31,24,72.57,74.7,49.2,1.36,3.67,2,0,191,Vibration Issue,0,1
1/9/2025 1:32,11,92.87,32.18,34.79,4.82,4.77,1,1,16,Normal,1,1
1/9/2025 1:33,41,59.66,62.01,62.16,2.48,2.92,1,0,472,Normal,0,0
1/9/2025 1:34,29,87.65,63.27,41.09,3.74,4.63,1,0,468,Normal,0,0
1/9/2025 1:35,47,95.98,19.95,53.52,3.15,1.41,1,1,30,Normal,1,1
1/9/2025 1:36,3,75.41,57.22,47.82,2.26,2.51,1,0,121,Normal,0,0
1/9/2025 1:37,1,88.16,58.13,36.36,3.35,4.66,1,0,271,Normal,0,0
1/9/2025 1:38,19,55.84,37.76,38.4,1.89,2.61,1,0,101,Normal,0,0
1/9/2025 1:39,46,72.32,30.45,78.55,3.36,4.86,1,0,202,Normal,0,0
1/9/2025 1:40,49,85.79,50.19,53.78,1.45,3.13,2,0,431,Vibration Issue,0,1
1/9/2025 1:41,22,60.58,71.76,77.94,3.75,1.62,1,0,475,Normal,0,0
1/9/2025 1:42,14,88.08,73.43,46.8,1.39,4.09,2,0,308,Pressure Drop,0,1
1/9/2025 1:43,49,100.24,66.42,59.48,1.65,0.98,1,1,40,Normal,1,1
1/9/2025 1:44,14,67.72,79.49,72.52,3.46,4.38,1,0,158,Normal,0,0
1/9/2025 1:45,44,82.43,48.5,31.91,3.3,3.27,2,0,419,Vibration Issue,0,1
1/9/2025 1:46,16,84.63,48.16,46.65,1.83,2.15,1,0,291,Normal,0,0
1/9/2025 1:47,33,91.05,68.6,66.34,4.62,4.03,1,1,18,Normal,1,1
1/9/2025 1:48,13,63.58,17.43,42.68,2.33,1.51,1,0,150,Normal,0,0
1/9/2025 1:49,38,68.46,48.8,74.74,4.14,4.56,1,0,412,Normal,0,0
1/9/2025 1:50,49,81.46,24.29,53.14,1.14,0.77,1,0,381,Normal,0,0
1/9/2025 1:51,12,75.91,56.87,63.43,1.88,3.76,1,0,105,Normal,0,0
1/9/2025 1:52,38,93.22,71.58,69.09,1.71,4.36,0,1,23,Normal,1,1
1/9/2025 1:53,39,71.94,40.91,51.63,2.78,3.88,1,0,37,Normal,0,0
1/9/2025 1:54,33,70.75,52.83,76.09,3.76,1.14,1,0,366,Normal,0,0
1/9/2025 1:55,33,78.69,23.86,43.19,3.42,3.49,1,0,382,Normal,0,0
1/9/2025 1:56,29,78.46,52.19,53.98,1.52,3.38,1,0,295,Normal,0,0
1/9/2025 1:57,5,73.79,58.12,40.15,3.95,3.41,1,0,19,Normal,0,1
1/9/2025 1:58,6,65.79,42.21,40.98,3.59,4.9,1,0,369,Normal,0,0
1/9/2025 1:59,31,76.42,63.4,54.61,1.67,1.74,1,0,205,Normal,0,0
1/9/2025 2:00,16,79.64,52.84,69.62,3.19,3.1,1,0,30,Normal,0,0
1/9/2025 2:01,31,66.5,65.61,74.87,1.01,0.95,1,0,223,Normal,0,0
1/9/2025 2:02,25,63.63,26.45,37.97,1.96,1.87,1,0,472,Normal,0,0
1/9/2025 2:03,48,78.71,44.99,48.59,2.03,1.27,0,0,318,Normal,0,0
1/9/2025 2:04,46,105.95,42.2,77.73,2.61,3.61,1,1,23,Normal,1,1
1/9/2025 2:05,33,87.66,47.31,35.87,4.65,4.29,2,0,449,Vibration Issue,0,1
1/9/2025 2:06,13,73.14,36.63,70.45,4.67,2.37,1,0,242,Normal,0,0
1/9/2025 2:07,10,72.95,45.79,47.89,3.46,1.77,1,0,167,Normal,0,0
1/9/2025 2:08,24,76.74,36.6,42.03,4.61,0.56,1,0,358,Normal,0,0
1/9/2025 2:09,10,69.22,57.28,45.94,2.81,3.42,0,0,153,Normal,0,0
1/9/2025 2:10,41,79.14,34.66,63.1,3.45,0.7,1,0,60,Normal,0,0
1/9/2025 2:11,31,60.4,44.95,66.39,3.7,3.01,1,0,303,Normal,0,0
1/9/2025 2:12,13,70.56,36.38,41.37,3.72,2.18,1,0,323,Normal,0,0
1/9/2025 2:13,3,88.73,47.31,59.26,3.34,2.25,1,0,435,Normal,0,0
1/9/2025 2:14,50,82.29,42.81,33,2.21,4.85,1,0,386,Normal,0,0
1/9/2025 2:15,34,82.05,45.68,75.96,1.76,4.29,1,0,309,Normal,0,0
1/9/2025 2:16,49,86.41,18.36,57.04,2.49,1.62,1,0,482,Normal,0,0
1/9/2025 2:17,28,71.81,48.91,79.53,1.35,3.24,1,0,433,Normal,0,0
1/9/2025 2:18,19,61.17,44.59,36.89,1.18,0.56,1,0,276,Normal,0,0
1/9/2025 2:19,23,77.17,26.73,52.66,4.65,0.83,0,0,26,Normal,0,0
1/9/2025 2:20,45,79.79,44.95,56.45,1.3,4.13,1,0,73,Normal,0,0
1/9/2025 2:21,32,92.47,21.02,50.75,4.56,1.05,1,1,11,Normal,1,1
1/9/2025 2:22,13,68.16,69.93,62.45,2.11,4.38,1,0,325,Normal,0,0
1/9/2025 2:23,33,72.54,41.29,53.06,1.19,3.59,1,0,42,Normal,0,0
1/9/2025 2:24,34,86.9,39.2,60.12,2.43,4.99,1,0,316,Normal,0,0
1/9/2025 2:25,33,84.03,50.88,77.38,1.93,3.91,1,0,432,Normal,0,0
1/9/2025 2:26,5,60.44,48.74,54.49,3.33,2.53,1,0,48,Normal,0,0
1/9/2025 2:27,3,86.71,52.71,72.85,1.38,3.3,1,0,296,Normal,0,0
1/9/2025 2:28,7,92.54,31.89,47.48,4.7,4.66,1,1,25,Normal,1,1
1/9/2025 2:29,24,70.02,56.17,42.44,2.64,3.44,1,0,228,Normal,0,0
1/9/2025 2:30,22,86.68,37.6,37.13,1.56,1.3,0,0,326,Normal,0,0
1/9/2025 2:31,45,81.84,51.25,61.19,4.61,2.14,1,0,460,Normal,0,0
1/9/2025 2:32,23,66.66,41.43,31.1,3.19,4.57,1,0,378,Normal,0,0
1/9/2025 2:33,30,62.19,19.55,36.38,1.11,3.47,1,0,137,Normal,0,0
1/9/2025 2:34,18,79.22,55.16,70.21,1.32,4.91,1,0,19,Normal,0,1
1/9/2025 2:35,32,86.24,72.23,69.9,3.68,1.8,1,0,391,Normal,0,0
1/9/2025 2:36,7,71.62,73.62,30.55,2.73,4.92,0,0,411,Normal,0,0
1/9/2025 2:37,33,63.35,39.91,77.73,3.01,4.76,1,0,319,Normal,0,0
1/9/2025 2:38,5,53.47,21.99,53.67,4.48,4.08,1,0,390,Normal,0,0
1/9/2025 2:39,49,76.4,48.31,45.09,4.21,4.55,0,0,354,Normal,0,0
1/9/2025 2:40,28,67.61,71,59.85,2.17,4.41,1,0,56,Normal,0,0
1/9/2025 2:41,8,66.81,74.52,41.06,1.91,2.13,1,0,33,Normal,0,0
1/9/2025 2:42,15,92.13,30.87,35.5,1.23,4.46,1,1,23,Normal,1,1
1/9/2025 2:43,4,82.76,33.83,73.94,2.72,1.37,1,0,42,Normal,0,0
1/9/2025 2:44,34,81.95,19.85,35.87,2.04,3.05,1,0,103,Normal,0,0
1/9/2025 2:45,5,74.51,51.54,46.79,2.39,3.12,1,0,358,Normal,0,0
1/9/2025 2:46,33,80.39,32.08,65.71,4.26,2.93,1,0,147,Normal,0,0
1/9/2025 2:47,5,78.15,39.55,76.72,2.76,4.6,0,0,165,Normal,0,0
1/9/2025 2:48,38,71.6,39.34,34.54,3.69,1.84,2,0,338,Vibration Issue,0,1
1/9/2025 2:49,34,74.83,28.65,64.53,3.91,1.13,1,0,431,Normal,0,0
1/9/2025 2:50,26,87.33,27.23,63.06,2.61,1.75,1,0,35,Normal,0,0
1/9/2025 2:51,1,78.57,68.35,43.25,3.32,4.97,1,0,125,Normal,0,0
1/9/2025 2:52,4,99.08,76.13,73.93,2.72,1.36,1,1,5,Normal,1,1
1/9/2025 2:53,39,87.96,61.17,51.1,2.12,4.92,0,0,107,Normal,0,0
1/9/2025 2:54,26,74.38,47.95,42.5,3.94,0.81,1,0,451,Normal,0,0
1/9/2025 2:55,33,77.21,58.54,56,3.86,2.55,1,0,322,Normal,0,0
1/9/2025 2:56,33,75.24,66.42,41.24,4.34,1.17,1,0,91,Normal,0,0
1/9/2025 2:57,8,89.2,59.6,63.81,4.96,2.56,1,0,192,Normal,0,0
1/9/2025 2:58,20,63.42,56.8,40.01,1.38,1.48,1,0,95,Normal,0,0
1/9/2025 2:59,16,73.81,68.89,72.67,3.46,0.57,1,0,419,Normal,0,0
1/9/2025 3:00,21,82.16,64.68,65.61,2.83,1.78,1,0,474,Normal,0,0
1/9/2025 3:01,45,80.5,41.2,79.74,1.48,1.76,1,0,234,Normal,0,0
1/9/2025 3:02,26,90.07,57.13,35.56,3.86,4.02,1,1,13,Normal,1,1
1/9/2025 3:03,23,71.05,72.3,38.97,2.57,4.64,2,0,117,Pressure Drop,0,1
1/9/2025 3:04,18,59.47,56.36,44.85,3.98,2.57,1,0,163,Normal,0,0
1/9/2025 3:05,31,80.2,48.54,44.72,3.06,2.41,1,0,325,Normal,0,0
1/9/2025 3:06,42,77.2,65.59,57.7,1.1,1.94,1,0,92,Normal,0,0
1/9/2025 3:07,12,79.73,81.05,76.4,1.45,4.83,1,1,43,Normal,1,1
1/9/2025 3:08,1,71.33,47.02,33.68,3.39,3.03,2,0,125,Overheating,0,1
1/9/2025 3:09,42,81.36,66.62,78.91,3.8,4.99,0,0,288,Normal,0,0
1/9/2025 3:10,9,72.75,44.89,36.46,2.77,1.43,1,0,206,Normal,0,0
1/9/2025 3:11,3,81.93,66.7,43.46,1.94,1.11,1,0,248,Normal,0,0
1/9/2025 3:12,26,73.73,46.52,48.53,3.43,2.02,1,0,428,Normal,0,0
1/9/2025 3:13,9,90.95,34.53,55.89,4.49,2.58,1,1,37,Normal,1,1
1/9/2025 3:14,42,57.4,51,76.43,4.08,3.09,1,0,149,Normal,0,0
1/9/2025 3:15,16,57.35,55.86,57.31,3.18,4.31,1,0,57,Normal,0,0
1/9/2025 3:16,24,81.66,56.11,79.69,1.24,1.52,1,0,65,Normal,0,0
1/9/2025 3:17,50,60.35,75.78,78.42,3.6,3.94,0,0,131,Normal,0,0
1/9/2025 3:18,14,76.72,59.98,67.59,3.01,3.49,1,0,433,Normal,0,0
1/9/2025 3:19,3,70.21,22.25,42.31,2.33,4.61,1,0,249,Normal,0,0
1/9/2025 3:20,34,88.5,62.65,33.95,4.07,1.16,1,0,489,Normal,0,0
1/9/2025 3:21,33,75.59,79.82,58.92,1.73,1.4,1,0,335,Normal,0,0
1/9/2025 3:22,50,69.85,80.66,33.68,2.76,3.69,1,1,14,Normal,1,1
1/9/2025 3:23,24,91.86,79.17,40.79,3.82,1.58,1,1,34,Normal,1,1
1/9/2025 3:24,9,81.46,22.59,57.89,1.92,4.8,1,0,35,Normal,0,0
1/9/2025 3:25,13,63.82,40.68,70.36,2.95,3.22,1,0,259,Normal,0,0
1/9/2025 3:26,2,55.84,53.58,61.66,2.36,4.16,1,0,31,Normal,0,0
1/9/2025 3:27,7,88.25,62.11,78.34,4.83,2.53,1,0,449,Normal,0,0
1/9/2025 3:28,48,78.35,80.86,60.95,4.63,3.87,0,1,48,Normal,1,1
1/9/2025 3:29,21,83.65,71.56,33.16,4.91,3.18,1,0,233,Normal,0,0
1/9/2025 3:30,19,86.76,51,34.77,4.67,4.99,1,0,14,Normal,0,1
1/9/2025 3:31,25,81.01,61.96,59.77,4.21,2.69,1,0,300,Normal,0,0
1/9/2025 3:32,47,78.08,78.84,47.95,3.73,4.72,1,0,345,Normal,0,0
1/9/2025 3:33,22,73.89,61.17,54.23,4.56,4.66,1,0,287,Normal,0,0
1/9/2025 3:34,11,79.34,46.5,41.94,3.66,0.62,1,0,465,Normal,0,0
1/9/2025 3:35,33,71.75,60.3,55.01,2.96,3.13,1,0,244,Normal,0,0
1/9/2025 3:36,32,88.38,81.08,75.63,2.86,2.06,1,1,42,Normal,1,1
1/9/2025 3:37,21,82.07,49.47,68.33,3.92,4.74,1,0,97,Normal,0,0
1/9/2025 3:38,39,89.85,70.65,31.14,4.77,2.46,1,0,234,Normal,0,0
1/9/2025 3:39,20,78.36,40.05,52,2.26,2.98,1,0,177,Normal,0,0
1/9/2025 3:40,8,75.84,36.23,52.41,1.71,1.77,0,0,80,Normal,0,0
1/9/2025 3:41,42,74.16,46.13,64.87,2.77,2.79,2,0,460,Overheating,0,1
1/9/2025 3:42,37,92.11,84.75,68.3,4.27,4.87,1,1,45,Normal,1,1
1/9/2025 3:43,9,63.2,40.26,33.56,1.4,4.58,1,0,86,Normal,0,0
1/9/2025 3:44,25,56.57,71.43,33.34,4.4,2.91,1,0,233,Normal,0,0
1/9/2025 3:45,25,73.09,62.45,47.26,1.08,2.48,1,0,455,Normal,0,0
1/9/2025 3:46,33,73.98,51.51,65.86,4.86,4.44,1,0,497,Normal,0,0
1/9/2025 3:47,2,86.1,12.67,40.15,4.34,3.53,1,0,378,Normal,0,0
1/9/2025 3:48,19,88.95,60.59,61.98,4.45,3.45,0,0,286,Normal,0,0
1/9/2025 3:49,46,73.8,51.34,36.89,4.89,2.8,1,0,354,Normal,0,0
1/9/2025 3:50,20,70.92,40.3,44.01,3.65,2.47,1,0,313,Normal,0,0
1/9/2025 3:51,42,51.03,63.83,78.65,2.75,0.57,1,0,420,Normal,0,0
1/9/2025 3:52,41,98.71,39.01,31.31,4.67,4.04,1,1,34,Normal,1,1
1/9/2025 3:53,42,81.33,48.76,56.61,1.08,3.97,0,0,150,Normal,0,0
1/9/2025 3:54,29,88.38,60.36,34.86,3.25,1.07,1,0,435,Normal,0,0
1/9/2025 3:55,6,86.1,65.28,71.75,1.26,4.63,2,0,299,Electrical Fault,0,1
1/9/2025 3:56,17,57.15,68.93,47.18,4.73,3.33,1,0,20,Normal,0,0
1/9/2025 3:57,25,70.12,58.57,79.74,1.43,3.93,1,0,360,Normal,0,0
1/9/2025 3:58,38,75.04,38.65,78.66,1.85,1.77,1,0,418,Normal,0,0
1/9/2025 3:59,4,73.38,37.19,74.16,3.49,4.82,1,0,341,Normal,0,0
1/9/2025 4:00,30,83.48,28.8,51.47,1.92,1.16,1,0,52,Normal,0,0
1/9/2025 4:01,20,61.61,36.97,35.09,4.18,1.02,0,0,171,Normal,0,0
1/9/2025 4:02,3,70.84,40.35,63.3,1.52,0.98,1,0,214,Normal,0,0
1/9/2025 4:03,23,75.02,46.74,47.18,1.38,0.61,1,0,430,Normal,0,0
1/9/2025 4:04,18,65.62,57.56,34.81,2.71,2.9,1,0,187,Normal,0,0
1/9/2025 4:05,26,84.52,46.9,41.14,3.4,2.89,1,0,38,Normal,0,0
1/9/2025 4:06,36,77.93,51.16,33.26,2.69,0.53,1,0,309,Normal,0,0
1/9/2025 4:07,8,87.18,31.71,64.74,4.49,2.46,2,0,473,Overheating,0,1
1/9/2025 4:08,17,95.34,49.94,73.99,1.38,0.85,1,1,16,Normal,1,1
1/9/2025 4:09,31,73.25,66.71,40.18,1.19,2.09,1,0,296,Normal,0,0
1/9/2025 4:10,37,83.52,65.59,67.24,1.54,3.11,1,0,368,Normal,0,0
1/9/2025 4:11,45,56.03,33.85,61.13,4.76,1.05,0,0,437,Normal,0,0
1/9/2025 4:12,33,60.38,50.24,73.61,4.59,1.78,1,0,292,Normal,0,0
1/9/2025 4:13,27,78.22,46.92,66.23,4.32,1.24,1,0,376,Normal,0,0
1/9/2025 4:14,45,71.89,34.66,35.27,1.6,2.99,1,0,69,Normal,0,0
1/9/2025 4:15,4,91.13,44.9,76.09,2.87,4,1,1,49,Normal,1,1
1/9/2025 4:16,22,81.21,56.07,63.73,4.37,3.23,1,0,478,Normal,0,0
1/9/2025 4:17,26,60.69,40.24,58.74,1.74,4.8,1,0,36,Normal,0,0
1/9/2025 4:18,32,78.08,64.9,61.58,4.33,3.72,1,0,488,Normal,0,0
1/9/2025 4:19,24,70.48,60.21,31.33,1.91,0.97,1,0,498,Normal,0,0
1/9/2025 4:20,46,88.38,51.32,73.82,3.9,3.19,2,0,56,Vibration Issue,0,1
1/9/2025 4:21,35,72.95,49.07,76.24,4.75,3.65,1,0,37,Normal,0,0
1/9/2025 4:22,37,71.77,64.66,59.39,1.04,3.99,1,0,93,Normal,0,0
1/9/2025 4:23,32,65.06,10.95,31.92,2.13,4.07,2,0,52,Normal,0,1
1/9/2025 4:24,7,63.52,59.99,43.89,2.41,3.64,2,0,118,Normal,0,1
1/9/2025 4:25,33,67.12,53.85,64.21,4.5,2.58,1,0,370,Normal,0,0
1/9/2025 4:26,31,84.7,52.64,61.6,2.43,3.32,1,0,146,Normal,0,0
1/9/2025 4:27,12,92.03,38.83,71.11,4.33,4.46,1,1,29,Normal,1,1
1/9/2025 4:28,11,91.26,64.73,48.58,2.46,0.72,0,1,39,Normal,1,1
1/9/2025 4:29,24,79.73,40.77,79.32,3.08,2.33,2,0,432,Vibration Issue,0,1
1/9/2025 4:30,8,67.22,63.85,76.58,4.35,0.99,1,0,380,Normal,0,0
1/9/2025 4:31,32,62.71,54.18,46.95,1,4.87,1,0,312,Normal,0,0
1/9/2025 4:32,38,77.36,69.05,58.27,2.14,1.41,1,0,124,Normal,0,0
1/9/2025 4:33,22,64.97,63.27,45.27,1.65,3.82,2,0,220,Normal,0,1
1/9/2025 4:34,34,95.25,61.72,31.79,4.81,3.98,1,1,7,Normal,1,1
1/9/2025 4:35,19,82.7,26.25,67.89,1.62,4.05,2,0,106,Vibration Issue,0,1
1/9/2025 4:36,20,75.09,38.64,46.67,1.13,2.58,1,0,190,Normal,0,0
1/9/2025 4:37,14,77.44,30.19,37.55,2.46,3.74,1,0,447,Normal,0,0
1/9/2025 4:38,33,75.02,40.62,39.98,3.96,3.41,1,0,400,Normal,0,0
1/9/2025 4:39,10,85.95,55.42,59.17,3.1,1.25,1,0,62,Normal,0,0
1/9/2025 4:40,16,78.37,43.67,38.81,4.21,1.88,1,0,288,Normal,0,0
1/9/2025 4:41,4,68.59,56.85,35.54,3.64,4.55,1,0,258,Normal,0,0
1/9/2025 4:42,27,78.46,35.53,78.88,1.26,3.58,1,0,97,Normal,0,0
1/9/2025 4:43,28,72.74,53.4,33.7,4.42,2.63,1,0,108,Normal,0,0
1/9/2025 4:44,43,71.06,32.05,31.57,3.41,4.57,1,0,436,Normal,0,0
1/9/2025 4:45,16,71.72,39.14,64.54,4.73,1.78,0,0,76,Normal,0,0
1/9/2025 4:46,33,73.43,64.49,79.63,1.58,2.68,1,0,394,Normal,0,0
1/9/2025 4:47,48,46.08,75.96,61.48,4.84,1.36,1,0,308,Normal,0,0
1/9/2025 4:48,19,80.56,61.18,75.05,3.76,4.63,1,0,391,Normal,0,0
1/9/2025 4:49,21,81.75,43.39,47.58,2.65,3.73,1,0,203,Normal,0,0
1/9/2025 4:50,22,64.54,51.06,67.18,4.54,0.7,1,0,146,Normal,0,0
1/9/2025 4:51,9,59.38,57.18,63.61,1.97,4.73,1,0,461,Normal,0,0
1/9/2025 4:52,9,89.51,52.04,73.14,2.06,3.2,1,0,19,Normal,0,1
1/9/2025 4:53,9,96.56,45.62,44.73,1.23,0.79,1,1,34,Normal,1,1
1/9/2025 4:54,27,74.14,41.58,30.29,4.4,0.63,1,0,66,Normal,0,0
1/9/2025 4:55,17,86.28,37.65,71.83,2.54,3.03,1,0,345,Normal,0,0
1/9/2025 4:56,44,73.45,29.63,49.54,1.21,2.22,2,0,242,Normal,0,1
1/9/2025 4:57,45,77.06,30.47,37.33,2.25,3.73,1,0,486,Normal,0,0
1/9/2025 4:58,8,70.98,72.84,43.11,4.07,1.12,0,0,334,Normal,0,0
1/9/2025 4:59,16,82.55,35.33,39.77,2.84,4.61,1,0,41,Normal,0,0
1/9/2025 5:00,18,78.19,43.31,34.3,4.42,4.2,1,0,164,Normal,0,0
1/9/2025 5:01,33,89.1,36.92,79.34,2.72,2.8,1,0,81,Normal,0,0
1/9/2025 5:02,1,71.72,44.11,53.55,2.53,3.02,2,0,226,Vibration Issue,0,1
1/9/2025 5:03,12,79.58,52.25,33.62,4.17,0.83,1,0,414,Normal,0,0
1/9/2025 5:04,6,83.05,75.15,36.23,1.9,2.65,0,0,246,Normal,0,0
1/9/2025 5:05,41,79.65,72.92,79.13,2.71,1.75,0,0,163,Normal,0,0
1/9/2025 5:06,5,78.49,38.29,56.49,3.96,4.22,1,0,321,Normal,0,0
1/9/2025 5:07,16,89.61,54.79,61.65,2.49,1.44,1,0,397,Normal,0,0
1/9/2025 5:08,18,64.68,55.91,53.48,2.37,3.91,1,0,328,Normal,0,0
1/9/2025 5:09,49,80.96,49.08,45.77,2.67,3.83,1,0,417,Normal,0,0
1/9/2025 5:10,18,67.94,41.53,44.46,2.61,0.79,1,0,408,Normal,0,0
1/9/2025 5:11,1,66.4,62.11,54.03,4.35,3.93,1,0,51,Normal,0,0
1/9/2025 5:12,19,71.29,51.24,46.83,3.56,4.08,1,0,310,Normal,0,0
1/9/2025 5:13,8,78.66,67.94,31.46,2.02,3.97,2,0,394,Electrical Fault,0,1
1/9/2025 5:14,3,79.78,55.24,65.81,2.64,4.89,1,0,94,Normal,0,0
1/9/2025 5:15,25,72.71,56.02,46.41,1.19,4.45,1,0,417,Normal,0,0
1/9/2025 5:16,5,83.19,56.88,48.04,3.15,4,0,0,216,Normal,0,0
1/9/2025 5:17,40,83.97,73.88,74.54,4.24,2.92,1,0,128,Normal,0,0
1/9/2025 5:18,19,93.32,53.92,33.63,1.08,3.73,1,1,4,Normal,1,1
1/9/2025 5:19,18,70.94,37.31,76.31,3.95,3.63,1,0,460,Normal,0,0
1/9/2025 5:20,50,67.53,48.59,69.23,2.49,3.52,1,0,68,Normal,0,0
1/9/2025 5:21,31,76.15,65.42,57.16,1.16,1.02,1,0,171,Normal,0,0
1/9/2025 5:22,33,61.14,56.71,60.78,1.56,4.63,1,0,108,Normal,0,0
1/9/2025 5:23,47,97.2,79.92,59.52,1.49,4.01,1,1,47,Normal,1,1
1/9/2025 5:24,18,71.8,75.2,62.68,1.8,4.04,0,0,273,Normal,0,0
1/9/2025 5:25,39,67.06,75,51.41,1.46,4.38,1,0,403,Normal,0,0
1/9/2025 5:26,16,75.75,78.97,66.88,1.9,3.2,1,0,343,Normal,0,0
1/9/2025 5:27,16,75.98,55.74,62.82,2.22,3.72,2,0,349,Electrical Fault,0,1
1/9/2025 5:28,47,77.41,40.81,60.44,3.16,1.24,1,0,428,Normal,0,0
1/9/2025 5:29,38,79.6,69.69,76.29,3.25,1.65,1,0,397,Normal,0,0
1/9/2025 5:30,41,65.37,44.71,51.74,3.26,0.83,1,0,144,Normal,0,0
1/9/2025 5:31,7,78.54,31.71,79.11,2.57,3.83,2,0,308,Electrical Fault,0,1
1/9/2025 5:32,14,72.18,62.82,34,4.18,1.48,2,0,473,Electrical Fault,0,1
1/9/2025 5:33,43,70.63,60.31,79.08,4.9,1.63,1,0,358,Normal,0,0
1/9/2025 5:34,48,84.19,33.43,34.49,4.97,0.73,1,0,377,Normal,0,0
1/9/2025 5:35,25,59.05,55.48,39.94,1.04,4.27,1,0,270,Normal,0,0
1/9/2025 5:36,32,82.26,52.58,41.11,3.79,1.19,1,0,335,Normal,0,0
1/9/2025 5:37,38,92.9,53.69,68.28,4.07,3.85,1,1,36,Normal,1,1
1/9/2025 5:38,22,78.94,60.2,57.52,1.31,3.26,0,0,388,Normal,0,0
1/9/2025 5:39,16,95.15,71.04,34.51,2.21,2.59,1,1,42,Normal,1,1
1/9/2025 5:40,29,82.37,61.42,78.86,4,0.89,2,0,490,Vibration Issue,0,1
1/9/2025 5:41,16,72.22,38.25,79.22,4.97,1,0,0,129,Normal,0,0
1/9/2025 5:42,12,67.13,44.27,39.28,4.15,1.1,1,0,206,Normal,0,0
1/9/2025 5:43,17,73.78,54.45,35.85,4.97,3.78,2,0,116,Electrical Fault,0,1
1/9/2025 5:44,37,76.39,34.25,62.18,3.55,3.49,1,0,158,Normal,0,0
1/9/2025 5:45,27,72.14,42.81,48.34,1.98,4.85,1,0,14,Normal,0,1
1/9/2025 5:46,25,82.57,46.97,48.47,1.34,2.92,2,0,404,Pressure Drop,0,1
1/9/2025 5:47,13,61.76,42.26,54.86,2.12,0.62,1,0,466,Normal,0,0
1/9/2025 5:48,8,64.05,37.94,71.79,3.01,3.18,1,0,147,Normal,0,0
1/9/2025 5:49,5,77.16,23.87,57.65,2.19,1.38,1,0,108,Normal,0,0
1/9/2025 5:50,12,68.64,40.55,38.44,2.73,1.97,1,0,117,Normal,0,0
1/9/2025 5:51,41,73.33,50.58,30.39,1.95,1.24,1,0,88,Normal,0,0
1/9/2025 5:52,3,62.35,73.67,62.12,3.3,3.98,1,0,199,Normal,0,0
1/9/2025 5:53,35,71.88,54.36,39.83,4.89,0.78,1,0,47,Normal,0,0
1/9/2025 5:54,33,72.13,43.1,71.77,2.87,4.55,1,0,315,Normal,0,0
1/9/2025 5:55,22,68.68,52.18,39.45,1.8,2.49,1,0,25,Normal,0,0
1/9/2025 5:56,50,78.89,33.03,74.35,2.99,0.89,1,0,177,Normal,0,0
1/9/2025 5:57,44,64.44,60.57,70.51,3.81,4.88,1,0,284,Normal,0,0
1/9/2025 5:58,9,89.29,63.06,72.85,4.94,1.93,0,0,203,Normal,0,0
1/9/2025 5:59,41,77.85,63.11,62.9,2.54,2.5,1,0,335,Normal,0,0
1/9/2025 6:00,18,68.45,36.06,34.61,3.53,4.88,1,0,97,Normal,0,0
1/9/2025 6:01,50,44.85,47.8,48.44,3.02,4.84,1,0,398,Normal,0,0
1/9/2025 6:02,29,94.68,41.68,37.79,3.62,2.45,2,1,6,Vibration Issue,1,1
1/9/2025 6:03,39,80.41,46.45,44.65,4.23,1.13,1,0,433,Normal,0,0
1/9/2025 6:04,27,85.99,45.52,48.55,1.77,2.44,1,0,278,Normal,0,0
1/9/2025 6:05,36,81.54,53.71,34.89,1.5,4.04,1,0,77,Normal,0,0
1/9/2025 6:06,45,84.03,57.42,71.25,2.12,2.69,1,0,94,Normal,0,0
1/9/2025 6:07,17,77.76,36.96,48.66,4.05,2.16,1,0,295,Normal,0,0
1/9/2025 6:08,34,78.88,30.62,49.5,4.88,4.54,0,0,102,Normal,0,0
1/9/2025 6:09,46,76.89,47.08,58.92,4.82,3.18,2,0,473,Pressure Drop,0,1
1/9/2025 6:10,3,83.37,54.05,72.89,3.49,4.76,1,0,377,Normal,0,0
1/9/2025 6:11,5,83.79,25.26,44.51,2.03,2.88,1,0,164,Normal,0,0
1/9/2025 6:12,14,78.9,54.71,58.16,1.73,3.78,1,0,27,Normal,0,0
1/9/2025 6:13,3,84.03,16.07,66.08,1.59,4.21,1,0,308,Normal,0,0
1/9/2025 6:14,23,84.71,70.89,66.39,2.96,3.62,1,0,475,Normal,0,0
1/9/2025 6:15,39,69.31,49.14,73.85,3.3,4.2,1,0,320,Normal,0,0
1/9/2025 6:16,30,68.95,39.44,69.38,2.68,1,1,0,113,Normal,0,0
1/9/2025 6:17,50,83.52,39.55,33.96,1.04,3.66,2,0,39,Vibration Issue,0,1
1/9/2025 6:18,45,68.21,36.69,50.97,4.17,2.42,1,0,377,Normal,0,0
1/9/2025 6:19,23,79.34,44.11,38.33,2.16,1.05,1,0,179,Normal,0,0
1/9/2025 6:20,27,65.51,51.25,43.56,1.72,0.5,1,0,339,Normal,0,0
1/9/2025 6:21,10,72.75,44.9,47.37,4.85,1.14,1,0,56,Normal,0,0
1/9/2025 6:22,25,49.09,50.74,31.07,1.67,0.8,1,0,417,Normal,0,0
1/9/2025 6:23,13,69.09,44.32,42.85,3.97,4.92,1,0,449,Normal,0,0
1/9/2025 6:24,16,76.59,55.17,66.63,3.67,4.16,1,0,67,Normal,0,0
1/9/2025 6:25,41,67.43,68.01,48.11,3.13,4.93,1,0,329,Normal,0,0
1/9/2025 6:26,34,57.95,36.53,77.09,1.54,2.51,1,0,27,Normal,0,0
1/9/2025 6:27,37,67.17,66.67,37.86,3.86,4.75,1,0,273,Normal,0,0
1/9/2025 6:28,22,71.94,52.51,37.13,1.77,1.06,1,0,180,Normal,0,0
1/9/2025 6:29,17,80.06,63.18,78.01,2.06,1.51,0,0,450,Normal,0,0
1/9/2025 6:30,23,74.54,57.82,64.07,3.27,4.28,1,0,166,Normal,0,0
1/9/2025 6:31,36,65.58,78.25,41.06,1.14,2.08,2,0,300,Vibration Issue,0,1
1/9/2025 6:32,49,85.84,46.93,30.31,1.84,0.62,1,0,428,Normal,0,0
1/9/2025 6:33,9,92.35,60.71,66.5,2.78,3.64,1,1,35,Normal,1,1
1/9/2025 6:34,2,67.6,53.44,30.05,4.59,3.25,0,0,330,Normal,0,0
1/9/2025 6:35,32,93.01,63.14,54.22,1.15,0.92,1,1,42,Normal,1,1
1/9/2025 6:36,50,72.36,56.75,61.84,2.2,4.88,1,0,322,Normal,0,0
1/9/2025 6:37,22,79.66,60.81,69,1.89,4.05,2,0,35,Pressure Drop,0,1
1/9/2025 6:38,43,88.11,36.14,71.77,2.77,2.09,1,0,479,Normal,0,0
1/9/2025 6:39,13,87.51,47.91,45.01,2.69,4.81,1,0,76,Normal,0,0
1/9/2025 6:40,8,71.87,57.58,47.56,1.1,2.86,1,0,323,Normal,0,0
1/9/2025 6:41,1,87.65,48.12,50.89,1.13,1.96,1,0,491,Normal,0,0
1/9/2025 6:42,17,80.35,50.21,65.79,4.48,1.22,1,0,77,Normal,0,0
1/9/2025 6:43,12,73.64,30.26,48.52,4.42,2.23,0,0,249,Normal,0,0
1/9/2025 6:44,4,67.88,55.77,78.79,2.48,4.71,2,0,276,Overheating,0,1
1/9/2025 6:45,13,73.09,51.39,30.99,2.27,0.65,0,0,214,Normal,0,0
1/9/2025 6:46,31,82.42,31.85,74.51,4.17,3.42,1,0,198,Normal,0,0
1/9/2025 6:47,41,71.18,49.85,52.69,1.1,3.25,0,0,216,Normal,0,0
1/9/2025 6:48,7,77.75,55.31,41.42,1.69,0.58,1,0,171,Normal,0,0
1/9/2025 6:49,23,69.87,46.17,43.66,2.88,4.34,2,0,331,Pressure Drop,0,1
1/9/2025 6:50,24,84.03,52.95,32.17,2.23,2.27,1,0,140,Normal,0,0
1/9/2025 6:51,5,66.41,28.55,34.08,1.33,1.53,1,0,414,Normal,0,0
1/9/2025 6:52,5,97.61,77.5,73.77,2.84,3.54,1,1,40,Normal,1,1
1/9/2025 6:53,17,77.41,42.16,41.14,3.87,3.79,1,0,423,Normal,0,0
1/9/2025 6:54,30,68.38,90.18,57.4,2.21,4.48,1,1,29,Normal,1,1
1/9/2025 6:55,9,69.88,42.38,61.26,1.6,0.86,1,0,435,Normal,0,0
1/9/2025 6:56,6,64.82,30.01,69.17,4.61,0.52,1,0,374,Normal,0,0
1/9/2025 6:57,25,85.37,53.06,73.33,1.77,4.43,1,0,153,Normal,0,0
1/9/2025 6:58,19,78.24,43.27,64.46,3.76,3.85,1,0,59,Normal,0,0
1/9/2025 6:59,16,78.27,30.5,35.68,3.1,3.75,1,0,32,Normal,0,0
1/9/2025 7:00,21,79.23,41.54,54.27,3.69,0.55,1,0,71,Normal,0,0
1/9/2025 7:01,2,67.84,34.93,75.72,4.14,0.87,0,0,239,Normal,0,0
1/9/2025 7:02,10,72.1,38.83,36.19,1.29,1.2,0,0,393,Normal,0,0
1/9/2025 7:03,16,56.62,60.09,73.81,1.16,4.88,0,0,322,Normal,0,0
1/9/2025 7:04,37,94.48,64.54,57.23,3.59,2.25,2,1,22,Overheating,1,1
1/9/2025 7:05,15,61.42,34.86,64.93,2.27,1.58,1,0,293,Normal,0,0
1/9/2025 7:06,13,69.1,52.28,50.98,1.64,0.9,2,0,202,Vibration Issue,0,1
1/9/2025 7:07,13,72.89,34.72,50.28,3.27,4.77,1,0,254,Normal,0,0
1/9/2025 7:08,32,77.4,56.92,79.69,1.1,4.51,1,0,415,Normal,0,0
1/9/2025 7:09,45,75.9,59.08,55.93,4.81,4.52,1,0,367,Normal,0,0
1/9/2025 7:10,47,79.74,60.21,45.66,4.73,4.03,1,0,129,Normal,0,0
1/9/2025 7:11,46,95.08,44.66,62.23,1.86,2.21,0,1,14,Normal,1,1
1/9/2025 7:12,8,79.02,62.42,58.06,1.77,2.64,1,0,61,Normal,0,0
1/9/2025 7:13,43,64.21,48.98,44.66,4.1,2.43,1,0,376,Normal,0,0
1/9/2025 7:14,18,90.48,67.34,59.27,4.66,3.36,1,1,36,Normal,1,1
1/9/2025 7:15,36,89.48,28.13,49.53,4.56,0.87,2,0,150,Normal,0,1
1/9/2025 7:16,26,78.2,35.63,55.97,2.34,2.18,1,0,147,Normal,0,0
1/9/2025 7:17,10,80.8,59.47,60.8,3.78,1.59,0,0,383,Normal,0,0
1/9/2025 7:18,31,68.15,14.7,61.42,4.92,0.66,1,0,485,Normal,0,0
1/9/2025 7:19,33,85.4,16.45,51.99,4.65,3,1,0,301,Normal,0,0
1/9/2025 7:20,29,66.45,79.41,36.66,1.25,1.07,1,0,244,Normal,0,0
1/9/2025 7:21,5,68.31,57.76,75.03,4.06,3.98,1,0,361,Normal,0,0
1/9/2025 7:22,13,82.16,48.56,31.15,2.25,4.58,1,0,231,Normal,0,0
1/9/2025 7:23,1,85.04,49.87,41.89,2.9,3.48,1,0,71,Normal,0,0
1/9/2025 7:24,23,65.97,70.51,51.5,4.22,3.94,1,0,288,Normal,0,0
1/9/2025 7:25,40,71.03,36,36.05,4.57,0.62,1,0,320,Normal,0,0
1/9/2025 7:26,3,71.45,51.15,70.67,4.04,0.5,1,0,357,Normal,0,0
1/9/2025 7:27,3,85.62,71.41,56.24,1.53,4.42,1,0,321,Normal,0,0
1/9/2025 7:28,7,71.38,63.42,58.33,3.13,4.3,1,0,478,Normal,0,0
1/9/2025 7:29,36,71.84,22.72,79,1.46,2.88,1,0,281,Normal,0,0
1/9/2025 7:30,35,88.39,33.96,31.47,1.5,1.79,1,0,420,Normal,0,0
1/9/2025 7:31,15,60.79,83.51,47.75,3.4,1.98,2,1,44,Pressure Drop,1,1
1/9/2025 7:32,40,68.86,67.14,67.67,2.55,2.48,1,0,183,Normal,0,0
1/9/2025 7:33,3,49.94,53.96,53.81,3.3,0.7,1,0,36,Normal,0,0
1/9/2025 7:34,29,52.3,57.93,42.66,4.99,3.67,1,0,115,Normal,0,0
1/9/2025 7:35,30,68.86,39.79,70.07,1.73,1.43,2,0,267,Electrical Fault,0,1
1/9/2025 7:36,39,57.65,49.67,67.16,4.84,1.81,1,0,87,Normal,0,0
1/9/2025 7:37,18,62.64,41.17,79.29,4.21,4.66,1,0,139,Normal,0,0
1/9/2025 7:38,11,54.42,46.89,67.43,1.93,4.03,1,0,312,Normal,0,0
1/9/2025 7:39,43,71.77,79.85,62.86,4.99,4.79,1,0,274,Normal,0,0
1/9/2025 7:40,49,81.67,54.99,67.55,2.25,2.02,0,0,32,Normal,0,0
1/9/2025 7:41,38,74.44,54.11,61.49,1.29,4.81,2,0,245,Normal,0,1
1/9/2025 7:42,40,84.3,44.76,32.75,1.77,0.66,2,0,258,Normal,0,1
1/9/2025 7:43,1,61.9,64.46,45.7,4.33,2.25,1,0,313,Normal,0,0
1/9/2025 7:44,29,92.46,49.71,77.62,1.31,1.54,2,1,20,Vibration Issue,1,1
1/9/2025 7:45,10,74.02,37.26,56.15,4.67,3.47,0,0,492,Normal,0,0
1/9/2025 7:46,28,62.65,34.36,55.72,1.23,4,1,0,12,Normal,0,1
1/9/2025 7:47,31,73.99,44.68,77.39,1,4.84,0,0,365,Normal,0,0
1/9/2025 7:48,19,78.76,57.45,79.07,1.75,4.46,1,0,159,Normal,0,0
1/9/2025 7:49,3,82.97,25.76,68.37,3.81,1.12,0,0,347,Normal,0,0
1/9/2025 7:50,36,87.75,78.08,73,5,2.22,0,0,250,Normal,0,0
1/9/2025 7:51,43,76,40,71.72,3.06,3.15,1,0,470,Normal,0,0
1/9/2025 7:52,15,74.34,44.88,67.18,2.11,0.91,1,0,110,Normal,0,0
1/9/2025 7:53,33,78.46,56.43,54.28,4.79,4.21,1,0,83,Normal,0,0
1/9/2025 7:54,41,87.65,35.1,39.82,3.9,3.56,1,0,118,Normal,0,0
1/9/2025 7:55,43,67.67,57.36,79.05,3.6,3.52,1,0,380,Normal,0,0
1/9/2025 7:56,45,66.51,44.52,67.7,3,3.37,0,0,325,Normal,0,0
1/9/2025 7:57,26,74.07,41.53,61.11,4.45,2.91,1,0,497,Normal,0,0
1/9/2025 7:58,16,86.18,51.2,51.03,1.51,3.57,1,0,368,Normal,0,0
1/9/2025 7:59,36,69.73,37.21,59.05,2.41,3.07,0,0,244,Normal,0,0
1/9/2025 8:00,33,82.38,42.37,55.17,2.49,2.43,1,0,41,Normal,0,0
1/9/2025 8:01,20,79.2,59.5,40.87,4.45,1.39,1,0,206,Normal,0,0
1/9/2025 8:02,13,70.67,51.31,62.8,4.88,2.96,2,0,310,Overheating,0,1
1/9/2025 8:03,33,69.03,58.08,52.69,3.61,2.83,1,0,265,Normal,0,0
1/9/2025 8:04,5,78.45,67.93,31.68,2.19,1.56,1,0,39,Normal,0,0
1/9/2025 8:05,37,63.33,55.38,31.08,1.97,4.04,1,0,376,Normal,0,0
1/9/2025 8:06,14,88.54,72.45,38.83,2.35,1.57,2,0,31,Vibration Issue,0,1
1/9/2025 8:07,27,90.14,74.88,79.76,2.37,2.33,1,1,29,Normal,1,1
1/9/2025 8:08,23,73.37,71.02,36.21,4.57,1.36,1,0,162,Normal,0,0
1/9/2025 8:09,14,94.48,27.58,61.4,3.88,3.67,1,1,5,Normal,1,1
1/9/2025 8:10,40,77.43,61.8,63.95,2.71,4.66,1,0,319,Normal,0,0
1/9/2025 8:11,4,69.97,52.29,75.91,4.12,2.89,1,0,44,Normal,0,0
1/9/2025 8:12,39,71.17,38.96,53.86,3.87,3.39,1,0,428,Normal,0,0
1/9/2025 8:13,19,73.02,51.91,62.79,4.79,2.21,1,0,310,Normal,0,0
1/9/2025 8:14,47,69.68,63.47,56.93,2.57,4.84,1,0,235,Normal,0,0
1/9/2025 8:15,4,66.74,20.86,35.74,4.85,2.32,1,0,435,Normal,0,0
1/9/2025 8:16,30,85.9,26.9,36.33,2.41,4.07,1,0,149,Normal,0,0
1/9/2025 8:17,19,72.96,40.78,41.72,4.42,2.57,1,0,217,Normal,0,0
1/9/2025 8:18,31,56.19,66.02,72.35,2.5,2.69,1,0,487,Normal,0,0
1/9/2025 8:19,31,99.5,52.11,66.97,3.46,3.7,1,1,35,Normal,1,1
1/9/2025 8:20,9,81.52,51.83,45.5,2,0.8,1,0,276,Normal,0,0
1/9/2025 8:21,13,56.28,43.01,53.02,3.18,0.92,1,0,366,Normal,0,0
1/9/2025 8:22,14,60.47,27.67,56.1,1.16,1.43,1,0,353,Normal,0,0
1/9/2025 8:23,46,58.36,47.26,68.93,3.95,1.16,1,0,380,Normal,0,0
1/9/2025 8:24,10,76.07,57.39,57.36,1.8,2.32,1,0,161,Normal,0,0
1/9/2025 8:25,48,79.48,34.66,39.07,1.01,1.03,1,0,306,Normal,0,0
1/9/2025 8:26,31,77.52,62.09,36.8,3.25,4.48,1,0,126,Normal,0,0
1/9/2025 8:27,37,70.01,55.81,71.9,4.92,4.76,1,0,43,Normal,0,0
1/9/2025 8:28,23,68.97,47.23,37.22,4.26,4.78,1,0,122,Normal,0,0
1/9/2025 8:29,27,76.67,69.24,43.88,1.59,4.16,1,0,148,Normal,0,0
1/9/2025 8:30,6,68.77,50.91,31.67,3.82,0.69,1,0,491,Normal,0,0
1/9/2025 8:31,26,75.43,41.91,54.78,1.7,1.31,1,0,494,Normal,0,0
1/9/2025 8:32,2,82.81,59.95,75.69,3.57,1.95,1,0,319,Normal,0,0
1/9/2025 8:33,45,68.67,54.92,46.77,3.04,4.68,1,0,37,Normal,0,0
1/9/2025 8:34,13,88.79,39.93,44.8,3.66,4.79,1,0,90,Normal,0,0
1/9/2025 8:35,50,61.41,42.28,64.5,4.06,3.85,1,0,239,Normal,0,0
1/9/2025 8:36,19,70.51,64.39,72.86,3.32,1.45,1,0,222,Normal,0,0
1/9/2025 8:37,1,75.04,41.21,58,3.29,4.03,1,0,445,Normal,0,0
1/9/2025 8:38,40,61.62,36.47,34.05,1.22,4,1,0,236,Normal,0,0
1/9/2025 8:39,32,76.59,53.21,78.07,2.59,2.66,1,0,94,Normal,0,0
1/9/2025 8:40,22,79.18,67.59,75.29,2.17,2.43,1,0,441,Normal,0,0
1/9/2025 8:41,48,62.33,50.11,37.22,3.4,1.59,0,0,237,Normal,0,0
1/9/2025 8:42,29,68.01,70.75,36.71,1.58,2.32,1,0,458,Normal,0,0
1/9/2025 8:43,2,68.32,56.25,72.29,4.84,1.27,2,0,235,Normal,0,1
1/9/2025 8:44,40,59.38,41.16,78.13,3.81,3.38,2,0,157,Pressure Drop,0,1
1/9/2025 8:45,38,77.42,62.42,72.12,4.21,5,1,0,385,Normal,0,0
1/9/2025 8:46,48,72.84,83.11,43.89,2.8,0.85,0,1,16,Normal,1,1
1/9/2025 8:47,11,65.81,36.13,48.26,3.21,3.49,1,0,131,Normal,0,0
1/9/2025 8:48,17,72.07,46.5,30.51,1.75,1.11,1,0,250,Normal,0,0
1/9/2025 8:49,43,74.71,79.03,67.91,3.25,2.41,1,0,450,Normal,0,0
1/9/2025 8:50,8,52.52,50.61,62.84,2.11,4.12,1,0,447,Normal,0,0
1/9/2025 8:51,22,74.42,57.83,37.31,1.01,2.81,0,0,325,Normal,0,0
1/9/2025 8:52,4,67.21,79.51,46.21,1.69,4.4,1,0,302,Normal,0,0
1/9/2025 8:53,11,57.66,46.09,72.39,3.39,4.98,1,0,41,Normal,0,0
1/9/2025 8:54,8,81.82,59.89,43.88,2.27,3.82,2,0,249,Electrical Fault,0,1
1/9/2025 8:55,9,67.11,49.75,72.19,2.94,2.07,1,0,169,Normal,0,0
1/9/2025 8:56,26,91.57,47.58,46.19,2.93,2.81,1,1,13,Normal,1,1
1/9/2025 8:57,2,75.55,39.89,48.53,3.87,0.56,1,0,30,Normal,0,0
1/9/2025 8:58,16,75.14,67.16,37.16,4.35,0.72,1,0,13,Normal,0,1
1/9/2025 8:59,31,80.27,43.62,42.19,2.72,2.57,1,0,174,Normal,0,0
1/9/2025 9:00,6,92.87,57.15,31.32,4.93,2.74,1,1,17,Normal,1,1
1/9/2025 9:01,21,69.02,45.56,50.84,1.26,4.04,0,0,299,Normal,0,0
1/9/2025 9:02,26,86.98,33.22,40.46,3.86,2.91,2,0,239,Pressure Drop,0,1
1/9/2025 9:03,19,71.13,46.91,62.66,3.75,3.69,1,0,217,Normal,0,0
1/9/2025 9:04,28,71.79,75.49,74.81,3.62,4.23,0,0,162,Normal,0,0
1/9/2025 9:05,8,73.79,42.7,51.65,3.25,2.59,1,0,257,Normal,0,0
1/9/2025 9:06,14,72.9,46.3,79.93,4.61,2.35,2,0,334,Pressure Drop,0,1
1/9/2025 9:07,24,71.91,40.56,79.1,1.26,1.92,0,0,483,Normal,0,0
1/9/2025 9:08,48,60.24,52.83,75.76,2.55,2.64,0,0,328,Normal,0,0
1/9/2025 9:09,44,74.29,58.14,41.62,1.76,4.91,1,0,289,Normal,0,0
1/9/2025 9:10,37,71.71,47.09,54.81,4.63,2.79,1,0,267,Normal,0,0
1/9/2025 9:11,26,85.81,38.34,40.42,4.15,2.13,2,0,131,Electrical Fault,0,1
1/9/2025 9:12,31,74.25,49.76,42.29,4.73,2.29,2,0,277,Electrical Fault,0,1
1/9/2025 9:13,32,57.27,51.36,63.97,4.04,1.59,2,0,336,Vibration Issue,0,1
1/9/2025 9:14,50,70.9,27.38,56.67,1.21,1.75,1,0,261,Normal,0,0
1/9/2025 9:15,41,80.47,52.07,46.94,3.86,2.13,2,0,131,Electrical Fault,0,1
1/9/2025 9:16,2,59.75,64.53,30.99,3.95,4.41,1,0,147,Normal,0,0
1/9/2025 9:17,25,54.16,35.05,67.72,2.63,3.63,1,0,253,Normal,0,0
1/9/2025 9:18,44,79.98,47.55,64.26,4.11,3.6,1,0,292,Normal,0,0
1/9/2025 9:19,2,84.42,53.22,63.81,2.81,2.72,1,0,463,Normal,0,0
1/9/2025 9:20,42,82.03,35.99,33.35,3.91,2.48,1,0,479,Normal,0,0
1/9/2025 9:21,1,85.2,31.16,46.85,1.69,2.54,1,0,179,Normal,0,0
1/9/2025 9:22,36,64.8,42.13,55.1,2.37,1.65,1,0,487,Normal,0,0
1/9/2025 9:23,12,77.57,41.54,62.18,2.96,4,1,0,332,Normal,0,0
1/9/2025 9:24,9,78.67,60.96,74.5,4.52,2.22,1,0,113,Normal,0,0
1/9/2025 9:25,36,86.38,21.21,36.08,2.65,3.69,1,0,161,Normal,0,0
1/9/2025 9:26,41,84.93,62.24,57.9,3.77,3.2,1,0,308,Normal,0,0
1/9/2025 9:27,28,82.16,36.66,68.79,3.59,2.31,1,0,106,Normal,0,0
1/9/2025 9:28,38,68.93,56.82,55.51,3.84,4.58,2,0,497,Vibration Issue,0,1
1/9/2025 9:29,33,56.76,69.35,34.34,3.24,0.93,1,0,359,Normal,0,0
1/9/2025 9:30,42,54.49,84.88,48.58,2.88,3.4,1,1,48,Normal,1,1
1/9/2025 9:31,46,80.39,44.51,70.73,2.14,1.3,1,0,455,Normal,0,0
1/9/2025 9:32,22,83.37,51.17,34.21,2.47,4.21,1,0,195,Normal,0,0
1/9/2025 9:33,25,67.7,38.82,77.22,2.64,2.51,1,0,487,Normal,0,0
1/9/2025 9:34,18,81.74,52.26,52.64,2.22,3.91,1,0,416,Normal,0,0
1/9/2025 9:35,6,80.15,60.57,48.74,1.08,0.94,1,0,273,Normal,0,0
1/9/2025 9:36,18,64.22,23.75,69.03,1.66,3.43,1,0,319,Normal,0,0
1/9/2025 9:37,16,86.26,68.14,61.16,1.62,1.6,1,0,307,Normal,0,0
1/9/2025 9:38,15,78.25,49.23,33.97,4.72,3.29,1,0,113,Normal,0,0
1/9/2025 9:39,48,54.78,28.46,73.53,3.51,4.82,1,0,340,Normal,0,0
1/9/2025 9:40,8,70.41,63.23,52.32,3.57,3.58,1,0,147,Normal,0,0
1/9/2025 9:41,13,85.02,74.31,78.66,1.74,4.97,1,0,67,Normal,0,0
1/9/2025 9:42,43,67.38,64.6,38.04,4.4,2.63,1,0,339,Normal,0,0
1/9/2025 9:43,7,85.43,64.12,48.64,4.08,2.67,1,0,456,Normal,0,0
1/9/2025 9:44,17,87.06,30.63,68.65,2.96,0.51,2,0,359,Normal,0,1
1/9/2025 9:45,50,67.29,57.57,61.02,4.25,4.22,1,0,80,Normal,0,0
1/9/2025 9:46,32,64.49,46.36,50.61,4.28,4.95,1,0,273,Normal,0,0
1/9/2025 9:47,22,81.43,44.33,39.49,1.01,2.95,1,0,324,Normal,0,0
1/9/2025 9:48,13,79.96,59.1,71.2,3.79,3.7,1,0,172,Normal,0,0
1/9/2025 9:49,47,80.7,43.26,36.6,2.56,3.96,1,0,89,Normal,0,0
1/9/2025 9:50,23,73.58,49.11,67.93,3.83,4.55,1,0,224,Normal,0,0
1/9/2025 9:51,29,89.28,64.29,51.92,1.01,3.31,1,0,69,Normal,0,0
1/9/2025 9:52,22,83.98,74.14,69.64,1.22,1.71,1,0,219,Normal,0,0
1/9/2025 9:53,1,70.6,49.94,51.63,1.38,4.42,1,0,404,Normal,0,0
1/9/2025 9:54,29,82.01,54.35,41.92,2.7,4.87,1,0,72,Normal,0,0
1/9/2025 9:55,48,76.43,35.69,40.86,4.7,1.33,1,0,215,Normal,0,0
1/9/2025 9:56,5,60.53,46.87,69.79,2.88,1.37,1,0,490,Normal,0,0
1/9/2025 9:57,35,59.87,88.67,60.68,3.78,4.12,1,1,12,Normal,1,1
1/9/2025 9:58,10,74.67,52.7,36.65,1.04,2.64,2,0,271,Overheating,0,1
1/9/2025 9:59,19,69.31,61.08,49.45,3.95,4.96,2,0,200,Overheating,0,1
1/9/2025 10:00,37,64.62,40.6,51.32,4.06,4.06,1,0,408,Normal,0,0
1/9/2025 10:01,7,70.9,84.88,51.27,2.74,2.32,0,1,3,Normal,1,1
1/9/2025 10:02,46,80.61,39.8,48.7,2.87,1.19,1,0,319,Normal,0,0
1/9/2025 10:03,35,78.01,37.82,32.66,4.24,3.73,1,0,259,Normal,0,0
1/9/2025 10:04,45,74.85,39.18,31.39,1.44,0.68,1,0,391,Normal,0,0
1/9/2025 10:05,13,58.66,58.1,56.55,3.79,0.76,1,0,179,Normal,0,0
1/9/2025 10:06,10,56.35,24.38,69.83,2.84,1.68,1,0,123,Normal,0,0
1/9/2025 10:07,2,88.32,55.93,47.26,1.71,2.09,1,0,38,Normal,0,0
1/9/2025 10:08,6,74.26,53.23,48.38,4.25,1.68,1,0,217,Normal,0,0
1/9/2025 10:09,8,83.13,34.51,57.25,4.72,2.53,2,0,49,Pressure Drop,0,1
1/9/2025 10:10,36,76.31,37.44,70.11,2.58,2.43,1,0,240,Normal,0,0
1/9/2025 10:11,25,67.55,39.67,51.45,3.46,3.86,1,0,130,Normal,0,0
1/9/2025 10:12,44,70.98,66.14,45.78,2.63,1.66,0,0,367,Normal,0,0
1/9/2025 10:13,47,86.65,91.24,58.33,2.09,4.76,1,1,28,Normal,1,1
1/9/2025 10:14,40,80.86,47.09,30.04,4.81,1.43,1,0,343,Normal,0,0
1/9/2025 10:15,7,67.25,65.2,74.24,2.92,3.88,1,0,135,Normal,0,0
1/9/2025 10:16,46,83.96,58.41,62.85,3.08,2.31,1,0,466,Normal,0,0
1/9/2025 10:17,23,67.39,32.14,37.95,4.72,4.61,1,0,169,Normal,0,0
1/9/2025 10:18,19,78.96,41.96,45.5,3.61,1.45,1,0,468,Normal,0,0
1/9/2025 10:19,46,58.55,57.12,67.05,1.37,3.85,1,0,446,Normal,0,0
1/9/2025 10:20,22,73.06,69.67,45.41,2.89,2.69,1,0,204,Normal,0,0
1/9/2025 10:21,13,77.54,51.86,71.49,2.54,4.23,1,0,353,Normal,0,0
1/9/2025 10:22,21,69.34,58.67,44.19,4.25,0.65,1,0,254,Normal,0,0
1/9/2025 10:23,1,82.74,61.16,46.17,1.89,3.15,1,0,266,Normal,0,0
1/9/2025 10:24,19,62.99,29.31,40.94,4.27,3.49,1,0,255,Normal,0,0
1/9/2025 10:25,33,82.53,10.99,45.06,3.79,0.74,1,0,168,Normal,0,0
1/9/2025 10:26,4,78.3,58.86,49.9,1.2,3.04,1,0,257,Normal,0,0
1/9/2025 10:27,42,67.26,63.45,55.47,3.9,3.67,2,0,479,Normal,0,1
1/9/2025 10:28,3,58.6,30.93,68.25,1.28,1.14,1,0,160,Normal,0,0
1/9/2025 10:29,27,90.8,82.65,51.78,2.36,3.25,1,1,36,Normal,1,1
1/9/2025 10:30,41,74.71,46.78,60.47,1.09,1.46,1,0,402,Normal,0,0
1/9/2025 10:31,35,69.54,58.84,67.27,2.67,3.81,1,0,173,Normal,0,0
1/9/2025 10:32,28,71.08,51.5,32.39,3.9,4,2,0,409,Overheating,0,1
1/9/2025 10:33,6,65.2,65.93,51.17,4.19,4.75,2,0,15,Vibration Issue,0,1
1/9/2025 10:34,6,81.52,45.66,68.13,3.49,3.65,1,0,461,Normal,0,0
1/9/2025 10:35,44,76.28,57.2,70.67,4.51,4.71,1,0,210,Normal,0,0
1/9/2025 10:36,23,60.97,30.68,59.14,4.41,2.44,1,0,494,Normal,0,0
1/9/2025 10:37,33,75.52,51.26,36.42,3.67,4.27,1,0,151,Normal,0,0
1/9/2025 10:38,16,61.84,36.73,40.26,4.52,2.28,1,0,234,Normal,0,0
1/9/2025 10:39,24,82.91,72.8,35.23,4.27,3.89,1,0,58,Normal,0,0
1/9/2025 10:40,5,67.37,71.73,42.33,4.82,4.52,1,0,386,Normal,0,0
1/9/2025 10:41,41,86.65,41.37,35.75,3.92,2.15,1,0,211,Normal,0,0
1/9/2025 10:42,42,89.74,61.88,47.27,1.4,2.96,2,0,129,Vibration Issue,0,1
1/9/2025 10:43,13,71.12,41.68,57.04,1.51,1.41,1,0,138,Normal,0,0
1/9/2025 10:44,47,67.25,47.29,32.33,4.8,4.65,1,0,194,Normal,0,0
1/9/2025 10:45,12,60.2,30.2,60.51,3.72,1.09,1,0,92,Normal,0,0
1/9/2025 10:46,5,55.94,18.05,41.84,2.04,4.14,1,0,304,Normal,0,0
1/9/2025 10:47,37,60,55.99,73.17,3.44,1.81,2,0,450,Vibration Issue,0,1
1/9/2025 10:48,31,69.59,45.42,53.22,2.42,2.05,1,0,244,Normal,0,0
1/9/2025 10:49,28,50.98,42.44,36.61,1.58,3.23,1,0,425,Normal,0,0
1/9/2025 10:50,28,82.38,45.8,47.7,4.26,2.21,1,0,59,Normal,0,0
1/9/2025 10:51,30,79.76,39.52,30.65,2.44,4.24,1,0,499,Normal,0,0
1/9/2025 10:52,18,79.78,51.53,58.37,2.26,1.88,1,0,448,Normal,0,0
1/9/2025 10:53,44,86.72,29.2,66.92,1.8,0.76,1,0,324,Normal,0,0
1/9/2025 10:54,27,63.34,50.36,30.95,2.93,0.75,1,0,29,Normal,0,0
1/9/2025 10:55,35,63.93,52,71.52,4.33,1.17,2,0,439,Overheating,0,1
1/9/2025 10:56,26,86.29,50.95,49.93,3.68,4.69,0,0,464,Normal,0,0
1/9/2025 10:57,39,69.34,39.62,37.42,1.23,3.55,1,0,334,Normal,0,0
1/9/2025 10:58,49,78.93,49.3,75.49,1.26,1.93,1,0,220,Normal,0,0
1/9/2025 10:59,18,53.47,51.04,50.35,3.28,4.61,1,0,78,Normal,0,0
1/9/2025 11:00,33,85.72,53.7,50.66,2.32,3.79,1,0,50,Normal,0,0
1/9/2025 11:01,25,78.54,57.96,66.3,3.54,1.46,1,0,242,Normal,0,0
1/9/2025 11:02,31,59.97,26.47,78.59,4.32,4.73,1,0,460,Normal,0,0
1/9/2025 11:03,37,89.67,54.49,61.79,1.37,4.78,1,0,63,Normal,0,0
1/9/2025 11:04,2,76.54,38.75,60.68,4.35,4.35,1,0,490,Normal,0,0
1/9/2025 11:05,33,94.33,53.73,75.07,1.7,2.02,1,1,34,Normal,1,1
1/9/2025 11:06,39,54.38,54.31,52.8,3.94,0.63,1,0,257,Normal,0,0
1/9/2025 11:07,43,78.55,47.16,64.29,2.49,4.38,1,0,345,Normal,0,0
1/9/2025 11:08,43,68.92,40.14,49.67,4.48,1.32,1,0,62,Normal,0,0
1/9/2025 11:09,32,72,31.17,64.66,2.9,3.28,1,0,370,Normal,0,0
1/9/2025 11:10,18,76.49,42.25,75.91,3.32,1.14,2,0,342,Pressure Drop,0,1
1/9/2025 11:11,17,56.99,32.32,46.91,1.33,0.6,1,0,226,Normal,0,0
1/9/2025 11:12,34,96.08,40.23,56.68,2.91,4.56,1,1,34,Normal,1,1
1/9/2025 11:13,39,92.33,22.18,59.24,1.69,3.67,1,1,31,Normal,1,1
1/9/2025 11:14,7,77.25,39.81,72.69,4.33,2.97,0,0,246,Normal,0,0
1/9/2025 11:15,42,61.82,41.61,41.25,2.63,3.52,2,0,437,Overheating,0,1
1/9/2025 11:16,35,72.12,39.74,34.96,4.54,1.35,1,0,475,Normal,0,0
1/9/2025 11:17,30,77.33,36.65,76.4,1.46,3.67,1,0,486,Normal,0,0
1/9/2025 11:18,12,68.17,70.13,54.86,4.42,0.54,1,0,468,Normal,0,0
1/9/2025 11:19,35,83.6,62.45,41.67,3.1,0.94,1,0,487,Normal,0,0
1/9/2025 11:20,11,76.49,34.03,50.75,2.15,1.29,1,0,301,Normal,0,0
1/9/2025 11:21,44,74.27,43.54,39.8,3.06,0.82,1,0,467,Normal,0,0
1/9/2025 11:22,4,82.8,78.34,74.61,1.03,1.74,1,0,331,Normal,0,0
1/9/2025 11:23,25,57.76,31.65,32.76,2.75,1.36,1,0,387,Normal,0,0
1/9/2025 11:24,48,67.08,59.42,45.23,2.3,2.54,1,0,425,Normal,0,0
1/9/2025 11:25,32,73.88,44.82,39.33,1.54,4.33,1,0,252,Normal,0,0
1/9/2025 11:26,20,67.5,43.92,64.52,2.51,4.38,0,0,138,Normal,0,0
1/9/2025 11:27,50,60.82,41.57,77.12,3.71,4.3,2,0,232,Vibration Issue,0,1
1/9/2025 11:28,31,63.33,66.83,77.83,4.9,4.21,1,0,242,Normal,0,0
1/9/2025 11:29,4,74.95,39.79,51.42,2.47,2.24,1,0,233,Normal,0,0
1/9/2025 11:30,38,77.6,70.06,63,3.08,2.79,1,0,393,Normal,0,0
1/9/2025 11:31,47,98.02,60.67,51.7,2.78,1.12,1,1,35,Normal,1,1
1/9/2025 11:32,1,85.79,33.94,74.69,4.63,4.36,1,0,307,Normal,0,0
1/9/2025 11:33,3,63.96,40.37,56.35,1.88,2.9,1,0,33,Normal,0,0
1/9/2025 11:34,37,87.36,49.75,34.2,3.91,2.01,1,0,284,Normal,0,0
1/9/2025 11:35,22,75.51,36.91,57.19,1.32,4.06,1,0,302,Normal,0,0
1/9/2025 11:36,17,73.51,64.02,76.11,1.84,1.58,1,0,248,Normal,0,0
1/9/2025 11:37,14,68.2,54.91,36.1,1.45,4.01,1,0,249,Normal,0,0
1/9/2025 11:38,41,59.12,46.52,32.09,3.2,3.96,1,0,20,Normal,0,0
1/9/2025 11:39,35,75.09,70.74,75.97,1.38,1.68,1,0,400,Normal,0,0
1/9/2025 11:40,13,62.1,44.77,64.55,4.61,4.42,1,0,403,Normal,0,0
1/9/2025 11:41,35,72.07,63.81,69.17,2.48,4.26,1,0,442,Normal,0,0
1/9/2025 11:42,43,86.59,39.29,49.49,4.3,3.14,1,0,14,Normal,0,1
1/9/2025 11:43,2,85.3,41.14,52.23,4.63,1.65,1,0,398,Normal,0,0
1/9/2025 11:44,47,72.55,58.61,59.78,2.28,4.87,1,0,357,Normal,0,0
1/9/2025 11:45,13,85.01,41.35,65.4,4.63,3.04,1,0,334,Normal,0,0
1/9/2025 11:46,16,77.7,43.22,66.9,2.45,1.39,1,0,33,Normal,0,0
1/9/2025 11:47,18,90.01,59.39,40.5,1.06,4.19,1,1,15,Normal,1,1
1/9/2025 11:48,7,63.18,59.42,34.35,3.58,3.34,1,0,279,Normal,0,0
1/9/2025 11:49,45,73.76,50.14,72.03,4.26,4.3,1,0,205,Normal,0,0
1/9/2025 11:50,36,70.16,28.79,67.95,1.2,3.85,1,0,353,Normal,0,0
1/9/2025 11:51,41,79.04,65.38,65.47,4.2,2.21,1,0,57,Normal,0,0
1/9/2025 11:52,30,78.44,28.9,51.43,1.86,1.06,1,0,357,Normal,0,0
1/9/2025 11:53,42,74.89,79.72,55.96,1.16,1.16,1,0,59,Normal,0,0
1/9/2025 11:54,41,97.38,71.3,75.64,1.86,4.08,1,1,21,Normal,1,1
1/9/2025 11:55,7,63.42,73.77,79.99,2.59,2.16,1,0,413,Normal,0,0
1/9/2025 11:56,15,66.33,46.88,51.94,4.53,3.4,1,0,44,Normal,0,0
1/9/2025 11:57,40,84.66,64.96,68.83,2.2,4.93,1,0,224,Normal,0,0
1/9/2025 11:58,19,78.78,79.58,48.81,2.98,2.15,1,0,431,Normal,0,0
1/9/2025 11:59,43,66.39,60.77,57.26,4.77,0.85,1,0,288,Normal,0,0
1/9/2025 12:00,37,88.03,50.46,39.51,3.54,3.88,1,0,63,Normal,0,0
1/9/2025 12:01,2,75.43,50.21,69.5,4.07,2.35,1,0,389,Normal,0,0
1/9/2025 12:02,42,75.59,59.06,34.1,3.51,2.57,2,0,247,Electrical Fault,0,1
1/9/2025 12:03,48,69.04,37.49,36.32,3.99,0.73,1,0,438,Normal,0,0
1/9/2025 12:04,13,79.42,52.55,67.76,4.98,3.83,0,0,246,Normal,0,0
1/9/2025 12:05,40,63.16,31.12,36.46,3.48,4.7,1,0,216,Normal,0,0
1/9/2025 12:06,41,67.03,24.14,71.09,1.53,1.95,1,0,374,Normal,0,0
1/9/2025 12:07,43,83.76,46.1,73.55,1.95,2.64,1,0,147,Normal,0,0
1/9/2025 12:08,43,48.77,46.67,53.36,3.72,3.94,2,0,356,Overheating,0,1
1/9/2025 12:09,31,69.01,57.61,33.27,2.9,3.62,1,0,371,Normal,0,0
1/9/2025 12:10,16,80.66,46.73,42.73,1.5,3.76,1,0,257,Normal,0,0
1/9/2025 12:11,42,89.45,39.59,45.33,3.11,4.96,1,0,208,Normal,0,0
1/9/2025 12:12,44,76.57,48.33,76.72,2.1,1.2,0,0,488,Normal,0,0
1/9/2025 12:13,6,83.22,58.25,63.74,1.34,1.27,1,0,230,Normal,0,0
1/9/2025 12:14,28,81.27,51.17,34.05,3.03,2.51,1,0,192,Normal,0,0
1/9/2025 12:15,32,68.01,32.38,64.88,4.87,4.29,1,0,262,Normal,0,0
1/9/2025 12:16,44,71.07,44.14,62.48,2.58,4.35,2,0,104,Pressure Drop,0,1
1/9/2025 12:17,10,75.98,48.01,46.26,2.11,4.54,1,0,93,Normal,0,0
1/9/2025 12:18,50,94.83,59.57,51.51,4.74,2.46,1,1,34,Normal,1,1
1/9/2025 12:19,18,78.84,57.5,38.33,3.9,2.89,1,0,162,Normal,0,0
1/9/2025 12:20,4,73.68,46.82,70.87,3.52,3.3,0,0,335,Normal,0,0
1/9/2025 12:21,9,61.62,57.28,50.1,3.64,4.78,1,0,122,Normal,0,0
1/9/2025 12:22,7,70.99,69.37,67.92,3.97,2.37,0,0,193,Normal,0,0
1/9/2025 12:23,50,71.15,66.62,57.67,1.49,0.85,1,0,373,Normal,0,0
1/9/2025 12:24,8,81.58,36.82,69.36,1.78,2.88,1,0,242,Normal,0,0
1/9/2025 12:25,43,69.07,34.35,34.21,2.49,4.06,2,0,299,Overheating,0,1
1/9/2025 12:26,7,75.86,40.27,59.83,4.02,2.53,1,0,418,Normal,0,0
1/9/2025 12:27,41,76.88,28.05,33.39,1.36,1.28,1,0,336,Normal,0,0
1/9/2025 12:28,40,76.93,46.48,46.82,3.42,4.77,1,0,50,Normal,0,0
1/9/2025 12:29,3,68.56,47.92,68.56,3.24,2.15,1,0,241,Normal,0,0
1/9/2025 12:30,17,69.67,48.13,47.71,2.94,3.67,1,0,39,Normal,0,0
1/9/2025 12:31,2,78.21,29.18,70.48,1.55,4.66,1,0,499,Normal,0,0
1/9/2025 12:32,15,69,38.49,42.11,4.81,3.42,2,0,176,Vibration Issue,0,1
1/9/2025 12:33,46,57.78,65.75,63.7,1.56,0.61,2,0,244,Overheating,0,1
1/9/2025 12:34,29,76.89,47.85,39.96,1.23,1.79,1,0,93,Normal,0,0
1/9/2025 12:35,50,55.43,44.59,48.48,4.32,4.43,1,0,138,Normal,0,0
1/9/2025 12:36,48,73.4,48.36,39.26,2.34,4.78,1,0,48,Normal,0,0
1/9/2025 12:37,22,64.3,53.84,45.49,4.12,1.65,2,0,312,Vibration Issue,0,1
1/9/2025 12:38,4,72.14,34.62,63.5,1.64,3.99,1,0,199,Normal,0,0
1/9/2025 12:39,6,92.07,32.54,66.88,2.95,1.8,1,1,22,Normal,1,1
1/9/2025 12:40,38,81.09,46.44,48.47,2.82,3.73,1,0,194,Normal,0,0
1/9/2025 12:41,26,69.16,13.87,31.49,1.96,3.99,2,0,241,Overheating,0,1
1/9/2025 12:42,11,61.55,20.66,39.37,2,2.35,1,0,480,Normal,0,0
1/9/2025 12:43,26,56.04,45.84,72.92,1.5,2.94,1,0,264,Normal,0,0
1/9/2025 12:44,17,61.37,57.32,50.07,2.74,0.83,1,0,156,Normal,0,0
1/9/2025 12:45,24,65.77,60.14,34.21,3.36,0.83,1,0,217,Normal,0,0
1/9/2025 12:46,28,62.67,63.78,58.45,1.91,2.8,0,0,26,Normal,0,0
1/9/2025 12:47,35,79.03,36.81,76.18,4.28,3.05,2,0,391,Vibration Issue,0,1
1/9/2025 12:48,31,73.93,19.84,67.52,1.26,4.67,0,0,377,Normal,0,0
1/9/2025 12:49,13,90.67,29.32,61.61,2.66,3.98,1,1,14,Normal,1,1
1/9/2025 12:50,35,64.19,72.98,63.92,1.91,1.35,1,0,422,Normal,0,0
1/9/2025 12:51,16,71.29,65.07,61.43,3.91,2.97,1,0,333,Normal,0,0
1/9/2025 12:52,15,57.36,70.01,49.93,1.81,3.59,1,0,307,Normal,0,0
1/9/2025 12:53,43,75.4,51.11,64.34,4.15,1.26,1,0,82,Normal,0,0
1/9/2025 12:54,18,55.8,49.79,43.59,1.21,4.56,2,0,62,Vibration Issue,0,1
1/9/2025 12:55,47,63.49,61.55,33.92,2.46,0.58,1,0,44,Normal,0,0
1/9/2025 12:56,37,74.12,53.68,69.1,1.41,2.43,1,0,420,Normal,0,0
1/9/2025 12:57,48,44.6,37.82,40.74,1.66,1.56,2,0,176,Overheating,0,1
1/9/2025 12:58,48,67.83,41.07,58.66,4.42,1.16,1,0,67,Normal,0,0
1/9/2025 12:59,49,69.7,23.27,64.57,1.55,3.52,1,0,85,Normal,0,0
1/9/2025 13:00,41,83.28,47.99,75.78,4.31,1.37,1,0,278,Normal,0,0
1/9/2025 13:01,27,80.24,46.96,41.09,4.44,3.5,1,0,240,Normal,0,0
1/9/2025 13:02,35,74.33,4.69,53.69,2.65,4.26,1,0,49,Normal,0,0
1/9/2025 13:03,45,66.92,63.58,67.7,1.55,0.87,1,0,177,Normal,0,0
1/9/2025 13:04,35,72.01,57.02,77.14,1.05,2.9,1,0,57,Normal,0,0
1/9/2025 13:05,28,81.6,75.98,47.18,4.16,4.36,1,0,83,Normal,0,0
1/9/2025 13:06,39,77.78,34.36,50.64,2.46,1.21,1,0,312,Normal,0,0
1/9/2025 13:07,38,88.61,57.46,40.09,4.81,4.46,1,0,310,Normal,0,0
1/9/2025 13:08,9,74.51,31.34,54.94,2.07,3.85,1,0,251,Normal,0,0
1/9/2025 13:09,12,76.81,37.76,69.53,3.13,1.38,1,0,16,Normal,0,1
1/9/2025 13:10,15,63.23,57.26,34.09,4.32,1.06,1,0,12,Normal,0,1
1/9/2025 13:11,21,72.1,64.23,53.94,1.37,2.17,1,0,115,Normal,0,0
1/9/2025 13:12,35,76.28,42.78,69.16,1.53,2.23,0,0,244,Normal,0,0
1/9/2025 13:13,42,73.79,40.18,54.89,3.93,3.22,0,0,46,Normal,0,0
1/9/2025 13:14,33,92.3,37.54,40.31,3.39,2.36,1,1,19,Normal,1,1
1/9/2025 13:15,19,61.69,76.4,37.43,1.24,4.59,1,0,391,Normal,0,0
1/9/2025 13:16,23,71.15,53.17,66.24,3.23,1.95,1,0,176,Normal,0,0
1/9/2025 13:17,13,90.72,65.71,71.56,4.49,2.1,1,1,20,Normal,1,1
1/9/2025 13:18,44,81.92,51.42,44.89,1.32,3.59,1,0,321,Normal,0,0
1/9/2025 13:19,1,76.7,31.13,60.31,4.34,1.36,1,0,166,Normal,0,0
1/9/2025 13:20,29,62.11,44.12,59.9,1.57,4.32,1,0,390,Normal,0,0
1/9/2025 13:21,24,76.72,60.14,63.5,3.4,3.73,0,0,406,Normal,0,0
1/9/2025 13:22,16,72.61,67.87,48.73,1.73,0.71,1,0,359,Normal,0,0
1/9/2025 13:23,25,85.79,43.39,78.95,3.18,3.84,1,0,476,Normal,0,0
1/9/2025 13:24,23,75.95,48.41,73.06,1.14,1.86,1,0,259,Normal,0,0
1/9/2025 13:25,28,90.63,38.39,35.38,2.23,2.78,1,1,38,Normal,1,1
1/9/2025 13:26,47,94.75,49.3,37.22,4.28,2.02,1,1,30,Normal,1,1
1/9/2025 13:27,16,78.11,34.64,63.66,4.96,3.15,1,0,100,Normal,0,0
1/9/2025 13:28,43,78.98,38.39,47.86,4.15,1.97,1,0,127,Normal,0,0
1/9/2025 13:29,38,73.54,71.73,71.26,2.75,4.23,1,0,191,Normal,0,0
1/9/2025 13:30,11,58.97,52.98,62.18,3.46,0.57,1,0,68,Normal,0,0
1/9/2025 13:31,3,59.34,68.2,60.05,2.96,3.74,1,0,460,Normal,0,0
1/9/2025 13:32,15,84.19,49.55,32.05,1.89,2.36,1,0,356,Normal,0,0
1/9/2025 13:33,1,88.99,50.03,42.9,2.37,2.41,1,0,298,Normal,0,0
1/9/2025 13:34,7,69.47,54.7,71.98,4.24,2.31,1,0,496,Normal,0,0
1/9/2025 13:35,1,72.01,35.05,54.88,3.4,4.5,1,0,135,Normal,0,0
1/9/2025 13:36,49,72.17,55.8,35,2.26,4.85,1,0,68,Normal,0,0
1/9/2025 13:37,32,66.96,63.3,46.14,4.54,2.57,1,0,165,Normal,0,0
1/9/2025 13:38,9,97.32,52.17,47.46,4.79,1.48,1,1,29,Normal,1,1
1/9/2025 13:39,29,71.29,79.35,70.22,2.4,3.44,1,0,105,Normal,0,0
1/9/2025 13:40,26,86.26,59.38,44.67,2.27,0.65,1,0,236,Normal,0,0
1/9/2025 13:41,23,52.44,70.31,51.71,1.98,2.87,1,0,218,Normal,0,0
1/9/2025 13:42,45,87.13,60.88,62.18,4.7,4.81,1,0,76,Normal,0,0
1/9/2025 13:43,43,95.87,24.76,52.28,2.18,3.7,1,1,44,Normal,1,1
1/9/2025 13:44,29,78.28,31.92,56.82,4.19,2.77,1,0,56,Normal,0,0
1/9/2025 13:45,38,82.26,50.2,61.42,1.07,1.26,1,0,241,Normal,0,0
1/9/2025 13:46,33,84.88,66.91,58.7,3.79,3.15,1,0,378,Normal,0,0
1/9/2025 13:47,7,80.61,48.35,67.95,1.75,3.04,1,0,405,Normal,0,0
1/9/2025 13:48,12,73.39,26.22,77.88,4.1,3.27,1,0,78,Normal,0,0
1/9/2025 13:49,31,67.06,38.2,42.2,2,2.87,1,0,192,Normal,0,0
1/9/2025 13:50,32,82.66,64.11,65.99,2.32,0.84,1,0,195,Normal,0,0
1/9/2025 13:51,20,62.93,11.83,38.82,2.45,3.19,1,0,392,Normal,0,0
1/9/2025 13:52,17,81.84,35.71,37.13,4.04,3.44,1,0,49,Normal,0,0
1/9/2025 13:53,36,64.85,47.12,71.19,3.73,0.72,1,0,359,Normal,0,0
1/9/2025 13:54,3,63.88,53.12,59.55,3.61,2.84,1,0,373,Normal,0,0
1/9/2025 13:55,1,54.43,40.49,73.72,2.46,4.43,1,0,362,Normal,0,0
1/9/2025 13:56,50,69.9,73.98,56.72,4.34,2.82,1,0,261,Normal,0,0
1/9/2025 13:57,27,85.68,50.97,66.23,4.35,2.54,1,0,172,Normal,0,0
1/9/2025 13:58,47,81.55,24.39,69.13,3.8,4.98,1,0,372,Normal,0,0
1/9/2025 13:59,40,70.45,59.11,50.49,4.38,3.81,2,0,297,Pressure Drop,0,1
1/9/2025 14:00,33,66.4,45.55,57.66,2.01,4.55,2,0,66,Electrical Fault,0,1
1/9/2025 14:01,20,91.59,41.07,61.46,2.06,1.54,1,1,38,Normal,1,1
1/9/2025 14:02,14,53.19,39.71,65.49,2.39,3.59,1,0,354,Normal,0,0
1/9/2025 14:03,36,74.79,40.51,60.77,1.32,1.44,1,0,390,Normal,0,0
1/9/2025 14:04,5,63.89,70.1,53.96,3.14,3.92,1,0,310,Normal,0,0
1/9/2025 14:05,23,76.58,45.74,40.73,2.6,4.58,2,0,215,Vibration Issue,0,1
1/9/2025 14:06,45,76.36,46.28,70.25,3.13,1.75,1,0,365,Normal,0,0
1/9/2025 14:07,15,84.76,29.57,49.86,3.42,3.24,1,0,404,Normal,0,0
1/9/2025 14:08,6,87.11,72.66,73.04,4.9,1.77,1,0,308,Normal,0,0
1/9/2025 14:09,33,55.6,75.52,32.39,4.97,0.67,1,0,201,Normal,0,0
1/9/2025 14:10,19,67.41,37.54,35.65,4.3,4.82,1,0,153,Normal,0,0
1/9/2025 14:11,13,75.85,55.49,47.64,1.45,3.53,1,0,280,Normal,0,0
1/9/2025 14:12,29,85.92,54.27,37.4,3.93,4.34,1,0,463,Normal,0,0
1/9/2025 14:13,6,80.85,52.18,76.96,3.94,4.69,1,0,372,Normal,0,0
1/9/2025 14:14,15,62.78,46.24,56.55,3.42,2.76,1,0,164,Normal,0,0
1/9/2025 14:15,16,77.14,47.27,33.04,3.16,3.93,1,0,462,Normal,0,0
1/9/2025 14:16,24,83.21,52.64,44.22,1.54,4.07,1,0,397,Normal,0,0
1/9/2025 14:17,23,66.08,57.98,63.75,1.58,4.8,2,0,49,Vibration Issue,0,1
1/9/2025 14:18,48,67.71,43.86,71.18,2.58,2.72,1,0,499,Normal,0,0
1/9/2025 14:19,10,69.37,71.26,46.22,1.47,2.06,1,0,27,Normal,0,0
1/9/2025 14:20,41,67.93,74.3,78.2,4.87,4.56,1,0,73,Normal,0,0
1/9/2025 14:21,41,72.82,61.48,49.02,1.46,2.65,1,0,291,Normal,0,0
1/9/2025 14:22,49,74.88,39.17,59,3.16,2.97,1,0,98,Normal,0,0
1/9/2025 14:23,17,74.88,64.97,33.04,1.29,2.89,1,0,44,Normal,0,0
1/9/2025 14:24,49,79.59,45.01,69.28,4.94,1.47,1,0,367,Normal,0,0
1/9/2025 14:25,44,71.61,22.64,70.81,2.67,2.96,1,0,431,Normal,0,0
1/9/2025 14:26,45,64.58,59.58,67.21,3.18,2.64,1,0,15,Normal,0,1
1/9/2025 14:27,30,65.56,70.33,63.59,4.41,4.64,1,0,361,Normal,0,0
1/9/2025 14:28,44,80,33.33,33.35,4.26,0.95,1,0,461,Normal,0,0
1/9/2025 14:29,46,67.38,37.61,49.71,1.05,4.39,1,0,402,Normal,0,0
1/9/2025 14:30,10,78.87,67.25,56.52,3.2,4.13,1,0,424,Normal,0,0
1/9/2025 14:31,19,79.77,41.12,41.05,1.19,2.74,1,0,155,Normal,0,0
1/9/2025 14:32,29,85.43,69.02,75.95,2.09,4.23,2,0,243,Overheating,0,1
1/9/2025 14:33,2,65.8,37.36,76.46,2.36,4.89,1,0,349,Normal,0,0
1/9/2025 14:34,36,66.65,41.81,72.19,4.98,2.87,1,0,292,Normal,0,0
1/9/2025 14:35,19,83.67,60.86,72.04,3.26,1.48,1,0,409,Normal,0,0
1/9/2025 14:36,7,56.51,27.23,30.28,3.95,3.17,2,0,377,Vibration Issue,0,1
1/9/2025 14:37,26,81.18,64.18,67.15,1.49,4.93,1,0,346,Normal,0,0
1/9/2025 14:38,15,85.57,54.45,33.65,4.32,2.94,1,0,31,Normal,0,0
1/9/2025 14:39,47,56.75,69.16,53.46,4.09,4.01,2,0,427,Vibration Issue,0,1
1/9/2025 14:40,38,76.37,25.8,38.68,1.98,1.35,1,0,25,Normal,0,0
1/9/2025 14:41,3,70.02,73.31,42.17,4.71,3.94,1,0,74,Normal,0,0
1/9/2025 14:42,38,89.93,66.25,67.57,3.58,2.22,1,0,183,Normal,0,0
1/9/2025 14:43,16,92.06,48.48,50.13,3.56,4.37,1,1,35,Normal,1,1
1/9/2025 14:44,2,99.31,71.15,54.7,2.29,2.32,1,1,16,Normal,1,1
1/9/2025 14:45,31,89.9,22.84,32.83,4.86,2.15,1,0,116,Normal,0,0
1/9/2025 14:46,28,89.62,44.41,73.51,4.34,1.96,1,0,348,Normal,0,0
1/9/2025 14:47,7,101.51,32.7,38.97,1.53,2.54,1,1,14,Normal,1,1
1/9/2025 14:48,30,76.47,64.39,41.39,4.79,0.99,1,0,394,Normal,0,0
1/9/2025 14:49,43,81.31,30.42,45.11,4.49,4.99,1,0,26,Normal,0,0
1/9/2025 14:50,7,90.82,67.08,30.09,1.84,5,1,1,18,Normal,1,1
1/9/2025 14:51,36,74.12,71.74,47.38,4.93,0.74,1,0,275,Normal,0,0
1/9/2025 14:52,29,67.47,43.08,41.9,2.14,2.44,1,0,381,Normal,0,0
1/9/2025 14:53,24,68.93,65.84,65.87,4.83,4.78,1,0,496,Normal,0,0
1/9/2025 14:54,39,71.92,50.06,46.53,2.18,4.99,1,0,405,Normal,0,0
1/9/2025 14:55,4,74.61,50.91,43.91,1.31,4.42,1,0,174,Normal,0,0
1/9/2025 14:56,29,68.48,54.68,37.34,1.13,2.99,1,0,69,Normal,0,0
1/9/2025 14:57,44,58.17,49.68,43.37,4,3.58,2,0,170,Overheating,0,1
1/9/2025 14:58,5,87.61,58.5,37.34,1.19,1.55,1,0,253,Normal,0,0
1/9/2025 14:59,29,97.97,46.15,57.55,2.26,4.81,2,1,28,Vibration Issue,1,1
1/9/2025 15:00,30,60.59,58.63,67.42,3.19,2.77,1,0,38,Normal,0,0
1/9/2025 15:01,29,62.81,42.58,48.99,4.16,2.73,2,0,146,Vibration Issue,0,1
1/9/2025 15:02,26,68.41,44.35,51.97,4.08,4.16,1,0,282,Normal,0,0
1/9/2025 15:03,19,62.52,66.83,56.8,3.18,1.81,1,0,307,Normal,0,0
1/9/2025 15:04,26,70.64,78.74,66.78,1.56,0.58,1,0,262,Normal,0,0
1/9/2025 15:05,37,74.95,60.2,67.07,4.59,3.49,1,0,457,Normal,0,0
1/9/2025 15:06,27,80.22,45.95,53.97,1.59,3.63,1,0,253,Normal,0,0
1/9/2025 15:07,30,71.58,50.28,75.06,2.45,1.93,0,0,254,Normal,0,0
1/9/2025 15:08,30,89.88,55,46.74,3,4.49,1,0,263,Normal,0,0
1/9/2025 15:09,3,65.24,61.39,35.45,1.84,0.7,1,0,11,Normal,0,1
1/9/2025 15:10,43,69.24,59.97,64.45,1.6,4.99,0,0,368,Normal,0,0
1/9/2025 15:11,7,98.39,44.84,70.12,2.94,4.6,0,1,24,Normal,1,1
1/9/2025 15:12,49,77.46,72.05,34.94,1.51,3.16,1,0,444,Normal,0,0
1/9/2025 15:13,9,79.65,57.68,59.48,2.46,4.9,1,0,281,Normal,0,0
1/9/2025 15:14,41,66.76,78.54,33.73,2.07,2.52,0,0,413,Normal,0,0
1/9/2025 15:15,42,76.89,52.47,40.02,4.23,4.69,1,0,206,Normal,0,0
1/9/2025 15:16,13,75.63,58.07,79.62,3.48,1.11,1,0,61,Normal,0,0
1/9/2025 15:17,15,76.09,39.07,36.57,4.94,1.48,1,0,121,Normal,0,0
1/9/2025 15:18,5,78.53,40.52,35.34,2.57,2.99,1,0,379,Normal,0,0
1/9/2025 15:19,29,87.94,47.39,72.6,1.18,3.29,0,0,43,Normal,0,0
1/9/2025 15:20,35,62.4,61.79,34.33,3.27,2.83,1,0,326,Normal,0,0
1/9/2025 15:21,27,80.91,42.64,77.87,4.21,3.72,2,0,195,Normal,0,1
1/9/2025 15:22,27,77.52,68.38,48.44,4.51,4.53,1,0,362,Normal,0,0
1/9/2025 15:23,8,81.94,47.95,37.04,4.91,2.39,1,0,381,Normal,0,0
1/9/2025 15:24,32,84.72,53.03,47.93,3.19,1.9,0,0,318,Normal,0,0
1/9/2025 15:25,20,72.9,42.64,39.08,3.98,4.59,1,0,269,Normal,0,0
1/9/2025 15:26,10,72.94,64.99,35.49,2.15,3.55,1,0,118,Normal,0,0
1/9/2025 15:27,13,81.42,52.15,60.09,2.91,2.43,1,0,481,Normal,0,0
1/9/2025 15:28,29,66.9,47.7,71.56,3.77,4.81,0,0,375,Normal,0,0
1/9/2025 15:29,35,73.48,36.13,45.16,2.68,1.08,2,0,466,Vibration Issue,0,1
1/9/2025 15:30,8,76.08,45.17,41.68,2.91,1.55,1,0,75,Normal,0,0
1/9/2025 15:31,29,85.44,41.2,76.02,1.03,3.96,1,0,139,Normal,0,0
1/9/2025 15:32,31,76.31,63.25,67.28,3.14,2.58,0,0,449,Normal,0,0
1/9/2025 15:33,41,76.89,43.79,50.17,3.65,0.58,1,0,54,Normal,0,0
1/9/2025 15:34,30,72.75,74.33,63.84,4.07,3.62,1,0,372,Normal,0,0
1/9/2025 15:35,22,77.99,55.39,56.8,3.01,3.56,1,0,46,Normal,0,0
1/9/2025 15:36,21,76.81,51.47,61.98,3.85,2.13,1,0,315,Normal,0,0
1/9/2025 15:37,12,68.51,44.46,32.74,2.97,3.75,1,0,407,Normal,0,0
1/9/2025 15:38,11,81.28,41.66,61.37,1.68,2.53,2,0,83,Overheating,0,1
1/9/2025 15:39,2,61.76,51.74,73.27,3.35,1.13,0,0,375,Normal,0,0
1/9/2025 15:40,50,75.97,64.1,30.07,1.77,3.47,1,0,365,Normal,0,0
1/9/2025 15:41,41,92.82,46.1,77.62,3.57,4.56,1,1,4,Normal,1,1
1/9/2025 15:42,2,60.56,65.76,74.45,1.19,1.74,1,0,303,Normal,0,0
1/9/2025 15:43,34,65.25,38.05,67.41,4.4,3.56,1,0,327,Normal,0,0
1/9/2025 15:44,3,87,47.35,55.46,3.41,4.4,1,0,387,Normal,0,0
1/9/2025 15:45,16,83.14,53.15,64.16,4.72,2.96,1,0,91,Normal,0,0
1/9/2025 15:46,4,65.12,78.96,35.67,1.21,4.42,1,0,111,Normal,0,0
1/9/2025 15:47,23,63.02,35.91,74.65,2.32,3.6,1,0,475,Normal,0,0
1/9/2025 15:48,50,52.62,67.35,41.92,4.33,3.11,2,0,101,Overheating,0,1
1/9/2025 15:49,20,57.05,53.37,62.82,4.14,0.95,1,0,282,Normal,0,0
1/9/2025 15:50,25,72.82,28.43,47.03,2.14,4.52,1,0,186,Normal,0,0
1/9/2025 15:51,30,86.82,55.56,54.17,2.98,1.6,2,0,299,Electrical Fault,0,1
1/9/2025 15:52,18,85.61,44.36,79.62,2.18,1.62,1,0,250,Normal,0,0
1/9/2025 15:53,42,82.9,67.21,61.24,2.95,2.19,1,0,457,Normal,0,0
1/9/2025 15:54,11,60.81,59.06,61.29,3.59,4.94,1,0,37,Normal,0,0
1/9/2025 15:55,29,88.92,55.46,71.62,4.91,2.33,1,0,61,Normal,0,0
1/9/2025 15:56,17,81.31,78.45,54.22,3.67,4.57,0,0,192,Normal,0,0
1/9/2025 15:57,26,60.32,53.75,64.83,2.56,4.01,1,0,135,Normal,0,0
1/9/2025 15:58,23,62.64,46.55,57.56,2.81,3.18,1,0,157,Normal,0,0
1/9/2025 15:59,48,83.09,76.58,56.17,2.69,4.01,1,0,359,Normal,0,0
1/9/2025 16:00,20,83.74,69.31,56.71,1.21,4.68,0,0,468,Normal,0,0
1/9/2025 16:01,45,71.05,47.14,60.99,3.49,2.11,1,0,409,Normal,0,0
1/9/2025 16:02,2,70.04,46.53,44.55,4.99,1.23,1,0,379,Normal,0,0
1/9/2025 16:03,24,79.87,53.91,77.77,2.98,4.73,1,0,480,Normal,0,0
1/9/2025 16:04,31,76.8,54.21,39.98,1.46,3.94,1,0,315,Normal,0,0
1/9/2025 16:05,27,81.1,49.33,74.11,2.86,4.12,2,0,225,Pressure Drop,0,1
1/9/2025 16:06,2,60.67,36.69,46.04,4.98,4.3,1,0,478,Normal,0,0
1/9/2025 16:07,14,74.84,42.41,38.68,3.84,1.39,1,0,312,Normal,0,0
1/9/2025 16:08,4,78.58,36.3,53.7,2.84,2.31,1,0,372,Normal,0,0
1/9/2025 16:09,49,76.96,45.41,76.19,1.76,0.83,1,0,139,Normal,0,0
1/9/2025 16:10,13,75.35,69.93,31.65,1.54,0.5,1,0,369,Normal,0,0
1/9/2025 16:11,36,67.58,49.23,68.04,3.88,4.44,1,0,472,Normal,0,0
1/9/2025 16:12,35,78.36,11.79,30.62,4.2,4.59,1,0,326,Normal,0,0
1/9/2025 16:13,44,57.32,26.43,73.7,1.51,4.63,1,0,318,Normal,0,0
1/9/2025 16:14,8,77.34,44.72,78.52,1.92,3.85,1,0,34,Normal,0,0
1/9/2025 16:15,2,89.7,25.71,49.05,3.29,3.38,1,0,281,Normal,0,0
1/9/2025 16:16,6,77.13,63.91,36.78,3.4,2.87,0,0,193,Normal,0,0
1/9/2025 16:17,31,65.81,70.71,78.09,1.66,1.26,1,0,346,Normal,0,0
1/9/2025 16:18,10,71.73,59.95,32.53,4.59,0.76,1,0,263,Normal,0,0
1/9/2025 16:19,44,66.8,49.19,43.78,3.15,1.93,1,0,144,Normal,0,0
1/9/2025 16:20,21,77.02,48.27,53.13,1.3,2.53,2,0,343,Normal,0,1
1/9/2025 16:21,42,75.24,45.1,63.11,3.37,3.76,1,0,34,Normal,0,0
1/9/2025 16:22,10,65.65,52.26,49.09,3.79,4.13,0,0,57,Normal,0,0
1/9/2025 16:23,23,85.79,78.62,54.05,2.92,4.56,1,0,406,Normal,0,0
1/9/2025 16:24,3,71.86,59.93,33.83,2.91,3.75,1,0,126,Normal,0,0
1/9/2025 16:25,32,79.32,35.43,70.95,4.73,3.89,1,0,384,Normal,0,0
1/9/2025 16:26,20,90.56,63.63,59.22,4.73,3.56,0,1,31,Normal,1,1
1/9/2025 16:27,10,62.72,67.56,36.72,1.33,2.32,1,0,355,Normal,0,0
1/9/2025 16:28,29,90.68,54.58,76.19,2.41,3.97,1,1,13,Normal,1,1
1/9/2025 16:29,41,68.89,50.53,73.28,2.5,1.95,1,0,171,Normal,0,0
1/9/2025 16:30,46,88.28,52.4,71.53,4.13,0.56,1,0,97,Normal,0,0
1/9/2025 16:31,34,86.95,61.61,37.1,2.01,1.64,0,0,171,Normal,0,0
1/9/2025 16:32,37,68.74,46.04,51.69,2.76,4.83,1,0,378,Normal,0,0
1/9/2025 16:33,20,73.88,27.74,32.2,2.45,2.6,1,0,99,Normal,0,0
1/9/2025 16:34,8,56.23,51.82,76.51,4.27,2.01,1,0,107,Normal,0,0
1/9/2025 16:35,7,71.59,47.39,43.17,1.98,0.9,1,0,134,Normal,0,0
1/9/2025 16:36,6,65.07,55.18,65.65,3.32,3.52,1,0,394,Normal,0,0
1/9/2025 16:37,11,67.61,45.01,38.1,2.56,1.25,1,0,164,Normal,0,0
1/9/2025 16:38,44,75.64,85.94,50.23,1.68,1.26,0,1,28,Normal,1,1
1/9/2025 16:39,18,79.26,57.06,42.34,4.78,1.15,1,0,85,Normal,0,0
1/9/2025 16:40,42,68.68,26.28,30.81,1.32,3.87,0,0,83,Normal,0,0
1/9/2025 16:41,29,75.35,54.93,59.62,2.62,2.5,1,0,158,Normal,0,0
1/9/2025 16:42,25,70.13,61.62,53.41,3.74,1.14,0,0,168,Normal,0,0
1/9/2025 16:43,21,79.49,61.15,51.4,4.32,4.84,1,0,200,Normal,0,0
1/9/2025 16:44,46,72.67,47.02,45.09,2.82,2.27,1,0,243,Normal,0,0
1/9/2025 16:45,3,64.04,61.52,57.21,1.22,2.29,1,0,212,Normal,0,0
1/9/2025 16:46,18,67.8,64.43,52.85,3.53,4.19,1,0,291,Normal,0,0
1/9/2025 16:47,24,72.28,78.07,57.05,4.06,3.8,1,0,60,Normal,0,0
1/9/2025 16:48,47,81.36,79.52,66.7,3.58,3.92,1,0,452,Normal,0,0
1/9/2025 16:49,38,90.15,64.42,32.51,3.24,0.88,0,1,42,Normal,1,1
1/9/2025 16:50,10,68.61,63.32,37.71,2.64,1.17,1,0,364,Normal,0,0
1/9/2025 16:51,27,57.45,64.81,37.05,4.79,3.5,1,0,389,Normal,0,0
1/9/2025 16:52,12,87.53,35.46,57.31,1.3,0.94,1,0,181,Normal,0,0
1/9/2025 16:53,7,80.64,49.03,49.53,2.81,1.06,1,0,357,Normal,0,0
1/9/2025 16:54,17,77.9,76.08,33.32,3.1,1.71,1,0,476,Normal,0,0
1/9/2025 16:55,1,61.75,42.47,37.31,2.85,3.71,2,0,39,Vibration Issue,0,1
1/9/2025 16:56,50,74.24,49.08,54.92,1.58,3.27,1,0,258,Normal,0,0
1/9/2025 16:57,26,82.04,63.08,64.73,4.64,3.44,1,0,410,Normal,0,0
1/9/2025 16:58,15,60.87,67.82,60.41,4.79,0.8,1,0,212,Normal,0,0
1/9/2025 16:59,33,84.17,29.63,41.63,3.24,1.83,1,0,381,Normal,0,0
1/9/2025 17:00,37,79.14,47.95,63.92,3.47,4.53,1,0,350,Normal,0,0
1/9/2025 17:01,47,87.26,33.09,63.17,3.78,4.55,2,0,468,Normal,0,1
1/9/2025 17:02,31,82.97,38.77,57.77,2.69,3.39,1,0,312,Normal,0,0
1/9/2025 17:03,35,52.89,38.6,72.58,3.74,2.37,1,0,488,Normal,0,0
1/9/2025 17:04,1,64.98,61.64,45.38,1.07,1.33,1,0,174,Normal,0,0
1/9/2025 17:05,8,81.81,8.84,61.24,1.73,1.75,1,0,404,Normal,0,0
1/9/2025 17:06,12,62.76,48.86,62.71,4.47,2.45,1,0,253,Normal,0,0
1/9/2025 17:07,19,67.22,66.65,48.77,4.15,4.69,1,0,269,Normal,0,0
1/9/2025 17:08,25,73.37,58.4,53.51,2.85,3.09,1,0,272,Normal,0,0
1/9/2025 17:09,32,69.99,65.27,53.2,3.87,4.77,1,0,347,Normal,0,0
1/9/2025 17:10,12,55.01,58.23,32.47,1.17,5,1,0,176,Normal,0,0
1/9/2025 17:11,13,79.44,53.15,46.64,1.01,4.33,0,0,193,Normal,0,0
1/9/2025 17:12,28,72.75,39.18,43.88,3.8,4.53,1,0,92,Normal,0,0
1/9/2025 17:13,1,77.43,58.34,56.72,1.93,2.55,1,0,238,Normal,0,0
1/9/2025 17:14,6,72.98,32.56,76.38,1.15,1.61,1,0,325,Normal,0,0
1/9/2025 17:15,8,52.26,74.16,76.02,1.67,0.76,1,0,312,Normal,0,0
1/9/2025 17:16,4,68.52,52.2,38.24,3.19,0.64,1,0,87,Normal,0,0
1/9/2025 17:17,5,65.8,46.77,66.88,1.67,4.19,0,0,238,Normal,0,0
1/9/2025 17:18,25,75.3,24.19,51.29,3.69,1.37,1,0,84,Normal,0,0
1/9/2025 17:19,22,81.63,52.73,36.34,1.38,4.38,1,0,226,Normal,0,0
1/9/2025 17:20,28,71.07,37.33,74.03,4.65,2.64,1,0,307,Normal,0,0
1/9/2025 17:21,39,81.29,63.85,78.42,1.44,2.93,0,0,42,Normal,0,0
1/9/2025 17:22,23,88.74,67.66,35.69,1.22,4.04,1,0,452,Normal,0,0
1/9/2025 17:23,4,80.86,53.59,38.06,1.95,1.47,1,0,264,Normal,0,0
1/9/2025 17:24,4,93.72,50.04,31.94,4.87,1.77,1,1,26,Normal,1,1
1/9/2025 17:25,47,63.23,34.07,58.11,4.3,4.54,1,0,369,Normal,0,0
1/9/2025 17:26,21,85.68,42.48,36.86,4.04,1.91,1,0,229,Normal,0,0
1/9/2025 17:27,37,70.21,46.9,69.22,1.57,3.26,1,0,32,Normal,0,0
1/9/2025 17:28,41,78.16,28.1,41.18,4.76,4.65,2,0,118,Vibration Issue,0,1
1/9/2025 17:29,2,59.86,63.36,54.02,2.62,0.67,2,0,436,Normal,0,1
1/9/2025 17:30,7,94.12,65.86,61.14,4.2,4.56,1,1,5,Normal,1,1
1/9/2025 17:31,49,67.81,40.03,40.99,2.54,2.22,0,0,189,Normal,0,0
1/9/2025 17:32,16,83.43,86.24,63.47,1.4,2.54,1,1,46,Normal,1,1
1/9/2025 17:33,17,93.05,59.98,58.25,3.35,3.06,0,1,29,Normal,1,1
1/9/2025 17:34,20,74.6,59.28,55.54,3.92,3.29,1,0,318,Normal,0,0
1/9/2025 17:35,23,87.64,42.53,78.23,1.74,3.19,1,0,298,Normal,0,0
1/9/2025 17:36,34,62.54,40,39.99,4.89,2.64,1,0,294,Normal,0,0
1/9/2025 17:37,11,83.91,61.98,60.31,2.17,4.74,1,0,472,Normal,0,0
1/9/2025 17:38,34,76.49,79.57,59.26,1.6,2.44,1,0,254,Normal,0,0
1/9/2025 17:39,33,72.82,47.36,69.59,2.01,0.71,1,0,158,Normal,0,0
1/9/2025 17:40,26,68.68,80.15,63.83,2.09,2.76,1,1,39,Normal,1,1
1/9/2025 17:41,2,60.7,30.63,43.34,2.21,1.28,1,0,54,Normal,0,0
1/9/2025 17:42,23,76.37,60.55,74.26,1.58,2.13,1,0,320,Normal,0,0
1/9/2025 17:43,41,70.86,51,66.82,4.55,2.38,1,0,421,Normal,0,0
1/9/2025 17:44,22,81.29,45.99,63.63,1.7,1.14,1,0,230,Normal,0,0
1/9/2025 17:45,34,77.94,66.6,55.93,2.29,3.03,1,0,217,Normal,0,0
1/9/2025 17:46,15,78.28,62.9,31.2,2.83,1.14,1,0,435,Normal,0,0
1/9/2025 17:47,10,81.24,68.52,57.14,1.61,2.39,1,0,484,Normal,0,0
1/9/2025 17:48,15,64.49,47.62,36.71,2.86,2.33,1,0,167,Normal,0,0
1/9/2025 17:49,42,60.09,53.91,42.46,3.96,4.13,1,0,482,Normal,0,0
1/9/2025 17:50,29,65.44,44.24,77.51,2.16,4.4,1,0,269,Normal,0,0
1/9/2025 17:51,23,71.95,64.38,64.26,4.65,2.3,1,0,32,Normal,0,0
1/9/2025 17:52,17,65.45,19.55,61.02,3.62,3.72,1,0,164,Normal,0,0
1/9/2025 17:53,9,62.55,38.76,50.75,1.91,1.07,1,0,256,Normal,0,0
1/9/2025 17:54,50,59.74,49.2,55.97,3.65,1.64,2,0,270,Pressure Drop,0,1
1/9/2025 17:55,36,73.34,68.67,31.32,2.74,0.86,1,0,258,Normal,0,0
1/9/2025 17:56,9,72.47,45.4,60.28,1.98,0.94,1,0,463,Normal,0,0
1/9/2025 17:57,16,74.82,40.19,50.12,3.41,4.04,1,0,478,Normal,0,0
1/9/2025 17:58,36,82.84,42.22,73.69,4.92,2.55,1,0,228,Normal,0,0
1/9/2025 17:59,48,75.02,30.74,56.16,2.94,0.91,2,0,211,Electrical Fault,0,1
1/9/2025 18:00,33,80.32,71.04,76.99,2.16,4.76,1,0,350,Normal,0,0
1/9/2025 18:01,31,81.18,47.17,43.71,3.67,2.51,1,0,89,Normal,0,0
1/9/2025 18:02,6,62.76,54.92,54.07,1.58,2.91,1,0,164,Normal,0,0
1/9/2025 18:03,10,95.26,52.63,71.2,1.23,0.91,0,1,36,Normal,1,1
1/9/2025 18:04,16,66.53,19.99,63.32,2.97,0.97,0,0,230,Normal,0,0
1/9/2025 18:05,4,73.89,60.12,56.57,4.73,2.63,1,0,232,Normal,0,0
1/9/2025 18:06,22,69,30.25,68.39,3.59,1.75,1,0,464,Normal,0,0
1/9/2025 18:07,13,73.77,13.3,53.28,1.54,1.8,2,0,76,Pressure Drop,0,1
1/9/2025 18:08,16,87.61,47.65,55.94,2.51,4.94,0,0,365,Normal,0,0
1/9/2025 18:09,29,86.22,51.51,46.85,4.79,2.56,1,0,461,Normal,0,0
1/9/2025 18:10,6,70.36,30.03,75.02,2.42,4.97,1,0,255,Normal,0,0
1/9/2025 18:11,26,60.83,73.99,45.75,3.51,4.06,1,0,233,Normal,0,0
1/9/2025 18:12,11,93.94,63.88,67.34,4.79,4.66,0,1,11,Normal,1,1
1/9/2025 18:13,24,89.44,45.68,60.82,2.61,3.61,1,0,29,Normal,0,0
1/9/2025 18:14,29,52.27,70.2,64.03,1.95,3.85,1,0,484,Normal,0,0
1/9/2025 18:15,3,76.86,63.01,68.16,1,4.36,1,0,174,Normal,0,0
1/9/2025 18:16,10,60.83,38.14,41.49,3.7,4.62,1,0,180,Normal,0,0
1/9/2025 18:17,1,73.07,20.15,63.87,2.97,1.22,2,0,418,Vibration Issue,0,1
1/9/2025 18:18,43,76.75,23.89,62.22,3.72,0.65,2,0,398,Vibration Issue,0,1
1/9/2025 18:19,26,80.47,44.71,43.28,4.57,2.16,1,0,314,Normal,0,0
1/9/2025 18:20,12,57.71,52.53,53.76,3.16,2.1,1,0,11,Normal,0,1
1/9/2025 18:21,14,90.82,44.98,41.64,1.5,1.88,1,1,43,Normal,1,1
1/9/2025 18:22,25,65,51.28,74.01,4.07,4.01,1,0,348,Normal,0,0
1/9/2025 18:23,8,69.68,65.36,69.81,3.91,1.99,1,0,146,Normal,0,0
1/9/2025 18:24,43,76.69,49.06,42.38,2.81,2.16,2,0,75,Vibration Issue,0,1
1/9/2025 18:25,4,69.47,49.88,62.95,4.55,2.59,1,0,63,Normal,0,0
1/9/2025 18:26,28,79.91,59.21,58.15,1.08,2.31,1,0,206,Normal,0,0
1/9/2025 18:27,7,78.83,73.65,52.02,4.13,1.79,1,0,316,Normal,0,0
1/9/2025 18:28,10,80.29,48.51,79.21,1.22,2.84,2,0,127,Vibration Issue,0,1
1/9/2025 18:29,36,77.99,57.3,60.05,3.26,4.48,1,0,314,Normal,0,0
1/9/2025 18:30,2,61.04,36.48,31.23,4.85,2.85,1,0,107,Normal,0,0
1/9/2025 18:31,26,79.67,73.01,46.82,2.64,3.47,1,0,160,Normal,0,0
1/9/2025 18:32,50,89.33,48.13,70.05,2.8,3.94,1,0,302,Normal,0,0
1/9/2025 18:33,14,68.71,52.25,66.24,4.17,3.86,1,0,233,Normal,0,0
1/9/2025 18:34,16,74.43,61.13,51.55,2.53,4.88,1,0,125,Normal,0,0
1/9/2025 18:35,43,84.88,40.1,71.15,1.46,2.87,1,0,483,Normal,0,0
1/9/2025 18:36,42,84.74,39.03,35.16,2.27,4.18,0,0,35,Normal,0,0
1/9/2025 18:37,17,67.79,73.41,60.03,2.9,0.93,1,0,300,Normal,0,0
1/9/2025 18:38,46,66.31,37.31,63.14,3.54,1.61,0,0,129,Normal,0,0
1/9/2025 18:39,22,75.08,52.58,35.73,3.13,0.86,0,0,155,Normal,0,0
1/9/2025 18:40,4,78.16,67.7,59.66,3.05,2.13,2,0,372,Normal,0,1
1/9/2025 18:41,19,82.86,47.94,67.5,1.66,1.42,1,0,60,Normal,0,0
1/9/2025 18:42,2,54.12,59.96,45.42,3.27,3.86,0,0,43,Normal,0,0
1/9/2025 18:43,39,72.63,61.39,41.71,1.97,0.92,1,0,293,Normal,0,0
1/9/2025 18:44,9,75.45,47.24,49.32,2.7,2.17,1,0,225,Normal,0,0
1/9/2025 18:45,19,58.39,58.1,79.8,4.59,1.72,2,0,23,Overheating,0,1
1/9/2025 18:46,16,77.05,50.15,75.43,4.59,3.02,1,0,57,Normal,0,0
1/9/2025 18:47,25,67.7,46.94,61.45,2.36,2.7,2,0,231,Vibration Issue,0,1
1/9/2025 18:48,48,85.04,28.22,75.4,3.13,2.52,0,0,307,Normal,0,0
1/9/2025 18:49,18,71.65,41.9,44.46,2.83,2.69,1,0,406,Normal,0,0
1/9/2025 18:50,23,74.02,50.59,49.32,3.73,3.29,0,0,436,Normal,0,0
1/9/2025 18:51,21,62.36,41.58,60.7,3.25,3.97,1,0,233,Normal,0,0
1/9/2025 18:52,11,87.74,26.86,33.92,3.67,3.05,1,0,409,Normal,0,0
1/9/2025 18:53,39,84.39,32.47,48.57,3.24,3.7,2,0,491,Vibration Issue,0,1
1/9/2025 18:54,41,75.52,54.53,63.83,4.52,2.28,0,0,414,Normal,0,0
1/9/2025 18:55,4,72.5,45.94,78.85,3.06,4.99,2,0,361,Overheating,0,1
1/9/2025 18:56,25,83.89,39.46,52.79,1.21,3,1,0,283,Normal,0,0
1/9/2025 18:57,32,81.94,40.24,76.9,4.05,4.07,1,0,166,Normal,0,0
1/9/2025 18:58,30,67.5,45.16,47.48,5,3.9,1,0,139,Normal,0,0
1/9/2025 18:59,45,66.87,70.34,68.42,1.6,1.11,1,0,278,Normal,0,0
1/9/2025 19:00,26,66.11,44.94,69.57,4.85,2.33,1,0,481,Normal,0,0
1/9/2025 19:01,36,74.21,58.62,68.44,3.71,4.94,1,0,189,Normal,0,0
1/9/2025 19:02,34,71.21,43.13,60.5,2.26,3.08,1,0,359,Normal,0,0
1/9/2025 19:03,9,86.73,55.26,66.98,2.18,1.04,1,0,366,Normal,0,0
1/9/2025 19:04,12,85.88,58.58,47.51,3.11,1.24,1,0,350,Normal,0,0
1/9/2025 19:05,2,73.78,45.44,45.34,1.42,4.06,0,0,369,Normal,0,0
1/9/2025 19:06,38,81.39,27,65.58,2.58,0.98,1,0,161,Normal,0,0
1/9/2025 19:07,5,84.9,67.33,57.19,2.13,2.51,1,0,107,Normal,0,0
1/9/2025 19:08,5,98.04,62.8,50.02,4,2.25,1,1,9,Normal,1,1
1/9/2025 19:09,22,82.81,50.02,40.32,2.04,4.43,1,0,182,Normal,0,0
1/9/2025 19:10,5,81.26,45.77,45.14,1.14,1.89,1,0,482,Normal,0,0
1/9/2025 19:11,4,51.22,59.6,46.2,1.98,4.81,0,0,174,Normal,0,0
1/9/2025 19:12,9,86.06,59.87,64.89,1.85,0.61,1,0,187,Normal,0,0
1/9/2025 19:13,29,76.2,63.73,34.38,2.67,0.73,1,0,81,Normal,0,0
1/9/2025 19:14,22,67.94,48.58,52.24,2.38,4.75,1,0,371,Normal,0,0
1/9/2025 19:15,27,67.16,49.49,45.28,3.78,3.18,1,0,446,Normal,0,0
1/9/2025 19:16,10,78.78,58.61,66.61,3.57,1.33,1,0,297,Normal,0,0
1/9/2025 19:17,16,61.2,69.06,44.25,4.41,3.44,1,0,158,Normal,0,0
1/9/2025 19:18,42,64.53,33.55,52.09,2.74,4.35,1,0,109,Normal,0,0
1/9/2025 19:19,42,82.81,37.57,64.23,1.45,0.95,1,0,200,Normal,0,0
1/9/2025 19:20,10,85.67,60.23,69.55,3.68,4.56,0,0,142,Normal,0,0
1/9/2025 19:21,6,89.74,47.07,38.32,3.52,1.07,1,0,409,Normal,0,0
1/9/2025 19:22,49,64.02,26.76,45.34,3.29,4.55,1,0,258,Normal,0,0
1/9/2025 19:23,5,67.73,42.7,44.74,4.82,3.59,1,0,111,Normal,0,0
1/9/2025 19:24,6,76.81,50.2,72.82,1.07,2.06,1,0,248,Normal,0,0
1/9/2025 19:25,47,84.9,37.15,60.12,4.85,2.88,1,0,342,Normal,0,0
1/9/2025 19:26,25,79.35,54.72,44.23,3.59,1.25,1,0,173,Normal,0,0
1/9/2025 19:27,50,77.09,57.69,33.3,2.84,3.68,1,0,306,Normal,0,0
1/9/2025 19:28,4,69.17,84.62,56.74,4.88,3.37,1,1,21,Normal,1,1
1/9/2025 19:29,40,63.52,65.23,69,3.88,4.92,1,0,264,Normal,0,0
1/9/2025 19:30,48,59.98,29.24,61.89,2.24,4.11,1,0,351,Normal,0,0
1/9/2025 19:31,32,71.31,86.31,77.25,4.9,1.73,2,1,21,Pressure Drop,1,1
1/9/2025 19:32,35,67.96,48.36,51.53,4.27,4.87,1,0,412,Normal,0,0
1/9/2025 19:33,10,69.05,65.78,51.72,3.72,2.28,1,0,436,Normal,0,0
1/9/2025 19:34,34,76.32,49.26,74.73,2.86,4.66,1,0,339,Normal,0,0
1/9/2025 19:35,36,79.71,53.9,44.72,1.4,1.32,1,0,267,Normal,0,0
1/9/2025 19:36,6,69.16,47.26,40.65,3.95,1.62,2,0,438,Vibration Issue,0,1
1/9/2025 19:37,43,78.23,46.41,76.13,4.9,0.96,1,0,17,Normal,0,1
1/9/2025 19:38,46,80.29,30.71,36.97,4.96,1.97,1,0,364,Normal,0,0
1/9/2025 19:39,16,69.78,50.52,44.99,2.96,4.05,1,0,20,Normal,0,0
1/9/2025 19:40,19,69.28,33.74,78.97,4.35,0.95,1,0,25,Normal,0,0
1/9/2025 19:41,34,75.85,57.49,48.28,4.84,3.53,1,0,44,Normal,0,0
1/9/2025 19:42,25,65.16,47.9,77.9,4.12,0.86,1,0,279,Normal,0,0
1/9/2025 19:43,31,101.25,56.02,64.24,1.39,2.86,2,1,20,Pressure Drop,1,1
1/9/2025 19:44,49,77.99,37.2,55.99,4.12,0.86,1,0,490,Normal,0,0
1/9/2025 19:45,41,63.86,49.76,64.95,4.22,0.81,1,0,104,Normal,0,0
1/9/2025 19:46,17,79.44,49.24,71.36,2.04,1.02,1,0,285,Normal,0,0
1/9/2025 19:47,47,70.35,58.31,66.6,4.96,2.81,1,0,187,Normal,0,0
1/9/2025 19:48,30,84.51,33.49,76.84,3.78,2.87,0,0,68,Normal,0,0
1/9/2025 19:49,39,78.03,44.24,50.98,2.36,1.28,1,0,16,Normal,0,1
1/9/2025 19:50,31,79.29,74.32,30.58,4.71,2.56,1,0,33,Normal,0,0
1/9/2025 19:51,19,47.91,67.48,53.88,1.63,4.97,1,0,252,Normal,0,0
1/9/2025 19:52,35,77.79,57.03,55.7,2.23,1.61,1,0,497,Normal,0,0
1/9/2025 19:53,29,90.71,73.51,51.64,4.88,4.79,1,1,23,Normal,1,1
1/9/2025 19:54,1,90.61,65.26,70.65,3.91,1.18,2,1,20,Electrical Fault,1,1
1/9/2025 19:55,4,96.07,49.14,40.04,1.46,3.25,1,1,11,Normal,1,1
1/9/2025 19:56,28,89.02,59.03,30.27,3.04,3.98,1,0,396,Normal,0,0
1/9/2025 19:57,18,74.6,26.58,33.46,2.18,3.63,1,0,131,Normal,0,0
1/9/2025 19:58,26,84.38,40.17,32.16,2.84,2.53,1,0,54,Normal,0,0
1/9/2025 19:59,40,74.65,22.78,65.48,1.36,2.4,1,0,57,Normal,0,0
1/9/2025 20:00,19,80.97,55.01,79.2,2.71,1.74,1,0,152,Normal,0,0
1/9/2025 20:01,6,84.57,41.79,59.72,1.99,2.07,1,0,326,Normal,0,0
1/9/2025 20:02,1,75.87,48.62,57.58,1.01,4.72,1,0,354,Normal,0,0
1/9/2025 20:03,8,84.39,32.7,39.8,2.79,2.56,1,0,465,Normal,0,0
1/9/2025 20:04,33,69.51,45.56,74.84,2.65,4.18,1,0,166,Normal,0,0
1/9/2025 20:05,43,81.84,54.78,47.18,1.43,2.5,1,0,407,Normal,0,0
1/9/2025 20:06,21,77.13,47.87,70.19,3.2,3.89,1,0,293,Normal,0,0
1/9/2025 20:07,24,70.08,41.77,65.51,4.92,0.64,1,0,236,Normal,0,0
1/9/2025 20:08,25,84.63,28.75,60.72,2.51,1.18,1,0,284,Normal,0,0
1/9/2025 20:09,47,60.81,59.87,50.84,2.91,1.95,1,0,393,Normal,0,0
1/9/2025 20:10,43,72.26,46.39,39.15,2.53,3.33,0,0,197,Normal,0,0
1/9/2025 20:11,19,75.08,67.71,74.6,2.16,3.54,0,0,159,Normal,0,0
1/9/2025 20:12,29,89.68,32.26,33.29,2.78,2.84,1,0,37,Normal,0,0
1/9/2025 20:13,10,73.79,46.75,47.58,2.3,3.19,1,0,326,Normal,0,0
1/9/2025 20:14,12,73.83,43.84,62.61,4.15,3.51,1,0,228,Normal,0,0
1/9/2025 20:15,33,86.05,51.62,44.28,4.51,3.29,1,0,74,Normal,0,0
1/9/2025 20:16,7,76.22,42.44,47.33,3.73,3.25,1,0,464,Normal,0,0
1/9/2025 20:17,17,67.15,35.61,77.39,3.94,0.97,1,0,354,Normal,0,0
1/9/2025 20:18,10,99.08,43.37,73.22,2.17,3.13,2,1,35,Pressure Drop,1,1
1/9/2025 20:19,31,84.21,49.46,62.22,3.4,3.75,2,0,385,Electrical Fault,0,1
1/9/2025 20:20,6,71.81,79.28,31.27,3.44,1.36,1,0,443,Normal,0,0
1/9/2025 20:21,17,73.7,42.27,56.25,4.54,4.37,0,0,460,Normal,0,0
1/9/2025 20:22,50,63.72,53.7,44,4.72,2.57,1,0,236,Normal,0,0
1/9/2025 20:23,37,77.6,34.88,50.31,1.15,2.34,1,0,466,Normal,0,0
1/9/2025 20:24,18,84.35,54.62,72.04,4.56,0.73,2,0,431,Pressure Drop,0,1
1/9/2025 20:25,26,57.01,27.09,78.11,1.61,2.69,1,0,134,Normal,0,0
1/9/2025 20:26,49,77.1,81.13,53.44,2.62,0.65,1,1,15,Normal,1,1
1/9/2025 20:27,16,60.61,37.58,52.55,4.07,3.77,1,0,187,Normal,0,0
1/9/2025 20:28,8,71.81,4.17,76.58,2.77,0.84,1,0,228,Normal,0,0
1/9/2025 20:29,24,76.58,48.76,64.07,2.06,4.49,1,0,497,Normal,0,0
1/9/2025 20:30,13,76.88,61.96,53.53,2.43,0.98,2,0,113,Normal,0,1
1/9/2025 20:31,29,98.83,31.89,40.13,1.47,2.09,1,1,16,Normal,1,1
1/9/2025 20:32,32,77.89,40.34,74.14,2.06,2.82,1,0,447,Normal,0,0
1/9/2025 20:33,24,69.37,69.33,49.01,3.64,1.78,1,0,249,Normal,0,0
1/9/2025 20:34,16,65.56,58.43,64.61,2.91,3.85,1,0,460,Normal,0,0
1/9/2025 20:35,11,69.38,72.61,50.79,2.55,1.71,1,0,383,Normal,0,0
1/9/2025 20:36,32,78.74,8.7,57.92,2.18,3.24,0,0,257,Normal,0,0
1/9/2025 20:37,6,57.39,48.35,62.51,4.95,3.75,1,0,283,Normal,0,0
1/9/2025 20:38,35,62.92,44.24,62.16,1.51,4.83,1,0,137,Normal,0,0
1/9/2025 20:39,33,77.93,56.8,74.72,3.54,3.23,1,0,468,Normal,0,0
1/9/2025 20:40,18,73.15,26.31,46.13,1.47,2.68,1,0,261,Normal,0,0
1/9/2025 20:41,37,79.72,26.16,41.77,4.58,1.56,0,0,166,Normal,0,0
1/9/2025 20:42,13,66.97,70.75,38.51,3.8,4.13,1,0,377,Normal,0,0
1/9/2025 20:43,10,69.06,36.04,50.52,4.69,0.96,1,0,128,Normal,0,0
1/9/2025 20:44,37,85.77,34.93,69.03,1.63,2.73,1,0,175,Normal,0,0
1/9/2025 20:45,26,81.56,73.88,66.16,3.04,0.77,1,0,162,Normal,0,0
1/9/2025 20:46,46,59.81,59.01,68.33,4.98,4.58,1,0,230,Normal,0,0
1/9/2025 20:47,17,57.48,42.19,35.51,2.63,2.98,0,0,314,Normal,0,0
1/9/2025 20:48,1,64.64,57.89,30.86,4.95,1.3,1,0,457,Normal,0,0
1/9/2025 20:49,25,69.12,62.31,78.24,1.07,2.82,1,0,217,Normal,0,0
1/9/2025 20:50,34,84.38,39.16,44.89,4.32,2.9,1,0,431,Normal,0,0
1/9/2025 20:51,39,62.53,59.22,49.57,2.28,4.46,0,0,411,Normal,0,0
1/9/2025 20:52,10,82.37,76.77,73.3,1.23,0.58,1,0,172,Normal,0,0
1/9/2025 20:53,20,71.25,36.09,67.17,4.22,4.87,1,0,284,Normal,0,0
1/9/2025 20:54,7,73.59,65.88,59.18,3.17,4.74,1,0,183,Normal,0,0
1/9/2025 20:55,16,70.61,55.23,73.19,1.88,4.57,0,0,236,Normal,0,0
1/9/2025 20:56,37,78.33,55.44,71.36,2.75,2.35,1,0,63,Normal,0,0
1/9/2025 20:57,29,84.9,67.5,64.52,4.64,1.35,1,0,387,Normal,0,0
1/9/2025 20:58,12,67.8,57.71,77.29,1.96,2.98,1,0,416,Normal,0,0
1/9/2025 20:59,17,86.07,23.21,70.83,4.69,1.62,1,0,95,Normal,0,0
1/9/2025 21:00,48,83.46,33.13,56.05,2.3,3.23,1,0,129,Normal,0,0
1/9/2025 21:01,20,72.15,50.92,48.94,1.05,3.83,1,0,261,Normal,0,0
1/9/2025 21:02,26,68.5,34.38,57.99,1.84,1.31,1,0,164,Normal,0,0
1/9/2025 21:03,48,89.02,83.87,34.14,4.6,4.79,2,1,34,Normal,1,1
1/9/2025 21:04,19,72.25,39.54,55.45,2.7,1.91,1,0,170,Normal,0,0
1/9/2025 21:05,47,73.01,33.95,33.83,4.18,2.03,1,0,403,Normal,0,0
1/9/2025 21:06,12,79.21,38.14,71.98,3.55,2.08,1,0,160,Normal,0,0
1/9/2025 21:07,21,82.71,41.68,70.99,4.41,1.15,1,0,227,Normal,0,0
1/9/2025 21:08,42,88.47,49.05,72.23,1.06,2.5,1,0,36,Normal,0,0
1/9/2025 21:09,34,80.23,43.55,57.04,4.35,1.32,1,0,134,Normal,0,0
1/9/2025 21:10,7,76.47,55.6,56.21,4.23,2.41,1,0,353,Normal,0,0
1/9/2025 21:11,45,77.34,31.12,58.71,4.17,3.42,1,0,290,Normal,0,0
1/9/2025 21:12,35,62.62,69.75,72.02,4.28,2.46,1,0,56,Normal,0,0
1/9/2025 21:13,15,71.96,49.66,70.72,2.84,4.77,1,0,142,Normal,0,0
1/9/2025 21:14,1,65.2,43.07,66.23,4.95,3.34,1,0,312,Normal,0,0
1/9/2025 21:15,26,83.27,51.24,63.95,1.9,0.91,1,0,60,Normal,0,0
1/9/2025 21:16,35,68.5,42.11,32.14,4.35,4.2,1,0,344,Normal,0,0
1/9/2025 21:17,25,86.39,49.4,55.73,1.05,1.06,1,0,382,Normal,0,0
1/9/2025 21:18,42,70.21,64.97,31.11,3.71,1.11,1,0,259,Normal,0,0
1/9/2025 21:19,15,68.29,22.93,73.63,4.33,1.52,1,0,14,Normal,0,1
1/9/2025 21:20,22,67.61,60.21,51.57,2.73,3.36,1,0,450,Normal,0,0
1/9/2025 21:21,6,60.77,68.13,33.68,2.36,2.7,1,0,415,Normal,0,0
1/9/2025 21:22,15,66.65,55.96,45.3,1.48,4.45,0,0,109,Normal,0,0
1/9/2025 21:23,24,67.61,51.72,39.58,4.24,1.39,1,0,148,Normal,0,0
1/9/2025 21:24,21,84.87,64.02,65.96,3.15,4.61,1,0,66,Normal,0,0
1/9/2025 21:25,7,72.1,37.86,56.16,2.52,0.89,2,0,59,Pressure Drop,0,1
1/9/2025 21:26,29,73.08,44.92,60.28,3.26,2.23,1,0,376,Normal,0,0
1/9/2025 21:27,32,70.94,11.6,70.61,2.72,4.9,1,0,375,Normal,0,0
1/9/2025 21:28,32,85.35,73.5,43.41,1.33,2.13,1,0,384,Normal,0,0
1/9/2025 21:29,5,76.72,48.88,58.18,3.73,2.29,1,0,45,Normal,0,0
1/9/2025 21:30,4,65.82,55.21,40.75,3.4,3.27,0,0,386,Normal,0,0
1/9/2025 21:31,22,61.89,49.33,71.97,1.69,2.7,0,0,396,Normal,0,0
1/9/2025 21:32,18,69.82,9.93,67.36,1.69,3.4,1,0,343,Normal,0,0
1/9/2025 21:33,35,87.11,50.47,37.99,4.83,4.77,1,0,40,Normal,0,0
1/9/2025 21:34,17,73.52,52.06,73.84,2.28,2.4,1,0,436,Normal,0,0
1/9/2025 21:35,50,86.64,47.43,67.06,3.97,3.73,2,0,26,Normal,0,1
1/9/2025 21:36,50,92.2,71.16,35.99,1.62,3.11,2,1,44,Normal,1,1
1/9/2025 21:37,24,94.52,54.81,40.95,4.22,4.84,1,1,2,Normal,1,1
1/9/2025 21:38,2,71.78,40.9,32.31,3.4,2.41,1,0,113,Normal,0,0
1/9/2025 21:39,13,66.54,41.46,76.84,2.92,4.91,1,0,410,Normal,0,0
1/9/2025 21:40,15,82.81,72.81,75.32,4.42,1.6,1,0,332,Normal,0,0
1/9/2025 21:41,5,63.97,35.39,35.37,2.88,1.92,2,0,345,Overheating,0,1
1/9/2025 21:42,3,75.14,50.69,48.84,2.82,4.89,0,0,118,Normal,0,0
1/9/2025 21:43,37,66.03,32.25,69.83,4.78,2.66,1,0,386,Normal,0,0
1/9/2025 21:44,37,70.77,55.39,45.92,1.48,1.89,0,0,60,Normal,0,0
1/9/2025 21:45,37,74.01,39.17,38.99,4.28,2.67,1,0,405,Normal,0,0
1/9/2025 21:46,3,70.37,47.3,52.07,4.26,0.74,1,0,177,Normal,0,0
1/9/2025 21:47,35,82.39,40.16,59.7,2.57,4.3,1,0,452,Normal,0,0
1/9/2025 21:48,23,77.39,63.07,77.82,3.24,2.45,1,0,107,Normal,0,0
1/9/2025 21:49,28,65.25,72.69,74.11,3.36,0.92,1,0,356,Normal,0,0
1/9/2025 21:50,30,66.14,46.35,63.98,1.59,3.82,2,0,138,Normal,0,1
1/9/2025 21:51,18,68.51,37.76,71.35,4.26,1.64,1,0,158,Normal,0,0
1/9/2025 21:52,36,87.96,44.31,51.16,3.97,3.63,1,0,218,Normal,0,0
1/9/2025 21:53,33,82.31,52.41,30.97,1.92,1.13,0,0,80,Normal,0,0
1/9/2025 21:54,26,55.12,49.63,66.16,4.22,4.26,1,0,69,Normal,0,0
1/9/2025 21:55,48,78.01,50,49.09,2.97,4.58,2,0,194,Vibration Issue,0,1
1/9/2025 21:56,40,100.13,51.46,30.29,1.85,1.06,1,1,33,Normal,1,1
1/9/2025 21:57,17,78.16,41.41,60.14,1.68,3.57,2,0,426,Pressure Drop,0,1
1/9/2025 21:58,40,74.21,57.44,35.35,4.13,4.63,0,0,320,Normal,0,0
1/9/2025 21:59,7,68.67,49.05,72.59,4.49,4.74,1,0,154,Normal,0,0
1/9/2025 22:00,8,65.04,70.8,73.14,1.75,3.18,1,0,232,Normal,0,0
1/9/2025 22:01,31,77.64,45.33,71.93,1.52,2.79,1,0,167,Normal,0,0
1/9/2025 22:02,12,54.84,71.66,65.63,1.97,2.44,0,0,73,Normal,0,0
1/9/2025 22:03,48,68.27,58.43,36.79,4.48,0.52,1,0,37,Normal,0,0
1/9/2025 22:04,31,74.68,42.88,53.22,4.09,2.39,1,0,391,Normal,0,0
1/9/2025 22:05,44,86.07,61.47,55.37,2.98,3.85,0,0,255,Normal,0,0
1/9/2025 22:06,19,59.76,57.71,49.98,3.18,4.26,1,0,413,Normal,0,0
1/9/2025 22:07,10,70.61,61.84,64.4,1.84,0.88,1,0,173,Normal,0,0
1/9/2025 22:08,39,81.25,26.17,62.27,2.02,0.65,2,0,467,Vibration Issue,0,1
1/9/2025 22:09,12,73.06,40.99,33.64,4.14,3.98,1,0,322,Normal,0,0
1/9/2025 22:10,20,87.95,70.19,47.13,3.32,2.9,1,0,497,Normal,0,0
1/9/2025 22:11,37,80.47,75.87,71.18,2.42,3.28,1,0,326,Normal,0,0
1/9/2025 22:12,48,66.9,26.68,64.34,1.35,4.47,1,0,128,Normal,0,0
1/9/2025 22:13,41,75.27,62.95,67.57,2.74,3.04,1,0,275,Normal,0,0
1/9/2025 22:14,7,66.92,59.51,76.56,1.01,4.71,0,0,21,Normal,0,0
1/9/2025 22:15,14,74.2,38.95,75.32,2.47,4.73,2,0,461,Vibration Issue,0,1
1/9/2025 22:16,11,76.76,66.64,69.77,2.1,3.11,1,0,467,Normal,0,0
1/9/2025 22:17,7,81.72,57.25,46.18,1.79,0.91,1,0,129,Normal,0,0
1/9/2025 22:18,29,77.09,49.24,62.32,2.11,2.72,1,0,146,Normal,0,0
1/9/2025 22:19,10,63.18,28.61,52.34,2.61,2.02,1,0,103,Normal,0,0
1/9/2025 22:20,29,55.36,54.74,78.55,3.3,2.43,1,0,108,Normal,0,0
1/9/2025 22:21,9,80.21,71.72,79.59,3.73,3.13,1,0,375,Normal,0,0
1/9/2025 22:22,36,53.94,28.58,33.6,1.77,0.59,2,0,130,Electrical Fault,0,1
1/9/2025 22:23,48,76.65,51.64,43.85,3.47,4.1,1,0,90,Normal,0,0
1/9/2025 22:24,10,65.54,47.32,64.36,2.51,2.97,1,0,426,Normal,0,0
1/9/2025 22:25,19,74.63,40.83,54.39,1.12,3.8,0,0,234,Normal,0,0
1/9/2025 22:26,31,73.35,48.19,45.32,3.5,1.92,1,0,455,Normal,0,0
1/9/2025 22:27,17,77.89,39.25,60.98,2.46,3.69,1,0,47,Normal,0,0
1/9/2025 22:28,9,74.9,44.05,35.67,2.45,3.77,1,0,401,Normal,0,0
1/9/2025 22:29,45,81.59,35.39,76.23,2.11,1.26,1,0,141,Normal,0,0
1/9/2025 22:30,33,77.37,65.77,68.16,4.14,1.99,1,0,275,Normal,0,0
1/9/2025 22:31,34,85.97,67.13,43.81,1.93,2.72,1,0,459,Normal,0,0
1/9/2025 22:32,45,69.87,68.82,69.8,1.37,2.38,1,0,21,Normal,0,0
1/9/2025 22:33,24,64,57.89,69.35,3.27,1.72,0,0,241,Normal,0,0
1/9/2025 22:34,9,77.45,49.6,61.52,3.06,0.74,1,0,425,Normal,0,0
1/9/2025 22:35,7,73.88,53.43,59.61,3.76,1.37,1,0,475,Normal,0,0
1/9/2025 22:36,16,78.55,63.68,70.86,3.87,2.53,1,0,220,Normal,0,0
1/9/2025 22:37,19,74.21,23.24,73.53,1.02,2.48,0,0,443,Normal,0,0
1/9/2025 22:38,39,85.1,38.23,34.18,2.62,2.74,1,0,134,Normal,0,0
1/9/2025 22:39,6,79.55,68.08,41.43,4.85,4.44,1,0,67,Normal,0,0
1/9/2025 22:40,50,62.7,51.39,48.21,1.2,1.88,1,0,253,Normal,0,0
1/9/2025 22:41,11,70.79,48.66,49.94,4.2,1.23,1,0,360,Normal,0,0
1/9/2025 22:42,12,76.46,45.39,30.34,4.63,3.34,1,0,184,Normal,0,0
1/9/2025 22:43,42,70.81,51.18,44.77,2.57,4.39,1,0,168,Normal,0,0
1/9/2025 22:44,13,68.7,49.65,73.7,1.87,4.18,1,0,31,Normal,0,0
1/9/2025 22:45,12,87.64,61.29,37.09,1.76,2.62,1,0,486,Normal,0,0
1/9/2025 22:46,21,82.42,35.17,31.53,2.25,2.92,2,0,382,Overheating,0,1
1/9/2025 22:47,10,67.48,73.67,75.8,3.98,1.59,1,0,257,Normal,0,0
1/9/2025 22:48,20,83.84,70.65,57.42,3.79,4.78,1,0,164,Normal,0,0
1/9/2025 22:49,50,82.86,59.83,46.43,4.84,2.41,1,0,144,Normal,0,0
1/9/2025 22:50,36,80.81,57.24,43.51,1.43,2.27,1,0,60,Normal,0,0
1/9/2025 22:51,28,59.66,29.92,36.57,3.59,3.63,1,0,481,Normal,0,0
1/9/2025 22:52,24,76.5,50.52,66.55,4.09,1.26,1,0,150,Normal,0,0
1/9/2025 22:53,5,65.09,25.9,69.33,2.72,0.66,0,0,400,Normal,0,0
1/9/2025 22:54,37,72.96,29.58,74.68,1.39,3.85,1,0,392,Normal,0,0
1/9/2025 22:55,12,86.24,69.28,79.78,2.93,2.45,1,0,286,Normal,0,0
1/9/2025 22:56,35,70.99,33.47,52.61,4.7,2.43,1,0,271,Normal,0,0
1/9/2025 22:57,40,73.39,28.7,60.26,4.38,4.28,2,0,94,Overheating,0,1
1/9/2025 22:58,2,60.84,31.79,63.72,3.37,1.22,1,0,331,Normal,0,0
1/9/2025 22:59,50,76.35,52.61,79.89,3.01,0.91,1,0,135,Normal,0,0
1/9/2025 23:00,41,88.99,69.65,49.62,3.08,3.91,1,0,338,Normal,0,0
1/9/2025 23:01,45,95.73,28.87,76.82,3.58,2.5,1,1,16,Normal,1,1
1/9/2025 23:02,39,84.14,50.52,78.86,2.03,3.29,1,0,196,Normal,0,0
1/9/2025 23:03,42,70.77,39.84,67.8,4.55,4.94,1,0,347,Normal,0,0
1/9/2025 23:04,9,79.68,20.94,58.95,4,0.83,1,0,286,Normal,0,0
1/9/2025 23:05,22,70.32,53.66,68.54,3.66,2.65,1,0,202,Normal,0,0
1/9/2025 23:06,47,76.6,10.46,65.51,1.52,4.92,1,0,148,Normal,0,0
1/9/2025 23:07,5,80.18,61.12,39.64,1.07,0.81,1,0,287,Normal,0,0
1/9/2025 23:08,12,61.22,57.32,49.68,4.49,4.47,1,0,209,Normal,0,0
1/9/2025 23:09,1,82.65,79.57,50.32,2.28,3.72,1,0,188,Normal,0,0
1/9/2025 23:10,44,79.27,41.95,64.47,4.92,2.31,1,0,240,Normal,0,0
1/9/2025 23:11,22,67.53,60.62,50.84,2.05,2.07,1,0,367,Normal,0,0
1/9/2025 23:12,38,55.06,43.75,40.63,4.94,0.87,1,0,222,Normal,0,0
1/9/2025 23:13,19,77.05,68.43,38.27,1.59,4.13,1,0,484,Normal,0,0
1/9/2025 23:14,16,82.02,54.14,50.63,1.54,0.62,1,0,240,Normal,0,0
1/9/2025 23:15,31,71.7,44.07,41.29,2,0.98,1,0,209,Normal,0,0
1/9/2025 23:16,3,71.75,49.3,37.07,1.82,2.73,1,0,34,Normal,0,0
1/9/2025 23:17,23,80.61,24.27,41.44,2.87,1.42,1,0,279,Normal,0,0
1/9/2025 23:18,42,68.62,71.29,79.66,3.03,2.03,1,0,383,Normal,0,0
1/9/2025 23:19,18,81.86,61.28,38.49,1.82,4.37,1,0,321,Normal,0,0
1/9/2025 23:20,26,72.24,2.36,48.51,3.69,1.95,1,0,396,Normal,0,0
1/9/2025 23:21,13,77.28,41.15,69.23,4.9,2.12,1,0,211,Normal,0,0
1/9/2025 23:22,18,78.37,65.87,73.89,4.88,4.78,1,0,306,Normal,0,0
1/9/2025 23:23,3,90.62,53.24,39.47,1.57,1.33,1,1,45,Normal,1,1
1/9/2025 23:24,23,77.74,52.09,47.7,2.42,2.24,2,0,314,Vibration Issue,0,1
1/9/2025 23:25,3,65.93,56.55,62.17,1.54,0.73,1,0,72,Normal,0,0
1/9/2025 23:26,25,69.68,58.87,62.65,1.46,4.14,1,0,349,Normal,0,0
1/9/2025 23:27,27,69.66,43.36,54.01,1.58,1.61,1,0,228,Normal,0,0
1/9/2025 23:28,44,80.17,53.4,30.96,4.21,4.55,2,0,102,Normal,0,1
1/9/2025 23:29,27,74.41,50.13,70.37,3.89,4.8,0,0,383,Normal,0,0
1/9/2025 23:30,39,74.91,41.95,30.49,1.71,1.9,2,0,172,Normal,0,1
1/9/2025 23:31,25,86.89,42.44,76.62,1.27,2.09,1,0,415,Normal,0,0
1/9/2025 23:32,24,83.78,49.99,76.2,3.16,4.24,1,0,416,Normal,0,0
1/9/2025 23:33,8,72.13,51.69,72.43,4.3,1.08,1,0,496,Normal,0,0
1/9/2025 23:34,9,92.23,53.36,76.44,2.39,2.65,1,1,2,Normal,1,1
1/9/2025 23:35,46,97.56,72.14,75.47,1.61,3.59,1,1,35,Normal,1,1
1/9/2025 23:36,37,66.56,45.73,38.81,4.49,4.55,2,0,119,Vibration Issue,0,1
1/9/2025 23:37,30,69.67,37.75,33.25,3.58,4.11,1,0,56,Normal,0,0
1/9/2025 23:38,19,64.19,44.38,50.92,3.99,1.31,1,0,298,Normal,0,0
1/9/2025 23:39,16,89.09,53.37,74.61,3.63,0.95,1,0,255,Normal,0,0
1/9/2025 23:40,24,66.45,28.57,51.13,4.15,4.69,1,0,161,Normal,0,0
1/9/2025 23:41,44,70,47.74,58.41,2.03,1.3,1,0,239,Normal,0,0
1/9/2025 23:42,21,98.95,37.4,45.73,4.8,0.67,2,1,8,Vibration Issue,1,1
1/9/2025 23:43,36,84.53,47.08,66.39,2.68,2.02,1,0,463,Normal,0,0
1/9/2025 23:44,40,72.36,45.3,57.17,4.7,1.05,1,0,361,Normal,0,0
1/9/2025 23:45,39,74.69,27.83,30.5,2.43,3.47,1,0,352,Normal,0,0
1/9/2025 23:46,47,57.3,70.04,58.97,4.15,3.43,0,0,112,Normal,0,0
1/9/2025 23:47,6,74.35,39.88,42.34,3.63,2.7,1,0,271,Normal,0,0
1/9/2025 23:48,5,77.31,35.38,48.69,3.87,2.35,1,0,387,Normal,0,0
1/9/2025 23:49,14,64.25,39.72,51.32,1.1,3.23,1,0,70,Normal,0,0
1/9/2025 23:50,45,77.25,46,54.76,4.88,3.56,1,0,175,Normal,0,0
1/9/2025 23:51,42,95.52,49.63,49.4,3.44,2.65,1,1,22,Normal,1,1
1/9/2025 23:52,50,89.71,53.02,72.26,4.41,1.45,1,0,307,Normal,0,0
1/9/2025 23:53,4,90.78,55.42,62.08,3.97,2.12,1,1,9,Normal,1,1
1/9/2025 23:54,8,72.06,66.14,43.42,1.82,3.27,1,0,404,Normal,0,0
1/9/2025 23:55,24,71.11,47.71,36.37,4.64,2.94,1,0,437,Normal,0,0
1/9/2025 23:56,11,80.85,37.99,56.52,4.3,2.78,1,0,216,Normal,0,0
1/9/2025 23:57,17,69.63,50.7,74.41,4.87,0.76,1,0,360,Normal,0,0
1/9/2025 23:58,50,82.09,61.63,36.8,4.36,1.32,2,0,39,Vibration Issue,0,1
1/9/2025 23:59,21,84.73,40.27,49.21,4.37,1.91,1,0,170,Normal,0,0
1/10/2025 0:00,26,96.92,54.97,33.19,2.33,3.87,1,1,4,Normal,1,1
1/10/2025 0:01,43,61.87,57.86,37.23,1.14,4.89,1,0,442,Normal,0,0
1/10/2025 0:02,48,85.53,56.56,51.28,3.1,0.95,0,0,144,Normal,0,0
1/10/2025 0:03,44,70.2,32.3,52.11,3.08,2.09,1,0,230,Normal,0,0
1/10/2025 0:04,45,90.19,63.21,75.43,3.93,3.19,1,1,32,Normal,1,1
1/10/2025 0:05,27,78.69,84.25,35.41,1.62,1.43,2,1,45,Electrical Fault,1,1
1/10/2025 0:06,16,76.49,47.1,62.84,4.11,3.23,1,0,80,Normal,0,0
1/10/2025 0:07,26,84.6,45.59,32.63,2.75,2.36,1,0,347,Normal,0,0
1/10/2025 0:08,33,84.83,67.01,60.46,3.31,4.77,1,0,410,Normal,0,0
1/10/2025 0:09,31,71.33,42.76,71.65,1.51,2.48,1,0,145,Normal,0,0
1/10/2025 0:10,48,76.08,46.77,73,1.64,1.12,1,0,278,Normal,0,0
1/10/2025 0:11,47,69.09,49.14,40.06,3.83,2.16,0,0,405,Normal,0,0
1/10/2025 0:12,6,76.55,54.71,65.11,3.05,4.63,0,0,230,Normal,0,0
1/10/2025 0:13,44,84.45,34.35,79.43,1.03,3.97,1,0,87,Normal,0,0
1/10/2025 0:14,8,90.5,50.44,62.27,3.21,2,1,1,5,Normal,1,1
1/10/2025 0:15,7,56.74,34.35,48.68,4.55,3.03,1,0,76,Normal,0,0
1/10/2025 0:16,34,86.53,53.91,71.38,3.64,3.93,1,0,198,Normal,0,0
1/10/2025 0:17,44,82.63,54.34,76.35,3.81,2.45,0,0,425,Normal,0,0
1/10/2025 0:18,14,63.29,42.84,59.32,1.2,2.36,0,0,493,Normal,0,0
1/10/2025 0:19,16,59.19,48.82,49.28,3.01,4.32,1,0,79,Normal,0,0
1/10/2025 0:20,43,75.22,64.28,63.39,1.64,3.07,1,0,143,Normal,0,0
1/10/2025 0:21,9,74.29,33.38,57.5,4.83,1.76,1,0,283,Normal,0,0
1/10/2025 0:22,10,75.61,58,33.57,2.91,3.72,2,0,413,Vibration Issue,0,1
1/10/2025 0:23,17,90.36,39.57,62.86,2.76,4.44,1,1,44,Normal,1,1
1/10/2025 0:24,12,59.92,61.11,41.08,2.21,3.73,1,0,306,Normal,0,0
1/10/2025 0:25,6,63.85,49.34,59.79,4.33,1.27,1,0,457,Normal,0,0
1/10/2025 0:26,19,61.35,40.98,51.66,3.33,2.87,1,0,278,Normal,0,0
1/10/2025 0:27,43,86.7,49.12,59.6,3.77,3.2,1,0,101,Normal,0,0
1/10/2025 0:28,41,82.07,56.52,63.57,2.03,3.52,0,0,351,Normal,0,0
1/10/2025 0:29,29,76.64,39.78,63.75,4.37,2.48,1,0,304,Normal,0,0
1/10/2025 0:30,6,69.89,51.63,45.39,3.8,1.24,1,0,460,Normal,0,0
1/10/2025 0:31,25,73,44.1,43.28,4.15,2.1,2,0,166,Vibration Issue,0,1
1/10/2025 0:32,24,71.21,31.67,30.06,1.9,4.17,2,0,365,Normal,0,1
1/10/2025 0:33,25,81.27,52.92,39.91,3.41,1.48,1,0,243,Normal,0,0
1/10/2025 0:34,16,94.19,68.37,41.71,1.31,4.53,1,1,38,Normal,1,1
1/10/2025 0:35,16,64.06,9.86,45.76,1.62,3.64,1,0,286,Normal,0,0
1/10/2025 0:36,6,70.74,57.76,69.02,4.77,1.97,1,0,337,Normal,0,0
1/10/2025 0:37,37,72.72,54.75,79.14,4.8,2.48,1,0,90,Normal,0,0
1/10/2025 0:38,21,49.35,36.41,62.92,2.89,1.83,1,0,43,Normal,0,0
1/10/2025 0:39,4,83.79,66.78,47.81,2.39,3.06,1,0,316,Normal,0,0
1/10/2025 0:40,34,75.82,60.97,74.51,3.44,2.42,1,0,25,Normal,0,0
1/10/2025 0:41,28,78.97,54.3,66.13,4.52,1.73,0,0,45,Normal,0,0
1/10/2025 0:42,38,69.11,48.4,75.01,3.52,3.86,0,0,125,Normal,0,0
1/10/2025 0:43,41,78.99,62.59,71.59,1.02,4.21,1,0,260,Normal,0,0
1/10/2025 0:44,28,73.58,52.99,74.17,2.97,1.12,1,0,262,Normal,0,0
1/10/2025 0:45,17,75.71,55.79,78.69,4.62,1.78,1,0,427,Normal,0,0
1/10/2025 0:46,14,86.01,22.24,59.77,3.22,2.88,0,0,343,Normal,0,0
1/10/2025 0:47,7,78.68,43.3,39.6,3.23,2.18,2,0,304,Vibration Issue,0,1
1/10/2025 0:48,22,60.05,40.38,67.12,2.31,2.94,1,0,273,Normal,0,0
1/10/2025 0:49,1,74.11,43.41,54.7,2.86,1.26,1,0,33,Normal,0,0
1/10/2025 0:50,29,86.99,73.77,56.8,4.71,1.32,1,0,250,Normal,0,0
1/10/2025 0:51,31,73.02,72.04,64.7,1.54,2.67,1,0,266,Normal,0,0
1/10/2025 0:52,30,82.59,54.63,64.45,3.54,3.19,0,0,226,Normal,0,0
1/10/2025 0:53,15,90.42,45.04,79.27,4.43,4.82,2,1,43,Vibration Issue,1,1
1/10/2025 0:54,18,83.79,74.8,41.46,2.1,0.99,0,0,142,Normal,0,0
1/10/2025 0:55,35,80.1,55.26,55.88,3.61,2.58,1,0,135,Normal,0,0
1/10/2025 0:56,50,77.19,49.92,31.56,1.88,4.48,2,0,52,Pressure Drop,0,1
1/10/2025 0:57,30,72.77,56.03,56.82,2.23,1.66,1,0,225,Normal,0,0
1/10/2025 0:58,34,73.98,62.1,31.08,2.69,2.43,1,0,250,Normal,0,0
1/10/2025 0:59,42,88.91,70.9,78.57,3.32,2.56,1,0,308,Normal,0,0
1/10/2025 1:00,11,81.77,41.94,42.41,3.85,2.2,1,0,250,Normal,0,0
1/10/2025 1:01,27,73.48,14.31,75.17,3.36,0.73,1,0,371,Normal,0,0
1/10/2025 1:02,24,72.2,37.77,53.47,3,3.74,1,0,451,Normal,0,0
1/10/2025 1:03,35,75.85,49.22,76.74,2.47,1.36,1,0,441,Normal,0,0
1/10/2025 1:04,39,78.29,65.27,72.28,3.87,3.85,1,0,81,Normal,0,0
1/10/2025 1:05,8,71.45,49.88,36.51,2.27,1.92,2,0,497,Pressure Drop,0,1
1/10/2025 1:06,18,63.39,35.22,61.49,3.87,4.73,1,0,67,Normal,0,0
1/10/2025 1:07,13,80.34,54.1,40.71,1.81,3.79,1,0,304,Normal,0,0
1/10/2025 1:08,45,70.95,36.86,78.17,4.37,2.48,1,0,341,Normal,0,0
1/10/2025 1:09,24,68.9,45.41,66.42,3.89,1.19,2,0,465,Overheating,0,1
1/10/2025 1:10,23,70.63,59.1,32.05,3.23,0.91,1,0,254,Normal,0,0
1/10/2025 1:11,12,68.46,56.04,48.21,4.52,0.65,1,0,136,Normal,0,0
1/10/2025 1:12,49,82.38,71.84,75.15,2.34,1.13,1,0,65,Normal,0,0
1/10/2025 1:13,30,84.48,55.59,75.56,2.59,1.12,1,0,483,Normal,0,0
1/10/2025 1:14,31,82.27,55.17,67.17,1.99,4.62,1,0,135,Normal,0,0
1/10/2025 1:15,28,77.3,60.58,57.35,3.31,0.78,1,0,457,Normal,0,0
1/10/2025 1:16,22,62.34,33.66,36.41,2.04,1.14,1,0,213,Normal,0,0
1/10/2025 1:17,44,80.16,18.14,64.8,3.58,1.71,1,0,439,Normal,0,0
1/10/2025 1:18,28,94.79,53.17,40.62,2.08,4.37,1,1,42,Normal,1,1
1/10/2025 1:19,13,73.15,44.94,51.21,4.18,1.8,1,0,226,Normal,0,0
1/10/2025 1:20,25,58.98,20.39,33.88,1.41,0.64,1,0,29,Normal,0,0
1/10/2025 1:21,44,82.28,28.03,42.25,2.69,4.92,1,0,299,Normal,0,0
1/10/2025 1:22,46,57.26,30.62,64.33,2.3,3.76,1,0,214,Normal,0,0
1/10/2025 1:23,7,65.5,42.82,33.6,4.76,3.92,1,0,61,Normal,0,0
1/10/2025 1:24,45,72.48,55.3,58.74,2.47,3.9,1,0,132,Normal,0,0
1/10/2025 1:25,6,86.11,58.07,69.55,4.95,1.32,1,0,66,Normal,0,0
1/10/2025 1:26,24,76.63,56.21,35.09,3.31,0.71,1,0,45,Normal,0,0
1/10/2025 1:27,19,69.03,51.91,32.1,2.46,2.36,1,0,255,Normal,0,0
1/10/2025 1:28,19,69.21,41.02,38.47,1.09,3.25,1,0,16,Normal,0,1
1/10/2025 1:29,36,64.16,63.39,44.5,2.18,2.06,2,0,157,Vibration Issue,0,1
1/10/2025 1:30,9,69.71,53.46,35.01,3.81,3.3,2,0,74,Pressure Drop,0,1
1/10/2025 1:31,48,72.87,72.27,68.67,3.62,3.93,2,0,252,Vibration Issue,0,1
1/10/2025 1:32,36,75.65,67.88,30.12,4.75,1.83,0,0,180,Normal,0,0
1/10/2025 1:33,38,81.22,24.7,40.41,1.65,4.78,1,0,424,Normal,0,0
1/10/2025 1:34,40,76.93,63,65.35,4.02,4.4,1,0,337,Normal,0,0
1/10/2025 1:35,29,63.13,59.62,41.55,2.82,3.17,1,0,432,Normal,0,0
1/10/2025 1:36,24,54.76,64.4,47.3,4.72,2.37,1,0,472,Normal,0,0
1/10/2025 1:37,48,68.68,55.77,66.88,3.3,3.34,1,0,471,Normal,0,0
1/10/2025 1:38,5,95.4,38.94,31.03,3.47,4.72,0,1,29,Normal,1,1
1/10/2025 1:39,42,71.69,70.72,31.62,3.62,1.63,1,0,45,Normal,0,0
1/10/2025 1:40,45,76.77,16.55,67.63,2.21,3.18,1,0,417,Normal,0,0
1/10/2025 1:41,26,60.95,57.79,63.61,1.65,2.88,1,0,67,Normal,0,0
1/10/2025 1:42,14,69.4,41.46,76,1.65,4.18,1,0,154,Normal,0,0
1/10/2025 1:43,39,81.32,65.36,62.47,3.12,1.28,0,0,410,Normal,0,0
1/10/2025 1:44,29,80.31,52.04,35.46,2.97,4.9,1,0,227,Normal,0,0
1/10/2025 1:45,6,75.18,41.97,75.58,3.49,3.66,1,0,26,Normal,0,0
1/10/2025 1:46,7,79.03,35.91,39.49,1.21,3.34,1,0,470,Normal,0,0
1/10/2025 1:47,37,88.01,82.21,49.75,3.03,2.12,1,1,49,Normal,1,1
1/10/2025 1:48,18,76.7,48.41,31.65,1.62,1.21,1,0,98,Normal,0,0
1/10/2025 1:49,23,91.54,51.83,37.96,1.88,2.2,0,1,36,Normal,1,1
1/10/2025 1:50,44,78.8,45.56,36.1,4.12,3.92,1,0,440,Normal,0,0
1/10/2025 1:51,38,68.58,71.11,46.43,3.18,0.71,1,0,207,Normal,0,0
1/10/2025 1:52,1,67.16,55.78,78.87,4.55,3.92,1,0,326,Normal,0,0
1/10/2025 1:53,4,71.59,32.47,59.36,3.75,1.51,1,0,451,Normal,0,0
1/10/2025 1:54,44,73.85,62.55,51.68,4.12,4.58,1,0,163,Normal,0,0
1/10/2025 1:55,47,84.75,63.87,67.58,4.27,2.79,1,0,139,Normal,0,0
1/10/2025 1:56,35,87.74,73.89,46.9,3.24,2.27,1,0,293,Normal,0,0
1/10/2025 1:57,23,72.74,67.59,51.16,2.87,2.48,1,0,194,Normal,0,0
1/10/2025 1:58,27,79.87,44.33,72.98,2.11,4.59,1,0,209,Normal,0,0
1/10/2025 1:59,26,77.25,74.34,41.99,4.45,2.25,1,0,12,Normal,0,1
1/10/2025 2:00,8,73.29,59.37,61.88,3.27,0.52,1,0,81,Normal,0,0
1/10/2025 2:01,43,79.01,49.28,49.62,4.95,1.65,1,0,263,Normal,0,0
1/10/2025 2:02,16,80.88,44.12,60.93,4.94,1.75,1,0,70,Normal,0,0
1/10/2025 2:03,41,95.88,75.75,30.81,1.78,1.9,2,1,47,Electrical Fault,1,1
1/10/2025 2:04,3,92.06,63.7,68.31,1.04,4.51,1,1,6,Normal,1,1
1/10/2025 2:05,32,88.05,18.39,79.5,3.02,4.93,1,0,419,Normal,0,0
1/10/2025 2:06,5,72.72,36.05,48.93,3.34,1.53,1,0,108,Normal,0,0
1/10/2025 2:07,20,64.14,65.56,44.02,4.01,2.7,1,0,262,Normal,0,0
1/10/2025 2:08,14,79.6,43.43,39.65,4.08,0.61,1,0,131,Normal,0,0
1/10/2025 2:09,32,57.2,57.11,60.95,2.46,4.33,1,0,214,Normal,0,0
1/10/2025 2:10,26,74.07,44.31,69.46,2.44,3.51,1,0,411,Normal,0,0
1/10/2025 2:11,47,79.91,59.95,51.35,3.26,4.66,1,0,127,Normal,0,0
1/10/2025 2:12,6,64.61,50.41,45.11,2.46,1.27,2,0,196,Vibration Issue,0,1
1/10/2025 2:13,36,77.99,60.9,30.7,2.02,3.57,2,0,326,Vibration Issue,0,1
1/10/2025 2:14,40,83.46,51.54,45.98,1.84,4.57,1,0,149,Normal,0,0
1/10/2025 2:15,5,74.25,17.02,30.08,3.32,2.72,1,0,96,Normal,0,0
1/10/2025 2:16,13,75.8,50.95,67.22,3.05,0.88,1,0,29,Normal,0,0
1/10/2025 2:17,32,82.43,51.18,57.21,3.33,1.67,2,0,170,Electrical Fault,0,1
1/10/2025 2:18,16,92.24,33.4,52.51,4.83,1.97,1,1,15,Normal,1,1
1/10/2025 2:19,1,77.34,25.76,42.37,4.98,0.82,1,0,20,Normal,0,0
1/10/2025 2:20,13,81.83,70.43,52.6,3.14,1.56,1,0,272,Normal,0,0
1/10/2025 2:21,11,72.1,46.79,55,1.11,1.47,1,0,350,Normal,0,0
1/10/2025 2:22,8,81.97,38.55,35.77,4.87,1.24,1,0,482,Normal,0,0
1/10/2025 2:23,25,82.23,47.69,53.73,2.33,2.93,1,0,91,Normal,0,0
1/10/2025 2:24,40,80,65.53,77.05,2.91,3.21,0,0,218,Normal,0,0
1/10/2025 2:25,32,92.3,42.46,77.88,1.28,4.19,1,1,20,Normal,1,1
1/10/2025 2:26,24,72.41,53.77,51.14,2.34,4.96,1,0,461,Normal,0,0
1/10/2025 2:27,28,75.42,89.58,64.8,2.55,4.94,1,1,13,Normal,1,1
1/10/2025 2:28,14,89.37,42.35,47.79,3.01,1,1,0,70,Normal,0,0
1/10/2025 2:29,45,72.09,57.22,42.72,3.25,4.24,0,0,424,Normal,0,0
1/10/2025 2:30,3,83.21,67.84,78.4,4.68,3.1,1,0,270,Normal,0,0
1/10/2025 2:31,36,93.54,53.87,63.45,1.4,2.99,1,1,15,Normal,1,1
1/10/2025 2:32,27,83.14,20.21,78.96,2.27,2.4,1,0,57,Normal,0,0
1/10/2025 2:33,20,79.56,71.93,31.79,4.27,4.14,1,0,471,Normal,0,0
1/10/2025 2:34,47,73.52,27,48.8,2.33,1.82,0,0,243,Normal,0,0
1/10/2025 2:35,15,86.74,56.07,65.78,3.99,4.45,1,0,303,Normal,0,0
1/10/2025 2:36,27,65.05,44.41,44.34,2.58,3.92,1,0,196,Normal,0,0
1/10/2025 2:37,45,60.69,72.72,53.52,4.39,4.27,1,0,233,Normal,0,0
1/10/2025 2:38,41,66.17,62.66,78.46,2.56,2.83,1,0,88,Normal,0,0
1/10/2025 2:39,28,75.46,39.66,41.88,3.2,3.39,1,0,96,Normal,0,0
1/10/2025 2:40,25,63.49,53.35,38.63,1.52,1.88,1,0,468,Normal,0,0
1/10/2025 2:41,42,97.41,55.37,70.13,3.72,0.52,2,1,42,Vibration Issue,1,1
1/10/2025 2:42,44,66.95,55.35,40.92,3.79,2.51,1,0,78,Normal,0,0
1/10/2025 2:43,46,84.22,45.87,44.72,1.07,2.01,1,0,380,Normal,0,0
1/10/2025 2:44,33,68.09,48.65,30.15,3.95,2.78,1,0,422,Normal,0,0
1/10/2025 2:45,46,74.96,46.97,55.22,2.3,1.91,1,0,225,Normal,0,0
1/10/2025 2:46,14,75.94,68.97,44.29,1.13,1.04,1,0,218,Normal,0,0
1/10/2025 2:47,8,64.34,37.42,61.98,1.83,2.88,1,0,494,Normal,0,0
1/10/2025 2:48,48,75.22,44.79,65.77,1.89,3.6,1,0,200,Normal,0,0
1/10/2025 2:49,14,89.47,70.28,47.51,1.65,0.98,1,0,91,Normal,0,0
1/10/2025 2:50,1,73.55,46.34,71.2,3.11,0.71,1,0,247,Normal,0,0
1/10/2025 2:51,16,77.56,31.47,56.95,4.27,3.69,0,0,389,Normal,0,0
1/10/2025 2:52,18,78.42,62.29,77.12,3.53,3.93,1,0,33,Normal,0,0
1/10/2025 2:53,7,78.96,38.54,63.95,2.11,2.64,1,0,150,Normal,0,0
1/10/2025 2:54,15,57.49,71.15,74.47,4.96,3.22,2,0,25,Normal,0,1
1/10/2025 2:55,24,82.91,48.55,69.46,2.99,3.71,1,0,266,Normal,0,0
1/10/2025 2:56,49,80.66,45.76,79.15,2.7,3.81,1,0,113,Normal,0,0
1/10/2025 2:57,13,75.72,53.41,55.63,3.3,2.79,1,0,171,Normal,0,0
1/10/2025 2:58,9,88.75,45.42,46.73,2.63,1.44,1,0,491,Normal,0,0
1/10/2025 2:59,15,86.09,54.81,38.76,1.96,1.36,1,0,169,Normal,0,0
1/10/2025 3:00,35,79.17,33.4,51.66,1.19,1.61,1,0,338,Normal,0,0
1/10/2025 3:01,24,70.43,39.79,62.6,4.2,1.15,1,0,390,Normal,0,0
1/10/2025 3:02,33,72.91,64.38,40.86,4.11,2.46,1,0,269,Normal,0,0
1/10/2025 3:03,16,74.12,57.78,45.44,4.78,1.99,0,0,439,Normal,0,0
1/10/2025 3:04,8,81.16,39.62,51.5,3.91,1.99,2,0,497,Pressure Drop,0,1
1/10/2025 3:05,29,74.96,60.26,67.61,2.32,0.85,1,0,295,Normal,0,0
1/10/2025 3:06,23,77.67,36.58,45.66,2.13,1.49,1,0,407,Normal,0,0
1/10/2025 3:07,45,63.24,40.87,63.33,1.06,3.43,1,0,130,Normal,0,0
1/10/2025 3:08,31,83.5,90.25,56.11,4.49,2.24,1,1,35,Normal,1,1
1/10/2025 3:09,40,87.28,71.01,41.61,3.96,2.13,1,0,332,Normal,0,0
1/10/2025 3:10,49,71.4,46.35,63.16,3.63,1.36,1,0,54,Normal,0,0
1/10/2025 3:11,14,70.63,92.26,61.35,1.93,4.45,1,1,32,Normal,1,1
1/10/2025 3:12,30,68.63,42.3,54.09,1.53,0.7,1,0,119,Normal,0,0
1/10/2025 3:13,39,94.07,65.47,30.43,4.08,4.46,2,1,11,Overheating,1,1
1/10/2025 3:14,27,83.2,76.08,38.74,4.82,4.32,0,0,372,Normal,0,0
1/10/2025 3:15,47,74.7,30.23,47.67,1.13,4.66,1,0,346,Normal,0,0
1/10/2025 3:16,16,68.99,34.01,63.34,1.73,2.49,1,0,31,Normal,0,0
1/10/2025 3:17,6,64.82,28.66,52.4,2.61,4.97,1,0,335,Normal,0,0
1/10/2025 3:18,33,83.05,64.22,71.53,2.22,1.07,1,0,178,Normal,0,0
1/10/2025 3:19,44,72.39,79.02,67.91,3.29,2.78,1,0,462,Normal,0,0
1/10/2025 3:20,18,79.58,37.8,60.06,3.21,1.85,1,0,347,Normal,0,0
1/10/2025 3:21,16,88.97,50.51,56.15,1.97,4.99,1,0,106,Normal,0,0
1/10/2025 3:22,12,64.89,62.62,66.5,2.31,4.68,1,0,190,Normal,0,0
1/10/2025 3:23,20,68.71,56.37,76.13,2.68,1.13,1,0,275,Normal,0,0
1/10/2025 3:24,45,80.26,52.86,58.85,2.32,0.81,1,0,131,Normal,0,0
1/10/2025 3:25,40,72.93,45.48,65.11,1.49,4.5,1,0,389,Normal,0,0
1/10/2025 3:26,29,73.41,51,78,3.26,4.8,1,0,366,Normal,0,0
1/10/2025 3:27,30,83.34,25.75,71.08,1.78,1.55,0,0,80,Normal,0,0
1/10/2025 3:28,26,82.48,67.41,36.2,3,2.93,1,0,17,Normal,0,1
1/10/2025 3:29,22,71.6,36.73,44.61,4.09,1.26,1,0,264,Normal,0,0
1/10/2025 3:30,33,69.6,57.1,38.1,3.55,4.71,1,0,420,Normal,0,0
1/10/2025 3:31,39,74.37,73.54,77.11,4.73,4.39,1,0,205,Normal,0,0
1/10/2025 3:32,47,86.3,42.37,59.93,3.19,1.12,1,0,218,Normal,0,0
1/10/2025 3:33,29,58.76,46.55,78.26,1.37,4.2,1,0,18,Normal,0,1
1/10/2025 3:34,22,73.93,41.95,35.45,1.15,0.75,1,0,235,Normal,0,0
1/10/2025 3:35,45,81.34,52.05,73.17,4.87,2.97,0,0,340,Normal,0,0
1/10/2025 3:36,13,68.9,8.27,41.65,1.05,0.88,1,0,167,Normal,0,0
1/10/2025 3:37,9,61.27,31.75,39.87,2.79,4.06,1,0,102,Normal,0,0
1/10/2025 3:38,24,64.31,37.33,50.81,4.51,4.08,2,0,426,Overheating,0,1
1/10/2025 3:39,15,78.52,64.37,69.89,2.77,4.75,1,0,81,Normal,0,0
1/10/2025 3:40,36,74.16,44.47,39.14,3.13,3.8,1,0,137,Normal,0,0
1/10/2025 3:41,13,56.09,47.14,58.69,4.3,4.71,1,0,35,Normal,0,0
1/10/2025 3:42,27,70.08,46.5,37.18,4.74,4.12,1,0,228,Normal,0,0
1/10/2025 3:43,44,87.77,38.7,64.47,4.04,1.79,1,0,424,Normal,0,0
1/10/2025 3:44,37,74.41,51.56,54.44,4.55,4.39,2,0,192,Normal,0,1
1/10/2025 3:45,7,80.78,37.47,40.22,2.48,0.85,1,0,207,Normal,0,0
1/10/2025 3:46,8,74.08,60.94,45.63,3.68,3.93,1,0,49,Normal,0,0
1/10/2025 3:47,37,83.14,62.54,34.2,4.62,4.81,1,0,309,Normal,0,0
1/10/2025 3:48,41,80.89,50.53,78.72,4.26,3.6,1,0,452,Normal,0,0
1/10/2025 3:49,14,75.21,63.47,33.24,1.33,3.58,1,0,362,Normal,0,0
1/10/2025 3:50,12,66.16,52.6,33.19,1.68,2.86,0,0,226,Normal,0,0
1/10/2025 3:51,36,79.41,39.65,46.67,2.72,1.87,2,0,25,Pressure Drop,0,1
1/10/2025 3:52,40,61.19,45.21,44.76,3.89,1.72,1,0,231,Normal,0,0
1/10/2025 3:53,17,79.95,50.43,44.78,1.5,2.8,1,0,189,Normal,0,0
1/10/2025 3:54,40,83.78,37.49,62.25,3.33,4.81,0,0,456,Normal,0,0
1/10/2025 3:55,29,70.06,67.45,40.68,2.12,1.57,1,0,477,Normal,0,0
1/10/2025 3:56,27,63.44,64.11,32.16,2.16,4.27,1,0,231,Normal,0,0
1/10/2025 3:57,1,84.88,30.96,34.93,2.54,0.85,1,0,498,Normal,0,0
1/10/2025 3:58,34,75.11,57.49,63.33,3.13,4.03,1,0,471,Normal,0,0
1/10/2025 3:59,4,73.28,54.48,47.8,4.86,4.1,0,0,192,Normal,0,0
1/10/2025 4:00,24,76.84,16.35,79.92,4.45,4.45,1,0,459,Normal,0,0
1/10/2025 4:01,21,70.36,67.39,53.51,2.6,3.46,1,0,47,Normal,0,0
1/10/2025 4:02,33,59.45,45.9,74.02,1.52,3,1,0,134,Normal,0,0
1/10/2025 4:03,7,69.39,63.91,45.31,3.57,3.67,1,0,182,Normal,0,0
1/10/2025 4:04,1,75.22,12.7,69.96,4.96,1.18,1,0,445,Normal,0,0
1/10/2025 4:05,41,75.26,41.01,66.86,4.34,0.85,1,0,208,Normal,0,0
1/10/2025 4:06,3,57.42,66.83,63.88,3.76,4.4,1,0,245,Normal,0,0
1/10/2025 4:07,44,72.35,65.87,79.47,1.44,4.56,1,0,465,Normal,0,0
1/10/2025 4:08,15,91.5,80.59,38.79,2.84,1.64,1,1,17,Normal,1,1
1/10/2025 4:09,31,75.47,61.57,66.08,2.16,4.55,2,0,399,Pressure Drop,0,1
1/10/2025 4:10,16,83.73,54.33,78.53,3.19,3.3,1,0,130,Normal,0,0
1/10/2025 4:11,10,80.79,44.83,53.33,4.58,4.09,1,0,233,Normal,0,0
1/10/2025 4:12,29,68.57,44.28,59.35,3.61,4.64,0,0,25,Normal,0,0
1/10/2025 4:13,6,68.85,53.48,58.1,2.51,4.14,2,0,254,Vibration Issue,0,1
1/10/2025 4:14,29,79.01,25.08,66.55,2.76,4.95,1,0,356,Normal,0,0
1/10/2025 4:15,17,69.56,60.86,71.7,3.04,1.25,0,0,212,Normal,0,0
1/10/2025 4:16,22,86.49,53.48,43.48,4.68,3.3,1,0,133,Normal,0,0
1/10/2025 4:17,24,71.95,39.85,30.55,2.69,2.56,1,0,436,Normal,0,0
1/10/2025 4:18,17,83.29,41.9,46.87,3.4,3.09,2,0,129,Vibration Issue,0,1
1/10/2025 4:19,21,78.83,58.6,58.2,1.12,3.73,1,0,362,Normal,0,0
1/10/2025 4:20,50,79.78,53.17,41.91,4.17,2.91,0,0,321,Normal,0,0
1/10/2025 4:21,11,68.89,29.5,69.22,1.66,4.26,1,0,295,Normal,0,0
1/10/2025 4:22,7,85.82,45.61,61.61,2.56,1.73,1,0,93,Normal,0,0
1/10/2025 4:23,42,98.36,31.63,51.31,3.46,2.15,1,1,5,Normal,1,1
1/10/2025 4:24,39,65.67,41.61,68.48,4.44,3.51,1,0,267,Normal,0,0
1/10/2025 4:25,5,84.41,14.47,64,3.1,4.84,1,0,353,Normal,0,0
1/10/2025 4:26,44,75.04,44.57,47.3,2.8,3.84,1,0,388,Normal,0,0
1/10/2025 4:27,48,66.96,60.86,60.45,4.33,3.99,1,0,484,Normal,0,0
1/10/2025 4:28,21,64.41,40.04,76.87,3.65,2.18,1,0,349,Normal,0,0
1/10/2025 4:29,18,66.39,69.97,37.05,2.79,4.13,0,0,274,Normal,0,0
1/10/2025 4:30,35,67.7,47.04,36.07,4.75,2.11,1,0,462,Normal,0,0
1/10/2025 4:31,20,63.38,56.68,49.03,1.9,2.15,1,0,195,Normal,0,0
1/10/2025 4:32,15,86.02,57.52,62.49,4.85,4.64,1,0,423,Normal,0,0
1/10/2025 4:33,5,74.91,43.14,67.23,4.15,4.82,0,0,426,Normal,0,0
1/10/2025 4:34,13,79.13,64.75,47.26,1.49,1.22,2,0,137,Overheating,0,1
1/10/2025 4:35,12,63.48,30.48,56.66,4.29,1.87,1,0,202,Normal,0,0
1/10/2025 4:36,21,87.01,29.07,33.52,1.23,3.52,1,0,186,Normal,0,0
1/10/2025 4:37,37,69.68,51.23,77.92,1.65,3.22,1,0,479,Normal,0,0
1/10/2025 4:38,6,87.97,61.71,49.22,1.7,1.45,1,0,447,Normal,0,0
1/10/2025 4:39,7,79.48,74.8,64.54,3.11,1.93,1,0,277,Normal,0,0
1/10/2025 4:40,26,65.44,54.65,39.35,2.49,4.97,1,0,482,Normal,0,0
1/10/2025 4:41,42,78.66,8.97,65.01,2.05,4.91,0,0,442,Normal,0,0
1/10/2025 4:42,48,74.7,49.27,79.17,1.76,0.52,1,0,441,Normal,0,0
1/10/2025 4:43,8,65.3,41.11,63.56,4.14,1.98,1,0,249,Normal,0,0
1/10/2025 4:44,9,64.32,53.57,70.82,2.84,4.91,1,0,428,Normal,0,0
1/10/2025 4:45,27,83.21,30.66,48.07,3.73,2.47,1,0,21,Normal,0,0
1/10/2025 4:46,4,87.08,32.48,58.52,1.27,0.53,1,0,60,Normal,0,0
1/10/2025 4:47,21,64.57,51.07,70.68,3.05,2.9,1,0,49,Normal,0,0
1/10/2025 4:48,31,76.09,55.2,46.1,2.95,3.86,1,0,44,Normal,0,0
1/10/2025 4:49,21,60.24,32.13,68.15,4.42,1.54,1,0,459,Normal,0,0
1/10/2025 4:50,40,83.39,84.01,65.28,1.13,2.4,1,1,5,Normal,1,1
1/10/2025 4:51,25,75.78,48.04,47.83,2.94,4.38,1,0,25,Normal,0,0
1/10/2025 4:52,39,61.7,61.4,72.03,2.26,3.32,0,0,439,Normal,0,0
1/10/2025 4:53,15,70.51,37.83,48.57,1.66,3.55,2,0,383,Normal,0,1
1/10/2025 4:54,35,69.56,49.25,69.55,2.81,0.7,1,0,190,Normal,0,0
1/10/2025 4:55,49,66.42,43.82,69.29,4.48,4.03,1,0,462,Normal,0,0
1/10/2025 4:56,43,84.52,60.82,79.22,4.4,3.67,1,0,490,Normal,0,0
1/10/2025 4:57,41,66.58,48.19,42.38,1.27,2.38,1,0,62,Normal,0,0
1/10/2025 4:58,37,91.79,64.12,58.17,2.84,1.62,2,1,29,Vibration Issue,1,1
1/10/2025 4:59,42,83.63,54.32,74.09,2.87,4.65,1,0,388,Normal,0,0
1/10/2025 5:00,47,71.71,33.43,56.39,1.68,4.8,1,0,367,Normal,0,0
1/10/2025 5:01,28,97.87,76,54.12,2.99,4.56,1,1,19,Normal,1,1
1/10/2025 5:02,14,71.34,49.54,64.24,3.28,2.44,1,0,242,Normal,0,0
1/10/2025 5:03,4,61.14,51.48,32.25,2.4,4.07,2,0,439,Electrical Fault,0,1
1/10/2025 5:04,20,84.95,33.76,64.04,4.18,0.93,1,0,415,Normal,0,0
1/10/2025 5:05,34,66.41,46.83,44.98,1.51,2.86,0,0,479,Normal,0,0
1/10/2025 5:06,12,87.49,47.71,50.14,2.54,4.77,1,0,52,Normal,0,0
1/10/2025 5:07,33,61.14,54.03,39.94,2.47,4.7,1,0,192,Normal,0,0
1/10/2025 5:08,24,66.51,53.01,42.38,3.45,2.6,0,0,309,Normal,0,0
1/10/2025 5:09,20,69.63,76.43,30.32,3.79,2.02,1,0,421,Normal,0,0
1/10/2025 5:10,5,80.71,52.03,71.15,4.21,2.75,1,0,26,Normal,0,0
1/10/2025 5:11,38,70.18,62.44,59.16,4.07,3.46,1,0,272,Normal,0,0
1/10/2025 5:12,30,69.58,66.31,60.72,4.2,4.36,1,0,209,Normal,0,0
1/10/2025 5:13,24,81.61,73.5,31.07,2.88,3.58,1,0,126,Normal,0,0
1/10/2025 5:14,43,86.75,32.23,70.9,2.91,1.34,1,0,432,Normal,0,0
1/10/2025 5:15,40,72.05,67.14,53.59,3.23,4.11,0,0,210,Normal,0,0
1/10/2025 5:16,7,65.04,53.09,48.92,1.96,1.58,1,0,76,Normal,0,0
1/10/2025 5:17,36,89.53,53.39,60.24,1.32,4.1,1,0,456,Normal,0,0
1/10/2025 5:18,38,73.53,32.96,59.46,3.66,0.83,2,0,356,Pressure Drop,0,1
1/10/2025 5:19,16,79.18,59.94,79.28,3.19,0.97,1,0,55,Normal,0,0
1/10/2025 5:20,15,70.28,6.82,52.17,4.78,1.86,1,0,65,Normal,0,0
1/10/2025 5:21,46,71.15,45.11,76.83,4.21,3.25,1,0,335,Normal,0,0
1/10/2025 5:22,23,70.28,31.86,77.17,2.44,0.98,1,0,281,Normal,0,0
1/10/2025 5:23,12,83.34,70.11,31.92,3.72,2.49,1,0,90,Normal,0,0
1/10/2025 5:24,29,86.89,68.63,54.55,2.56,4.54,1,0,473,Normal,0,0
1/10/2025 5:25,44,69.87,46.44,43.26,3.62,0.61,1,0,351,Normal,0,0
1/10/2025 5:26,48,71.09,35.48,40.92,1.1,4.61,1,0,286,Normal,0,0
1/10/2025 5:27,15,87.3,41.37,50.69,3.82,1.31,1,0,343,Normal,0,0
1/10/2025 5:28,29,93.99,28.49,69,2.67,2.21,0,1,31,Normal,1,1
1/10/2025 5:29,45,80.7,39.41,79.94,2,2.36,1,0,394,Normal,0,0
1/10/2025 5:30,43,78.48,41.91,42.27,2.31,1,1,0,389,Normal,0,0
1/10/2025 5:31,49,94.27,60.22,75.14,3.55,1.69,0,1,30,Normal,1,1
1/10/2025 5:32,21,77.48,41.88,75.9,4.46,4.05,1,0,55,Normal,0,0
1/10/2025 5:33,15,77.5,45.28,73.97,1.49,0.97,0,0,346,Normal,0,0
1/10/2025 5:34,14,70.34,40.79,41.78,1.83,2.34,1,0,491,Normal,0,0
1/10/2025 5:35,42,82.01,50.43,67.51,4.21,2.48,2,0,10,Vibration Issue,0,1
1/10/2025 5:36,44,68.79,74.71,74,1.47,0.95,1,0,159,Normal,0,0
1/10/2025 5:37,16,70.81,43.3,45.65,1.21,1.99,1,0,425,Normal,0,0
1/10/2025 5:38,15,72.3,39.78,79.17,1.8,0.85,0,0,481,Normal,0,0
1/10/2025 5:39,42,80.82,56.05,72.78,4.17,3.53,1,0,111,Normal,0,0
1/10/2025 5:40,4,72.12,66.85,37.75,1.08,1.56,1,0,172,Normal,0,0
1/10/2025 5:41,27,83.97,40.59,63.28,4.24,0.91,2,0,436,Overheating,0,1
1/10/2025 5:42,23,65.39,44.34,39.28,4.44,2.92,1,0,310,Normal,0,0
1/10/2025 5:43,29,71.67,42.99,68.99,2.17,1.2,2,0,370,Normal,0,1
1/10/2025 5:44,41,76.2,34.67,52.19,4.15,3.67,1,0,259,Normal,0,0
1/10/2025 5:45,9,76.91,64.85,33.44,1.25,2.81,2,0,279,Vibration Issue,0,1
1/10/2025 5:46,43,82.43,40.55,58.69,2.36,4.99,1,0,19,Normal,0,1
1/10/2025 5:47,43,66.05,82.56,40.35,3.22,4.37,2,1,2,Overheating,1,1
1/10/2025 5:48,7,75.58,42.52,54.27,3.31,4.45,0,0,311,Normal,0,0
1/10/2025 5:49,42,65.41,46.91,72.9,1.57,1.34,1,0,242,Normal,0,0
1/10/2025 5:50,4,81.45,77.8,42.88,2.22,1.44,1,0,448,Normal,0,0
1/10/2025 5:51,5,70.48,96.1,54.63,4.81,2.63,0,1,12,Normal,1,1
1/10/2025 5:52,5,83.27,38.11,65.22,4.46,1.02,1,0,81,Normal,0,0
1/10/2025 5:53,11,75.22,58.52,31.38,4.86,0.88,1,0,481,Normal,0,0
1/10/2025 5:54,41,76.24,54.42,52.84,4.82,2.3,1,0,175,Normal,0,0
1/10/2025 5:55,28,101.57,55.78,64.36,2.57,4.64,1,1,25,Normal,1,1
1/10/2025 5:56,16,85.1,77.42,67.59,2.22,3.47,1,0,253,Normal,0,0
1/10/2025 5:57,41,81.9,70.31,42.43,4.26,1.29,1,0,86,Normal,0,0
1/10/2025 5:58,30,75.16,40.18,38.44,1.36,4.31,1,0,449,Normal,0,0
1/10/2025 5:59,4,71.54,46.35,72.47,4.34,0.83,0,0,235,Normal,0,0
1/10/2025 6:00,2,70.32,60.77,75.35,4.72,3.73,0,0,227,Normal,0,0
1/10/2025 6:01,46,88.96,36.9,45.98,2.42,4.46,2,0,26,Pressure Drop,0,1
1/10/2025 6:02,3,69.07,52.67,33.22,3.5,0.75,1,0,312,Normal,0,0
1/10/2025 6:03,50,80.77,53.07,66.38,2.96,2.72,1,0,277,Normal,0,0
1/10/2025 6:04,21,69.51,53.04,54.76,1.9,3.75,1,0,181,Normal,0,0
1/10/2025 6:05,6,66.51,71.4,72.77,4.35,3.89,1,0,79,Normal,0,0
1/10/2025 6:06,43,71.12,53.28,74.84,4.68,1.9,1,0,287,Normal,0,0
1/10/2025 6:07,18,82.32,69.96,30.16,2.49,4.23,1,0,60,Normal,0,0
1/10/2025 6:08,44,85.83,56.71,76.62,4.95,3.23,2,0,127,Vibration Issue,0,1
1/10/2025 6:09,5,77.49,49.12,31.43,4.51,3.19,2,0,294,Normal,0,1
1/10/2025 6:10,9,73.99,35.65,72.8,3.51,4.84,0,0,396,Normal,0,0
1/10/2025 6:11,20,80.94,35.37,65.35,1.2,1.86,1,0,224,Normal,0,0
1/10/2025 6:12,28,73.58,41.77,33.95,4.64,3.04,1,0,406,Normal,0,0
1/10/2025 6:13,26,71.52,55.28,68.95,3.02,1.37,1,0,170,Normal,0,0
1/10/2025 6:14,18,66.37,66.62,72.79,2,3.71,0,0,182,Normal,0,0
1/10/2025 6:15,19,86.22,57.29,59.83,3.05,3,1,0,67,Normal,0,0
1/10/2025 6:16,3,70.07,28.24,62.26,3.38,0.62,1,0,114,Normal,0,0
1/10/2025 6:17,9,65.76,48.9,52.49,2.52,1.83,1,0,53,Normal,0,0
1/10/2025 6:18,36,73.2,51.54,31.1,3.19,3.56,1,0,368,Normal,0,0
1/10/2025 6:19,31,84.15,40.5,31.61,1.36,1.07,1,0,41,Normal,0,0
1/10/2025 6:20,49,82.6,37.89,31.41,1.45,3.18,1,0,50,Normal,0,0
1/10/2025 6:21,17,73.47,46.75,73.11,1.43,3.96,2,0,498,Vibration Issue,0,1
1/10/2025 6:22,23,70.86,60.57,45.73,2.8,2.83,1,0,175,Normal,0,0
1/10/2025 6:23,34,97.51,60.95,31.61,2.81,2.41,2,1,19,Pressure Drop,1,1
1/10/2025 6:24,41,67.73,42.52,61.21,3.98,4.77,1,0,185,Normal,0,0
1/10/2025 6:25,41,75.51,78.2,45.8,1.8,4.8,1,0,438,Normal,0,0
1/10/2025 6:26,5,68.89,26.03,53.01,1.26,1.41,1,0,347,Normal,0,0
1/10/2025 6:27,15,84.05,59.46,48.72,3.52,1.78,1,0,251,Normal,0,0
1/10/2025 6:28,47,84.3,55.99,77.67,2.7,4.74,1,0,146,Normal,0,0
1/10/2025 6:29,3,65.08,26.57,53.25,1.57,4.26,1,0,217,Normal,0,0
1/10/2025 6:30,19,77.53,37.51,47.77,2.27,0.75,1,0,91,Normal,0,0
1/10/2025 6:31,28,51.92,38.11,56.52,4.59,4.13,1,0,71,Normal,0,0
1/10/2025 6:32,3,76.61,63.48,56.83,2.74,3.45,1,0,231,Normal,0,0
1/10/2025 6:33,38,47.84,35.14,40.58,4.4,0.91,1,0,146,Normal,0,0
1/10/2025 6:34,4,78.69,19.15,44.16,1.32,4.93,1,0,317,Normal,0,0
1/10/2025 6:35,24,72.33,34.34,57.14,2.34,3.35,1,0,196,Normal,0,0
1/10/2025 6:36,31,61.28,57.73,40.01,3.5,4.5,2,0,267,Vibration Issue,0,1
1/10/2025 6:37,45,80.68,56.64,45.18,3.91,4.46,1,0,16,Normal,0,1
1/10/2025 6:38,45,75.77,28.24,66.54,2.81,3.16,2,0,159,Electrical Fault,0,1
1/10/2025 6:39,11,66.12,47.41,78.51,2.71,2.04,1,0,197,Normal,0,0
1/10/2025 6:40,37,82.53,64.84,72.43,3.38,1.01,2,0,63,Overheating,0,1
1/10/2025 6:41,1,74.45,38.49,50.96,4.06,2.75,1,0,188,Normal,0,0
1/10/2025 6:42,9,79.27,49.65,54.78,1.37,2.41,2,0,202,Overheating,0,1
1/10/2025 6:43,17,71.99,35.2,34.36,3.46,4.76,1,0,281,Normal,0,0
1/10/2025 6:44,1,73.61,49.92,31.85,2.31,1.28,1,0,249,Normal,0,0
1/10/2025 6:45,3,90.76,46.95,38.19,4.95,2.19,2,1,36,Vibration Issue,1,1
1/10/2025 6:46,47,69.43,68.73,45.1,3.18,2.46,1,0,320,Normal,0,0
1/10/2025 6:47,26,78,35.77,41.82,2.23,0.96,0,0,34,Normal,0,0
1/10/2025 6:48,31,78.08,42.72,45.22,2.04,3.17,1,0,327,Normal,0,0
1/10/2025 6:49,26,63.56,59.41,49.53,4.63,4.44,2,0,352,Vibration Issue,0,1
1/10/2025 6:50,23,78.19,67.38,71.05,2.63,3.01,1,0,28,Normal,0,0
1/10/2025 6:51,30,59.13,80.3,76.2,4.92,1.5,2,1,2,Overheating,1,1
1/10/2025 6:52,10,95.41,25.88,59.9,2.2,1.72,1,1,1,Normal,1,1
1/10/2025 6:53,8,89.25,48.93,46.86,1.5,2.32,1,0,124,Normal,0,0
1/10/2025 6:54,44,55.44,75.77,31.9,2.83,3.21,1,0,443,Normal,0,0
1/10/2025 6:55,25,86.31,70.67,48.91,4.46,3.19,1,0,136,Normal,0,0
1/10/2025 6:56,22,75.94,42.78,62.15,2.4,2.97,2,0,401,Vibration Issue,0,1
1/10/2025 6:57,15,60.29,65.62,41.07,4.91,0.91,1,0,139,Normal,0,0
1/10/2025 6:58,41,57.13,56.3,78.81,3.17,4.44,1,0,51,Normal,0,0
1/10/2025 6:59,10,74.62,57.64,46.46,4.35,4.08,1,0,72,Normal,0,0
1/10/2025 7:00,20,91.59,45.17,45.94,1.44,1.59,1,1,45,Normal,1,1
1/10/2025 7:01,41,98.65,54.67,38.19,1.7,0.8,0,1,43,Normal,1,1
1/10/2025 7:02,47,77.89,56.14,70.21,2.34,1.07,1,0,363,Normal,0,0
1/10/2025 7:03,23,65,44.24,31.83,2.52,3.92,1,0,342,Normal,0,0
1/10/2025 7:04,1,93.45,79.6,38,3.31,3.75,1,1,34,Normal,1,1
1/10/2025 7:05,2,65.71,63.75,42.69,3.27,0.97,1,0,11,Normal,0,1
1/10/2025 7:06,19,71.63,77.89,64.55,4.35,1.03,1,0,200,Normal,0,0
1/10/2025 7:07,14,81.82,48.16,71.82,3.51,0.75,1,0,15,Normal,0,1
1/10/2025 7:08,8,88.2,36.42,33.52,3.09,3.15,1,0,30,Normal,0,0
1/10/2025 7:09,38,63.6,52.39,59.27,3.52,2.51,1,0,59,Normal,0,0
1/10/2025 7:10,12,74.8,55.81,74.92,2.22,2.62,1,0,146,Normal,0,0
1/10/2025 7:11,26,81.53,46.9,47.06,4.11,4.79,1,0,163,Normal,0,0
1/10/2025 7:12,27,50.9,29.28,47.14,2.6,3.74,1,0,194,Normal,0,0
1/10/2025 7:13,29,56.47,46.39,53.99,3.92,3.13,1,0,70,Normal,0,0
1/10/2025 7:14,15,58.59,29.14,48.01,3.81,3.09,1,0,35,Normal,0,0
1/10/2025 7:15,46,77.64,37.11,57.4,3.65,4.2,1,0,206,Normal,0,0
1/10/2025 7:16,1,80.98,61.57,57.07,2.9,1.39,2,0,144,Vibration Issue,0,1
1/10/2025 7:17,43,87.07,80.71,62.01,3.59,1.89,1,1,7,Normal,1,1
1/10/2025 7:18,28,78.3,69.79,31.16,2.3,0.82,2,0,104,Electrical Fault,0,1
1/10/2025 7:19,3,98.64,35.27,53.9,2.8,1.63,1,1,25,Normal,1,1
1/10/2025 7:20,18,81.33,56.64,52.73,2.27,1.11,1,0,125,Normal,0,0
1/10/2025 7:21,34,88.42,49.32,30.18,4.13,1.95,1,0,347,Normal,0,0
1/10/2025 7:22,32,84.56,53.66,38.02,4.63,3.81,1,0,180,Normal,0,0
1/10/2025 7:23,29,77.74,51.14,58.19,3.02,3.12,1,0,480,Normal,0,0
1/10/2025 7:24,25,91.1,55.74,41.13,3.15,3.67,1,1,4,Normal,1,1
1/10/2025 7:25,26,81.69,69.75,51.19,3.67,1.06,1,0,72,Normal,0,0
1/10/2025 7:26,39,69.15,71.54,41.74,3.98,2.21,0,0,229,Normal,0,0
1/10/2025 7:27,8,76.98,64.41,74.06,3.57,1.48,1,0,399,Normal,0,0
1/10/2025 7:28,19,71.77,41.06,51.84,4.68,1.44,1,0,143,Normal,0,0
1/10/2025 7:29,47,67.27,53.62,33.69,2.27,3.46,1,0,295,Normal,0,0
1/10/2025 7:30,42,68.16,27.46,75.66,3.13,3.36,1,0,16,Normal,0,1
1/10/2025 7:31,22,81.28,62.97,54.76,3.48,2.1,1,0,342,Normal,0,0
1/10/2025 7:32,29,61.2,40.18,60.66,2.74,2.6,2,0,474,Pressure Drop,0,1
1/10/2025 7:33,33,77.75,46.78,51.55,4,2.65,1,0,429,Normal,0,0
1/10/2025 7:34,38,69.87,38.22,58.65,1.17,2.33,1,0,278,Normal,0,0
1/10/2025 7:35,45,64.97,65.39,58.82,4.68,2.64,1,0,382,Normal,0,0
1/10/2025 7:36,46,74.1,74.36,61.59,1.03,1.48,1,0,476,Normal,0,0
1/10/2025 7:37,35,76.45,33.31,42.62,3.13,2.09,0,0,172,Normal,0,0
1/10/2025 7:38,43,95.4,47.84,50.7,4.47,1.11,1,1,5,Normal,1,1
1/10/2025 7:39,3,64.71,44.49,40.86,2.69,1.51,0,0,49,Normal,0,0
1/10/2025 7:40,19,78.07,56.28,76.43,3.94,2.69,0,0,169,Normal,0,0
1/10/2025 7:41,10,79.64,54.11,77.65,4.54,2.26,1,0,147,Normal,0,0
1/10/2025 7:42,27,74.03,45.5,60.49,2.09,2.21,1,0,298,Normal,0,0
1/10/2025 7:43,15,89.39,38.92,31.07,3.93,4,1,0,79,Normal,0,0
1/10/2025 7:44,11,77.53,32.07,49.77,1.06,2.65,0,0,178,Normal,0,0
1/10/2025 7:45,47,83.79,38.23,36.61,4.72,1.1,1,0,365,Normal,0,0
1/10/2025 7:46,26,68.7,52.06,67.45,2.13,0.83,0,0,404,Normal,0,0
1/10/2025 7:47,24,62.58,77.58,51.84,3.35,2.5,0,0,393,Normal,0,0
1/10/2025 7:48,13,73.11,24,64.3,1.07,2.57,1,0,498,Normal,0,0
1/10/2025 7:49,32,72.96,46.33,72.51,1.46,4.26,1,0,448,Normal,0,0
1/10/2025 7:50,37,71.46,54.22,56.87,3.6,2.14,1,0,179,Normal,0,0
1/10/2025 7:51,4,77.82,26.38,56.28,1.5,4.73,1,0,344,Normal,0,0
1/10/2025 7:52,13,70.39,47.26,58.18,2.17,1.15,1,0,118,Normal,0,0
1/10/2025 7:53,9,70.64,13.52,77.04,3.42,2.04,1,0,51,Normal,0,0
1/10/2025 7:54,49,89.5,62.73,76.58,4.6,1.06,1,0,165,Normal,0,0
1/10/2025 7:55,34,65.33,57.08,55.74,4.72,1.36,1,0,86,Normal,0,0
1/10/2025 7:56,37,88.35,76.51,75.39,3.14,3.89,1,0,286,Normal,0,0
1/10/2025 7:57,48,83.55,41.06,43.23,3.24,3.5,1,0,162,Normal,0,0
1/10/2025 7:58,7,86.4,35,61.74,3.18,2.93,1,0,148,Normal,0,0
1/10/2025 7:59,1,86.4,44.77,37.38,3.79,1.24,2,0,351,Vibration Issue,0,1
1/10/2025 8:00,12,73.87,33.07,41.97,3.88,0.79,1,0,394,Normal,0,0
1/10/2025 8:01,21,68.19,43.8,52.68,4.75,2.03,1,0,222,Normal,0,0
1/10/2025 8:02,11,71.9,67.34,48.81,1.51,3.85,1,0,348,Normal,0,0
1/10/2025 8:03,44,74.93,39.72,43.52,1.47,3.42,1,0,199,Normal,0,0
1/10/2025 8:04,44,63.29,46.56,72.87,2.86,3.65,1,0,290,Normal,0,0
1/10/2025 8:05,44,79.08,33.01,49.76,1.49,4.23,1,0,153,Normal,0,0
1/10/2025 8:06,14,70.86,56.19,47.5,3.78,4.17,1,0,154,Normal,0,0
1/10/2025 8:07,34,76.82,41.68,78.18,4.9,3.69,1,0,405,Normal,0,0
1/10/2025 8:08,34,73.08,58.9,46.23,1.1,0.87,1,0,304,Normal,0,0
1/10/2025 8:09,25,84.25,53.72,51.5,2.14,4.14,1,0,76,Normal,0,0
1/10/2025 8:10,4,80.36,47.77,31.19,3.33,1.33,1,0,450,Normal,0,0
1/10/2025 8:11,26,68.87,58.42,74.33,1.66,0.87,1,0,76,Normal,0,0
1/10/2025 8:12,16,75.86,76.96,53.81,2.65,3.01,1,0,316,Normal,0,0
1/10/2025 8:13,10,53.28,57.22,74.18,1.18,1.79,1,0,422,Normal,0,0
1/10/2025 8:14,45,70.54,44.83,55.97,1.43,2.73,1,0,199,Normal,0,0
1/10/2025 8:15,2,77.72,51.78,76.47,1.44,3.5,2,0,253,Vibration Issue,0,1
1/10/2025 8:16,35,65.4,87.82,61.9,2.61,0.53,2,1,47,Overheating,1,1
1/10/2025 8:17,19,82.63,80.87,66.46,1.51,0.68,1,1,5,Normal,1,1
1/10/2025 8:18,6,62.03,29.11,65.9,4.11,2.04,1,0,355,Normal,0,0
1/10/2025 8:19,19,78.07,31.81,47.9,1.88,3.78,1,0,114,Normal,0,0
1/10/2025 8:20,8,73.47,27.51,55.37,2.93,2.44,1,0,21,Normal,0,0
1/10/2025 8:21,14,85.91,48.17,52.1,4.11,3.03,1,0,267,Normal,0,0
1/10/2025 8:22,10,69.43,43.47,52.24,3.47,0.78,1,0,238,Normal,0,0
1/10/2025 8:23,3,73.21,69.48,78.05,4.31,4.36,1,0,349,Normal,0,0
1/10/2025 8:24,38,88.29,19.56,33.8,3.18,2.77,1,0,180,Normal,0,0
1/10/2025 8:25,29,88.43,69.61,33.56,4.96,2.34,1,0,132,Normal,0,0
1/10/2025 8:26,15,55.97,80.17,49.44,4.44,3.74,1,1,27,Normal,1,1
1/10/2025 8:27,23,60.23,48.04,50.49,1.77,2.32,2,0,211,Pressure Drop,0,1
1/10/2025 8:28,23,89.03,14.15,42.08,1.21,2.12,1,0,391,Normal,0,0
1/10/2025 8:29,18,86.66,76.03,61.17,1.92,4.58,1,0,435,Normal,0,0
1/10/2025 8:30,46,83.12,57.21,41.41,4.44,4.64,0,0,122,Normal,0,0
1/10/2025 8:31,19,73.94,54.72,56.76,3.69,3.1,1,0,324,Normal,0,0
1/10/2025 8:32,28,74.77,54.86,37.74,2.6,2.5,1,0,350,Normal,0,0
1/10/2025 8:33,26,60.34,41.94,69,2.41,4.42,1,0,474,Normal,0,0
1/10/2025 8:34,10,70.67,41.82,40.22,1.97,2.34,1,0,402,Normal,0,0
1/10/2025 8:35,47,83.94,47.7,77.61,1.6,2.98,1,0,220,Normal,0,0
1/10/2025 8:36,4,73.86,55.23,64.48,2.11,2.2,1,0,28,Normal,0,0
1/10/2025 8:37,2,84.23,43.18,49.94,2.34,5,2,0,26,Vibration Issue,0,1
1/10/2025 8:38,3,85.53,33.51,68.22,1.36,2.57,2,0,431,Overheating,0,1
1/10/2025 8:39,7,84.59,31.33,33.58,1.62,3.3,1,0,406,Normal,0,0
1/10/2025 8:40,16,79.51,70.23,70.66,1.39,3.2,1,0,88,Normal,0,0
1/10/2025 8:41,31,72.31,74.29,59.59,1.14,2.84,1,0,429,Normal,0,0
1/10/2025 8:42,10,77.37,50.6,57.48,1.77,4.64,1,0,255,Normal,0,0
1/10/2025 8:43,19,65.11,39.76,43.16,3.11,0.52,2,0,42,Normal,0,1
1/10/2025 8:44,28,58.73,44.76,30.44,1.94,0.56,1,0,496,Normal,0,0
1/10/2025 8:45,17,77,42.25,66.06,2.21,2.37,1,0,327,Normal,0,0
1/10/2025 8:46,28,69.05,48.57,49.04,3.12,4.24,0,0,368,Normal,0,0
1/10/2025 8:47,19,68.13,48.3,31.13,1.61,2.55,1,0,46,Normal,0,0
1/10/2025 8:48,37,73.37,28.72,51.6,2.24,3.7,1,0,454,Normal,0,0
1/10/2025 8:49,23,83.79,36.55,68.69,1.01,4.28,2,0,91,Pressure Drop,0,1
1/10/2025 8:50,20,86.68,67.48,47.14,2.43,0.62,1,0,161,Normal,0,0
1/10/2025 8:51,13,65.67,50.5,57.03,2.74,2.9,1,0,109,Normal,0,0
1/10/2025 8:52,13,94.63,53.7,71.39,3.63,2.35,2,1,20,Normal,1,1
1/10/2025 8:53,43,79.07,27.13,70.41,1.43,4.89,1,0,393,Normal,0,0
1/10/2025 8:54,11,80.52,56.12,46.02,3.92,0.91,2,0,28,Vibration Issue,0,1
1/10/2025 8:55,48,65.18,48.22,40.94,3.03,0.8,1,0,194,Normal,0,0
1/10/2025 8:56,15,74.5,49.38,59.62,4.25,3.05,1,0,37,Normal,0,0
1/10/2025 8:57,17,74.01,65.88,59.78,4,0.93,1,0,372,Normal,0,0
1/10/2025 8:58,50,57.44,30.01,55.43,2.01,4.79,1,0,434,Normal,0,0
1/10/2025 8:59,28,74.61,59.17,47.59,4.12,1.95,1,0,313,Normal,0,0
1/10/2025 9:00,19,83,72.75,76.81,1.24,1.18,1,0,188,Normal,0,0
1/10/2025 9:01,4,69.71,48.67,39.75,1.92,2.38,1,0,469,Normal,0,0
1/10/2025 9:02,22,67.47,43.56,59.06,3.6,1.93,1,0,434,Normal,0,0
1/10/2025 9:03,22,85.63,37.18,68.65,1.98,1.91,1,0,293,Normal,0,0
1/10/2025 9:04,37,76.97,35.96,52.57,2.78,1.23,0,0,293,Normal,0,0
1/10/2025 9:05,39,74.35,43.34,55.58,2.03,0.85,2,0,167,Pressure Drop,0,1
1/10/2025 9:06,34,76.67,46.56,58.2,4.43,2.3,1,0,316,Normal,0,0
1/10/2025 9:07,33,80.72,31.21,54.76,2.14,3.56,2,0,269,Pressure Drop,0,1
1/10/2025 9:08,44,83.71,84.14,38.86,1.44,3.98,1,1,39,Normal,1,1
1/10/2025 9:09,42,85.01,46.89,55.85,3.42,0.98,0,0,315,Normal,0,0
1/10/2025 9:10,40,79.29,54.54,38.2,1.56,4.22,2,0,443,Overheating,0,1
1/10/2025 9:11,33,87.97,52.68,45.15,2.67,1.89,1,0,417,Normal,0,0
1/10/2025 9:12,12,56.78,31.9,39.94,3.06,0.54,2,0,234,Overheating,0,1
1/10/2025 9:13,2,85.94,63.75,69.79,4.66,3.63,1,0,477,Normal,0,0
1/10/2025 9:14,28,72.97,71.63,63.21,1.71,1.09,1,0,80,Normal,0,0
1/10/2025 9:15,10,63.46,62.96,62.74,4.13,1.92,0,0,297,Normal,0,0
1/10/2025 9:16,22,85.56,64.26,37.08,2.84,2.81,1,0,232,Normal,0,0
1/10/2025 9:17,17,75.49,88.46,53.59,4.1,1.88,1,1,31,Normal,1,1
1/10/2025 9:18,26,84.38,81.31,46.32,1.91,1.09,1,1,29,Normal,1,1
1/10/2025 9:19,3,72.59,75.21,71.15,1.69,3.98,0,0,247,Normal,0,0
1/10/2025 9:20,7,78.67,57.89,45.24,1.08,2.62,0,0,458,Normal,0,0
1/10/2025 9:21,44,73.49,42.23,76.58,4.03,1.5,1,0,27,Normal,0,0
1/10/2025 9:22,8,75.31,36.26,69.14,1.88,4.13,1,0,338,Normal,0,0
1/10/2025 9:23,20,69.37,58.16,49.52,3.27,3.14,1,0,191,Normal,0,0
1/10/2025 9:24,12,63.22,8.82,76.62,1.06,4.04,0,0,456,Normal,0,0
1/10/2025 9:25,35,64.78,39.06,58.67,1.13,3.12,1,0,224,Normal,0,0
1/10/2025 9:26,17,77.34,62.15,32.23,2.31,3.63,1,0,105,Normal,0,0
1/10/2025 9:27,28,69.56,28.89,45.25,2.22,2.73,1,0,411,Normal,0,0
1/10/2025 9:28,41,80.49,55.06,47.75,3.93,3.78,1,0,19,Normal,0,1
1/10/2025 9:29,10,73.69,62.99,74.36,3.51,4,1,0,104,Normal,0,0
1/10/2025 9:30,22,70.29,45.42,37.42,1.18,0.76,1,0,133,Normal,0,0
1/10/2025 9:31,38,92.5,47.92,30.16,1.2,1.12,1,1,34,Normal,1,1
1/10/2025 9:32,33,68.92,46.57,68.77,1.93,3.19,1,0,37,Normal,0,0
1/10/2025 9:33,22,76.78,39.98,38.36,4.27,4.58,1,0,202,Normal,0,0
1/10/2025 9:34,44,92.4,59.53,75.7,4.39,1.5,1,1,5,Normal,1,1
1/10/2025 9:35,37,84.34,52.2,79.38,2.19,4.98,1,0,40,Normal,0,0
1/10/2025 9:36,13,78.16,74.44,69.75,2.57,3,1,0,264,Normal,0,0
1/10/2025 9:37,27,68.17,45.69,48.32,1.13,3,0,0,450,Normal,0,0
1/10/2025 9:38,15,54.66,57.31,49.4,3.78,4.59,1,0,92,Normal,0,0
1/10/2025 9:39,22,49.06,45.57,68.56,4.12,4.2,1,0,462,Normal,0,0
1/10/2025 9:40,30,71.13,76.45,77.07,1.79,4.73,1,0,73,Normal,0,0
1/10/2025 9:41,43,92.24,46.18,66.74,4.22,2.09,1,1,12,Normal,1,1
1/10/2025 9:42,40,67.3,6,49.69,1.31,0.82,1,0,404,Normal,0,0
1/10/2025 9:43,37,64.87,51.46,36.96,4.03,2.84,1,0,41,Normal,0,0
1/10/2025 9:44,34,72.61,55.39,33.44,2.58,2.53,1,0,91,Normal,0,0
1/10/2025 9:45,44,76.33,43.4,60.7,2.44,1.32,0,0,53,Normal,0,0
1/10/2025 9:46,34,77.79,68.69,42.12,2.72,0.6,1,0,87,Normal,0,0
1/10/2025 9:47,48,86.58,61.29,71.41,1.28,2.53,1,0,448,Normal,0,0
1/10/2025 9:48,35,66.24,52.71,47.42,1.71,2.84,1,0,126,Normal,0,0
1/10/2025 9:49,42,87.71,66.81,78.81,4.08,2.39,1,0,18,Normal,0,1
1/10/2025 9:50,19,81.51,31.9,60.43,4.22,3.5,2,0,385,Vibration Issue,0,1
1/10/2025 9:51,8,69.07,27.79,72.65,4.43,1.37,1,0,335,Normal,0,0
1/10/2025 9:52,39,65.84,48.07,57.06,4.82,3.83,1,0,129,Normal,0,0
1/10/2025 9:53,33,61.76,66.97,40.2,2.89,2.08,1,0,483,Normal,0,0
1/10/2025 9:54,44,86.65,60.78,43.04,3.36,1.28,1,0,378,Normal,0,0
1/10/2025 9:55,28,71.92,35.88,69.13,4.83,2.97,1,0,273,Normal,0,0
1/10/2025 9:56,37,71.88,28.89,72.73,2.46,1.38,1,0,315,Normal,0,0
1/10/2025 9:57,48,77.43,59.07,60.51,3.41,0.82,1,0,316,Normal,0,0
1/10/2025 9:58,25,63.89,56.55,57.6,1.51,4.84,1,0,216,Normal,0,0
1/10/2025 9:59,36,90.2,41.08,34.57,3.9,3.91,1,1,24,Normal,1,1
1/10/2025 10:00,17,78.3,58.82,41.77,3.86,3.07,2,0,313,Vibration Issue,0,1
1/10/2025 10:01,24,78.01,37.25,59.59,1.6,4.9,1,0,377,Normal,0,0
1/10/2025 10:02,21,74.06,48.94,35.55,4.5,4.34,1,0,314,Normal,0,0
1/10/2025 10:03,2,61.28,47.06,48.37,3.25,3.08,1,0,415,Normal,0,0
1/10/2025 10:04,31,85.6,35.7,39.99,2.03,1.57,1,0,70,Normal,0,0
1/10/2025 10:05,44,97.7,19.9,58.4,1.71,3.68,2,1,46,Normal,1,1
1/10/2025 10:06,33,66.5,32.15,57.38,1.56,4.15,0,0,303,Normal,0,0
1/10/2025 10:07,30,65.73,51.79,31.19,3.57,2.74,2,0,323,Overheating,0,1
1/10/2025 10:08,12,66.48,79.61,47.28,3.54,0.7,1,0,129,Normal,0,0
1/10/2025 10:09,44,67.69,51.83,58.13,3.82,3.25,2,0,268,Pressure Drop,0,1
1/10/2025 10:10,12,89.61,40.13,44.9,4.7,3.46,0,0,297,Normal,0,0
1/10/2025 10:11,49,64.85,68.12,52.12,1.35,4.11,1,0,385,Normal,0,0
1/10/2025 10:12,24,98.58,68.33,77.7,3.42,4.89,1,1,9,Normal,1,1
1/10/2025 10:13,24,93.72,48.96,35.75,3.86,4.22,1,1,22,Normal,1,1
1/10/2025 10:14,11,83.07,47.74,56.73,1.33,4.36,1,0,146,Normal,0,0
1/10/2025 10:15,13,80.98,62.32,58.18,2.95,1.78,1,0,62,Normal,0,0
1/10/2025 10:16,27,83.82,46.6,34.63,2.76,3.92,0,0,96,Normal,0,0
1/10/2025 10:17,8,69.65,39.02,41.47,4.04,2.19,1,0,333,Normal,0,0
1/10/2025 10:18,10,63.6,51.27,70.43,3.46,3.05,1,0,462,Normal,0,0
1/10/2025 10:19,8,76.33,50.93,47.24,3.74,4.37,2,0,439,Vibration Issue,0,1
1/10/2025 10:20,20,61.56,31.12,36.2,2.12,4.01,2,0,126,Overheating,0,1
1/10/2025 10:21,8,67.69,54.68,64.78,2.94,4.16,1,0,440,Normal,0,0
1/10/2025 10:22,9,82.87,50.37,41.73,2.01,1.19,1,0,419,Normal,0,0
1/10/2025 10:23,7,79.23,50.95,74.14,1.67,2.58,1,0,199,Normal,0,0
1/10/2025 10:24,14,89.17,48.59,52.18,2.28,4.21,1,0,143,Normal,0,0
1/10/2025 10:25,28,72.2,41.83,71.45,4.46,1.95,1,0,176,Normal,0,0
1/10/2025 10:26,2,92.8,56.11,34.44,4.73,4.9,0,1,33,Normal,1,1
1/10/2025 10:27,43,68.5,55.23,33.3,2.98,3.31,1,0,248,Normal,0,0
1/10/2025 10:28,8,84.2,66.02,50.96,4.25,0.71,1,0,20,Normal,0,0
1/10/2025 10:29,13,76.75,82.86,33.41,3.84,4.52,2,1,33,Pressure Drop,1,1
1/10/2025 10:30,21,86.14,41.67,32.88,2.02,4.15,1,0,378,Normal,0,0
1/10/2025 10:31,47,67.8,40.51,48.5,4.84,0.84,1,0,433,Normal,0,0
1/10/2025 10:32,28,83.96,64.16,40.85,4.44,3.37,1,0,123,Normal,0,0
1/10/2025 10:33,35,79.87,76.47,34.26,4.27,1.99,1,0,79,Normal,0,0
1/10/2025 10:34,23,66.57,57.28,52.25,2.28,0.64,1,0,415,Normal,0,0
1/10/2025 10:35,46,97.76,65.06,42.58,1.62,0.72,1,1,9,Normal,1,1
1/10/2025 10:36,15,73.93,40.47,54.56,2.62,2.82,1,0,307,Normal,0,0
1/10/2025 10:37,2,83.68,54.03,31.07,2,4.09,1,0,387,Normal,0,0
1/10/2025 10:38,12,81.38,39.4,52.79,3.23,3.08,1,0,318,Normal,0,0
1/10/2025 10:39,36,62.96,23.29,35.56,3.78,3.09,1,0,444,Normal,0,0
1/10/2025 10:40,3,85.02,8.75,64.31,1.57,4.94,1,0,418,Normal,0,0
1/10/2025 10:41,5,63.31,70.94,70.28,1.44,4.67,2,0,453,Overheating,0,1
1/10/2025 10:42,3,71.04,52.88,72.5,2.04,1.06,2,0,457,Pressure Drop,0,1
1/10/2025 10:43,47,78.62,35.26,36.94,2.6,4.06,0,0,275,Normal,0,0
1/10/2025 10:44,19,75.76,89.91,40.06,3.57,2.45,1,1,1,Normal,1,1
1/10/2025 10:45,2,81.5,53.76,60.52,4.81,1.78,2,0,439,Electrical Fault,0,1
1/10/2025 10:46,44,51.93,34.25,41.24,4.42,3.22,1,0,354,Normal,0,0
1/10/2025 10:47,37,60.99,51.39,73.51,2.7,3.84,1,0,317,Normal,0,0
1/10/2025 10:48,17,82.02,67.67,66.26,2.51,3.19,2,0,59,Vibration Issue,0,1
1/10/2025 10:49,14,73.56,43.09,57.38,1.15,3.4,1,0,406,Normal,0,0
1/10/2025 10:50,28,78.87,42.51,68.9,3.96,2.04,1,0,410,Normal,0,0
1/10/2025 10:51,27,79.6,72.16,60.61,5,3.18,0,0,477,Normal,0,0
1/10/2025 10:52,10,65.49,49.99,65.56,3.06,1.29,0,0,396,Normal,0,0
1/10/2025 10:53,3,62.37,42.31,32.21,4.84,1.57,2,0,403,Pressure Drop,0,1
1/10/2025 10:54,36,83.12,36.32,38.45,1.68,4.3,1,0,208,Normal,0,0
1/10/2025 10:55,38,68.34,33.27,57.36,3.68,0.71,1,0,71,Normal,0,0
1/10/2025 10:56,25,77.7,26.8,71.79,1.96,3.6,1,0,320,Normal,0,0
1/10/2025 10:57,22,74.4,51.05,45.47,2.6,3.38,1,0,411,Normal,0,0
1/10/2025 10:58,48,64.26,63.81,30.48,2.93,3.82,1,0,482,Normal,0,0
1/10/2025 10:59,39,70.59,50.06,57.37,2.37,3.93,2,0,389,Vibration Issue,0,1
1/10/2025 11:00,47,85.79,42.41,30.68,2.33,4.36,1,0,68,Normal,0,0
1/10/2025 11:01,30,77.5,23.32,51.06,2.23,2.23,2,0,334,Electrical Fault,0,1
1/10/2025 11:02,21,72.34,63.31,69.07,1.11,0.54,2,0,155,Pressure Drop,0,1
1/10/2025 11:03,30,79.71,30.47,65.44,3.25,3.39,1,0,180,Normal,0,0
1/10/2025 11:04,28,89.49,28.44,38.6,3.43,2.52,1,0,85,Normal,0,0
1/10/2025 11:05,31,75.53,67.88,37.48,2.37,2.23,0,0,336,Normal,0,0
1/10/2025 11:06,26,96.94,66.8,53.63,2.04,2.92,1,1,7,Normal,1,1
1/10/2025 11:07,43,79.02,41.6,71.86,1.69,1.92,1,0,149,Normal,0,0
1/10/2025 11:08,22,72.82,56.81,46.55,4.75,3.97,0,0,177,Normal,0,0
1/10/2025 11:09,21,79.5,55.84,32.47,3.1,1.21,1,0,215,Normal,0,0
1/10/2025 11:10,1,98.43,75.45,58.39,2.84,0.6,1,1,45,Normal,1,1
1/10/2025 11:11,37,89.53,31.82,68.04,2.13,0.82,1,0,170,Normal,0,0
1/10/2025 11:12,13,61.64,55.48,40.82,4.53,3.65,2,0,243,Overheating,0,1
1/10/2025 11:13,21,60.75,33.91,78.68,1.8,4.79,1,0,280,Normal,0,0
1/10/2025 11:14,46,72.94,68.11,44.79,1.74,3.41,1,0,120,Normal,0,0
1/10/2025 11:15,9,97.84,74.23,79.54,1.11,1.17,1,1,27,Normal,1,1
1/10/2025 11:16,17,77.35,67.88,36.2,3.6,1.51,0,0,410,Normal,0,0
1/10/2025 11:17,47,68.54,29.3,75.08,1.06,3.85,1,0,71,Normal,0,0
1/10/2025 11:18,21,96.07,38.34,70.55,4.59,3.99,0,1,20,Normal,1,1
1/10/2025 11:19,31,85.72,49.04,68.02,2.62,4.83,1,0,205,Normal,0,0
1/10/2025 11:20,39,72.48,66.67,51.93,3.19,4.7,2,0,279,Overheating,0,1
1/10/2025 11:21,22,69.57,71.44,53.67,1.91,2.16,1,0,380,Normal,0,0
1/10/2025 11:22,12,85.52,37.27,60.83,3.68,3.38,0,0,477,Normal,0,0
1/10/2025 11:23,6,65.9,46.05,68.26,3.82,1.89,2,0,192,Vibration Issue,0,1
1/10/2025 11:24,16,70.4,68.16,70.05,4.99,2.66,1,0,178,Normal,0,0
1/10/2025 11:25,26,76.79,43.63,45.76,1.01,1.2,1,0,190,Normal,0,0
1/10/2025 11:26,5,70.52,33.38,78.58,3.5,3.39,2,0,20,Vibration Issue,0,1
1/10/2025 11:27,9,66.35,63.64,70.06,1.64,2.59,0,0,179,Normal,0,0
1/10/2025 11:28,46,79.07,61.07,38.05,3.87,2.37,1,0,40,Normal,0,0
1/10/2025 11:29,40,76.93,65.31,74.96,1.18,1.36,1,0,145,Normal,0,0
1/10/2025 11:30,14,77.73,47.28,71.26,3.24,0.91,1,0,421,Normal,0,0
1/10/2025 11:31,44,55.32,57.54,68.85,4.1,1.8,1,0,449,Normal,0,0
1/10/2025 11:32,42,86.42,35.01,61.24,2.45,3.28,1,0,433,Normal,0,0
1/10/2025 11:33,30,56.19,40.02,34.08,2.83,3.34,1,0,182,Normal,0,0
1/10/2025 11:34,26,78.29,56.43,52.68,3.11,4.29,1,0,102,Normal,0,0
1/10/2025 11:35,45,98.03,57.44,51.62,4.25,2.78,1,1,33,Normal,1,1
1/10/2025 11:36,29,84.29,61.54,58.94,2.45,4.82,0,0,167,Normal,0,0
1/10/2025 11:37,19,72.29,41.59,77.74,2.49,3.76,1,0,422,Normal,0,0
1/10/2025 11:38,47,70.07,62.6,30.96,3.94,3.87,1,0,454,Normal,0,0
1/10/2025 11:39,8,74.07,54.69,77.16,3.08,3.7,0,0,236,Normal,0,0
1/10/2025 11:40,23,86.73,70.46,68.87,2.57,2.7,1,0,342,Normal,0,0
1/10/2025 11:41,42,81.27,54.94,60.75,2.17,4.48,1,0,446,Normal,0,0
1/10/2025 11:42,35,75.46,72.84,54.37,1.19,2.07,1,0,375,Normal,0,0
1/10/2025 11:43,31,85.47,56.93,67.61,3.66,4.81,1,0,386,Normal,0,0
1/10/2025 11:44,35,62.18,46.43,32.36,2.33,1.06,1,0,358,Normal,0,0
1/10/2025 11:45,32,69.23,51.53,34.07,1.28,1.22,1,0,31,Normal,0,0
1/10/2025 11:46,5,70.1,35.75,60.32,4.71,1.02,1,0,463,Normal,0,0
1/10/2025 11:47,16,86.29,46,53.49,4.15,4.99,0,0,424,Normal,0,0
1/10/2025 11:48,17,77.77,56.98,49.67,3.95,0.95,1,0,82,Normal,0,0
1/10/2025 11:49,32,99.82,73.81,66.58,3.41,1.63,1,1,44,Normal,1,1
1/10/2025 11:50,38,83.37,46.14,69.49,4.77,2.64,1,0,79,Normal,0,0
1/10/2025 11:51,32,68.11,72.75,40.83,4.04,4.02,0,0,140,Normal,0,0
1/10/2025 11:52,20,84.73,48.46,62.17,4.25,2.33,1,0,422,Normal,0,0
1/10/2025 11:53,48,68.16,59.79,68.34,4.09,4.78,0,0,456,Normal,0,0
1/10/2025 11:54,2,70.89,7.83,37.6,2.77,3.68,1,0,86,Normal,0,0
1/10/2025 11:55,20,74.21,60.17,39.16,1.57,0.92,1,0,170,Normal,0,0
1/10/2025 11:56,47,78.31,88.77,79.64,3.62,1.21,1,1,28,Normal,1,1
1/10/2025 11:57,18,77.22,72.11,49.42,3.06,3.76,1,0,214,Normal,0,0
1/10/2025 11:58,1,77.18,52.88,55.98,4.59,2.61,1,0,364,Normal,0,0
1/10/2025 11:59,29,65.25,44.2,62.8,1.1,4.91,1,0,359,Normal,0,0
1/10/2025 12:00,29,74.97,59.78,53.33,1.1,0.99,1,0,148,Normal,0,0
1/10/2025 12:01,19,78.12,51.39,77.8,2.04,1.97,1,0,348,Normal,0,0
1/10/2025 12:02,44,83.64,39.6,38.43,2.38,4.11,1,0,380,Normal,0,0
1/10/2025 12:03,40,70.34,49.09,62.52,1.38,0.81,2,0,485,Overheating,0,1
1/10/2025 12:04,6,47.49,54.86,58.9,1.64,3.79,1,0,494,Normal,0,0
1/10/2025 12:05,44,86.21,58.47,38.54,2.68,4.55,2,0,391,Overheating,0,1
1/10/2025 12:06,39,80.68,42.55,70.44,2.16,0.89,1,0,74,Normal,0,0
1/10/2025 12:07,50,61.67,47.32,36.48,3.1,3.68,1,0,306,Normal,0,0
1/10/2025 12:08,46,60.24,73.04,79.25,2.01,1.55,1,0,467,Normal,0,0
1/10/2025 12:09,8,81.62,42.36,70.12,2.88,4.02,0,0,66,Normal,0,0
1/10/2025 12:10,24,71.98,52.66,62.26,2.19,1.96,0,0,391,Normal,0,0
1/10/2025 12:11,20,60.79,59.93,37.61,1.69,4.88,1,0,466,Normal,0,0
1/10/2025 12:12,14,64.36,18.09,30.99,3.73,1.69,1,0,197,Normal,0,0
1/10/2025 12:13,5,73.59,66.89,43.49,4.94,3.01,1,0,417,Normal,0,0
1/10/2025 12:14,41,67.42,86.51,35.92,1.37,1.38,1,1,35,Normal,1,1
1/10/2025 12:15,40,70,41.07,74.5,3.27,3.17,1,0,321,Normal,0,0
1/10/2025 12:16,34,75.77,67.65,72.27,4.75,2.73,1,0,219,Normal,0,0
1/10/2025 12:17,16,85.46,71.12,51.6,1.39,4.78,1,0,61,Normal,0,0
1/10/2025 12:18,45,80.76,46.36,55.26,1.34,1.28,2,0,347,Pressure Drop,0,1
1/10/2025 12:19,7,77.25,57.59,59.66,1.81,3.94,1,0,144,Normal,0,0
1/10/2025 12:20,16,89.14,47.29,65,4.9,4.86,0,0,199,Normal,0,0
1/10/2025 12:21,7,65.61,70.05,54.24,3.38,0.86,1,0,49,Normal,0,0
1/10/2025 12:22,27,74.41,68.41,37.12,2.9,2.64,2,0,454,Overheating,0,1
1/10/2025 12:23,14,68.97,71.29,68.26,3.78,3.54,1,0,70,Normal,0,0
1/10/2025 12:24,14,73.67,59.62,68.85,1.44,3.61,0,0,443,Normal,0,0
1/10/2025 12:25,44,74.55,28.99,76.88,1.84,3.31,1,0,235,Normal,0,0
1/10/2025 12:26,33,68.59,47.68,54.61,2.03,1.71,1,0,230,Normal,0,0
1/10/2025 12:27,33,71.26,22.06,59.11,1.8,2.84,1,0,423,Normal,0,0
1/10/2025 12:28,44,81.72,33.68,74.81,4.18,3.06,1,0,238,Normal,0,0
1/10/2025 12:29,20,73.91,67.99,70.59,2.1,0.53,0,0,237,Normal,0,0
1/10/2025 12:30,47,45.99,65.36,42.67,4.25,0.55,1,0,221,Normal,0,0
1/10/2025 12:31,36,81.97,39.77,54.2,3.05,4.81,1,0,69,Normal,0,0
1/10/2025 12:32,7,80.45,43.97,51.85,4.25,2.64,1,0,341,Normal,0,0
1/10/2025 12:33,32,62.25,64.15,78.91,1.6,3.48,2,0,442,Electrical Fault,0,1
1/10/2025 12:34,48,90.2,59.35,39.54,3.32,3.28,1,1,48,Normal,1,1
1/10/2025 12:35,3,72.51,41.81,67.32,4.69,1.34,1,0,318,Normal,0,0
1/10/2025 12:36,39,85.12,36.33,65.05,4.92,3.68,1,0,101,Normal,0,0
1/10/2025 12:37,29,75.42,75.65,72.61,2.74,2.63,0,0,250,Normal,0,0
1/10/2025 12:38,24,70.14,51.99,45.27,2.22,4,1,0,456,Normal,0,0
1/10/2025 12:39,22,78.88,51.09,41.85,4.56,4.26,1,0,104,Normal,0,0
1/10/2025 12:40,6,69.77,66.18,56.99,1.38,1.01,1,0,187,Normal,0,0
1/10/2025 12:41,48,73.46,42.61,47.51,3.89,3.38,0,0,98,Normal,0,0
1/10/2025 12:42,24,59.28,33.07,37.77,3.04,4.15,1,0,39,Normal,0,0
1/10/2025 12:43,40,71.96,52.69,74.86,2.03,1.39,1,0,442,Normal,0,0
1/10/2025 12:44,23,62.66,44.19,31.62,2.79,4.29,1,0,271,Normal,0,0
1/10/2025 12:45,38,74.94,49.5,72.41,3.11,4.82,1,0,79,Normal,0,0
1/10/2025 12:46,10,80.03,57.9,39.08,1.17,4.57,1,0,167,Normal,0,0
1/10/2025 12:47,16,75.53,69.81,64.72,3.84,4.46,1,0,303,Normal,0,0
1/10/2025 12:48,11,84.28,50.42,67.52,1.5,4.3,1,0,301,Normal,0,0
1/10/2025 12:49,32,94.78,38.34,61.61,4.35,1.6,1,1,24,Normal,1,1
1/10/2025 12:50,45,73.89,49.42,47.06,3.82,3.93,1,0,414,Normal,0,0
1/10/2025 12:51,6,75.76,32.2,61.06,3.53,4.9,1,0,191,Normal,0,0
1/10/2025 12:52,24,68.45,49.22,36.66,2,4.89,0,0,262,Normal,0,0
1/10/2025 12:53,33,56.09,56.04,47.22,2.67,4.2,1,0,183,Normal,0,0
1/10/2025 12:54,12,76.35,31.47,34.36,4.37,1.67,0,0,256,Normal,0,0
1/10/2025 12:55,27,81.82,33.69,68.74,4.44,2.98,1,0,349,Normal,0,0
1/10/2025 12:56,38,75.18,61.36,75.16,3.78,4.85,1,0,147,Normal,0,0
1/10/2025 12:57,18,66.82,57.38,66.43,3.38,2.26,1,0,94,Normal,0,0
1/10/2025 12:58,45,65.32,45.41,64.14,2.01,1.33,1,0,264,Normal,0,0
1/10/2025 12:59,39,62.36,27.81,68.6,4.66,3.05,2,0,64,Vibration Issue,0,1
1/10/2025 13:00,13,73.93,32.35,51.86,3.16,2.69,1,0,392,Normal,0,0
1/10/2025 13:01,40,64.98,44.02,49.68,4.61,4.18,2,0,441,Vibration Issue,0,1
1/10/2025 13:02,30,86.58,60.87,77.54,4.79,4.12,1,0,232,Normal,0,0
1/10/2025 13:03,49,82.56,61.77,52.24,4.87,3.69,1,0,242,Normal,0,0
1/10/2025 13:04,41,85.48,46.6,67.93,2.19,2.39,1,0,344,Normal,0,0
1/10/2025 13:05,13,87.76,22.1,74.97,3.18,4.15,0,0,34,Normal,0,0
1/10/2025 13:06,34,71.22,49.07,39.58,2.97,1.96,1,0,25,Normal,0,0
1/10/2025 13:07,36,83.34,84.3,53.89,1.08,4.39,1,1,42,Normal,1,1
1/10/2025 13:08,30,72.43,22.3,65.82,2.53,2.24,1,0,382,Normal,0,0
1/10/2025 13:09,25,72.55,41.83,64.83,1.91,2.56,1,0,237,Normal,0,0
1/10/2025 13:10,2,72.98,41.31,31.32,3.46,1.03,1,0,49,Normal,0,0
1/10/2025 13:11,36,66.79,57.77,56.46,3.32,3.05,1,0,119,Normal,0,0
1/10/2025 13:12,18,73.6,35.79,49.02,3.69,1.21,1,0,134,Normal,0,0
1/10/2025 13:13,5,73.75,77.99,71.89,1.99,4.23,1,0,222,Normal,0,0
1/10/2025 13:14,19,81.71,53.49,37.19,2.24,3.33,1,0,229,Normal,0,0
1/10/2025 13:15,42,72.8,53.52,49.05,1.36,4.61,2,0,374,Vibration Issue,0,1
1/10/2025 13:16,18,69.57,65.31,79.57,4.89,3.46,0,0,11,Normal,0,1
1/10/2025 13:17,32,81.9,60.17,58.05,4.56,3.53,0,0,261,Normal,0,0
1/10/2025 13:18,21,65.96,43.1,43.94,1.32,1.95,1,0,446,Normal,0,0
1/10/2025 13:19,10,73.67,52.45,71.71,3.4,4.99,1,0,467,Normal,0,0
1/10/2025 13:20,37,81.61,22.12,79.76,2.98,4.22,1,0,390,Normal,0,0
1/10/2025 13:21,49,83.25,65.71,79.31,3.13,1.74,0,0,58,Normal,0,0
1/10/2025 13:22,22,88.16,40.87,46.81,2.05,1.53,1,0,160,Normal,0,0
1/10/2025 13:23,13,79,49.94,72.63,3.76,3.9,1,0,249,Normal,0,0
1/10/2025 13:24,17,76.15,54.02,68.92,2.99,4.76,2,0,255,Vibration Issue,0,1
1/10/2025 13:25,9,90.92,66.52,32.56,4.14,2.1,1,1,47,Normal,1,1
1/10/2025 13:26,24,66.68,49.37,51.22,3.65,2.58,1,0,289,Normal,0,0
1/10/2025 13:27,44,82.85,69.67,66.51,4.35,4.02,1,0,169,Normal,0,0
1/10/2025 13:28,14,76.29,48.59,57.19,4.45,1.8,1,0,418,Normal,0,0
1/10/2025 13:29,46,53.47,71.58,42.56,3.42,2.58,1,0,68,Normal,0,0
1/10/2025 13:30,8,90.98,43.89,47.79,1.95,3.95,1,1,22,Normal,1,1
1/10/2025 13:31,37,66.91,62.28,32.38,2.02,1.51,1,0,220,Normal,0,0
1/10/2025 13:32,19,103.49,72.97,79.53,4.26,4.94,2,1,24,Vibration Issue,1,1
1/10/2025 13:33,28,76.54,88.47,48.96,3.52,2.91,1,1,41,Normal,1,1
1/10/2025 13:34,46,65.46,54.71,37.22,2.54,2.56,1,0,497,Normal,0,0
1/10/2025 13:35,41,83.02,84.45,71.43,2.38,3.44,1,1,39,Normal,1,1
1/10/2025 13:36,30,71.13,58.34,47.19,1.93,0.61,1,0,195,Normal,0,0
1/10/2025 13:37,7,75.65,52.52,33.22,2.62,4.98,1,0,238,Normal,0,0
1/10/2025 13:38,26,80.56,64.76,77.66,2.55,0.59,1,0,499,Normal,0,0
1/10/2025 13:39,40,76.08,35.72,78.89,1.18,1.13,1,0,480,Normal,0,0
1/10/2025 13:40,46,75.14,79.34,58.66,4.31,4.47,1,0,81,Normal,0,0
1/10/2025 13:41,46,70.01,68.49,48.57,4.84,3.04,1,0,489,Normal,0,0
1/10/2025 13:42,11,53.46,16.62,52.2,1.5,3.19,1,0,150,Normal,0,0
1/10/2025 13:43,14,78.88,40.13,79.05,4.96,2.25,1,0,230,Normal,0,0
1/10/2025 13:44,21,80.66,26.15,63.54,3.18,3.6,1,0,176,Normal,0,0
1/10/2025 13:45,8,95.57,27.68,37.96,2.06,3.46,1,1,24,Normal,1,1
1/10/2025 13:46,3,83.34,45.19,43.25,4.02,3.93,1,0,128,Normal,0,0
1/10/2025 13:47,28,64.81,54.54,74.58,4.54,1.18,1,0,83,Normal,0,0
1/10/2025 13:48,29,54.53,35.49,75.03,3.45,2.28,1,0,474,Normal,0,0
1/10/2025 13:49,23,51.68,38.84,71.02,4.8,2.55,0,0,49,Normal,0,0
1/10/2025 13:50,18,75.48,81.51,41.66,3.35,1.39,1,1,45,Normal,1,1
1/10/2025 13:51,35,81.25,53.33,67.05,1.55,1.07,2,0,498,Normal,0,1
1/10/2025 13:52,13,79.27,59,41.81,2.68,2.46,0,0,322,Normal,0,0
1/10/2025 13:53,12,78.31,43.86,75.23,1.38,2.38,2,0,36,Pressure Drop,0,1
1/10/2025 13:54,47,88.87,49.66,68.76,3.73,0.97,1,0,174,Normal,0,0
1/10/2025 13:55,50,78.91,33.26,40.53,4,4.6,1,0,194,Normal,0,0
1/10/2025 13:56,5,65.62,41.33,30.55,2.66,3.49,1,0,208,Normal,0,0
1/10/2025 13:57,39,69.38,14.13,75.69,1.98,0.54,1,0,17,Normal,0,1
1/10/2025 13:58,11,79.61,33.91,48.02,1.77,1.18,0,0,288,Normal,0,0
1/10/2025 13:59,11,77.11,70.82,52.88,2.69,0.61,1,0,177,Normal,0,0
1/10/2025 14:00,47,74.59,37.29,64.09,2.39,3.03,1,0,224,Normal,0,0
1/10/2025 14:01,42,70.34,53.19,36.85,4.84,0.71,1,0,28,Normal,0,0
1/10/2025 14:02,47,66,57.34,59.48,2.79,3.85,1,0,169,Normal,0,0
1/10/2025 14:03,31,91.84,49.79,34.23,3.3,2.71,1,1,36,Normal,1,1
1/10/2025 14:04,31,65.78,53.57,46.85,4.07,2.75,0,0,244,Normal,0,0
1/10/2025 14:05,13,69.14,34.61,66.86,4.02,2.79,1,0,258,Normal,0,0
1/10/2025 14:06,14,75.54,67.55,49.9,2.95,2.76,1,0,497,Normal,0,0
1/10/2025 14:07,49,78.68,35.88,59.11,2.89,1.52,0,0,397,Normal,0,0
1/10/2025 14:08,45,77.41,47.83,49.93,1.31,3.67,0,0,64,Normal,0,0
1/10/2025 14:09,42,58.98,40.82,46.06,3.63,1.58,1,0,285,Normal,0,0
1/10/2025 14:10,25,78.76,36.2,53.51,3.81,2.4,1,0,374,Normal,0,0
1/10/2025 14:11,33,86.22,38.73,34.43,1.5,3,1,0,473,Normal,0,0
1/10/2025 14:12,33,77.75,68.92,40.47,4.57,4.16,1,0,488,Normal,0,0
1/10/2025 14:13,15,95.71,73.38,49.72,2.8,3.09,1,1,26,Normal,1,1
1/10/2025 14:14,16,89.29,54.33,39.6,2.06,4.79,1,0,416,Normal,0,0
1/10/2025 14:15,44,71.72,12.24,49.1,1.84,4.71,1,0,456,Normal,0,0
1/10/2025 14:16,38,69.82,44.51,44.65,2.59,4.03,1,0,296,Normal,0,0
1/10/2025 14:17,6,64.93,23.65,55.98,4.43,1.11,1,0,130,Normal,0,0
1/10/2025 14:18,44,75.53,39.6,50.54,3.75,3.75,1,0,137,Normal,0,0
1/10/2025 14:19,25,78.56,64.34,76.02,1.9,2.95,1,0,104,Normal,0,0
1/10/2025 14:20,15,86.91,63.29,47.78,2.2,3.68,1,0,400,Normal,0,0
1/10/2025 14:21,4,74.95,29.4,39.52,1.74,1.95,1,0,87,Normal,0,0
1/10/2025 14:22,4,67.47,56.48,33.59,1.91,4.54,0,0,58,Normal,0,0
1/10/2025 14:23,30,86.34,56.52,40.4,1.26,4.33,1,0,335,Normal,0,0
1/10/2025 14:24,34,63.42,39.72,64.43,3.21,2.08,2,0,116,Vibration Issue,0,1
1/10/2025 14:25,27,79.64,47.09,71.87,3.09,2.06,1,0,138,Normal,0,0
1/10/2025 14:26,31,77.26,43.09,77.3,2.65,2.33,1,0,187,Normal,0,0
1/10/2025 14:27,32,76.24,43.44,65,1.15,4.63,1,0,257,Normal,0,0
1/10/2025 14:28,44,72.37,66.18,53.31,4.57,4.88,1,0,144,Normal,0,0
1/10/2025 14:29,39,87.16,22.34,51.22,1.51,3.99,1,0,162,Normal,0,0
1/10/2025 14:30,9,78.53,62.47,75.91,4.93,3.27,1,0,89,Normal,0,0
1/10/2025 14:31,41,79.44,47.87,48.79,2.48,0.87,1,0,477,Normal,0,0
1/10/2025 14:32,8,82.09,63.17,34.64,2.83,2.08,1,0,488,Normal,0,0
1/10/2025 14:33,14,61.06,64.23,58.82,1.73,2.03,1,0,288,Normal,0,0
1/10/2025 14:34,33,64.59,74.7,79.67,1.19,4.15,1,0,213,Normal,0,0
1/10/2025 14:35,23,67.37,46.11,36.47,2.34,1.18,1,0,379,Normal,0,0
1/10/2025 14:36,21,75.85,56.14,75.35,2.07,3.75,1,0,463,Normal,0,0
1/10/2025 14:37,12,66.72,37.38,38.5,1.72,1.8,1,0,22,Normal,0,0
1/10/2025 14:38,2,67.24,57.69,79.37,1.04,3.45,1,0,216,Normal,0,0
1/10/2025 14:39,13,72.97,32.43,44.43,1.84,4.31,1,0,224,Normal,0,0
1/10/2025 14:40,4,84.81,47.7,42.53,1.66,2.76,1,0,82,Normal,0,0
1/10/2025 14:41,20,84.6,48.61,65,2.95,1.61,1,0,319,Normal,0,0
1/10/2025 14:42,50,81.47,41.36,56.38,4.09,2.69,2,0,45,Vibration Issue,0,1
1/10/2025 14:43,48,80.89,70.77,53.17,1.34,2.04,2,0,103,Electrical Fault,0,1
1/10/2025 14:44,14,75.04,61.7,69.67,4.64,2.32,1,0,223,Normal,0,0
1/10/2025 14:45,30,77.79,39.47,30.12,2.41,1.93,1,0,356,Normal,0,0
1/10/2025 14:46,29,75.3,29.63,37.83,2.83,0.73,0,0,426,Normal,0,0
1/10/2025 14:47,8,76.29,42.62,74.23,2,4.26,1,0,260,Normal,0,0
1/10/2025 14:48,12,77.47,30.85,62.53,3.42,3.33,1,0,154,Normal,0,0
1/10/2025 14:49,41,72.13,58.94,78.14,1.59,4.3,1,0,372,Normal,0,0
1/10/2025 14:50,38,55.4,50.19,32.94,3.86,1.01,1,0,253,Normal,0,0
1/10/2025 14:51,26,82.22,58.25,61.38,2.59,3,1,0,417,Normal,0,0
1/10/2025 14:52,50,76.14,47.26,69.64,1.74,2.28,1,0,24,Normal,0,0
1/10/2025 14:53,2,59.08,49.56,42.28,1.6,0.67,1,0,268,Normal,0,0
1/10/2025 14:54,40,82.29,19.71,66.69,3.97,3.27,1,0,412,Normal,0,0
1/10/2025 14:55,14,78.71,59.4,77.74,3.51,3.89,1,0,80,Normal,0,0
1/10/2025 14:56,6,59.88,24.09,76.87,4.81,1.31,1,0,132,Normal,0,0
1/10/2025 14:57,42,92.61,44.39,32.34,3.28,3.12,1,1,49,Normal,1,1
1/10/2025 14:58,40,74.47,71.72,30.28,4.65,3.01,1,0,129,Normal,0,0
1/10/2025 14:59,31,98.06,34.69,78.8,1,2.88,0,1,45,Normal,1,1
1/10/2025 15:00,17,86.56,61.18,70.12,2.18,2.52,1,0,328,Normal,0,0
1/10/2025 15:01,25,91.12,41.13,37.78,4.53,2.9,1,1,26,Normal,1,1
1/10/2025 15:02,32,75.54,58.73,32.07,1.96,2.48,1,0,226,Normal,0,0
1/10/2025 15:03,12,77.12,29.9,50.05,2.64,1.75,2,0,123,Normal,0,1
1/10/2025 15:04,49,81.63,29.25,72.95,1.2,3.65,1,0,16,Normal,0,1
1/10/2025 15:05,13,78.23,65.43,67.43,3.37,1.43,1,0,283,Normal,0,0
1/10/2025 15:06,19,81.78,34.15,65.28,2.66,1.11,1,0,343,Normal,0,0
1/10/2025 15:07,44,74.29,47.41,40.65,1.91,0.67,0,0,54,Normal,0,0
1/10/2025 15:08,48,57.84,76.77,79.64,3.47,1.13,1,0,96,Normal,0,0
1/10/2025 15:09,25,70.64,36.6,47.91,3.66,1.69,1,0,313,Normal,0,0
1/10/2025 15:10,31,79.64,59.41,38.15,4.49,1.82,1,0,466,Normal,0,0
1/10/2025 15:11,37,78.83,4.87,62.3,3.68,3.69,1,0,340,Normal,0,0
1/10/2025 15:12,25,95,53.88,35.2,1.38,4.3,1,1,14,Normal,1,1
1/10/2025 15:13,16,71.5,48.21,58.93,1.9,4.64,1,0,404,Normal,0,0
1/10/2025 15:14,38,78.97,56.43,78.03,1.75,3.95,1,0,163,Normal,0,0
1/10/2025 15:15,43,82.01,53.88,63.54,3.64,3.72,1,0,426,Normal,0,0
1/10/2025 15:16,49,79.86,44.82,59.66,3.87,4.7,1,0,75,Normal,0,0
1/10/2025 15:17,23,67.13,24.86,32.51,2.29,1.14,0,0,156,Normal,0,0
1/10/2025 15:18,14,79.43,63.98,57.88,1.53,3.6,1,0,485,Normal,0,0
1/10/2025 15:19,6,65.18,42.99,54.66,4.59,4.28,0,0,125,Normal,0,0
1/10/2025 15:20,25,70.65,42.48,50.96,2.1,4.21,1,0,390,Normal,0,0
1/10/2025 15:21,23,73.37,46.86,34.04,1.32,2.1,1,0,130,Normal,0,0
1/10/2025 15:22,43,73.23,57.36,79.84,4.81,2.3,1,0,394,Normal,0,0
1/10/2025 15:23,12,59.65,53.56,65.55,3.6,2.49,2,0,23,Overheating,0,1
1/10/2025 15:24,13,74.63,53.37,32.17,2.58,4.74,1,0,40,Normal,0,0
1/10/2025 15:25,36,76.32,67.57,47.37,2.17,3.11,0,0,35,Normal,0,0
1/10/2025 15:26,39,77.33,31.9,46.18,3.36,1.85,0,0,252,Normal,0,0
1/10/2025 15:27,34,72.46,47.75,35.62,3.63,3.55,1,0,19,Normal,0,1
1/10/2025 15:28,6,94.75,52.44,75.43,3.6,4.54,1,1,40,Normal,1,1
1/10/2025 15:29,38,76.84,18.34,59.6,1.79,4.76,1,0,26,Normal,0,0
1/10/2025 15:30,50,70.73,20.78,61.69,4.71,2.02,2,0,450,Overheating,0,1
1/10/2025 15:31,40,78.14,59.41,44.01,4.01,2.28,1,0,147,Normal,0,0
1/10/2025 15:32,8,68.64,44.35,59.89,2.09,3.32,1,0,221,Normal,0,0
1/10/2025 15:33,8,84.64,19.96,52.86,3.99,1.71,1,0,87,Normal,0,0
1/10/2025 15:34,40,80.12,40.9,38.47,1.21,3.76,1,0,424,Normal,0,0
1/10/2025 15:35,33,91.16,41.63,77.79,4.27,3.59,1,1,46,Normal,1,1
1/10/2025 15:36,34,84.99,55.07,41.21,2.32,3.38,1,0,320,Normal,0,0
1/10/2025 15:37,44,90.01,33.11,62.05,1.94,2.95,1,1,26,Normal,1,1
1/10/2025 15:38,15,53.35,49.27,36.66,2.51,3.63,1,0,257,Normal,0,0
1/10/2025 15:39,36,64.78,34.13,72.39,1.85,5,1,0,289,Normal,0,0
1/10/2025 15:40,35,82.05,77.79,34.9,1.6,1.6,2,0,408,Vibration Issue,0,1
1/10/2025 15:41,46,69.21,27.28,46.02,4.1,0.86,0,0,154,Normal,0,0
1/10/2025 15:42,22,90.34,41.24,60.1,4.27,3.73,1,1,35,Normal,1,1
1/10/2025 15:43,23,72.61,38.96,78.68,1.36,2.21,1,0,149,Normal,0,0
1/10/2025 15:44,40,86.27,51.62,54.01,2.4,2.6,0,0,123,Normal,0,0
1/10/2025 15:45,45,79.86,63.73,62.05,2.89,2.62,1,0,223,Normal,0,0
1/10/2025 15:46,22,74.13,42.74,39,1.06,1.95,1,0,336,Normal,0,0
1/10/2025 15:47,5,68.03,22.51,76.83,2.86,1,0,0,226,Normal,0,0
1/10/2025 15:48,31,78.26,73.24,79.74,4.06,0.9,1,0,379,Normal,0,0
1/10/2025 15:49,13,73.29,57.96,39.63,1.52,4.7,1,0,280,Normal,0,0
1/10/2025 15:50,28,67.02,27.38,42.08,3.53,2.58,0,0,104,Normal,0,0
1/10/2025 15:51,20,60.83,28.62,53.81,1.58,2.71,1,0,475,Normal,0,0
1/10/2025 15:52,33,75.96,25.43,45.45,4.11,4.07,1,0,235,Normal,0,0
1/10/2025 15:53,16,84.92,46.82,78.01,4.03,4.32,1,0,253,Normal,0,0
1/10/2025 15:54,29,77.92,60.39,71.26,2.04,4.58,1,0,466,Normal,0,0
1/10/2025 15:55,23,82.23,32.45,45.55,1.44,4.68,1,0,12,Normal,0,1
1/10/2025 15:56,24,73.77,38.91,60.65,2.74,4.81,1,0,425,Normal,0,0
1/10/2025 15:57,34,67.08,59.49,43.98,2.42,3.67,1,0,129,Normal,0,0
1/10/2025 15:58,7,82.56,41.32,58.83,2.74,3.5,1,0,425,Normal,0,0
1/10/2025 15:59,38,72.66,50.36,67.09,1,2.58,1,0,371,Normal,0,0
1/10/2025 16:00,37,75.51,16.77,63.32,1.91,2.52,1,0,13,Normal,0,1
1/10/2025 16:01,4,82.38,35.24,33.52,1.5,4.76,1,0,28,Normal,0,0
1/10/2025 16:02,34,82.55,37.6,61.01,1.82,1.42,0,0,17,Normal,0,1
1/10/2025 16:03,42,76.03,48.95,76.35,2.39,1.93,2,0,448,Overheating,0,1
1/10/2025 16:04,22,83.79,71.23,37.17,1.64,0.84,1,0,441,Normal,0,0
1/10/2025 16:05,5,80.39,47.1,73.95,3.82,1.03,1,0,114,Normal,0,0
1/10/2025 16:06,50,80.59,39.29,61.32,2.4,4.93,2,0,487,Vibration Issue,0,1
1/10/2025 16:07,42,88.52,84.08,42.94,1.49,2.02,1,1,44,Normal,1,1
1/10/2025 16:08,23,80.9,39.71,65.19,4.66,1.72,1,0,295,Normal,0,0
1/10/2025 16:09,15,93.32,54.13,75.42,2.07,1.76,1,1,47,Normal,1,1
1/10/2025 16:10,31,61.54,69.9,52.92,2.72,3.94,1,0,27,Normal,0,0
1/10/2025 16:11,9,65.93,33.73,59.03,1.74,0.52,1,0,223,Normal,0,0
1/10/2025 16:12,43,70.2,44.51,60.43,1.78,4.73,0,0,63,Normal,0,0
1/10/2025 16:13,25,64.35,47.4,33.08,3.89,3.54,1,0,81,Normal,0,0
1/10/2025 16:14,25,93.13,46.84,67.43,3.07,3.96,1,1,18,Normal,1,1
1/10/2025 16:15,49,90.93,49.3,51.47,3.95,2.87,0,1,49,Normal,1,1
1/10/2025 16:16,21,82.44,76.52,56.14,1.96,1.42,2,0,85,Vibration Issue,0,1
1/10/2025 16:17,9,78.6,59.31,60.76,2.46,3.49,1,0,235,Normal,0,0
1/10/2025 16:18,48,64.7,32.32,44.1,3.06,0.68,2,0,387,Vibration Issue,0,1
1/10/2025 16:19,38,79.75,68.07,60.6,2.66,2.05,1,0,428,Normal,0,0
1/10/2025 16:20,22,76.42,51.08,52.28,2.02,4.54,1,0,54,Normal,0,0
1/10/2025 16:21,43,83.59,36.72,35.78,2.71,1.53,1,0,297,Normal,0,0
1/10/2025 16:22,23,70.6,60.61,72.2,3.83,3.88,1,0,267,Normal,0,0
1/10/2025 16:23,49,80.77,69.18,66.67,1.26,0.78,2,0,187,Vibration Issue,0,1
1/10/2025 16:24,4,85.16,83.55,78.28,1.88,3.96,1,1,26,Normal,1,1
1/10/2025 16:25,29,84.2,41.06,65.15,2.63,0.88,1,0,148,Normal,0,0
1/10/2025 16:26,15,76.57,52.28,61.07,4.75,4.61,1,0,331,Normal,0,0
1/10/2025 16:27,1,88.67,67.33,47.62,2.34,0.58,1,0,182,Normal,0,0
1/10/2025 16:28,30,66.31,56.84,63.82,1.61,2.78,1,0,325,Normal,0,0
1/10/2025 16:29,29,77.79,46.57,74.19,4.93,2.86,1,0,348,Normal,0,0
1/10/2025 16:30,20,80.78,59.11,30.31,4.14,3.77,2,0,299,Pressure Drop,0,1
1/10/2025 16:31,33,74.99,59.62,32.44,4.45,3.47,0,0,264,Normal,0,0
1/10/2025 16:32,41,82.63,45.23,47.81,4.67,0.52,1,0,256,Normal,0,0
1/10/2025 16:33,44,85.36,43.97,34.06,1.5,4.61,0,0,105,Normal,0,0
1/10/2025 16:34,36,57.12,49.67,59.92,4.63,3.16,1,0,82,Normal,0,0
1/10/2025 16:35,22,90.49,66.84,39.33,1.74,4.73,1,1,46,Normal,1,1
1/10/2025 16:36,13,69.83,35.61,41.29,1.45,0.73,1,0,104,Normal,0,0
1/10/2025 16:37,7,86.8,47.82,51.12,4.47,4.12,1,0,215,Normal,0,0
1/10/2025 16:38,8,68.37,82.15,57.2,4.56,4.02,1,1,15,Normal,1,1
1/10/2025 16:39,28,79.99,36.92,48.48,3.98,0.67,1,0,322,Normal,0,0
1/10/2025 16:40,45,80.28,46.28,35.26,1.25,1.98,1,0,384,Normal,0,0
1/10/2025 16:41,43,73.5,71.98,71,4.16,2.85,1,0,172,Normal,0,0
1/10/2025 16:42,9,70.57,48.69,58.37,1.61,4.43,1,0,84,Normal,0,0
1/10/2025 16:43,25,104.02,40.18,50.85,4.52,2.67,1,1,31,Normal,1,1
1/10/2025 16:44,16,70.03,28.13,39.09,3.78,3.65,2,0,236,Vibration Issue,0,1
1/10/2025 16:45,10,90.12,61.52,77.04,1.53,4.24,1,1,23,Normal,1,1
1/10/2025 16:46,11,103.82,49.9,34.64,1.69,2.3,1,1,43,Normal,1,1
1/10/2025 16:47,31,71.68,33.81,33.03,3.83,2.31,1,0,370,Normal,0,0
1/10/2025 16:48,12,59.27,50.45,32.34,1.06,0.72,1,0,220,Normal,0,0
1/10/2025 16:49,31,75.17,41.66,79.15,3.4,4.69,1,0,407,Normal,0,0
1/10/2025 16:50,14,70.5,39.31,55.19,1.48,0.93,1,0,278,Normal,0,0
1/10/2025 16:51,44,81.94,40.55,52.36,3.26,4.55,1,0,437,Normal,0,0
1/10/2025 16:52,32,70.6,51.76,61.22,2.14,2.25,1,0,449,Normal,0,0
1/10/2025 16:53,50,73.19,37.98,31.17,4.39,4.15,0,0,143,Normal,0,0
1/10/2025 16:54,17,74.65,57.01,41.99,1.76,3.52,1,0,373,Normal,0,0
1/10/2025 16:55,35,63.16,66,43,2.3,1.93,1,0,496,Normal,0,0
1/10/2025 16:56,1,73.16,42.68,51.02,2.64,4.8,1,0,238,Normal,0,0
1/10/2025 16:57,29,74.36,67.06,68.75,4.15,3.36,1,0,120,Normal,0,0
1/10/2025 16:58,4,68.16,57.32,37.19,4.58,1.94,0,0,340,Normal,0,0
1/10/2025 16:59,23,78.57,49.24,43.49,1.49,3.49,1,0,161,Normal,0,0
1/10/2025 17:00,28,86.55,67.88,69.88,1.74,2.76,1,0,224,Normal,0,0
1/10/2025 17:01,16,72.71,26.62,62.62,3.87,4.84,2,0,429,Vibration Issue,0,1
1/10/2025 17:02,12,74.9,32.18,31.86,2.33,2.13,1,0,314,Normal,0,0
1/10/2025 17:03,21,72.51,50.2,68.42,3.87,4.27,1,0,391,Normal,0,0
1/10/2025 17:04,45,93.02,46.92,58.17,1.72,1.85,1,1,9,Normal,1,1
1/10/2025 17:05,17,68.84,53.31,69.46,1.19,4.92,1,0,427,Normal,0,0
1/10/2025 17:06,40,68.43,63.54,34.68,4.13,4.34,1,0,369,Normal,0,0
1/10/2025 17:07,13,69.73,54.4,72.85,3.68,2.95,1,0,492,Normal,0,0
1/10/2025 17:08,32,87.86,62.6,36.51,1.53,4.72,1,0,428,Normal,0,0
1/10/2025 17:09,37,88.72,33.25,38.6,4.96,3.55,1,0,310,Normal,0,0
1/10/2025 17:10,50,66.77,49.35,62.62,2.99,1.97,1,0,80,Normal,0,0
1/10/2025 17:11,15,83.19,52.5,76.48,4.4,1.95,2,0,158,Overheating,0,1
1/10/2025 17:12,12,71.22,39.13,66.48,3.69,3.69,1,0,253,Normal,0,0
1/10/2025 17:13,49,61.45,65.7,56.16,4.96,2.03,1,0,105,Normal,0,0
1/10/2025 17:14,15,61.44,73.12,31.32,4.55,1,1,0,364,Normal,0,0
1/10/2025 17:15,34,73.63,39.77,58.81,3.63,4.81,2,0,18,Normal,0,1
1/10/2025 17:16,6,83.63,46.23,31.8,3.68,3.08,1,0,104,Normal,0,0
1/10/2025 17:17,17,75.43,53.73,58.11,3.75,3.62,1,0,292,Normal,0,0
1/10/2025 17:18,48,76.56,59.64,75.09,3.97,3.96,1,0,391,Normal,0,0
1/10/2025 17:19,49,57.42,44.8,34.07,3.29,1.65,0,0,372,Normal,0,0
1/10/2025 17:20,20,71.74,43.25,37.65,4.38,3.11,1,0,447,Normal,0,0
1/10/2025 17:21,9,72.67,57.2,46.8,4.5,2.42,1,0,286,Normal,0,0
1/10/2025 17:22,5,71.37,20.2,65.23,4.44,4.38,0,0,464,Normal,0,0
1/10/2025 17:23,23,65.24,39.65,61.19,1.65,3.74,1,0,323,Normal,0,0
1/10/2025 17:24,33,94.49,76.11,62.35,4.44,4.25,1,1,22,Normal,1,1
1/10/2025 17:25,38,81.13,21.71,72.09,3.92,4.69,2,0,353,Normal,0,1
1/10/2025 17:26,14,83.79,47.02,50.43,1.91,2.82,1,0,259,Normal,0,0
1/10/2025 17:27,17,76.35,34.89,53.18,2.42,2.17,2,0,155,Normal,0,1
1/10/2025 17:28,19,88.74,36.11,56.03,4.38,2.33,1,0,248,Normal,0,0
1/10/2025 17:29,33,65.96,59.55,73.07,3.5,1.74,1,0,104,Normal,0,0
1/10/2025 17:30,1,83.98,38.52,69.39,4.84,2.43,1,0,63,Normal,0,0
1/10/2025 17:31,13,63.55,58.01,50.12,1.05,0.77,1,0,235,Normal,0,0
1/10/2025 17:32,46,75.97,45.63,61.01,1.62,3.67,0,0,96,Normal,0,0
1/10/2025 17:33,27,75.5,71.37,49.64,1.45,4.36,1,0,228,Normal,0,0
1/10/2025 17:34,6,76.42,59.01,56.58,4.57,2.9,0,0,499,Normal,0,0
1/10/2025 17:35,6,75.55,62.3,51.82,3.85,3.06,2,0,325,Normal,0,1
1/10/2025 17:36,33,53.64,26.41,55.17,1.86,2.97,1,0,407,Normal,0,0
1/10/2025 17:37,30,71.38,63.69,64.52,2.01,3.19,1,0,465,Normal,0,0
1/10/2025 17:38,46,74.68,38.08,72.94,1.47,3.61,1,0,359,Normal,0,0
1/10/2025 17:39,35,70.4,54.27,53.25,1.14,2.33,0,0,199,Normal,0,0
1/10/2025 17:40,23,59.77,21.41,64.6,3.93,4.85,1,0,340,Normal,0,0
1/10/2025 17:41,10,71.87,49.51,56.23,2.09,1.98,1,0,250,Normal,0,0
1/10/2025 17:42,19,81.59,59.75,66.75,4.05,3.35,1,0,257,Normal,0,0
1/10/2025 17:43,28,90.4,41.36,45.05,1.02,4.69,1,1,34,Normal,1,1
1/10/2025 17:44,23,73.93,42.47,62.17,4.43,2.78,1,0,450,Normal,0,0
1/10/2025 17:45,4,73.01,63.63,70.57,1.88,3.65,1,0,303,Normal,0,0
1/10/2025 17:46,20,67.58,-8.19,41.86,1.31,0.93,1,0,95,Normal,0,0
1/10/2025 17:47,19,90.83,44.12,35.34,2.83,0.6,1,1,21,Normal,1,1
1/10/2025 17:48,42,68.05,83.61,65.13,4.64,3.87,1,1,9,Normal,1,1
1/10/2025 17:49,27,71.93,69.69,61.61,1.57,4.7,1,0,310,Normal,0,0
1/10/2025 17:50,34,79.76,86.23,76.51,4.3,4.88,1,1,5,Normal,1,1
1/10/2025 17:51,4,84.77,40.25,50.18,1.3,1.45,1,0,337,Normal,0,0
1/10/2025 17:52,38,70.08,48.45,55.03,2.36,4.79,2,0,297,Pressure Drop,0,1
1/10/2025 17:53,7,73.22,68.65,46.08,3.64,4.41,1,0,87,Normal,0,0
1/10/2025 17:54,48,72.85,25.4,40.42,2.11,2.15,1,0,439,Normal,0,0
1/10/2025 17:55,7,61.61,46.66,77.71,3.17,2.13,0,0,274,Normal,0,0
1/10/2025 17:56,50,79.51,72.38,43,4.66,4.91,1,0,216,Normal,0,0
1/10/2025 17:57,26,69.05,47.34,73.29,4.18,1.46,1,0,297,Normal,0,0
1/10/2025 17:58,26,70.71,66.38,59.6,4.8,3.01,1,0,249,Normal,0,0
1/10/2025 17:59,19,78.41,45.18,70.76,1.13,3.93,1,0,208,Normal,0,0
1/10/2025 18:00,9,75.96,47.73,58.56,2.04,1.77,1,0,454,Normal,0,0
1/10/2025 18:01,20,92.74,39.08,55.8,2.81,3.84,1,1,45,Normal,1,1
1/10/2025 18:02,42,92.71,55.5,57.93,4.4,1.56,1,1,37,Normal,1,1
1/10/2025 18:03,45,89.58,37.57,43.7,2.95,3.47,0,0,94,Normal,0,0
1/10/2025 18:04,50,95.14,55.1,38.94,2.97,0.99,1,1,11,Normal,1,1
1/10/2025 18:05,16,91.1,56.61,36.51,2.07,4.38,1,1,47,Normal,1,1
1/10/2025 18:06,17,58.58,47.04,42.87,3.44,1.5,1,0,146,Normal,0,0
1/10/2025 18:07,22,80.53,41.31,49.24,1.06,2.01,1,0,484,Normal,0,0
1/10/2025 18:08,13,78.2,51.72,54.31,1.14,1.19,0,0,473,Normal,0,0
1/10/2025 18:09,12,77.75,36.35,33.2,2.13,4.52,2,0,220,Normal,0,1
1/10/2025 18:10,10,70.2,53.56,66.55,4.37,1.24,1,0,124,Normal,0,0
1/10/2025 18:11,1,57.52,44.86,55.09,1.79,2.57,1,0,291,Normal,0,0
1/10/2025 18:12,32,69.51,51.81,54.09,1.06,0.93,1,0,427,Normal,0,0
1/10/2025 18:13,30,68.26,51.01,43.36,3.92,2.87,1,0,373,Normal,0,0
1/10/2025 18:14,8,81.96,54.72,52.26,1.97,2.01,1,0,28,Normal,0,0
1/10/2025 18:15,21,72.16,35.12,72.66,4.04,1.46,1,0,161,Normal,0,0
1/10/2025 18:16,22,87.42,21.2,36.64,2.6,1.37,1,0,261,Normal,0,0
1/10/2025 18:17,18,92.81,51.46,38.1,3.8,2.06,1,1,43,Normal,1,1
1/10/2025 18:18,2,66.79,52.82,35.13,4.86,0.56,1,0,396,Normal,0,0
1/10/2025 18:19,48,64.43,52.61,30.01,1.25,4.64,1,0,395,Normal,0,0
1/10/2025 18:20,44,79.9,34.2,64.35,1.31,1.84,1,0,170,Normal,0,0
1/10/2025 18:21,9,81.07,45.52,53.6,4.88,4.59,0,0,19,Normal,0,1
1/10/2025 18:22,3,76.11,40.82,74.2,2,2.69,1,0,490,Normal,0,0
1/10/2025 18:23,26,63.4,66.96,46.64,1.41,1.81,1,0,33,Normal,0,0
1/10/2025 18:24,21,78.38,41.9,68.19,4,2.56,1,0,148,Normal,0,0
1/10/2025 18:25,30,72.85,33.41,63.48,3.66,0.53,2,0,98,Vibration Issue,0,1
1/10/2025 18:26,28,81.99,32.33,54.24,2.66,4.51,0,0,300,Normal,0,0
1/10/2025 18:27,36,72.74,57.51,50.89,2.45,3.02,1,0,117,Normal,0,0
1/10/2025 18:28,26,83.3,37.08,56.82,2.08,0.72,1,0,452,Normal,0,0
1/10/2025 18:29,34,83.34,47.08,44.96,4,3.12,1,0,380,Normal,0,0
1/10/2025 18:30,8,69.17,54.88,60.8,2.01,2.72,2,0,59,Vibration Issue,0,1
1/10/2025 18:31,10,82.42,43.7,61.05,2.74,4.82,0,0,282,Normal,0,0
1/10/2025 18:32,48,80.25,58.12,32.3,2,1.67,1,0,188,Normal,0,0
1/10/2025 18:33,43,73.33,76.65,67.05,2.58,4,1,0,59,Normal,0,0
1/10/2025 18:34,50,86.96,57.78,71.76,1.58,3.29,1,0,127,Normal,0,0
1/10/2025 18:35,14,62.25,53.06,74.77,3.34,1.55,1,0,107,Normal,0,0
1/10/2025 18:36,40,70.68,45.58,71.8,4.77,1.54,1,0,89,Normal,0,0
1/10/2025 18:37,15,86.66,39.7,61.27,3.48,1,1,0,231,Normal,0,0
1/10/2025 18:38,17,76.82,28.65,35.25,1.36,3.78,1,0,298,Normal,0,0
1/10/2025 18:39,18,73.64,60.71,62.93,3.59,3.45,1,0,52,Normal,0,0
1/10/2025 18:40,32,72.29,59.47,39.06,3.31,4.01,1,0,280,Normal,0,0
1/10/2025 18:41,38,67.04,53.24,52.41,4.69,2.44,1,0,396,Normal,0,0
1/10/2025 18:42,23,88.83,61.41,65.24,1.56,2.36,1,0,140,Normal,0,0
1/10/2025 18:43,46,76.84,30.19,53.15,2.91,4.18,1,0,381,Normal,0,0
1/10/2025 18:44,23,75.35,51.73,65.08,1.79,2.22,1,0,433,Normal,0,0
1/10/2025 18:45,35,86.02,68.1,68.4,2.28,1.88,2,0,240,Electrical Fault,0,1
1/10/2025 18:46,39,86.16,46.51,78.67,3.83,0.95,2,0,283,Electrical Fault,0,1
1/10/2025 18:47,15,77.31,48.87,47.54,4.69,4.52,2,0,64,Overheating,0,1
1/10/2025 18:48,24,99.7,44.11,79.01,2.12,4.74,1,1,39,Normal,1,1
1/10/2025 18:49,28,61.22,44.37,38.48,3.13,4.53,1,0,430,Normal,0,0
1/10/2025 18:50,16,91.57,59.03,56.89,4.03,3.05,1,1,2,Normal,1,1
1/10/2025 18:51,16,79.86,73.55,36.5,2.96,1.28,1,0,48,Normal,0,0
1/10/2025 18:52,40,82.62,41.36,78.97,4.36,2.66,1,0,283,Normal,0,0
1/10/2025 18:53,39,62.73,53.12,67.4,3.87,0.56,1,0,385,Normal,0,0
1/10/2025 18:54,6,65.06,80.25,33.23,1.19,4.6,0,1,14,Normal,1,1
1/10/2025 18:55,2,73.97,21.74,42.42,1.75,2.33,1,0,491,Normal,0,0
1/10/2025 18:56,13,78.35,27.05,62.63,1.02,4.14,1,0,259,Normal,0,0
1/10/2025 18:57,44,78.26,56.74,66.68,3.61,2.58,2,0,105,Vibration Issue,0,1
1/10/2025 18:58,47,73.42,77.64,51.48,3.11,2.52,1,0,31,Normal,0,0
1/10/2025 18:59,9,68.69,65.02,74.92,2.32,4.5,1,0,244,Normal,0,0
1/10/2025 19:00,34,76.36,40.85,72.12,1.61,3.12,1,0,469,Normal,0,0
1/10/2025 19:01,17,56.89,52.2,67.95,2.72,2.88,1,0,96,Normal,0,0
1/10/2025 19:02,27,96.48,59.49,74.83,2.82,1.51,1,1,23,Normal,1,1
1/10/2025 19:03,29,73.46,36.01,35.65,4.8,3,1,0,297,Normal,0,0
1/10/2025 19:04,37,67.08,65.28,52.86,2.5,1.24,1,0,28,Normal,0,0
1/10/2025 19:05,43,67.82,59.19,44.35,4.98,1.91,1,0,329,Normal,0,0
1/10/2025 19:06,22,63.79,81.23,59.02,1.51,0.82,1,1,1,Normal,1,1
1/10/2025 19:07,24,85.4,80.98,75.9,1.5,2.28,1,1,32,Normal,1,1
1/10/2025 19:08,7,80.17,64.83,45.78,2.36,1.54,0,0,133,Normal,0,0
1/10/2025 19:09,34,73.79,41.32,79.14,3.95,2.48,1,0,114,Normal,0,0
1/10/2025 19:10,48,73.56,76.35,47.09,3.27,4.08,1,0,296,Normal,0,0
1/10/2025 19:11,12,71.01,58.85,42.69,1.63,2.1,2,0,285,Vibration Issue,0,1
1/10/2025 19:12,23,54.75,35.73,58.29,2.87,2.92,1,0,56,Normal,0,0
1/10/2025 19:13,15,82.81,27.05,57.79,1.63,3.67,1,0,246,Normal,0,0
1/10/2025 19:14,33,75.06,45.68,38.5,1.93,0.88,1,0,276,Normal,0,0
1/10/2025 19:15,13,80.98,42.68,39.53,1.43,4.6,1,0,232,Normal,0,0
1/10/2025 19:16,23,84.07,29.24,39.03,3.64,1.54,1,0,104,Normal,0,0
1/10/2025 19:17,38,85.5,36.82,30.69,2.7,3.63,1,0,275,Normal,0,0
1/10/2025 19:18,32,76.52,43.56,45.53,4.09,1.22,0,0,122,Normal,0,0
1/10/2025 19:19,45,76.4,59.41,32.67,3.14,1.28,1,0,157,Normal,0,0
1/10/2025 19:20,50,86.19,40.63,78.83,3.48,1.11,1,0,440,Normal,0,0
1/10/2025 19:21,35,73.96,45.69,74.33,4.58,2.26,1,0,211,Normal,0,0
1/10/2025 19:22,1,88.17,44.53,73.44,3.45,2.78,1,0,57,Normal,0,0
1/10/2025 19:23,47,85.87,30.1,79.04,2.34,2.23,1,0,80,Normal,0,0
1/10/2025 19:24,45,69.67,61.27,33.96,3.18,4.43,0,0,435,Normal,0,0
1/10/2025 19:25,5,68.17,51.72,45.36,2.21,4.93,2,0,464,Vibration Issue,0,1
1/10/2025 19:26,13,63.85,62.83,79.46,1.95,2.78,1,0,435,Normal,0,0
1/10/2025 19:27,5,83.93,40.32,51.91,2.21,1.95,1,0,151,Normal,0,0
1/10/2025 19:28,32,48.2,24.69,54.5,1.63,3.78,1,0,274,Normal,0,0
1/10/2025 19:29,21,48.4,33.18,39.37,2.16,2.77,0,0,497,Normal,0,0
1/10/2025 19:30,24,78.76,59.52,64.73,3.67,2.52,1,0,110,Normal,0,0
1/10/2025 19:31,18,59.96,31.55,48.36,4.55,4.25,1,0,387,Normal,0,0
1/10/2025 19:32,21,64.5,56.37,55.14,2.42,1.55,1,0,328,Normal,0,0
1/10/2025 19:33,10,76.8,43.58,34.45,3.08,2.27,1,0,368,Normal,0,0
1/10/2025 19:34,24,59.84,82.51,34.99,1.95,4.22,1,1,27,Normal,1,1
1/10/2025 19:35,40,61.57,33.77,76.33,1.57,1.58,1,0,170,Normal,0,0
1/10/2025 19:36,47,90.84,63.77,59.28,1.33,3.93,2,1,5,Overheating,1,1
1/10/2025 19:37,21,78.94,65.75,61.11,3.15,1.83,1,0,281,Normal,0,0
1/10/2025 19:38,25,84.33,48.42,52.07,2.23,0.8,1,0,45,Normal,0,0
1/10/2025 19:39,23,69.05,96.13,64.27,4.7,3.9,1,1,43,Normal,1,1
1/10/2025 19:40,22,92.2,26.17,63.61,4.34,1.52,1,1,48,Normal,1,1
1/10/2025 19:41,4,44.21,43.96,33.32,4.15,0.57,1,0,467,Normal,0,0
1/10/2025 19:42,34,58.89,65.5,64.92,1.4,3.88,1,0,431,Normal,0,0
1/10/2025 19:43,6,57.76,43.2,70.06,3.21,1.13,1,0,272,Normal,0,0
1/10/2025 19:44,28,65.82,56.55,55.21,4.96,0.67,1,0,117,Normal,0,0
1/10/2025 19:45,31,86.78,75.63,43.06,3.01,4.78,0,0,357,Normal,0,0
1/10/2025 19:46,35,94.63,26.23,37.43,1.69,2.16,1,1,47,Normal,1,1
1/10/2025 19:47,39,76.42,66.96,70.87,3.26,3.36,1,0,443,Normal,0,0
1/10/2025 19:48,42,80.59,68.94,62.97,3.31,3.44,1,0,179,Normal,0,0
1/10/2025 19:49,23,50.9,44.28,30.23,1.13,0.66,1,0,144,Normal,0,0
1/10/2025 19:50,6,80.1,38.28,32.32,4.15,2.48,1,0,495,Normal,0,0
1/10/2025 19:51,16,68.36,49.12,31.29,4.23,1.35,1,0,224,Normal,0,0
1/10/2025 19:52,2,64.17,31.41,47.13,1.68,4.25,1,0,426,Normal,0,0
1/10/2025 19:53,24,70.7,46.41,68.6,4.89,4.37,1,0,443,Normal,0,0
1/10/2025 19:54,17,73.28,60.04,70.9,1.23,3,1,0,478,Normal,0,0
1/10/2025 19:55,45,87.87,69.68,53.53,4.11,2.59,1,0,139,Normal,0,0
1/10/2025 19:56,1,59.14,55.84,59.03,3.51,4.69,1,0,136,Normal,0,0
1/10/2025 19:57,6,64.63,59.27,70.55,3.5,4.85,1,0,235,Normal,0,0
1/10/2025 19:58,5,87.05,51.92,78.54,4.34,1.66,0,0,135,Normal,0,0
1/10/2025 19:59,45,62.51,60.24,45.25,3.16,4.39,1,0,66,Normal,0,0
1/10/2025 20:00,50,56.26,23.69,31.99,3.54,1.12,1,0,203,Normal,0,0
1/10/2025 20:01,29,98.55,34.04,48.62,3.79,2.11,1,1,28,Normal,1,1
1/10/2025 20:02,12,63.75,62.37,46.25,2.07,2.61,1,0,214,Normal,0,0
1/10/2025 20:03,39,73.34,32.33,57.58,4.38,2.91,1,0,293,Normal,0,0
1/10/2025 20:04,47,72.77,41.57,55.28,2.14,4.56,1,0,325,Normal,0,0
1/10/2025 20:05,3,88.83,50.32,65.13,4.6,4.22,1,0,184,Normal,0,0
1/10/2025 20:06,48,75.8,33.59,76.5,1.78,4.97,1,0,270,Normal,0,0
1/10/2025 20:07,1,78.16,54.98,75.35,1.48,3.09,1,0,248,Normal,0,0
1/10/2025 20:08,27,82.41,53.48,32.5,1.1,2.36,1,0,447,Normal,0,0
1/10/2025 20:09,48,83.42,79.9,39.64,4.93,0.53,1,0,255,Normal,0,0
1/10/2025 20:10,24,84.35,37.15,46.46,1.56,3.88,1,0,322,Normal,0,0
1/10/2025 20:11,44,88.68,49.56,47.93,2.05,1.27,0,0,335,Normal,0,0
1/10/2025 20:12,19,68.18,41.26,30.38,1.04,1.74,1,0,403,Normal,0,0
1/10/2025 20:13,8,65.44,63.24,72.23,4.14,3.68,1,0,312,Normal,0,0
1/10/2025 20:14,44,70.29,32.76,50.07,1.8,4.89,0,0,317,Normal,0,0
1/10/2025 20:15,47,67.41,55.74,72.15,1.29,4.66,1,0,381,Normal,0,0
1/10/2025 20:16,2,82.97,56.16,53.18,3.45,2.49,0,0,430,Normal,0,0
1/10/2025 20:17,30,54.38,51.43,61.52,2.24,2.55,1,0,369,Normal,0,0
1/10/2025 20:18,30,88.03,47.34,63.56,1.36,2.68,1,0,495,Normal,0,0
1/10/2025 20:19,49,79.73,48.5,56.59,3.91,4.5,1,0,87,Normal,0,0
1/10/2025 20:20,39,58.32,30.88,77.61,4.78,0.82,1,0,357,Normal,0,0
1/10/2025 20:21,45,75.35,57.19,44.98,1.19,3.11,1,0,160,Normal,0,0
1/10/2025 20:22,32,78.34,45.39,62.1,3.97,3.96,1,0,348,Normal,0,0
1/10/2025 20:23,1,83.9,101.72,71.32,2.9,2.55,1,1,8,Normal,1,1
1/10/2025 20:24,38,74.47,54.1,52.78,2.06,4.32,1,0,164,Normal,0,0
1/10/2025 20:25,13,74.99,38.48,35.13,3.55,2.78,1,0,323,Normal,0,0
1/10/2025 20:26,11,73.76,51.57,60.48,3.51,4.38,2,0,387,Pressure Drop,0,1
1/10/2025 20:27,10,86.36,57.1,32.16,4.79,4.31,1,0,399,Normal,0,0
1/10/2025 20:28,48,93.87,52.51,66.08,2.87,2.81,1,1,36,Normal,1,1
1/10/2025 20:29,26,77.99,49.07,52.53,2.07,1.65,1,0,332,Normal,0,0
1/10/2025 20:30,20,69.11,35.61,49.77,3.66,4.95,0,0,104,Normal,0,0
1/10/2025 20:31,17,78.82,61.49,77.29,4.25,1.77,1,0,76,Normal,0,0
1/10/2025 20:32,17,93.81,40.43,34.48,4.12,2.48,1,1,3,Normal,1,1
1/10/2025 20:33,4,75.09,53.62,41.12,4.05,4.36,1,0,319,Normal,0,0
1/10/2025 20:34,5,67.95,58.64,64.2,3.35,2.36,1,0,243,Normal,0,0
1/10/2025 20:35,23,91.02,96.76,63.92,2.41,1.11,1,1,20,Normal,1,1
1/10/2025 20:36,46,77.34,36.3,42.76,2.11,3.91,1,0,353,Normal,0,0
1/10/2025 20:37,10,76.03,77.88,51.32,3.53,2.21,1,0,264,Normal,0,0
1/10/2025 20:38,46,60.21,36.65,32.78,1.94,2.24,1,0,462,Normal,0,0
1/10/2025 20:39,28,76.16,61.73,78.67,1.96,0.75,1,0,230,Normal,0,0
1/10/2025 20:40,33,83.74,40.26,77.68,4.43,0.82,0,0,267,Normal,0,0
1/10/2025 20:41,43,70.01,62.13,38.63,4.74,2.61,1,0,446,Normal,0,0
1/10/2025 20:42,26,72.69,50.47,42.03,3.87,3.44,1,0,396,Normal,0,0
1/10/2025 20:43,50,75.41,70.3,38.53,3.97,4.93,1,0,245,Normal,0,0
1/10/2025 20:44,48,75.73,49.59,63.03,3.71,0.93,2,0,142,Normal,0,1
1/10/2025 20:45,29,77.04,50.91,43.73,4.22,2.62,1,0,492,Normal,0,0
1/10/2025 20:46,27,92.5,86.85,47.97,3.04,3.62,1,1,16,Normal,1,1
1/10/2025 20:47,18,70.27,61.57,38.86,3.64,4.57,1,0,236,Normal,0,0
1/10/2025 20:48,40,68.41,57.14,47.74,2.94,1.43,1,0,413,Normal,0,0
1/10/2025 20:49,10,66.87,99.42,71.55,2.65,4.46,1,1,35,Normal,1,1
1/10/2025 20:50,42,71.79,35.39,38.45,1.5,4.18,1,0,208,Normal,0,0
1/10/2025 20:51,5,64.14,53.67,45.13,4.27,0.53,1,0,212,Normal,0,0
1/10/2025 20:52,10,72.78,43.65,73.36,3.86,1.14,1,0,274,Normal,0,0
1/10/2025 20:53,50,83.07,43.44,51.56,3.73,4.32,1,0,446,Normal,0,0
1/10/2025 20:54,21,85.1,57.53,37.32,2.6,1.68,1,0,330,Normal,0,0
1/10/2025 20:55,24,64.48,32.88,34.06,2.39,3.1,1,0,462,Normal,0,0
1/10/2025 20:56,38,71.29,61.41,37.27,1.08,1.35,1,0,314,Normal,0,0
1/10/2025 20:57,3,80.37,42.19,31.83,4.38,4.08,2,0,254,Pressure Drop,0,1
1/10/2025 20:58,40,68.98,76.35,65.87,1.53,2.64,0,0,121,Normal,0,0
1/10/2025 20:59,31,84.49,36.65,51.39,2.14,4.75,0,0,230,Normal,0,0
1/10/2025 21:00,41,73.25,58.09,72.29,2.18,3.69,1,0,157,Normal,0,0
1/10/2025 21:01,37,58.64,47.92,55.51,2.98,4.17,1,0,305,Normal,0,0
1/10/2025 21:02,2,78.71,59.77,52.03,4.79,1.1,1,0,56,Normal,0,0
1/10/2025 21:03,2,82.84,42.98,45.81,3.25,4.73,1,0,481,Normal,0,0
1/10/2025 21:04,39,66.3,65.62,61.52,3.05,2.45,0,0,283,Normal,0,0
1/10/2025 21:05,49,69.85,43.45,60.06,3.44,4.33,2,0,22,Normal,0,1
1/10/2025 21:06,42,68.83,46.8,67.32,4.65,2.36,1,0,381,Normal,0,0
1/10/2025 21:07,44,78.09,45.91,73.46,1.94,2.99,1,0,48,Normal,0,0
1/10/2025 21:08,34,66.88,39.53,36.94,1.75,0.88,1,0,308,Normal,0,0
1/10/2025 21:09,42,73.24,47.52,77.05,3.05,4.65,0,0,438,Normal,0,0
1/10/2025 21:10,20,64.38,67.33,35.98,4.72,4.46,1,0,327,Normal,0,0
1/10/2025 21:11,33,72.86,33.93,60.43,1.91,2.16,1,0,189,Normal,0,0
1/10/2025 21:12,4,74.47,56.73,71.19,4.01,4.35,2,0,193,Normal,0,1
1/10/2025 21:13,45,70.1,61.37,77.83,4.33,3.24,1,0,130,Normal,0,0
1/10/2025 21:14,44,57.57,36.41,55.24,2.03,1.95,1,0,382,Normal,0,0
1/10/2025 21:15,11,94.45,50.89,55.71,4.57,2.3,1,1,18,Normal,1,1
1/10/2025 21:16,42,78.8,31.16,62.2,3.33,4.44,2,0,299,Normal,0,1
1/10/2025 21:17,47,68.74,28.82,72.41,1.12,2.2,1,0,107,Normal,0,0
1/10/2025 21:18,5,78.51,68.19,65.14,1.14,4.71,1,0,306,Normal,0,0
1/10/2025 21:19,25,82.94,37.19,63.13,1.58,2.21,1,0,176,Normal,0,0
1/10/2025 21:20,49,79.71,47.12,76.68,3.54,4.44,1,0,405,Normal,0,0
1/10/2025 21:21,37,82.11,45.12,72.77,1.06,1.81,2,0,299,Pressure Drop,0,1
1/10/2025 21:22,34,85.37,45.87,52.51,2.97,4.06,1,0,349,Normal,0,0
1/10/2025 21:23,9,66.88,61.54,75.75,4.02,1.63,2,0,183,Vibration Issue,0,1
1/10/2025 21:24,6,71.78,45.57,52.44,1.94,2.21,1,0,162,Normal,0,0
1/10/2025 21:25,18,75.79,73.21,33.05,2.14,3.26,2,0,218,Vibration Issue,0,1
1/10/2025 21:26,14,79.04,60.62,74.84,4.5,1,2,0,77,Electrical Fault,0,1
1/10/2025 21:27,19,78.12,50.29,56.64,4.71,3.66,2,0,280,Vibration Issue,0,1
1/10/2025 21:28,14,53.89,58.19,42.64,3.68,4.42,2,0,176,Pressure Drop,0,1
1/10/2025 21:29,40,103.43,42.74,71.63,1.62,3.41,0,1,48,Normal,1,1
1/10/2025 21:30,17,91.7,51.99,33.96,3.93,1.99,1,1,7,Normal,1,1
1/10/2025 21:31,35,69.45,31.34,53.93,4.84,0.87,1,0,102,Normal,0,0
1/10/2025 21:32,29,81.74,68.12,52.89,3.86,1.66,0,0,100,Normal,0,0
1/10/2025 21:33,42,68,81.59,33.98,3.85,0.97,1,1,4,Normal,1,1
1/10/2025 21:34,17,64.79,68.61,46.91,3.12,4.63,1,0,211,Normal,0,0
1/10/2025 21:35,43,66.11,41.26,64.85,4.52,4.82,1,0,108,Normal,0,0
1/10/2025 21:36,8,70.24,46.8,69.94,1.31,1.3,1,0,308,Normal,0,0
1/10/2025 21:37,1,79.52,76.5,75.68,1.84,3.73,1,0,217,Normal,0,0
1/10/2025 21:38,45,80.02,43.44,62.91,4.79,4.63,2,0,300,Vibration Issue,0,1
1/10/2025 21:39,36,72.89,60.1,32.24,3.99,2.14,1,0,135,Normal,0,0
1/10/2025 21:40,7,58.93,29.15,44.96,2.8,2.8,1,0,268,Normal,0,0
1/10/2025 21:41,46,79.43,49.86,63.46,1.05,2.24,1,0,374,Normal,0,0
1/10/2025 21:42,5,88.95,40.91,60.29,1.57,1.51,0,0,469,Normal,0,0
1/10/2025 21:43,24,72.8,60.27,76.07,1.7,1.19,0,0,210,Normal,0,0
1/10/2025 21:44,28,74.34,45.46,46.93,4.77,2.1,1,0,260,Normal,0,0
1/10/2025 21:45,43,95.95,22.63,35.27,1.85,3.54,1,1,2,Normal,1,1
1/10/2025 21:46,17,83.73,47.96,74.44,4.63,0.9,1,0,164,Normal,0,0
1/10/2025 21:47,37,65.61,26.11,70.32,1.88,2.99,1,0,218,Normal,0,0
1/10/2025 21:48,20,63.88,51.47,65.22,1.11,1.43,1,0,41,Normal,0,0
1/10/2025 21:49,3,62.72,73.89,46.71,2.03,3.29,1,0,443,Normal,0,0
1/10/2025 21:50,37,78.79,55.43,62.93,3.92,4.5,0,0,480,Normal,0,0
1/10/2025 21:51,26,91.03,54.14,69.04,3.35,2.99,1,1,9,Normal,1,1
1/10/2025 21:52,15,80.72,66.72,59.38,1.99,2.88,0,0,183,Normal,0,0
1/10/2025 21:53,48,65.39,45.69,30.24,3.04,0.59,1,0,238,Normal,0,0
1/10/2025 21:54,8,83.56,58.63,62.31,2.25,1.17,1,0,389,Normal,0,0
1/10/2025 21:55,13,67.05,34.06,78.37,3.63,4.01,1,0,133,Normal,0,0
1/10/2025 21:56,48,99.97,51.69,71.47,2.94,1.6,1,1,9,Normal,1,1
1/10/2025 21:57,3,69.41,23.79,33.13,3.97,2.89,1,0,293,Normal,0,0
1/10/2025 21:58,1,64.32,38.5,44.82,1.42,4.2,1,0,175,Normal,0,0
1/10/2025 21:59,9,78.05,68.42,39.15,4.93,3.73,1,0,439,Normal,0,0
1/10/2025 22:00,31,83.9,34.68,38.6,2.91,0.61,1,0,276,Normal,0,0
1/10/2025 22:01,41,78.65,52.87,59.91,4.29,1.68,1,0,174,Normal,0,0
1/10/2025 22:02,26,78.26,37.8,31.75,3.81,3.68,0,0,198,Normal,0,0
1/10/2025 22:03,17,81.76,56.08,48.98,4.42,4.2,1,0,134,Normal,0,0
1/10/2025 22:04,34,75.85,71.26,76.5,1.63,0.6,1,0,104,Normal,0,0
1/10/2025 22:05,9,79.04,38.36,56.61,2.11,1.9,0,0,191,Normal,0,0
1/10/2025 22:06,13,83,53.34,77.99,2.06,3.56,1,0,30,Normal,0,0
1/10/2025 22:07,5,62.75,35.89,53.22,4.4,3.05,1,0,169,Normal,0,0
1/10/2025 22:08,41,72.52,65.38,63.97,1.34,4.11,0,0,47,Normal,0,0
1/10/2025 22:09,13,82.18,45.94,49.14,1.28,0.78,1,0,371,Normal,0,0
1/10/2025 22:10,1,59.82,64.41,72.52,2.81,2.46,1,0,109,Normal,0,0
1/10/2025 22:11,25,78.5,64.75,33.44,1.63,2.78,1,0,126,Normal,0,0
1/10/2025 22:12,47,70.16,37.58,52.51,2.69,0.72,1,0,345,Normal,0,0
1/10/2025 22:13,4,72.5,36.7,30.28,1.3,1.18,1,0,458,Normal,0,0
1/10/2025 22:14,36,75.31,36.89,62.46,2.3,2.33,0,0,395,Normal,0,0
1/10/2025 22:15,10,59.26,38.74,38.91,3.05,1,1,0,483,Normal,0,0
1/10/2025 22:16,28,69.34,74.74,44.54,1.24,1.08,1,0,307,Normal,0,0
1/10/2025 22:17,6,88.13,54.59,41.38,1.4,1.31,1,0,251,Normal,0,0
1/10/2025 22:18,27,55.38,56.83,43.89,3.37,1.01,1,0,39,Normal,0,0
1/10/2025 22:19,12,91.13,53.48,59.85,3.62,3.42,1,1,44,Normal,1,1
1/10/2025 22:20,48,69.26,64.11,73.89,3.99,1.4,1,0,388,Normal,0,0
1/10/2025 22:21,3,69.17,67.53,33.82,3.63,4.96,1,0,96,Normal,0,0
1/10/2025 22:22,46,75.97,62.95,59.78,3.76,3.99,1,0,30,Normal,0,0
1/10/2025 22:23,33,89.41,44.72,72.68,2.64,1.8,1,0,336,Normal,0,0
1/10/2025 22:24,10,61.56,26.56,71.95,2.82,3.46,1,0,390,Normal,0,0
1/10/2025 22:25,31,69.69,37.78,38.64,2.79,2.82,1,0,382,Normal,0,0
1/10/2025 22:26,15,82.36,59.96,50.48,2.06,0.78,1,0,352,Normal,0,0
1/10/2025 22:27,7,82.74,52.56,60.48,2.55,2.41,1,0,70,Normal,0,0
1/10/2025 22:28,36,93.07,48.23,40.82,1.67,1.21,1,1,27,Normal,1,1
1/10/2025 22:29,14,64.15,50.45,52.1,2.37,4.46,1,0,70,Normal,0,0
1/10/2025 22:30,48,63.21,21.7,68.3,1.48,2.04,1,0,235,Normal,0,0
1/10/2025 22:31,14,83.32,53.82,72.98,3.12,1.91,0,0,99,Normal,0,0
1/10/2025 22:32,3,68.41,35.75,79.47,3.4,4.7,1,0,163,Normal,0,0
1/10/2025 22:33,49,79.45,23.92,37.11,3.8,2.14,1,0,437,Normal,0,0
1/10/2025 22:34,46,82.12,49.15,31.01,1.7,1.32,1,0,332,Normal,0,0
1/10/2025 22:35,50,58.62,41.73,36.23,3.43,2.22,1,0,199,Normal,0,0
1/10/2025 22:36,3,93.37,30.86,40.35,3.66,2.42,2,1,7,Electrical Fault,1,1
1/10/2025 22:37,22,78.55,59.85,73.91,3.02,2.3,1,0,306,Normal,0,0
1/10/2025 22:38,19,69.18,41.31,36.27,1.73,2.81,1,0,301,Normal,0,0
1/10/2025 22:39,35,76.07,57.47,38.83,1.02,1.96,1,0,219,Normal,0,0
1/10/2025 22:40,12,77.03,8.04,64.56,1.26,0.6,1,0,450,Normal,0,0
1/10/2025 22:41,5,77.54,47.87,57.78,2.15,2,0,0,33,Normal,0,0
1/10/2025 22:42,10,83.77,67.64,74.03,2.27,3.7,2,0,432,Vibration Issue,0,1
1/10/2025 22:43,41,69.33,53.38,69.58,4.9,1.73,1,0,346,Normal,0,0
1/10/2025 22:44,33,76.66,66.12,71.41,4.29,2.47,1,0,482,Normal,0,0
1/10/2025 22:45,13,71.95,66.09,47.75,3.03,4.85,1,0,419,Normal,0,0
1/10/2025 22:46,35,78.5,59.02,72.44,4.28,0.86,1,0,386,Normal,0,0
1/10/2025 22:47,32,76.61,51.89,40.77,3.23,1.57,1,0,80,Normal,0,0
1/10/2025 22:48,11,54.7,64.16,47.49,1.64,3.4,1,0,133,Normal,0,0
1/10/2025 22:49,48,68.39,52.47,64.18,2.67,4.97,1,0,173,Normal,0,0
1/10/2025 22:50,38,56.98,32.01,38.6,2.52,4.41,1,0,359,Normal,0,0
1/10/2025 22:51,24,92.78,62.32,57.76,1.27,3.75,1,1,3,Normal,1,1
1/10/2025 22:52,35,84.24,64.31,43.44,4.36,4.06,1,0,275,Normal,0,0
1/10/2025 22:53,19,62.42,55.53,74.4,3.43,2.71,1,0,485,Normal,0,0
1/10/2025 22:54,6,83.4,31.89,48.5,4.57,2.43,1,0,302,Normal,0,0
1/10/2025 22:55,40,70.48,73.43,53.04,1.13,4.8,1,0,14,Normal,0,1
1/10/2025 22:56,45,76.76,51.08,34.75,1.7,4.43,1,0,464,Normal,0,0
1/10/2025 22:57,44,54.73,56.59,58.48,2.6,4.83,1,0,253,Normal,0,0
1/10/2025 22:58,42,79.12,62.05,73.38,3.52,1.56,0,0,84,Normal,0,0
1/10/2025 22:59,35,79.16,54.07,34.58,2.24,3.3,1,0,452,Normal,0,0
1/10/2025 23:00,4,57.05,21.18,74.02,1.31,1.86,1,0,134,Normal,0,0
1/10/2025 23:01,33,87.87,25.13,73.37,1.15,2.22,1,0,115,Normal,0,0
1/10/2025 23:02,13,86.57,80.5,47.8,4.95,1.96,1,1,25,Normal,1,1
1/10/2025 23:03,36,76.92,60.86,56.83,4.15,4.89,1,0,201,Normal,0,0
1/10/2025 23:04,43,71.06,52.68,48.6,3.52,4.01,0,0,497,Normal,0,0
1/10/2025 23:05,19,72.07,49.54,56.96,1.48,3.2,1,0,57,Normal,0,0
1/10/2025 23:06,43,91.46,65.1,44.69,1.38,1.75,2,1,46,Normal,1,1
1/10/2025 23:07,12,93.24,39.81,57.45,4.1,3.12,1,1,8,Normal,1,1
1/10/2025 23:08,11,69.48,74.78,75.56,1.25,2.95,1,0,113,Normal,0,0
1/10/2025 23:09,6,57.58,32.38,61.19,3.11,2.77,1,0,280,Normal,0,0
1/10/2025 23:10,12,73.61,50.18,31.06,4.72,3.01,1,0,442,Normal,0,0
1/10/2025 23:11,27,87.81,62.24,47.94,4.42,3.47,2,0,217,Pressure Drop,0,1
1/10/2025 23:12,41,68.45,58.54,62.59,4.5,2.07,1,0,181,Normal,0,0
1/10/2025 23:13,25,64.62,63.26,47.01,4.31,3.07,1,0,406,Normal,0,0
1/10/2025 23:14,42,93.94,64.74,54.06,3.21,3.1,1,1,2,Normal,1,1
1/10/2025 23:15,3,60.42,48.43,33.37,3.93,4.68,1,0,286,Normal,0,0
1/10/2025 23:16,3,89.06,46.2,59.58,3.71,3.98,1,0,219,Normal,0,0
1/10/2025 23:17,20,75.36,48.09,35.7,2.92,1.57,1,0,129,Normal,0,0
1/10/2025 23:18,28,74.34,66.36,41.81,1.79,2.63,1,0,440,Normal,0,0
1/10/2025 23:19,23,79.4,61.42,57.85,4.49,0.51,1,0,492,Normal,0,0
1/10/2025 23:20,48,74.07,96.93,69.78,1.17,0.94,1,1,4,Normal,1,1
1/10/2025 23:21,3,74.27,39.43,43.62,2.63,0.75,1,0,204,Normal,0,0
1/10/2025 23:22,42,66.27,67.31,41.71,4.7,1.47,1,0,370,Normal,0,0
1/10/2025 23:23,24,71.38,45.1,42.96,1.65,1.72,1,0,221,Normal,0,0
1/10/2025 23:24,43,81.83,47.03,36.28,3.07,1.19,1,0,138,Normal,0,0
1/10/2025 23:25,40,63.05,21.37,33.01,1.53,1.77,1,0,480,Normal,0,0
1/10/2025 23:26,6,83.73,53.64,51.81,1.22,3.45,1,0,143,Normal,0,0
1/10/2025 23:27,20,73.17,90.44,38.71,2.95,3.38,1,1,12,Normal,1,1
1/10/2025 23:28,11,63.01,42.51,56.42,4.46,4.03,1,0,138,Normal,0,0
1/10/2025 23:29,32,73.75,64.65,34.24,3.95,3.22,1,0,204,Normal,0,0
1/10/2025 23:30,27,79.21,16.98,75.97,1.71,1.06,1,0,335,Normal,0,0
1/10/2025 23:31,21,67.13,51.09,31.16,4.67,4.54,1,0,487,Normal,0,0
1/10/2025 23:32,44,89.11,45.88,51.19,2.91,4.68,2,0,185,Vibration Issue,0,1
1/10/2025 23:33,48,84.09,51.31,71.66,3.97,2.04,1,0,361,Normal,0,0
1/10/2025 23:34,50,81.35,37.65,60.18,1.64,3.09,1,0,354,Normal,0,0
1/10/2025 23:35,13,72.53,38.95,60.5,1.31,1.43,1,0,488,Normal,0,0
1/10/2025 23:36,22,83.44,47.09,46.5,4.05,2.97,1,0,341,Normal,0,0
1/10/2025 23:37,35,86.54,63.78,65.23,2.27,3.48,1,0,39,Normal,0,0
1/10/2025 23:38,47,68.96,68.15,35.85,4.98,4.84,2,0,69,Vibration Issue,0,1
1/10/2025 23:39,22,74.91,31.28,61.7,4.2,1.22,1,0,333,Normal,0,0
1/10/2025 23:40,28,73.39,54.31,42.73,3.98,2.67,1,0,91,Normal,0,0
1/10/2025 23:41,21,72.96,60.07,35.87,2.04,2.63,1,0,137,Normal,0,0
1/10/2025 23:42,46,89.03,42.23,62.23,4.43,1.68,1,0,75,Normal,0,0
1/10/2025 23:43,18,86.94,56.83,67.89,1.41,2.36,1,0,113,Normal,0,0
1/10/2025 23:44,31,85.28,43.61,32.79,3.45,2.4,1,0,347,Normal,0,0
1/10/2025 23:45,46,81,44.65,76.28,1.22,4.95,1,0,118,Normal,0,0
1/10/2025 23:46,37,75.5,11.69,75.6,2.03,2.51,1,0,423,Normal,0,0
1/10/2025 23:47,21,73.36,68.82,44.94,4.31,1.07,1,0,157,Normal,0,0
1/10/2025 23:48,14,79.47,46.72,30.64,4.13,3.41,1,0,465,Normal,0,0
1/10/2025 23:49,25,59.38,71.78,42.33,3.73,3.68,0,0,131,Normal,0,0
1/10/2025 23:50,27,83.94,65.17,70.48,3.58,1.9,1,0,266,Normal,0,0
1/10/2025 23:51,40,84.67,45.97,44.79,1.04,1.28,1,0,458,Normal,0,0
1/10/2025 23:52,23,65.8,68.31,42.46,4.96,3.63,1,0,112,Normal,0,0
1/10/2025 23:53,31,61.51,42.62,44.11,2.03,4.53,0,0,292,Normal,0,0
1/10/2025 23:54,47,80.48,51.09,30.35,2.98,1.85,1,0,348,Normal,0,0
1/10/2025 23:55,29,59.69,71.62,49.87,4.92,4.94,1,0,323,Normal,0,0
1/10/2025 23:56,47,78.01,25.32,41.18,5,4.31,1,0,204,Normal,0,0
1/10/2025 23:57,30,67.32,36.98,54.96,3.04,4.43,1,0,141,Normal,0,0
1/10/2025 23:58,26,60.85,75.62,43.25,4.49,3.17,1,0,486,Normal,0,0
1/10/2025 23:59,20,82.28,57.63,45.65,1.77,3.37,1,0,202,Normal,0,0
1/11/2025 0:00,38,89.09,57.14,66.63,4.92,2.65,1,0,175,Normal,0,0
1/11/2025 0:01,19,71.1,48.21,73.92,3.48,4.82,1,0,169,Normal,0,0
1/11/2025 0:02,27,83.36,36.85,65.9,2.5,2.66,1,0,149,Normal,0,0
1/11/2025 0:03,25,67.38,54.54,55.61,3.84,0.81,0,0,206,Normal,0,0
1/11/2025 0:04,40,83.95,55.61,31,3.79,4.24,2,0,128,Overheating,0,1
1/11/2025 0:05,38,70.16,62.86,63.11,1.07,1.21,1,0,146,Normal,0,0
1/11/2025 0:06,23,89.33,65.55,79.43,3.67,2.96,1,0,321,Normal,0,0
1/11/2025 0:07,29,52.54,45.47,44.32,3.66,4.26,2,0,86,Normal,0,1
1/11/2025 0:08,15,69.8,27.28,67.5,4.76,4.41,1,0,200,Normal,0,0
1/11/2025 0:09,3,71.39,55.65,34.76,1.92,4.02,2,0,301,Overheating,0,1
1/11/2025 0:10,10,59.3,59.26,62.92,4.39,2.62,1,0,111,Normal,0,0
1/11/2025 0:11,15,82.12,41.05,71.19,3.67,4.03,1,0,48,Normal,0,0
1/11/2025 0:12,16,74.57,62.46,52.68,4.92,1.24,1,0,232,Normal,0,0
1/11/2025 0:13,17,82.78,52.79,56.61,2.78,3.46,1,0,475,Normal,0,0
1/11/2025 0:14,19,67.61,47.41,78.11,4.86,1.92,0,0,208,Normal,0,0
1/11/2025 0:15,11,64.02,47.25,43.88,2.14,2.79,1,0,50,Normal,0,0
1/11/2025 0:16,48,69.48,45.98,75.8,2.63,0.91,1,0,222,Normal,0,0
1/11/2025 0:17,5,62.96,74.03,66.83,3.67,2.93,1,0,421,Normal,0,0
1/11/2025 0:18,5,71.69,50.49,46.07,4.1,2.16,2,0,132,Normal,0,1
1/11/2025 0:19,14,88.42,36.26,31.14,4.09,3.29,0,0,169,Normal,0,0
1/11/2025 0:20,50,77.73,37.22,33.06,1.08,0.67,1,0,338,Normal,0,0
1/11/2025 0:21,26,81.65,42.22,60.07,2.37,0.94,1,0,40,Normal,0,0
1/11/2025 0:22,8,70.56,73.29,60.85,4.97,3.99,1,0,324,Normal,0,0
1/11/2025 0:23,5,65.63,48.23,38.83,2.98,2.7,0,0,17,Normal,0,1
1/11/2025 0:24,7,76.89,63.1,47.3,4.65,4.65,1,0,466,Normal,0,0
1/11/2025 0:25,16,75.52,29.95,70.45,3.31,1.48,2,0,55,Normal,0,1
1/11/2025 0:26,14,85.89,28.08,77.41,4.91,3.77,0,0,260,Normal,0,0
1/11/2025 0:27,37,87.64,56.62,57.77,4.01,2.18,1,0,364,Normal,0,0
1/11/2025 0:28,41,84.54,25.45,73.62,2.99,0.62,1,0,129,Normal,0,0
1/11/2025 0:29,4,95.9,40.01,40.96,4.77,3.13,1,1,8,Normal,1,1
1/11/2025 0:30,36,75.62,45.5,53.18,1.23,1.94,1,0,309,Normal,0,0
1/11/2025 0:31,48,81.37,39.02,34.44,4.21,1.63,1,0,11,Normal,0,1
1/11/2025 0:32,17,87.21,42.21,35.83,4.83,4.1,1,0,151,Normal,0,0
1/11/2025 0:33,47,83.35,63.73,64.47,1.14,4.65,1,0,278,Normal,0,0
1/11/2025 0:34,36,85.01,53.55,33.04,1.69,3.31,1,0,69,Normal,0,0
1/11/2025 0:35,6,75.72,53.19,65.99,4.04,4.05,1,0,206,Normal,0,0
1/11/2025 0:36,16,74.35,66.53,65.75,4.96,3.45,1,0,137,Normal,0,0
1/11/2025 0:37,29,72.03,41.67,69.23,3.63,3.35,1,0,188,Normal,0,0
1/11/2025 0:38,36,73.04,44.07,38.84,2.48,2.36,0,0,43,Normal,0,0
1/11/2025 0:39,38,75.47,75.68,37.66,2.02,1.45,1,0,384,Normal,0,0
1/11/2025 0:40,37,68.32,22.8,45.21,1.18,1.39,1,0,409,Normal,0,0
1/11/2025 0:41,48,63.84,29.12,70.5,2.22,4.86,2,0,385,Electrical Fault,0,1
1/11/2025 0:42,48,63.49,39.53,46.18,1.81,1.56,2,0,279,Overheating,0,1
1/11/2025 0:43,10,87.82,38.82,77.77,1.25,2.73,1,0,390,Normal,0,0
1/11/2025 0:44,41,70.75,50.47,45.61,3.65,2.28,0,0,43,Normal,0,0
1/11/2025 0:45,36,81.02,43.52,62.06,3.03,1.69,0,0,214,Normal,0,0
1/11/2025 0:46,29,73.52,60.2,55.33,4.93,0.95,1,0,71,Normal,0,0
1/11/2025 0:47,14,88.27,61.68,67.53,3.59,0.55,1,0,459,Normal,0,0
1/11/2025 0:48,4,62.46,54.78,73.29,1.79,4.7,1,0,476,Normal,0,0
1/11/2025 0:49,44,73.24,43.84,79.93,4.58,1.43,1,0,25,Normal,0,0
1/11/2025 0:50,42,69.84,49.46,34.13,1.24,3.25,1,0,386,Normal,0,0
1/11/2025 0:51,36,74.93,55.68,63.92,1.09,4.1,1,0,139,Normal,0,0
1/11/2025 0:52,50,84.12,30.78,43.87,1.07,2.4,1,0,151,Normal,0,0
1/11/2025 0:53,45,73.99,51.74,52.73,3.48,0.71,1,0,177,Normal,0,0
1/11/2025 0:54,13,68.98,89.16,51.64,1.38,3.66,1,1,21,Normal,1,1
1/11/2025 0:55,46,74.97,60.13,77.42,2.82,3.64,1,0,420,Normal,0,0
1/11/2025 0:56,18,71.84,49.84,54.48,2.92,0.57,1,0,230,Normal,0,0
1/11/2025 0:57,33,79.65,71.53,43.53,1.29,4.68,0,0,270,Normal,0,0
1/11/2025 0:58,21,49.48,57.33,33.87,2.72,4.17,2,0,12,Normal,0,1
1/11/2025 0:59,16,71.52,43.86,69.45,3.31,0.51,1,0,32,Normal,0,0
1/11/2025 1:00,15,75.57,82.44,69.64,2.34,2.92,1,1,48,Normal,1,1
1/11/2025 1:01,5,82.85,51.31,51.43,3.81,0.62,0,0,362,Normal,0,0
1/11/2025 1:02,6,83.99,20.7,54.52,1.27,2.06,1,0,427,Normal,0,0
1/11/2025 1:03,38,68.27,53.58,69.36,4.26,1.3,1,0,103,Normal,0,0
1/11/2025 1:04,3,70.78,41.34,37.69,4.92,0.86,1,0,174,Normal,0,0
1/11/2025 1:05,48,58.16,57.92,45.32,1.34,4.11,0,0,430,Normal,0,0
1/11/2025 1:06,12,76.13,65.33,41.62,4.42,1.14,0,0,371,Normal,0,0
1/11/2025 1:07,36,99.88,66.94,69.08,3.91,2.65,1,1,14,Normal,1,1
1/11/2025 1:08,33,76.91,60.02,56.99,2.97,1.07,2,0,107,Vibration Issue,0,1
1/11/2025 1:09,36,68.09,62.09,46.04,2.36,3.66,1,0,267,Normal,0,0
1/11/2025 1:10,33,76.71,45.13,38.78,2.18,1.75,1,0,158,Normal,0,0
1/11/2025 1:11,31,54.52,39.03,41.09,2.72,1.35,0,0,179,Normal,0,0
1/11/2025 1:12,21,82.53,36.93,30.92,3.27,3.34,1,0,397,Normal,0,0
1/11/2025 1:13,27,88.13,48.78,50.02,4.82,3.53,1,0,10,Normal,0,1
1/11/2025 1:14,27,72.88,44.32,34.83,4.25,4.37,1,0,92,Normal,0,0
1/11/2025 1:15,8,66.69,44.38,39.11,1.58,4.87,1,0,367,Normal,0,0
1/11/2025 1:16,37,70.65,46.84,78.21,4.66,0.54,1,0,312,Normal,0,0
1/11/2025 1:17,32,71.25,59.78,41.04,5,4.76,1,0,431,Normal,0,0
1/11/2025 1:18,26,80.11,66.35,50.99,4.77,4.87,1,0,195,Normal,0,0
1/11/2025 1:19,2,77.66,78.48,62.92,3.03,2.58,1,0,227,Normal,0,0
1/11/2025 1:20,12,74.07,63.62,41.15,2.18,4.7,1,0,213,Normal,0,0
1/11/2025 1:21,22,75.01,44.22,58.77,4.08,2.72,1,0,264,Normal,0,0
1/11/2025 1:22,17,68.5,49.87,47.29,2.99,4.75,1,0,86,Normal,0,0
1/11/2025 1:23,7,81.12,50.22,67.53,2.64,3.24,2,0,232,Vibration Issue,0,1
1/11/2025 1:24,43,75.14,53.54,42.15,2.19,1.47,1,0,50,Normal,0,0
1/11/2025 1:25,4,59.37,58.38,65.45,1.16,2.72,1,0,456,Normal,0,0
1/11/2025 1:26,37,82.32,56.38,68.4,1.46,0.98,1,0,427,Normal,0,0
1/11/2025 1:27,38,72.04,28.07,41.47,1.58,2.51,1,0,111,Normal,0,0
1/11/2025 1:28,32,70.91,26.09,40.21,1.91,4.45,1,0,250,Normal,0,0
1/11/2025 1:29,11,93.18,67.58,36.07,2.61,2.71,1,1,49,Normal,1,1
1/11/2025 1:30,1,79.18,72.13,62.45,3.36,2.19,1,0,70,Normal,0,0
1/11/2025 1:31,25,81.69,40.4,30.76,3.81,2.4,1,0,94,Normal,0,0
1/11/2025 1:32,42,69.1,20.48,51.29,4.98,2.25,1,0,247,Normal,0,0
1/11/2025 1:33,24,69.11,48.59,44.46,3.45,3.5,2,0,413,Overheating,0,1
1/11/2025 1:34,43,89.27,43.32,47.25,2.11,3.04,1,0,206,Normal,0,0
1/11/2025 1:35,17,99.72,44.87,64.49,1.05,3.85,1,1,31,Normal,1,1
1/11/2025 1:36,8,84.45,42.44,50.33,2.44,1.58,1,0,383,Normal,0,0
1/11/2025 1:37,45,49.63,53.24,56.89,4.23,1.33,1,0,275,Normal,0,0
1/11/2025 1:38,27,67.52,48.71,63.74,3.94,4.02,1,0,367,Normal,0,0
1/11/2025 1:39,18,74.38,35.92,46.88,4.6,2.49,1,0,499,Normal,0,0
1/11/2025 1:40,27,73.46,17.24,50.73,4.35,4.11,1,0,125,Normal,0,0
1/11/2025 1:41,22,73.43,47.97,47.24,1.87,1.69,1,0,456,Normal,0,0
1/11/2025 1:42,16,60.76,45.81,34.68,3.22,0.81,1,0,190,Normal,0,0
1/11/2025 1:43,2,94.23,28.6,60.31,4.08,0.88,1,1,4,Normal,1,1
1/11/2025 1:44,5,80.61,54.49,69.57,4.49,4.36,1,0,431,Normal,0,0
1/11/2025 1:45,18,67.37,43.18,55.8,1.12,4.55,1,0,61,Normal,0,0
1/11/2025 1:46,3,69.2,43.51,49.14,3.06,4.64,1,0,106,Normal,0,0
1/11/2025 1:47,27,81.06,44.42,52.29,2.58,2.85,0,0,49,Normal,0,0
1/11/2025 1:48,17,72.46,33.64,31.79,3.69,3.56,1,0,437,Normal,0,0
1/11/2025 1:49,16,76.3,53.24,66.67,2.55,3.35,0,0,358,Normal,0,0
1/11/2025 1:50,6,79.26,62.84,58.37,2.79,1.39,1,0,214,Normal,0,0
1/11/2025 1:51,7,69.88,52.48,60.84,2.57,4.44,1,0,135,Normal,0,0
1/11/2025 1:52,50,92.3,45.68,39.87,4.85,4.67,1,1,20,Normal,1,1
1/11/2025 1:53,14,51.5,46.11,57.12,3.86,4.46,1,0,476,Normal,0,0
1/11/2025 1:54,38,67.24,32.32,33.97,2.64,4.18,1,0,472,Normal,0,0
1/11/2025 1:55,40,83.15,57.93,67.12,3.66,3.72,0,0,427,Normal,0,0
1/11/2025 1:56,15,68.15,36.99,49.43,3.65,3.32,1,0,67,Normal,0,0
1/11/2025 1:57,47,73.39,51.6,73.96,2.13,1.32,1,0,162,Normal,0,0
1/11/2025 1:58,47,87.45,27.18,65.8,2.62,2.65,1,0,367,Normal,0,0
1/11/2025 1:59,48,79.77,47.09,57.74,4.57,3.02,1,0,327,Normal,0,0
1/11/2025 2:00,33,76.21,33.96,57.25,2.22,2.71,1,0,306,Normal,0,0
1/11/2025 2:01,43,86.7,41.16,55.73,2.27,4.11,1,0,418,Normal,0,0
1/11/2025 2:02,27,69.28,42.93,77.46,4.95,3.42,1,0,428,Normal,0,0
1/11/2025 2:03,29,79.34,51.9,57.17,4.65,4.85,1,0,141,Normal,0,0
1/11/2025 2:04,37,80.14,60.68,41.47,3.51,0.99,2,0,477,Vibration Issue,0,1
1/11/2025 2:05,5,63.36,31.08,78.07,1.64,3.32,0,0,42,Normal,0,0
1/11/2025 2:06,29,66.48,25.19,79.77,4.31,1.46,1,0,273,Normal,0,0
1/11/2025 2:07,32,57.89,25.92,49.08,2.01,2.39,1,0,456,Normal,0,0
1/11/2025 2:08,6,77.71,60.99,33.55,4,4.87,1,0,162,Normal,0,0
1/11/2025 2:09,2,87.42,42.45,46.23,1.89,2.3,1,0,382,Normal,0,0
1/11/2025 2:10,6,67.02,55.12,50.2,2.53,1.04,1,0,384,Normal,0,0
1/11/2025 2:11,46,51.46,65.27,31.12,2.89,3.76,0,0,279,Normal,0,0
1/11/2025 2:12,43,74.5,46.09,37.34,2.47,4.38,1,0,43,Normal,0,0
1/11/2025 2:13,4,86.99,39.42,59.67,1.4,3.33,1,0,411,Normal,0,0
1/11/2025 2:14,29,71.47,46.57,65.82,1.75,4.81,1,0,247,Normal,0,0
1/11/2025 2:15,25,80.23,58.62,43.62,3.33,4.19,1,0,432,Normal,0,0
1/11/2025 2:16,9,52.85,43.31,65.05,2.45,4.1,1,0,406,Normal,0,0
1/11/2025 2:17,3,80.71,38.46,55.61,4.28,3.69,1,0,480,Normal,0,0
1/11/2025 2:18,26,90.3,31.51,41.33,3.55,4.39,1,1,25,Normal,1,1
1/11/2025 2:19,48,93.49,56.55,36.03,1.41,0.74,1,1,1,Normal,1,1
1/11/2025 2:20,43,84.94,36.67,74.46,2.69,2.76,1,0,410,Normal,0,0
1/11/2025 2:21,27,100.53,34.79,52.95,2.43,2.55,1,1,42,Normal,1,1
1/11/2025 2:22,36,83.7,88.25,38.1,3.54,1.68,1,1,6,Normal,1,1
1/11/2025 2:23,32,74.03,55.63,41.58,3.3,4.59,1,0,496,Normal,0,0
1/11/2025 2:24,1,70.33,56.56,37,2.01,1.59,1,0,27,Normal,0,0
1/11/2025 2:25,16,58.58,48.94,74.6,1.07,0.98,1,0,469,Normal,0,0
1/11/2025 2:26,48,68.62,34.94,40.96,1.14,1.12,1,0,99,Normal,0,0
1/11/2025 2:27,11,64.01,62.67,75,3.01,1.61,1,0,344,Normal,0,0
1/11/2025 2:28,26,82.93,74.51,72.29,4.6,2.48,0,0,223,Normal,0,0
1/11/2025 2:29,40,63.27,42.38,55.71,1.2,3.06,0,0,459,Normal,0,0
1/11/2025 2:30,1,64.7,32.39,69.03,3.46,1.46,1,0,68,Normal,0,0
1/11/2025 2:31,26,84.58,51.64,48.46,3.23,2.25,1,0,71,Normal,0,0
1/11/2025 2:32,28,69.63,33.91,57.98,4.02,2.97,2,0,139,Electrical Fault,0,1
1/11/2025 2:33,9,83.5,60.68,39.51,2.6,4.23,1,0,320,Normal,0,0
1/11/2025 2:34,44,92.59,54.91,64.94,2.21,3.6,1,1,47,Normal,1,1
1/11/2025 2:35,22,65.73,39.92,57.11,1.24,1.31,1,0,484,Normal,0,0
1/11/2025 2:36,8,78.14,51.74,38.11,3.05,2.99,0,0,471,Normal,0,0
1/11/2025 2:37,49,104.19,53.64,41.07,2.88,4.49,1,1,10,Normal,1,1
1/11/2025 2:38,42,81.61,50.35,65.75,4.96,2.91,1,0,160,Normal,0,0
1/11/2025 2:39,27,84.36,42.17,64.15,3.91,3.03,0,0,172,Normal,0,0
1/11/2025 2:40,39,73.8,36.84,53.64,2.04,2.84,1,0,74,Normal,0,0
1/11/2025 2:41,19,76.85,47.57,53.25,4.67,1.67,1,0,216,Normal,0,0
1/11/2025 2:42,25,82.84,49.95,30.6,2.89,2.1,1,0,234,Normal,0,0
1/11/2025 2:43,38,63.26,55.55,38.92,3.66,1.42,2,0,22,Overheating,0,1
1/11/2025 2:44,21,61.59,45.32,58.73,1.07,3.19,0,0,57,Normal,0,0
1/11/2025 2:45,24,79.03,59.88,56.47,3,2.89,1,0,157,Normal,0,0
1/11/2025 2:46,24,72.66,37.7,44.7,3.42,2.81,1,0,418,Normal,0,0
1/11/2025 2:47,19,61.78,44.39,77.05,1.18,2.22,1,0,318,Normal,0,0
1/11/2025 2:48,50,59.52,74.88,43.29,2.11,3.51,1,0,279,Normal,0,0
1/11/2025 2:49,47,85.35,51.3,52.77,3.67,3.58,1,0,99,Normal,0,0
1/11/2025 2:50,2,74.64,57.22,61.58,3.98,3.27,1,0,471,Normal,0,0
1/11/2025 2:51,14,70.75,74.56,69.46,4.25,2.14,1,0,356,Normal,0,0
1/11/2025 2:52,32,74.79,60.76,66.47,3.33,3.43,1,0,421,Normal,0,0
1/11/2025 2:53,42,75.37,58.07,75.12,1.35,4.57,2,0,406,Overheating,0,1
1/11/2025 2:54,32,72.88,49.25,69.1,2.71,1.38,1,0,235,Normal,0,0
1/11/2025 2:55,28,58.53,33.82,59.17,2.21,4.05,1,0,258,Normal,0,0
1/11/2025 2:56,48,78.87,51.21,74.97,1.64,0.88,1,0,250,Normal,0,0
1/11/2025 2:57,39,65.14,53.07,37.64,3.21,3.86,2,0,329,Vibration Issue,0,1
1/11/2025 2:58,40,70.96,53.21,31.46,4.46,4.59,1,0,229,Normal,0,0
1/11/2025 2:59,42,79.48,51.45,72.83,4.57,0.71,1,0,411,Normal,0,0
1/11/2025 3:00,47,82.77,49.46,38.69,3.29,2.15,2,0,18,Pressure Drop,0,1
1/11/2025 3:01,40,78.18,30.61,59.82,1.25,3.61,1,0,442,Normal,0,0
1/11/2025 3:02,13,76.18,66.08,78.81,2.29,2.05,1,0,345,Normal,0,0
1/11/2025 3:03,12,84.02,42.14,36.14,3.2,1.86,1,0,113,Normal,0,0
1/11/2025 3:04,8,79.31,76.42,47.06,1.49,3.4,1,0,450,Normal,0,0
1/11/2025 3:05,15,65.58,17.26,35.29,4.56,4.55,1,0,275,Normal,0,0
1/11/2025 3:06,26,83.91,56.68,53.45,4.45,3.04,1,0,93,Normal,0,0
1/11/2025 3:07,12,83.23,35.77,54.85,3.23,0.79,0,0,12,Normal,0,1
1/11/2025 3:08,43,76.68,53.33,56.27,4.58,2.02,1,0,377,Normal,0,0
1/11/2025 3:09,46,81.32,36.81,67.02,3.9,3.15,1,0,346,Normal,0,0
1/11/2025 3:10,27,77.46,49.17,56.64,2.93,1.37,0,0,306,Normal,0,0
1/11/2025 3:11,18,42.3,89.73,50.17,3.36,1.27,0,1,46,Normal,1,1
1/11/2025 3:12,45,71.01,59.5,60.66,4.42,4.28,1,0,194,Normal,0,0
1/11/2025 3:13,36,73.39,37.9,42.44,3.54,3.71,1,0,105,Normal,0,0
1/11/2025 3:14,49,73.12,54.28,33.75,2.63,4.98,1,0,288,Normal,0,0
1/11/2025 3:15,27,70.07,41.94,41.19,2.91,1.03,1,0,12,Normal,0,1
1/11/2025 3:16,9,74.7,76.28,48.96,4.92,3.81,1,0,449,Normal,0,0
1/11/2025 3:17,39,82.68,28.25,49.78,3.6,2.74,1,0,337,Normal,0,0
1/11/2025 3:18,1,77.46,40.34,70.83,4.84,1.88,1,0,270,Normal,0,0
1/11/2025 3:19,7,73.23,57.64,49.92,1.4,1.5,1,0,42,Normal,0,0
1/11/2025 3:20,26,55.7,34.87,71.39,1.77,3.34,1,0,55,Normal,0,0
1/11/2025 3:21,7,85.63,31.57,73.72,1.85,0.98,1,0,482,Normal,0,0
1/11/2025 3:22,7,70.28,32.32,44.15,2.17,1.64,1,0,222,Normal,0,0
1/11/2025 3:23,8,92.31,66.03,76.15,4.52,1.66,1,1,12,Normal,1,1
1/11/2025 3:24,16,66.26,49.79,39.81,2.29,0.89,2,0,389,Normal,0,1
1/11/2025 3:25,3,82.14,59.62,71.68,3.97,3.01,1,0,313,Normal,0,0
1/11/2025 3:26,45,73.69,46.66,55.59,3.93,4.19,1,0,101,Normal,0,0
1/11/2025 3:27,10,63.22,38.34,47.6,3.37,1.53,2,0,260,Electrical Fault,0,1
1/11/2025 3:28,50,84.41,48.25,49.08,3.36,1.47,0,0,496,Normal,0,0
1/11/2025 3:29,7,58.85,44.11,33.77,2.98,4.24,1,0,327,Normal,0,0
1/11/2025 3:30,21,76.7,52.39,45.19,1.12,3.51,1,0,72,Normal,0,0
1/11/2025 3:31,37,76.22,27.97,48.75,3.35,1.41,1,0,132,Normal,0,0
1/11/2025 3:32,31,67.7,36.73,35.43,1.1,3.19,1,0,421,Normal,0,0
1/11/2025 3:33,23,87.02,42.12,72.16,2.77,3.97,2,0,101,Vibration Issue,0,1
1/11/2025 3:34,27,77.3,2.69,59.33,3.78,4.42,1,0,353,Normal,0,0
1/11/2025 3:35,22,92.51,47.57,70.92,2.25,3.99,1,1,24,Normal,1,1
1/11/2025 3:36,39,77.76,44.76,49.39,4.71,2.78,1,0,224,Normal,0,0
1/11/2025 3:37,27,80.43,56.49,40.2,2.76,1.54,1,0,201,Normal,0,0
1/11/2025 3:38,49,53.65,46.65,62.55,3.39,0.97,1,0,128,Normal,0,0
1/11/2025 3:39,4,81.93,63.63,68.48,3.54,2.99,1,0,463,Normal,0,0
1/11/2025 3:40,24,79.52,66.52,60.26,3.1,3.78,2,0,497,Overheating,0,1
1/11/2025 3:41,23,69.96,35.92,48,1.68,3.45,1,0,455,Normal,0,0
1/11/2025 3:42,48,67.7,82.1,77.7,2.4,2.89,1,1,17,Normal,1,1
1/11/2025 3:43,19,72.8,34.18,73.22,2.86,4.59,1,0,315,Normal,0,0
1/11/2025 3:44,42,83.64,38.8,76.97,4.93,2.69,1,0,18,Normal,0,1
1/11/2025 3:45,3,63.39,70.29,59.18,3.02,1.52,1,0,437,Normal,0,0
1/11/2025 3:46,27,62.07,25.27,71.04,1.75,2.14,1,0,368,Normal,0,0
1/11/2025 3:47,3,83.06,68.01,66.43,3.55,2.51,2,0,18,Normal,0,1
1/11/2025 3:48,28,70.94,51.4,76.64,1.78,3.26,1,0,445,Normal,0,0
1/11/2025 3:49,17,73.57,55.1,36.83,3.8,2.59,1,0,208,Normal,0,0
1/11/2025 3:50,31,73.76,50.02,46.61,2.09,4.37,1,0,103,Normal,0,0
1/11/2025 3:51,10,78.25,61.17,34.36,1.64,2.47,1,0,447,Normal,0,0
1/11/2025 3:52,49,87.52,27.99,35.67,2.04,2.64,0,0,266,Normal,0,0
1/11/2025 3:53,22,64.37,49.67,37.01,2.69,3.87,1,0,309,Normal,0,0
1/11/2025 3:54,30,79.3,20.63,68.95,2.25,3.36,0,0,454,Normal,0,0
1/11/2025 3:55,49,74.76,45.69,56.63,2.13,0.52,1,0,141,Normal,0,0
1/11/2025 3:56,21,78.08,47.05,67.94,3.85,1.21,0,0,188,Normal,0,0
1/11/2025 3:57,36,97.37,47.75,41.99,1.86,4.08,1,1,34,Normal,1,1
1/11/2025 3:58,23,62.68,42,55.77,2.93,3.84,1,0,447,Normal,0,0
1/11/2025 3:59,38,81.08,37.31,54,1.56,2.66,1,0,340,Normal,0,0
1/11/2025 4:00,12,86,57.58,44.37,3.1,1.28,1,0,100,Normal,0,0
1/11/2025 4:01,25,64.99,41.3,65.61,3.33,2.33,1,0,180,Normal,0,0
1/11/2025 4:02,20,72.55,27.13,31.9,4.95,3.9,1,0,119,Normal,0,0
1/11/2025 4:03,49,69.83,63.38,60.18,1.94,2.05,1,0,108,Normal,0,0
1/11/2025 4:04,49,89.07,49.81,41.04,2.52,4.7,2,0,259,Electrical Fault,0,1
1/11/2025 4:05,42,75.04,51.64,69.01,4.31,3.5,1,0,357,Normal,0,0
1/11/2025 4:06,7,58.96,48.76,68.64,2.16,3.78,0,0,90,Normal,0,0
1/11/2025 4:07,29,97.75,51.48,49.49,2.6,4.92,0,1,4,Normal,1,1
1/11/2025 4:08,48,91.66,55.68,37.28,4.61,4.63,1,1,31,Normal,1,1
1/11/2025 4:09,29,84.33,44.43,73.04,1.34,2.08,0,0,309,Normal,0,0
1/11/2025 4:10,13,72.88,43.17,39.87,1.5,3.17,1,0,88,Normal,0,0
1/11/2025 4:11,3,64.01,45.05,39.3,3.33,3.62,2,0,409,Electrical Fault,0,1
1/11/2025 4:12,2,72.48,50.25,69.01,3.65,2.48,1,0,230,Normal,0,0
1/11/2025 4:13,16,84.28,50.35,66.28,2.91,4.02,1,0,86,Normal,0,0
1/11/2025 4:14,30,73.09,15.97,70.8,1.02,3.94,1,0,361,Normal,0,0
1/11/2025 4:15,38,69.41,60.72,75,3.8,3.66,0,0,357,Normal,0,0
1/11/2025 4:16,6,60.23,55.24,75.93,2.78,0.99,1,0,75,Normal,0,0
1/11/2025 4:17,45,65.79,34.95,69.58,2.91,3.14,0,0,317,Normal,0,0
1/11/2025 4:18,7,61.18,31.8,53.44,1.67,2.14,1,0,328,Normal,0,0
1/11/2025 4:19,5,76.2,47.26,43.53,2.17,2.8,1,0,319,Normal,0,0
1/11/2025 4:20,7,83.11,23.8,59.41,4.7,1.71,1,0,373,Normal,0,0
1/11/2025 4:21,34,62.24,37.84,44.84,2.67,2.59,1,0,98,Normal,0,0
1/11/2025 4:22,32,58.35,50.78,60.08,4.12,1.51,1,0,237,Normal,0,0
1/11/2025 4:23,49,75.08,26.99,69.08,1.8,1.37,1,0,157,Normal,0,0
1/11/2025 4:24,13,72.71,57.62,56.37,3.8,2.14,2,0,241,Overheating,0,1
1/11/2025 4:25,30,78.38,36.69,73.86,3.28,3.3,2,0,171,Normal,0,1
1/11/2025 4:26,25,60,41.69,76.54,4.52,1.68,1,0,113,Normal,0,0
1/11/2025 4:27,21,86.35,65.89,66.21,2.45,1.61,1,0,83,Normal,0,0
1/11/2025 4:28,21,79.17,62.34,52.36,1.87,4.36,1,0,346,Normal,0,0
1/11/2025 4:29,28,86.31,69.75,72.31,4.47,2.27,1,0,463,Normal,0,0
1/11/2025 4:30,48,70.35,41.89,51.43,3.17,1.83,1,0,13,Normal,0,1
1/11/2025 4:31,20,85.17,40.23,54.42,1.61,2.36,1,0,178,Normal,0,0
1/11/2025 4:32,34,69.33,50.58,68.6,4.38,2.26,1,0,49,Normal,0,0
1/11/2025 4:33,5,84.74,52.83,64.85,2.19,3.73,1,0,37,Normal,0,0
1/11/2025 4:34,18,69.67,94.9,56.48,3.54,1.09,1,1,3,Normal,1,1
1/11/2025 4:35,39,55.91,61.96,39.97,1.04,3.21,1,0,492,Normal,0,0
1/11/2025 4:36,43,83.41,58.74,52.13,4.24,1.98,1,0,239,Normal,0,0
1/11/2025 4:37,11,68.83,23.7,32.35,2.2,0.9,0,0,55,Normal,0,0
1/11/2025 4:38,17,84.48,82.48,53.49,3.7,2.67,1,1,19,Normal,1,1
1/11/2025 4:39,48,58.75,39.61,55.99,1.21,1.13,1,0,261,Normal,0,0
1/11/2025 4:40,45,57.25,39.03,69.08,1.4,3.44,1,0,154,Normal,0,0
1/11/2025 4:41,22,70.91,52.07,77.65,1.54,1.3,1,0,417,Normal,0,0
1/11/2025 4:42,37,75.14,44.8,53.2,3.86,1.57,1,0,430,Normal,0,0
1/11/2025 4:43,20,57.61,55.86,33.29,1.02,3,0,0,85,Normal,0,0
1/11/2025 4:44,48,68.88,67.52,31.99,4.7,2.52,1,0,114,Normal,0,0
1/11/2025 4:45,48,63.53,32.61,53.44,2.6,3.41,1,0,336,Normal,0,0
1/11/2025 4:46,48,75.92,63.21,79.5,4.16,1.25,2,0,473,Vibration Issue,0,1
1/11/2025 4:47,46,97.28,38.35,50.75,1.89,4.48,1,1,23,Normal,1,1
1/11/2025 4:48,6,70.62,66.1,78.62,3.13,2.28,1,0,333,Normal,0,0
1/11/2025 4:49,34,68.61,72.63,39.55,3.08,1.32,0,0,480,Normal,0,0
1/11/2025 4:50,14,76.25,69.88,47.65,3.36,3.27,1,0,372,Normal,0,0
1/11/2025 4:51,48,94.61,57.54,40.59,2.05,1.07,1,1,49,Normal,1,1
1/11/2025 4:52,23,63.89,90.68,56.43,3.57,2.74,1,1,29,Normal,1,1
1/11/2025 4:53,20,75.43,45.75,39.99,1.31,3.85,1,0,118,Normal,0,0
1/11/2025 4:54,13,99.95,42.58,49.46,2.01,2.93,1,1,39,Normal,1,1
1/11/2025 4:55,47,68.12,53.11,46,2.56,1.89,1,0,34,Normal,0,0
1/11/2025 4:56,44,69.86,34.02,73.74,3.78,4.68,2,0,192,Vibration Issue,0,1
1/11/2025 4:57,41,84.29,46.34,48.88,2.12,1.72,1,0,391,Normal,0,0
1/11/2025 4:58,32,93.04,28.59,45.76,2.08,2.67,1,1,4,Normal,1,1
1/11/2025 4:59,26,94.39,36.71,56.49,4.85,2.52,1,1,37,Normal,1,1
1/11/2025 5:00,50,73.52,80.17,72.93,4.48,2.26,1,1,36,Normal,1,1
1/11/2025 5:01,14,65.57,27.5,73.53,2.05,0.61,1,0,204,Normal,0,0
1/11/2025 5:02,36,68.76,43.77,51.88,3.46,4.57,1,0,455,Normal,0,0
1/11/2025 5:03,8,64.07,39.1,67.37,3.88,4.76,1,0,214,Normal,0,0
1/11/2025 5:04,40,75.77,48.97,45.75,2.22,2.99,1,0,329,Normal,0,0
1/11/2025 5:05,22,81.66,46.98,30.88,2.4,3.22,2,0,157,Vibration Issue,0,1
1/11/2025 5:06,22,76.96,57.33,54.53,2.02,4.38,1,0,37,Normal,0,0
1/11/2025 5:07,16,70.08,45.69,48.89,4.15,1.61,0,0,18,Normal,0,1
1/11/2025 5:08,27,84.46,58.61,70.16,2.51,3.16,1,0,365,Normal,0,0
1/11/2025 5:09,10,80.34,34.96,77.54,3.59,1.1,1,0,241,Normal,0,0
1/11/2025 5:10,25,79.83,56.52,65.97,2.49,1.24,1,0,172,Normal,0,0
1/11/2025 5:11,31,83.01,68.28,41.65,1.48,4.28,1,0,37,Normal,0,0
1/11/2025 5:12,21,78.21,34.12,64.62,2.12,3.8,1,0,388,Normal,0,0
1/11/2025 5:13,27,73.85,49.02,46.62,3.34,0.65,1,0,77,Normal,0,0
1/11/2025 5:14,17,62.86,59.88,51,2.17,4.29,1,0,314,Normal,0,0
1/11/2025 5:15,33,71.98,78.08,66.14,1.38,3.73,1,0,55,Normal,0,0
1/11/2025 5:16,31,67.26,63.73,40.65,4.72,3.51,1,0,272,Normal,0,0
1/11/2025 5:17,50,92.62,55.41,51.23,3.72,4.13,1,1,11,Normal,1,1
1/11/2025 5:18,42,91.62,50.75,39.2,3.7,3.06,1,1,38,Normal,1,1
1/11/2025 5:19,26,89.36,66.27,53.38,3.88,4.36,1,0,134,Normal,0,0
1/11/2025 5:20,21,70.97,24.99,73.65,2.5,0.67,1,0,420,Normal,0,0
1/11/2025 5:21,36,73.79,53.42,61.06,2.76,4.06,0,0,489,Normal,0,0
1/11/2025 5:22,1,68.58,45.59,49.07,2.75,1.49,0,0,339,Normal,0,0
1/11/2025 5:23,4,63,71.28,42.3,3.68,2.98,1,0,348,Normal,0,0
1/11/2025 5:24,4,83.33,70.24,70.39,4.21,4.61,1,0,405,Normal,0,0
1/11/2025 5:25,26,67.65,88.15,60.88,2.84,2.26,1,1,10,Normal,1,1
1/11/2025 5:26,4,72.31,20.92,56.47,2.66,4.51,1,0,207,Normal,0,0
1/11/2025 5:27,49,71.31,46.19,54.81,3.74,4.36,1,0,427,Normal,0,0
1/11/2025 5:28,9,93.95,33.8,54.24,2.27,2.39,1,1,35,Normal,1,1
1/11/2025 5:29,30,75.51,29.88,78.98,3.13,2.6,1,0,50,Normal,0,0
1/11/2025 5:30,45,83.53,54.8,69.34,2.25,4.23,1,0,477,Normal,0,0
1/11/2025 5:31,4,71.47,71.38,40.66,4.29,4.03,1,0,307,Normal,0,0
1/11/2025 5:32,5,68.22,58.08,54.28,2.04,1.81,1,0,151,Normal,0,0
1/11/2025 5:33,45,79.02,52.94,70.19,3.83,3.6,1,0,123,Normal,0,0
1/11/2025 5:34,23,85.39,47.64,59.56,3.02,3.56,1,0,147,Normal,0,0
1/11/2025 5:35,16,69.82,43.4,73.34,2.49,0.65,2,0,14,Overheating,0,1
1/11/2025 5:36,22,81.69,47.87,75.03,2.74,0.81,1,0,111,Normal,0,0
1/11/2025 5:37,37,72.31,66.88,43.82,4.12,2.8,1,0,208,Normal,0,0
1/11/2025 5:38,8,58.1,56.01,56.98,1.35,4.75,1,0,142,Normal,0,0
1/11/2025 5:39,48,67.14,83.39,61.15,3.5,3.68,1,1,47,Normal,1,1
1/11/2025 5:40,33,74.71,62.97,76.87,3.96,2.9,1,0,321,Normal,0,0
1/11/2025 5:41,38,77.42,79.23,64.17,3.84,3.16,1,0,71,Normal,0,0
1/11/2025 5:42,43,81.16,76.89,41.42,4.97,2.37,0,0,297,Normal,0,0
1/11/2025 5:43,16,89.92,61.28,76.95,1.27,4.88,1,0,353,Normal,0,0
1/11/2025 5:44,5,75.02,48.69,41,3.97,2.78,1,0,107,Normal,0,0
1/11/2025 5:45,16,60.59,47.17,36.5,1.64,2.11,1,0,348,Normal,0,0
1/11/2025 5:46,7,77.15,46.52,77.13,3.22,2.08,2,0,433,Vibration Issue,0,1
1/11/2025 5:47,1,70.64,40.38,38.26,2.15,0.98,1,0,464,Normal,0,0
1/11/2025 5:48,9,64.44,67.63,53.3,2.77,1.51,1,0,427,Normal,0,0
1/11/2025 5:49,18,75.53,59.28,65.11,3.76,4.99,1,0,429,Normal,0,0
1/11/2025 5:50,45,81.91,76.06,39.67,1.26,1.08,1,0,452,Normal,0,0
1/11/2025 5:51,47,81.05,54.31,64.76,4.5,2.06,1,0,429,Normal,0,0
1/11/2025 5:52,3,66.28,70.13,73.36,1.36,3.75,2,0,496,Vibration Issue,0,1
1/11/2025 5:53,24,86.93,58.31,35.92,4.08,1.91,2,0,95,Vibration Issue,0,1
1/11/2025 5:54,28,80.69,45.95,51.91,3.09,1.01,1,0,251,Normal,0,0
1/11/2025 5:55,10,91.35,72.67,50.14,4.13,0.72,1,1,45,Normal,1,1
1/11/2025 5:56,9,95.76,45.34,48.27,3.89,4.87,1,1,1,Normal,1,1
1/11/2025 5:57,13,81.12,65.62,32.38,1.47,2.07,1,0,452,Normal,0,0
1/11/2025 5:58,48,86.99,56.25,48.98,3.56,1.63,1,0,486,Normal,0,0
1/11/2025 5:59,35,80.21,69.3,75.46,2.57,4.75,1,0,44,Normal,0,0
1/11/2025 6:00,23,59.56,57.29,31.23,1.35,1.07,1,0,196,Normal,0,0
1/11/2025 6:01,47,51.55,50.39,51.47,1.16,1.38,1,0,350,Normal,0,0
1/11/2025 6:02,17,69.48,62.01,58.2,1.01,2.87,1,0,391,Normal,0,0
1/11/2025 6:03,46,79.05,51.67,38.34,3.95,4.85,2,0,142,Vibration Issue,0,1
1/11/2025 6:04,7,60.07,44.58,47.13,2.48,4.91,2,0,59,Overheating,0,1
1/11/2025 6:05,16,74.92,51.02,52.68,1.87,3.26,1,0,207,Normal,0,0
1/11/2025 6:06,40,83.14,64.25,58.69,2.08,1.69,1,0,210,Normal,0,0
1/11/2025 6:07,36,59.25,47.19,42.01,4.93,3.3,1,0,371,Normal,0,0
1/11/2025 6:08,20,84.89,60.72,63.29,2.74,1.73,0,0,129,Normal,0,0
1/11/2025 6:09,24,77.63,49.07,51.08,4.29,4,1,0,408,Normal,0,0
1/11/2025 6:10,47,74.9,27.39,31.84,2.94,2.67,1,0,240,Normal,0,0
1/11/2025 6:11,5,62.36,42.74,77.93,3.61,4.79,1,0,348,Normal,0,0
1/11/2025 6:12,45,81.87,42.79,43.69,3.39,4.84,1,0,33,Normal,0,0
1/11/2025 6:13,6,76.58,65.45,59.96,2.26,1.51,1,0,375,Normal,0,0
1/11/2025 6:14,28,53.77,49.39,46.58,4.6,2.21,2,0,276,Vibration Issue,0,1
1/11/2025 6:15,5,77.19,51.89,59.81,3.82,3.47,1,0,330,Normal,0,0
1/11/2025 6:16,49,65.43,52.54,72.43,4.16,3.54,1,0,72,Normal,0,0
1/11/2025 6:17,39,68,44.77,31.89,2.32,4.18,1,0,265,Normal,0,0
1/11/2025 6:18,38,76.01,35.82,66.62,2.53,2.49,0,0,44,Normal,0,0
1/11/2025 6:19,2,79.54,55.15,71.73,2.91,0.77,2,0,337,Normal,0,1
1/11/2025 6:20,43,85.64,45.38,63.96,2.17,1.05,1,0,493,Normal,0,0
1/11/2025 6:21,39,66.47,37.06,35.54,2.85,2.41,0,0,435,Normal,0,0
1/11/2025 6:22,21,75.34,44.38,44.85,4.76,2.63,0,0,399,Normal,0,0
1/11/2025 6:23,40,56.41,33.07,70.04,4.15,4.89,1,0,28,Normal,0,0
1/11/2025 6:24,37,78.92,52.27,79.41,2.23,2.67,1,0,456,Normal,0,0
1/11/2025 6:25,18,71.03,43.56,33.74,4.01,4.68,1,0,175,Normal,0,0
1/11/2025 6:26,48,80.28,70.37,67.85,2.56,1.53,2,0,216,Overheating,0,1
1/11/2025 6:27,46,73.15,64.7,61.88,3.6,3.98,1,0,467,Normal,0,0
1/11/2025 6:28,12,69.62,30.72,45.02,1.05,3.02,0,0,484,Normal,0,0
1/11/2025 6:29,17,72.37,78.63,74.62,1.59,3.72,1,0,353,Normal,0,0
1/11/2025 6:30,37,53.03,60.41,53.23,4.94,2.59,1,0,468,Normal,0,0
1/11/2025 6:31,46,82.34,45.91,74.65,1.12,3.21,1,0,274,Normal,0,0
1/11/2025 6:32,38,83.06,60.37,31.14,3.36,4.3,0,0,253,Normal,0,0
1/11/2025 6:33,15,83.31,49.36,34.74,1.49,4.08,1,0,93,Normal,0,0
1/11/2025 6:34,7,73.93,65.59,37.85,1.13,3.99,1,0,311,Normal,0,0
1/11/2025 6:35,14,86.42,32.48,66.99,3.52,4.13,1,0,442,Normal,0,0
1/11/2025 6:36,50,67.92,62.37,73.71,3.86,1.87,1,0,360,Normal,0,0
1/11/2025 6:37,1,65.11,35.96,78.66,2.8,1.79,1,0,472,Normal,0,0
1/11/2025 6:38,38,82.14,92.38,36.76,3.83,3.44,1,1,39,Normal,1,1
1/11/2025 6:39,3,69.46,63.32,58.52,1.08,4.29,1,0,420,Normal,0,0
1/11/2025 6:40,37,91.45,60.3,59.81,4.23,2.82,1,1,7,Normal,1,1
1/11/2025 6:41,44,86.77,43.28,54.47,2.16,4.63,1,0,115,Normal,0,0
1/11/2025 6:42,31,75.43,54.47,51.74,3.61,2.65,1,0,270,Normal,0,0
1/11/2025 6:43,43,63.07,29.85,44.8,4.56,2.27,2,0,330,Pressure Drop,0,1
1/11/2025 6:44,13,68.03,37.85,32.84,2.13,0.73,1,0,279,Normal,0,0
1/11/2025 6:45,48,73.12,53.21,61.19,1.99,4.4,1,0,124,Normal,0,0
1/11/2025 6:46,18,101.47,56.15,70.12,1.09,1.03,2,1,13,Normal,1,1
1/11/2025 6:47,17,77.41,69.36,32.27,4.83,0.71,1,0,90,Normal,0,0
1/11/2025 6:48,17,82.07,15.62,36.01,2.84,1.38,1,0,107,Normal,0,0
1/11/2025 6:49,11,66.66,59.43,74.57,4.44,4.07,1,0,368,Normal,0,0
1/11/2025 6:50,20,75.92,57.25,70.16,2.59,3.28,2,0,339,Overheating,0,1
1/11/2025 6:51,10,67.31,42.59,35.83,1.27,1.59,0,0,298,Normal,0,0
1/11/2025 6:52,29,69.19,71.33,46.35,4.39,2.6,1,0,433,Normal,0,0
1/11/2025 6:53,48,57.13,40.32,79.87,4.18,4.71,1,0,198,Normal,0,0
1/11/2025 6:54,34,78.11,62.99,44.78,2.37,2.69,1,0,82,Normal,0,0
1/11/2025 6:55,17,82.21,53.2,33.69,4.15,1.71,1,0,100,Normal,0,0
1/11/2025 6:56,42,60.2,49.65,30.38,3.05,2.08,1,0,167,Normal,0,0
1/11/2025 6:57,13,63.14,54.95,47.91,2.25,4.53,1,0,311,Normal,0,0
1/11/2025 6:58,44,60.46,49.95,68.35,4.57,0.94,1,0,324,Normal,0,0
1/11/2025 6:59,47,75.08,44.42,35.36,4.34,3.74,1,0,230,Normal,0,0
1/11/2025 7:00,39,74.33,51.78,51.7,1.65,3.6,1,0,91,Normal,0,0
1/11/2025 7:01,27,83.58,59.99,65.91,3.93,2.94,1,0,305,Normal,0,0
1/11/2025 7:02,26,63.44,57.33,58.34,3.47,2.02,1,0,153,Normal,0,0
1/11/2025 7:03,28,71.27,38.48,78.17,3.69,0.61,1,0,95,Normal,0,0
1/11/2025 7:04,13,67.34,39.37,46.18,2.75,2.03,1,0,474,Normal,0,0
1/11/2025 7:05,12,81.51,71.7,33.73,2.45,2.86,1,0,465,Normal,0,0
1/11/2025 7:06,44,74.81,62.32,37.83,2.67,2.98,0,0,271,Normal,0,0
1/11/2025 7:07,28,69.34,56.94,41.21,2.03,1.01,2,0,386,Normal,0,1
1/11/2025 7:08,2,67.01,47.55,44,4.69,1.53,1,0,327,Normal,0,0
1/11/2025 7:09,37,78.62,44.62,34.47,3.81,4.01,0,0,474,Normal,0,0
1/11/2025 7:10,34,85.98,66.06,35.9,3.28,2.95,1,0,358,Normal,0,0
1/11/2025 7:11,23,78.37,51.87,40.49,2.77,4.64,1,0,180,Normal,0,0
1/11/2025 7:12,45,71.56,40.64,52.03,1.42,1.76,2,0,395,Overheating,0,1
1/11/2025 7:13,29,61.12,69.36,64.16,3.16,0.77,2,0,199,Vibration Issue,0,1
1/11/2025 7:14,35,87.83,33.95,38.36,3.75,2.84,1,0,150,Normal,0,0
1/11/2025 7:15,11,74.95,45.31,34.11,3.75,3.96,1,0,376,Normal,0,0
1/11/2025 7:16,48,82.3,33.69,60.23,2.05,3.17,1,0,147,Normal,0,0
1/11/2025 7:17,33,82.35,64.08,58.81,2.47,1.01,1,0,412,Normal,0,0
1/11/2025 7:18,11,85.12,54.18,39.15,1.79,3.85,1,0,406,Normal,0,0
1/11/2025 7:19,9,90.38,41.59,30.98,4.09,3.74,1,1,47,Normal,1,1
1/11/2025 7:20,14,51.89,45.78,52.11,2.47,1.69,1,0,410,Normal,0,0
1/11/2025 7:21,9,76.58,42.84,61.15,3.74,3.46,1,0,358,Normal,0,0
1/11/2025 7:22,39,86.75,65.86,70.18,4.16,4.8,1,0,91,Normal,0,0
1/11/2025 7:23,48,75.44,77.49,53.68,2.59,1.54,2,0,480,Pressure Drop,0,1
1/11/2025 7:24,3,77.71,73.17,59.2,3.71,3.4,1,0,445,Normal,0,0
1/11/2025 7:25,29,75.39,49.74,34.72,3.51,4.88,1,0,151,Normal,0,0
1/11/2025 7:26,19,73.16,54.77,58.31,2.27,3.06,1,0,135,Normal,0,0
1/11/2025 7:27,36,63.8,45.08,74.28,2.85,4.35,1,0,281,Normal,0,0
1/11/2025 7:28,32,69.68,40.27,48.56,2.66,4.72,1,0,56,Normal,0,0
1/11/2025 7:29,7,63.19,58.26,47.41,4.52,4.84,1,0,414,Normal,0,0
1/11/2025 7:30,28,80.56,46.46,47.97,3.22,0.99,1,0,305,Normal,0,0
1/11/2025 7:31,44,79.96,53.58,71.22,3.73,2.17,1,0,107,Normal,0,0
1/11/2025 7:32,18,74.42,40.72,68.76,2.85,3.84,1,0,153,Normal,0,0
1/11/2025 7:33,5,51.34,33.69,49.61,2.52,3.8,1,0,184,Normal,0,0
1/11/2025 7:34,23,71.41,36.4,70.06,2.05,1.27,1,0,286,Normal,0,0
1/11/2025 7:35,22,63.47,24.66,75.16,2.69,2.24,1,0,208,Normal,0,0
1/11/2025 7:36,26,64.43,37.44,32.31,1.03,2.8,1,0,487,Normal,0,0
1/11/2025 7:37,42,77.36,58.63,63.41,1.53,3.66,1,0,220,Normal,0,0
1/11/2025 7:38,12,83.92,40.13,77.67,3.19,4.06,1,0,49,Normal,0,0
1/11/2025 7:39,40,88.38,36.55,77.05,2.47,2.98,0,0,395,Normal,0,0
1/11/2025 7:40,19,78.3,24.94,78.89,4.38,4.86,1,0,204,Normal,0,0
1/11/2025 7:41,47,89.39,58.94,54.37,2.08,2.31,1,0,362,Normal,0,0
1/11/2025 7:42,1,61.97,76.2,32.15,2.71,3.88,0,0,385,Normal,0,0
1/11/2025 7:43,3,66.33,67.44,38.59,1.73,3.71,1,0,288,Normal,0,0
1/11/2025 7:44,27,74.15,70.97,57.67,1.3,1.64,1,0,69,Normal,0,0
1/11/2025 7:45,18,81.48,51.14,31.72,2.81,1.63,1,0,380,Normal,0,0
1/11/2025 7:46,50,79.91,29.2,76.16,1.52,2.9,1,0,353,Normal,0,0
1/11/2025 7:47,30,82.53,58.59,74.69,3.12,3.36,1,0,413,Normal,0,0
1/11/2025 7:48,2,76.74,49.93,49.74,1.06,3.7,1,0,113,Normal,0,0
1/11/2025 7:49,5,75.58,55.68,79.16,1.95,2.2,1,0,397,Normal,0,0
1/11/2025 7:50,29,91.4,38.98,42.04,4.93,3.26,1,1,15,Normal,1,1
1/11/2025 7:51,33,79.61,55.31,67.11,1.1,2.6,1,0,483,Normal,0,0
1/11/2025 7:52,42,76.47,29.8,78.19,1.12,4.14,1,0,409,Normal,0,0
1/11/2025 7:53,20,75.66,43.07,34.87,3.72,1.4,2,0,237,Normal,0,1
1/11/2025 7:54,30,67.39,42.99,67.23,1.09,0.84,2,0,165,Overheating,0,1
1/11/2025 7:55,42,82.4,50,69.97,2.14,0.9,1,0,268,Normal,0,0
1/11/2025 7:56,5,63.78,44.94,45.89,2.4,2.95,1,0,350,Normal,0,0
1/11/2025 7:57,50,56.99,35.87,69.93,4.54,3.31,2,0,497,Overheating,0,1
1/11/2025 7:58,21,92.57,43.43,46.92,3.42,3.15,0,1,32,Normal,1,1
1/11/2025 7:59,15,89.73,76.02,59.32,4.64,1.81,1,0,223,Normal,0,0
1/11/2025 8:00,20,79.47,33.22,51.91,3.69,2.57,1,0,212,Normal,0,0
1/11/2025 8:01,8,78.58,42.23,74.65,3.36,1.92,1,0,214,Normal,0,0
1/11/2025 8:02,49,72.55,43.75,71.91,2.7,4.81,1,0,405,Normal,0,0
1/11/2025 8:03,31,70.57,82.48,65.3,4.98,2.88,2,1,35,Vibration Issue,1,1
1/11/2025 8:04,12,56.74,48.39,66.47,3.57,1.73,1,0,462,Normal,0,0
1/11/2025 8:05,21,64.34,73.12,41.92,4.99,4.44,1,0,20,Normal,0,0
1/11/2025 8:06,30,65.6,42.15,33.03,4.43,4.86,1,0,469,Normal,0,0
1/11/2025 8:07,27,75.6,41.8,64.41,2.86,3.41,1,0,377,Normal,0,0
1/11/2025 8:08,44,92.4,67.19,43.75,2.9,1.77,1,1,48,Normal,1,1
1/11/2025 8:09,26,59.63,16.64,66.91,2.98,2.4,1,0,177,Normal,0,0
1/11/2025 8:10,33,81.09,35.44,46.75,4.63,2.44,1,0,232,Normal,0,0
1/11/2025 8:11,26,81.94,64.25,71.59,3.53,2.97,1,0,102,Normal,0,0
1/11/2025 8:12,26,58.18,63.69,76.58,2.05,4.45,1,0,290,Normal,0,0
1/11/2025 8:13,36,60.51,41.5,45.49,4.45,4.9,1,0,395,Normal,0,0
1/11/2025 8:14,40,77.44,68.16,63.36,3.89,2.08,1,0,194,Normal,0,0
1/11/2025 8:15,1,77.97,62.99,48.77,1.59,0.53,1,0,218,Normal,0,0
1/11/2025 8:16,15,87.38,84.15,46.18,2.45,2.07,1,1,40,Normal,1,1
1/11/2025 8:17,50,79.67,70.16,70.21,4.99,1.4,1,0,103,Normal,0,0
1/11/2025 8:18,1,63.03,44.04,59.16,1.92,2.15,1,0,461,Normal,0,0
1/11/2025 8:19,11,75.09,58.21,49.12,4.02,1.08,0,0,126,Normal,0,0
1/11/2025 8:20,2,67.8,27.14,63.84,4.93,3.71,1,0,486,Normal,0,0
1/11/2025 8:21,1,54.37,54.29,79.99,3.98,1.01,1,0,86,Normal,0,0
1/11/2025 8:22,31,82.22,27.65,62.15,3.22,0.72,1,0,26,Normal,0,0
1/11/2025 8:23,44,80.86,37.62,47.13,4.38,0.87,1,0,439,Normal,0,0
1/11/2025 8:24,16,73.36,90.21,51.92,2.02,2.26,1,1,6,Normal,1,1
1/11/2025 8:25,22,91.93,61.83,49.18,2.23,0.96,2,1,12,Electrical Fault,1,1
1/11/2025 8:26,42,62.45,39.37,77.59,1.25,1.46,1,0,440,Normal,0,0
1/11/2025 8:27,18,85.05,50.79,35.7,4.96,3.38,1,0,399,Normal,0,0
1/11/2025 8:28,47,67.58,26.39,44.99,3.18,1.37,1,0,381,Normal,0,0
1/11/2025 8:29,17,79.81,34.5,34,4.92,1.22,2,0,434,Pressure Drop,0,1
1/11/2025 8:30,30,84.62,32.52,69.98,4.15,4.4,1,0,359,Normal,0,0
1/11/2025 8:31,10,66.53,12.02,37.79,3.71,3.11,1,0,190,Normal,0,0
1/11/2025 8:32,35,68.89,52.2,62.95,3.95,2.15,0,0,262,Normal,0,0
1/11/2025 8:33,21,78.73,59.84,73.76,3.21,3.65,1,0,192,Normal,0,0
1/11/2025 8:34,16,64.6,77.27,76.01,1.8,3.88,1,0,374,Normal,0,0
1/11/2025 8:35,6,81.27,50.67,33.65,4.93,2.82,0,0,344,Normal,0,0
1/11/2025 8:36,3,75.77,32.88,59.67,4.96,1.12,1,0,146,Normal,0,0
1/11/2025 8:37,41,78.52,53.16,31.55,3.44,0.92,1,0,409,Normal,0,0
1/11/2025 8:38,43,67.51,35.14,70.23,1.51,2,1,0,313,Normal,0,0
1/11/2025 8:39,21,66.99,30.58,71.64,2.51,4.38,1,0,366,Normal,0,0
1/11/2025 8:40,13,60.96,66.89,65.41,1.19,2.25,0,0,285,Normal,0,0
1/11/2025 8:41,18,77.72,59.88,40.68,3.5,3.01,1,0,289,Normal,0,0
1/11/2025 8:42,24,62.91,30.31,54.26,3.5,4.51,1,0,123,Normal,0,0
1/11/2025 8:43,27,71.77,67.75,66.65,3.45,1.29,0,0,198,Normal,0,0
1/11/2025 8:44,4,82.69,44.74,71.32,2.62,1.12,1,0,488,Normal,0,0
1/11/2025 8:45,22,93.67,51.35,74.15,3.14,4.58,1,1,14,Normal,1,1
1/11/2025 8:46,24,78.39,70.15,67.89,2.72,4.21,1,0,241,Normal,0,0
1/11/2025 8:47,40,75.93,91.14,72.4,4.72,4.63,1,1,46,Normal,1,1
1/11/2025 8:48,45,61.6,58.23,67.02,1.35,0.62,1,0,328,Normal,0,0
1/11/2025 8:49,10,70.26,35.73,42.81,4.07,1.43,0,0,433,Normal,0,0
1/11/2025 8:50,2,70.68,50.79,38.68,2.81,2.12,1,0,486,Normal,0,0
1/11/2025 8:51,40,78.97,64.43,31.34,3.77,0.5,1,0,99,Normal,0,0
1/11/2025 8:52,6,71.71,26.62,51.31,2.22,4.66,1,0,55,Normal,0,0
1/11/2025 8:53,48,95.69,52.29,35.78,2.29,3.37,1,1,41,Normal,1,1
1/11/2025 8:54,18,80.01,35.15,72.73,3.22,1.32,1,0,372,Normal,0,0
1/11/2025 8:55,17,82.35,48.74,41.94,4.43,0.75,1,0,140,Normal,0,0
1/11/2025 8:56,38,80.01,50.59,68.94,1.81,4.7,1,0,267,Normal,0,0
1/11/2025 8:57,45,65.07,59.34,55.35,3.49,4.37,1,0,136,Normal,0,0
1/11/2025 8:58,23,69.34,52.38,57.86,2.78,4.05,0,0,259,Normal,0,0
1/11/2025 8:59,46,70.16,25.28,30.76,3.17,2.35,1,0,75,Normal,0,0
1/11/2025 9:00,30,86.9,66.93,36.31,1.37,4.86,1,0,305,Normal,0,0
1/11/2025 9:01,21,85.04,38.96,39.18,1.84,4.02,1,0,193,Normal,0,0
1/11/2025 9:02,10,78.19,64.74,39.43,2.74,3.65,1,0,258,Normal,0,0
1/11/2025 9:03,43,77.32,51.02,73.64,4.54,0.74,2,0,71,Normal,0,1
1/11/2025 9:04,13,81.74,63.74,42.89,2.87,4.05,1,0,13,Normal,0,1
1/11/2025 9:05,12,60.02,73.44,52.3,2.69,2.46,0,0,444,Normal,0,0
1/11/2025 9:06,9,76.35,40.51,52.44,1.9,2.25,1,0,346,Normal,0,0
1/11/2025 9:07,4,60.04,58.35,54.31,4.83,2.07,1,0,478,Normal,0,0
1/11/2025 9:08,39,72.52,77.81,76.32,1.3,1.14,1,0,34,Normal,0,0
1/11/2025 9:09,24,84.03,41.95,40.31,1.58,1.19,1,0,427,Normal,0,0
1/11/2025 9:10,34,65.42,32.25,78.98,4.44,4.51,1,0,258,Normal,0,0
1/11/2025 9:11,39,88.2,46.27,78.05,3.56,3.5,1,0,50,Normal,0,0
1/11/2025 9:12,41,82.34,43.31,46.96,2.2,3.36,1,0,204,Normal,0,0
1/11/2025 9:13,5,75.49,29.57,30.53,2.73,2.31,1,0,120,Normal,0,0
1/11/2025 9:14,15,74.9,42.9,30.53,1.52,3.57,1,0,319,Normal,0,0
1/11/2025 9:15,50,65.24,62.97,78.23,2.2,3.29,1,0,150,Normal,0,0
1/11/2025 9:16,4,63.47,49.46,54.11,2.39,1.86,1,0,234,Normal,0,0
1/11/2025 9:17,39,66.1,43.35,49.5,1.2,3.15,2,0,428,Pressure Drop,0,1
1/11/2025 9:18,8,69.27,72.14,41.95,4.53,4.89,1,0,463,Normal,0,0
1/11/2025 9:19,49,78.55,46.03,77.27,3.85,1.4,1,0,385,Normal,0,0
1/11/2025 9:20,45,65.63,36.95,76.64,1.62,1.1,1,0,186,Normal,0,0
1/11/2025 9:21,24,71.02,39.75,39.07,3.99,1.1,1,0,436,Normal,0,0
1/11/2025 9:22,28,82.97,70.03,76.47,4.74,1.46,1,0,233,Normal,0,0
1/11/2025 9:23,43,61.31,54.4,34.89,4.76,4.53,1,0,219,Normal,0,0
1/11/2025 9:24,27,61.74,48.89,59.02,3.02,1.09,1,0,456,Normal,0,0
1/11/2025 9:25,1,73.06,39.48,78.53,1.3,4.39,1,0,390,Normal,0,0
1/11/2025 9:26,34,75.81,42.78,61.56,1.74,4.35,1,0,68,Normal,0,0
1/11/2025 9:27,17,74.98,49.21,79.36,3.37,4.45,0,0,115,Normal,0,0
1/11/2025 9:28,37,87.25,34.22,64.55,3.6,1.66,1,0,52,Normal,0,0
1/11/2025 9:29,38,66.2,73.59,48.11,3.7,1.96,1,0,19,Normal,0,1
1/11/2025 9:30,26,62.33,32.52,52.34,3.01,4.83,1,0,194,Normal,0,0
1/11/2025 9:31,24,55.5,51.9,67.67,4.98,4.09,1,0,356,Normal,0,0
1/11/2025 9:32,39,72.24,33.88,61.67,2.56,0.57,1,0,385,Normal,0,0
1/11/2025 9:33,21,78.5,55.89,51.43,1.33,3.81,1,0,387,Normal,0,0
1/11/2025 9:34,30,79,75.84,56.43,3.21,1.52,1,0,184,Normal,0,0
1/11/2025 9:35,47,73.11,59.72,38.38,4.47,0.94,1,0,92,Normal,0,0
1/11/2025 9:36,48,71.21,36.19,35.74,1.03,0.8,1,0,61,Normal,0,0
1/11/2025 9:37,13,76.74,66.88,73.41,1.53,3.04,1,0,473,Normal,0,0
1/11/2025 9:38,37,77.09,82.82,57.76,3.07,3.83,1,1,14,Normal,1,1
1/11/2025 9:39,3,65.08,26.84,49.66,1.89,3.11,1,0,398,Normal,0,0
1/11/2025 9:40,32,80.91,50.42,59.91,3.72,4.19,0,0,167,Normal,0,0
1/11/2025 9:41,35,81.03,41.98,41.09,3.58,3.57,1,0,92,Normal,0,0
1/11/2025 9:42,19,59.23,65.06,56.96,3.56,0.85,1,0,96,Normal,0,0
1/11/2025 9:43,14,70.1,76.69,58.78,2.59,4.19,1,0,305,Normal,0,0
1/11/2025 9:44,48,64.01,49.84,41.52,3.65,2.05,1,0,209,Normal,0,0
1/11/2025 9:45,22,73.31,48.1,37.22,3.51,2.15,1,0,462,Normal,0,0
1/11/2025 9:46,17,68.21,47.5,31.57,3.86,1.47,2,0,251,Electrical Fault,0,1
1/11/2025 9:47,4,76.74,49.41,75.46,3.4,3.72,1,0,479,Normal,0,0
1/11/2025 9:48,45,63.49,47.06,41.56,2.47,3.27,1,0,43,Normal,0,0
1/11/2025 9:49,40,78.92,39.41,47.42,1.56,4.26,1,0,23,Normal,0,0
1/11/2025 9:50,19,98.26,64.7,41.31,3.69,2.97,1,1,45,Normal,1,1
1/11/2025 9:51,37,77.96,46.94,42.17,2.19,3.06,1,0,145,Normal,0,0
1/11/2025 9:52,2,87.65,54.51,48.25,1.78,3.26,1,0,414,Normal,0,0
1/11/2025 9:53,15,72.94,43.91,46.31,3.28,4.79,1,0,152,Normal,0,0
1/11/2025 9:54,2,64.55,53.4,76.82,2.93,4.13,0,0,494,Normal,0,0
1/11/2025 9:55,11,71.2,62.23,45.31,3.9,2.85,1,0,440,Normal,0,0
1/11/2025 9:56,45,80.38,56.48,44.49,2.8,1.23,1,0,340,Normal,0,0
1/11/2025 9:57,23,74.58,35.42,73.25,2.99,4.35,1,0,150,Normal,0,0
1/11/2025 9:58,10,71.4,59.64,72.72,2.97,2.26,2,0,52,Normal,0,1
1/11/2025 9:59,3,82.24,24.51,45.36,2.28,1.33,1,0,34,Normal,0,0
1/11/2025 10:00,5,73.95,37.8,75.43,1.78,0.8,0,0,361,Normal,0,0