timestamp,machine_id,temperature,vibration,humidity,pressure,energy_consumption,machine_status,anomaly_flag,predicted_remaining_life,failure_type,downtime_risk,maintenance_required
1/2/2025 10:14,128,62.07,34.65,57.16,4.86,2.03,1,0,295,Normal,0.0,0
1/21/2025 13:27,121,62.13,45.42,31.08,3.0,1.68,1,0,158,Normal,0.0,0
1/23/2025 3:02,142,66.31,48.67,72.94,3.92,4.65,0,0,386,Normal,0.0,0
1/27/2025 22:06,105,81.49,51.91,63.53,4.98,3.05,1,0,237,Normal,0.0,0
2/2/2025 3:03,149,89.08,72.87,68.4,4.97,1.93,1,0,36,Normal,0.0,0
2/9/2025 1:22,142,67.83,74.44,46.89,3.69,2.25,1,0,331,Normal,0.0,0
3/9/2025 1:14,111,81.48,70.09,74.92,1.62,3.32,1,0,302,Normal,0.0,0
1/18/2025 9:01,147,66.54,39.48,59.29,4.87,4.23,1,0,486,Normal,0.0,0
2/7/2025 14:36,124,76.11,63.89,49.07,2.13,2.05,1,0,484,Normal,0.0,0
1/8/2025 14:02,123,62.49,75.64,72.38,3.14,4.7,1,0,199,Normal,0.0,0
2/20/2025 17:57,117,91.46,71.63,54.32,4.46,1.65,1,1,39,Normal,1.0,1
1/25/2025 12:55,137,76.93,29.65,44.28,1.41,3.63,1,0,38,Normal,0.0,0
1/20/2025 11:38,123,55.91,38.74,38.64,4.66,4.51,1,0,205,Normal,0.0,0
2/5/2025 15:09,133,64.5,24.95,54.76,4.24,2.61,2,0,212,Vibration Issue,0.0,1
3/2/2025 23:22,148,73.23,39.7,65.25,2.5,3.3,1,0,254,Normal,0.0,0
2/3/2025 18:10,105,66.41,40.19,43.84,1.36,1.7,1,0,36,Normal,0.0,0
2/22/2025 4:30,110,82.71,49.07,39.12,2.92,0.83,1,0,67,Normal,0.0,0
2/8/2025 23:37,144,87.55,59.31,77.62,1.14,2.74,2,0,471,Vibration Issue,0.0,1
2/25/2025 5:48,103,79.1,64.21,46.35,1.47,2.89,1,0,420,Normal,0.0,0
1/13/2025 7:54,102,85.45,47.6,65.06,3.55,1.78,1,0,216,Normal,0.0,0
2/3/2025 16:22,141,69.52,48.18,35.47,4.69,3.08,2,0,192,Electrical Fault,0.0,1
1/17/2025 11:14,113,76.34,47.78,77.94,3.14,2.9,1,0,95,Normal,0.0,0
3/6/2025 5:09,141,76.64,44.0,37.98,4.77,2.52,1,0,133,Normal,0.0,0
2/13/2025 10:14,102,75.11,62.03,47.0,2.81,4.73,1,0,57,Normal,0.0,0
2/21/2025 15:10,114,66.13,42.18,34.41,4.93,4.25,0,0,105,Normal,0.0,0
3/5/2025 6:12,135,78.87,48.98,60.11,4.86,4.94,1,0,231,Normal,0.0,0
1/20/2025 15:31,118,77.5,37.98,70.54,2.34,0.98,1,0,163,Normal,0.0,0
1/7/2025 2:17,106,68.68,48.14,42.74,1.1,1.97,1,0,372,Normal,0.0,0
3/1/2025 18:42,113,60.6,49.02,50.87,2.03,2.14,1,0,145,Normal,0.0,0
2/20/2025 7:36,136,87.63,58.2,53.7,1.21,2.66,1,0,63,Normal,0.0,0
2/11/2025 5:30,118,71.51,61.37,78.52,3.7,4.45,1,0,438,Normal,0.0,0
2/23/2025 5:48,134,69.13,52.14,31.8,1.26,1.78,1,0,292,Normal,0.0,0
1/13/2025 10:55,141,82.4,57.49,78.16,3.41,2.78,1,0,22,Normal,0.0,0
3/3/2025 4:34,142,82.94,83.05,48.65,3.63,2.14,1,1,1,Normal,1.0,1
2/12/2025 13:31,125,71.01,36.91,59.14,2.4,3.37,2,0,63,Vibration Issue,0.0,1
1/27/2025 7:18,131,69.92,64.64,48.29,4.79,0.7,1,0,242,Normal,0.0,0
2/22/2025 3:14,141,66.04,58.19,47.54,2.43,2.73,1,0,99,Normal,0.0,0
2/2/2025 19:33,109,81.19,26.78,30.81,3.4,0.67,1,0,341,Normal,0.0,0
2/10/2025 8:21,113,75.01,40.67,31.97,2.15,3.14,1,0,305,Normal,0.0,0
2/18/2025 10:05,119,83.52,48.54,40.21,3.87,4.84,1,0,313,Normal,0.0,0
2/7/2025 2:06,127,68.92,54.46,42.03,4.15,2.11,1,0,480,Normal,0.0,0
2/9/2025 0:33,136,57.42,61.34,65.79,3.59,3.37,0,0,277,Normal,0.0,0
1/12/2025 17:42,131,56.91,62.03,50.36,3.92,3.97,0,0,106,Normal,0.0,0
2/18/2025 15:13,109,76.81,68.74,79.61,2.23,1.71,1,0,321,Normal,0.0,0
1/22/2025 20:59,131,87.42,58.67,31.38,3.31,1.76,1,0,120,Normal,0.0,0
1/17/2025 23:24,130,83.54,55.74,65.89,3.46,3.25,2,0,302,Overheating,0.0,1
1/5/2025 18:14,148,80.25,47.04,74.18,1.74,2.6,1,0,135,Normal,0.0,0
1/5/2025 11:53,135,70.63,46.35,41.57,4.55,4.47,1,0,87,Normal,0.0,0
1/27/2025 17:09,147,74.53,51.93,56.04,4.05,3.86,1,0,415,Normal,0.0,0
2/20/2025 7:24,120,82.92,33.54,54.97,3.23,3.93,2,0,381,Pressure Drop,0.0,1
1/26/2025 20:05,135,71.85,42.24,45.02,2.2,0.97,1,0,145,Normal,0.0,0
2/13/2025 16:57,147,79.48,54.03,74.46,1.29,2.9,1,0,156,Normal,0.0,0
1/17/2025 20:48,114,68.77,56.27,50.37,1.94,4.06,1,0,143,Normal,0.0,0
3/2/2025 0:27,134,53.94,55.98,58.26,1.54,2.02,1,0,274,Normal,0.0,0
1/17/2025 6:41,127,52.4,60.54,73.64,2.91,2.98,1,0,379,Normal,0.0,0
1/25/2025 21:04,107,77.6,31.93,32.39,3.13,1.07,1,0,482,Normal,0.0,0
2/13/2025 0:49,114,72.18,80.47,59.63,1.39,1.54,1,1,31,Normal,1.0,1
3/3/2025 16:30,112,78.99,48.84,76.21,4.41,2.85,1,0,206,Normal,0.0,0
1/2/2025 5:48,139,58.78,24.1,38.02,2.51,2.28,1,0,447,Normal,0.0,0
2/4/2025 16:03,110,80.71,34.85,76.04,4.16,2.89,2,0,64,Vibration Issue,0.0,1
1/6/2025 15:44,150,71.32,35.91,64.67,4.81,4.64,0,0,205,Normal,0.0,0
1/8/2025 2:37,118,74.78,47.3,50.64,1.28,3.45,1,0,43,Normal,0.0,0
3/8/2025 12:38,136,67.2,41.07,51.87,4.9,2.02,2,0,381,Normal,0.0,1
2/1/2025 19:16,136,70.06,46.89,56.31,3.61,3.66,1,0,340,Normal,0.0,0
2/12/2025 13:13,132,83.3,52.5,37.97,4.02,3.46,1,0,249,Normal,0.0,0
1/30/2025 23:03,110,69.46,52.51,31.67,2.57,0.93,1,0,48,Normal,0.0,0
1/21/2025 6:11,119,59.37,53.78,44.69,2.43,2.69,1,0,324,Normal,0.0,0
2/5/2025 7:32,115,62.11,39.34,47.49,1.75,3.83,1,0,141,Normal,0.0,0
2/10/2025 15:15,117,54.92,56.03,75.67,1.98,1.86,1,0,443,Normal,0.0,0
2/4/2025 3:42,121,85.89,75.81,34.99,1.43,2.39,1,0,185,Normal,0.0,0
2/25/2025 8:52,137,67.71,59.93,69.42,2.95,4.86,1,0,385,Normal,0.0,0
3/1/2025 20:50,148,85.12,63.4,66.74,1.35,3.8,1,0,385,Normal,0.0,0
1/20/2025 19:37,110,76.29,80.3,76.07,2.34,2.59,1,1,2,Normal,1.0,1
1/2/2025 2:25,140,74.58,53.1,64.17,1.71,3.27,2,0,73,Normal,0.0,1
1/27/2025 23:13,145,68.34,65.22,69.28,2.86,1.7,1,0,382,Normal,0.0,0
3/6/2025 5:14,108,59.13,52.52,69.52,3.01,0.64,1,0,254,Normal,0.0,0
2/20/2025 11:43,105,78.66,32.13,50.33,3.31,2.97,1,0,283,Normal,0.0,0
1/12/2025 12:58,129,75.34,39.9,44.35,2.48,2.37,1,0,53,Normal,0.0,0
2/27/2025 2:30,131,70.45,64.39,40.41,4.09,3.9,1,0,43,Normal,0.0,0
1/6/2025 10:09,119,86.43,48.93,60.38,1.12,1.24,1,0,384,Normal,0.0,0
1/10/2025 14:20,115,86.91,63.29,47.78,2.2,3.68,1,0,400,Normal,0.0,0
2/9/2025 0:10,130,81.13,54.45,34.56,3.88,1.35,1,0,462,Normal,0.0,0
3/1/2025 2:39,124,61.59,40.62,76.73,3.78,2.09,1,0,251,Normal,0.0,0
1/19/2025 19:30,136,87.18,23.85,63.76,3.39,2.7,1,0,185,Normal,0.0,0
2/28/2025 21:19,102,81.18,33.33,30.32,2.18,3.28,1,0,18,Normal,0.0,1
1/18/2025 10:16,138,75.42,53.87,63.28,1.75,3.81,1,0,93,Normal,0.0,0
2/7/2025 21:22,124,72.84,43.41,44.53,1.52,3.2,1,0,403,Normal,0.0,0
3/5/2025 2:33,113,76.25,39.0,65.5,4.13,3.13,1,0,395,Normal,0.0,0
1/7/2025 2:34,145,66.44,53.06,42.39,1.74,1.91,0,0,242,Normal,0.0,0
1/18/2025 5:01,117,64.59,62.67,49.62,2.94,2.71,1,0,422,Normal,0.0,0
3/4/2025 10:45,113,82.82,36.54,35.9,1.91,4.2,1,0,375,Normal,0.0,0
1/23/2025 22:17,109,90.43,49.45,40.07,2.53,4.44,1,1,8,Normal,1.0,1
1/10/2025 22:45,113,71.95,66.09,47.75,3.03,4.85,1,0,419,Normal,0.0,0
1/24/2025 15:59,128,70.38,109.24,53.67,2.07,0.72,0,1,11,Normal,1.0,1
2/9/2025 11:05,133,92.78,58.02,72.91,1.05,2.23,1,1,4,Normal,1.0,1
2/18/2025 18:00,134,72.38,26.03,38.32,4.26,4.13,1,0,274,Normal,0.0,0
1/15/2025 18:37,149,80.41,32.42,75.61,4.56,1.78,1,0,96,Normal,0.0,0
1/26/2025 12:16,126,69.84,50.03,37.3,3.0,4.72,1,0,65,Normal,0.0,0
1/25/2025 15:06,116,68.73,34.64,71.87,1.41,2.41,0,0,239,Normal,0.0,0
1/28/2025 11:47,116,64.45,18.71,39.07,3.12,2.73,1,0,218,Normal,0.0,0
1/25/2025 18:57,122,67.98,45.31,35.59,3.61,2.77,1,0,123,Normal,0.0,0
1/23/2025 8:36,104,85.9,45.76,74.53,1.52,0.59,1,0,86,Normal,0.0,0
2/8/2025 21:24,142,76.63,70.0,35.0,2.64,1.3,0,0,282,Normal,0.0,0
1/27/2025 19:39,126,62.78,40.38,67.83,2.87,4.03,1,0,46,Normal,0.0,0
2/23/2025 19:41,121,88.67,49.27,77.25,4.63,0.87,1,0,126,Normal,0.0,0
3/7/2025 9:19,149,67.53,19.64,55.16,2.52,4.09,1,0,341,Normal,0.0,0
2/20/2025 5:05,117,67.91,37.47,67.04,3.49,3.09,0,0,369,Normal,0.0,0
1/6/2025 19:55,107,93.94,52.13,76.47,4.94,4.97,1,1,1,Normal,1.0,1
1/31/2025 13:13,118,91.4,45.54,33.63,2.05,4.14,2,1,47,Overheating,1.0,1
2/3/2025 23:55,128,69.3,53.28,60.96,3.01,3.6,1,0,257,Normal,0.0,0
2/16/2025 9:33,120,92.98,72.72,78.9,4.71,1.8,2,1,16,Pressure Drop,1.0,1
1/15/2025 6:14,147,75.1,58.18,60.23,2.98,3.15,1,0,132,Normal,0.0,0
1/5/2025 2:26,135,89.07,58.55,50.05,2.51,4.57,1,0,223,Normal,0.0,0
1/23/2025 19:42,139,78.61,40.82,39.36,2.73,2.33,1,0,36,Normal,0.0,0
3/3/2025 18:33,134,83.74,33.86,57.9,4.91,4.43,0,0,295,Normal,0.0,0
1/23/2025 12:51,102,65.0,51.13,58.57,4.0,0.93,1,0,91,Normal,0.0,0
3/8/2025 16:24,102,81.3,51.56,62.25,4.08,1.12,1,0,327,Normal,0.0,0
2/14/2025 15:30,114,60.33,61.16,38.49,4.63,1.63,1,0,418,Normal,0.0,0
2/5/2025 3:15,130,71.9,31.98,47.16,2.5,3.52,1,0,102,Normal,0.0,0
1/14/2025 2:37,118,76.28,77.44,36.46,3.07,3.44,2,0,349,Vibration Issue,0.0,1
2/24/2025 21:50,114,81.92,51.39,41.94,3.72,4.63,1,0,137,Normal,0.0,0
2/14/2025 9:05,110,64.83,49.38,32.77,4.59,2.52,1,0,414,Normal,0.0,0
3/8/2025 15:42,131,82.89,24.63,65.5,4.13,2.5,1,0,280,Normal,0.0,0
2/8/2025 14:58,112,65.38,43.22,33.44,3.28,3.04,1,0,183,Normal,0.0,0
1/14/2025 22:50,115,85.3,69.35,60.09,4.65,3.2,2,0,132,Electrical Fault,0.0,1
1/13/2025 22:06,113,67.15,47.9,66.7,1.08,1.97,1,0,399,Normal,0.0,0
1/21/2025 5:12,112,78.55,58.98,41.54,1.57,2.65,1,0,491,Normal,0.0,0
1/15/2025 17:48,107,86.63,32.11,48.39,1.86,4.87,1,0,68,Normal,0.0,0
2/18/2025 5:19,139,84.06,30.77,38.25,3.55,3.37,1,0,108,Normal,0.0,0
1/15/2025 14:55,121,86.46,69.74,67.47,3.04,4.91,1,0,260,Normal,0.0,0
2/25/2025 20:27,106,83.46,35.83,37.5,2.12,3.47,1,0,252,Normal,0.0,0
2/19/2025 6:55,113,86.12,48.5,43.02,3.09,3.47,0,0,211,Normal,0.0,0
1/29/2025 17:25,120,66.14,59.85,31.42,4.82,4.45,1,0,281,Normal,0.0,0
1/31/2025 8:36,115,77.15,54.78,41.72,4.36,1.87,1,0,292,Normal,0.0,0
3/7/2025 15:42,108,75.13,52.32,68.27,3.17,3.35,1,0,154,Normal,0.0,0
2/14/2025 15:10,150,67.34,34.08,66.2,1.89,2.83,1,0,176,Normal,0.0,0
2/7/2025 15:50,131,67.31,53.73,70.24,3.59,1.36,1,0,61,Normal,0.0,0
3/3/2025 0:15,111,70.17,50.81,47.8,3.51,4.81,1,0,330,Normal,0.0,0
2/17/2025 2:45,127,91.28,59.53,73.8,3.22,4.15,1,1,10,Normal,1.0,1
1/9/2025 9:38,115,78.25,49.23,33.97,4.72,3.29,1,0,113,Normal,0.0,0
1/2/2025 16:13,124,71.04,80.8,46.24,3.52,2.95,1,1,28,Normal,1.0,1
3/9/2025 13:56,128,51.17,58.13,47.45,2.44,4.81,2,0,355,Normal,0.0,1
1/5/2025 5:13,113,85.94,34.17,78.81,2.37,0.84,1,0,332,Normal,0.0,0
2/14/2025 11:50,145,76.66,24.81,74.12,3.86,4.54,1,0,423,Normal,0.0,0
3/8/2025 5:56,130,72.16,40.29,71.85,4.34,4.81,1,0,118,Normal,0.0,0
1/12/2025 11:30,137,87.55,44.25,70.51,1.98,2.13,1,0,268,Normal,0.0,0
1/16/2025 21:24,136,72.86,75.37,47.08,2.51,4.38,1,0,482,Normal,0.0,0
1/6/2025 22:25,145,92.78,57.72,61.88,4.97,2.34,1,1,42,Normal,1.0,1
1/3/2025 5:00,122,87.4,54.21,37.47,2.98,1.12,1,0,210,Normal,0.0,0
2/20/2025 0:25,128,80.01,59.69,72.63,3.33,2.62,1,0,285,Normal,0.0,0
2/8/2025 23:16,140,70.88,42.83,41.01,3.48,1.3,1,0,296,Normal,0.0,0
1/9/2025 10:14,140,80.86,47.09,30.04,4.81,1.43,1,0,343,Normal,0.0,0
3/4/2025 18:14,141,59.34,56.13,75.15,3.1,2.75,1,0,35,Normal,0.0,0
1/10/2025 18:59,109,68.69,65.02,74.92,2.32,4.5,1,0,244,Normal,0.0,0
1/23/2025 13:27,138,65.3,35.08,54.86,4.87,1.16,1,0,114,Normal,0.0,0
1/23/2025 22:48,150,81.0,55.63,55.22,1.49,1.04,1,0,410,Normal,0.0,0
2/7/2025 13:27,148,70.23,36.41,70.51,2.45,2.38,1,0,161,Normal,0.0,0
1/2/2025 23:59,132,71.01,68.59,76.12,3.87,0.77,0,0,171,Normal,0.0,0
2/5/2025 4:40,124,69.85,17.28,49.01,3.24,0.69,1,0,485,Normal,0.0,0
2/24/2025 4:30,127,65.84,9.9,67.72,2.6,2.53,2,0,51,Normal,0.0,1
2/5/2025 21:04,125,79.24,36.83,75.89,4.92,2.54,0,0,147,Normal,0.0,0
1/23/2025 6:42,121,90.51,51.26,79.15,2.35,4.57,1,1,19,Normal,1.0,1
1/2/2025 12:05,128,59.04,39.43,77.31,2.82,1.0,1,0,48,Normal,0.0,0
1/15/2025 15:28,139,52.04,41.15,72.53,1.85,4.47,1,0,169,Normal,0.0,0
1/3/2025 10:34,120,70.95,45.75,37.54,1.7,1.04,1,0,42,Normal,0.0,0
2/5/2025 11:19,145,73.23,68.3,45.55,4.5,3.84,2,0,254,Vibration Issue,0.0,1
3/10/2025 10:40,104,84.93,85.35,76.02,2.43,4.25,1,1,12,Normal,1.0,1
2/19/2025 21:20,111,81.0,69.03,73.14,4.31,3.19,1,0,168,Normal,0.0,0
2/5/2025 1:18,123,68.78,48.74,49.19,4.54,4.28,2,0,121,Vibration Issue,0.0,1
3/5/2025 16:38,143,64.89,36.39,62.12,2.42,2.41,1,0,443,Normal,0.0,0
1/8/2025 5:28,114,73.57,57.64,45.97,2.05,1.85,1,0,164,Normal,0.0,0
2/14/2025 15:32,104,67.09,41.86,44.72,3.23,2.61,1,0,21,Normal,0.0,0
3/10/2025 14:32,132,71.76,60.43,61.55,3.02,3.15,0,0,125,Normal,0.0,0
1/21/2025 5:10,136,66.71,43.79,53.26,2.92,4.96,1,0,209,Normal,0.0,0
2/27/2025 16:24,139,80.15,18.26,38.37,2.76,3.32,1,0,176,Normal,0.0,0
2/22/2025 8:28,106,75.02,50.15,44.36,4.58,5.0,1,0,149,Normal,0.0,0
1/27/2025 20:13,116,74.62,24.53,53.19,1.79,1.11,1,0,90,Normal,0.0,0
3/5/2025 6:42,101,82.98,49.6,67.39,2.89,0.66,1,0,170,Normal,0.0,0
2/25/2025 5:52,109,80.26,21.93,40.51,4.56,4.28,1,0,87,Normal,0.0,0
2/15/2025 21:38,104,77.77,42.55,70.96,4.86,2.95,1,0,275,Normal,0.0,0
3/5/2025 15:22,140,91.2,45.32,60.87,1.01,1.21,1,1,45,Normal,1.0,1
1/4/2025 21:44,136,65.61,51.23,65.82,1.74,2.08,1,0,435,Normal,0.0,0
2/21/2025 23:06,112,55.69,44.15,58.24,2.21,3.25,1,0,384,Normal,0.0,0
1/11/2025 8:35,106,81.27,50.67,33.65,4.93,2.82,0,0,344,Normal,0.0,0
2/13/2025 12:28,133,64.29,39.49,63.98,3.78,3.07,1,0,78,Normal,0.0,0
1/1/2025 21:10,149,65.8,59.22,44.41,2.17,3.15,1,0,64,Normal,0.0,0
2/12/2025 4:01,101,67.91,54.83,38.93,2.88,4.56,0,0,284,Normal,0.0,0
1/22/2025 0:44,101,72.29,25.28,75.83,2.49,0.64,1,0,424,Normal,0.0,0
2/2/2025 5:30,109,86.63,45.93,74.35,2.65,3.58,1,0,147,Normal,0.0,0
1/22/2025 23:15,131,85.0,54.75,31.19,2.87,2.04,1,0,348,Normal,0.0,0
2/9/2025 17:25,117,79.42,68.39,34.79,2.42,2.39,1,0,309,Normal,0.0,0
2/3/2025 9:26,127,66.31,33.56,73.12,2.01,3.1,2,0,400,Vibration Issue,0.0,1
2/13/2025 18:07,120,72.61,79.91,54.91,1.77,2.03,1,0,397,Normal,0.0,0
3/8/2025 19:18,101,64.71,49.13,34.3,3.34,1.95,1,0,39,Normal,0.0,0
1/7/2025 8:10,102,71.27,53.33,75.06,3.89,0.8,1,0,498,Normal,0.0,0
1/6/2025 1:53,137,65.05,101.68,68.23,4.27,4.65,1,1,23,Normal,1.0,1
1/9/2025 1:12,127,82.92,63.66,71.54,1.18,3.32,1,0,65,Normal,0.0,0
1/30/2025 21:30,140,66.91,26.86,79.02,4.66,1.12,1,0,360,Normal,0.0,0
2/12/2025 17:05,104,78.58,56.06,35.62,2.46,2.42,1,0,188,Normal,0.0,0
2/18/2025 22:16,137,65.67,31.63,31.24,2.95,4.29,1,0,109,Normal,0.0,0
2/27/2025 3:05,115,75.88,12.97,38.35,3.55,3.68,1,0,426,Normal,0.0,0
2/15/2025 6:47,134,60.39,60.15,40.32,3.61,3.43,1,0,63,Normal,0.0,0
1/24/2025 7:26,130,67.56,42.35,48.35,1.82,4.91,2,0,271,Normal,0.0,1
1/19/2025 15:49,139,81.07,31.23,37.84,1.08,1.11,2,0,84,Electrical Fault,0.0,1
1/20/2025 15:43,141,62.56,63.96,56.1,3.79,4.58,1,0,153,Normal,0.0,0
1/2/2025 4:10,117,79.05,65.63,30.2,1.04,4.72,1,0,218,Normal,0.0,0
1/7/2025 5:28,142,71.8,35.57,66.62,2.44,3.06,1,0,376,Normal,0.0,0
2/20/2025 11:46,110,64.86,53.1,70.43,2.97,0.65,0,0,159,Normal,0.0,0
1/17/2025 21:46,119,75.86,30.95,49.54,2.12,3.45,1,0,490,Normal,0.0,0
3/2/2025 10:39,150,86.88,61.39,35.79,1.08,3.39,0,0,158,Normal,0.0,0
1/27/2025 15:45,141,85.94,62.34,70.89,4.07,3.77,1,0,127,Normal,0.0,0
2/10/2025 19:23,118,68.16,62.63,73.01,4.45,4.34,1,0,246,Normal,0.0,0
2/13/2025 3:07,119,79.63,62.5,59.19,4.68,2.59,0,0,78,Normal,0.0,0
1/19/2025 8:17,136,72.85,31.49,60.85,2.95,3.33,1,0,107,Normal,0.0,0
1/6/2025 4:19,144,69.52,60.49,74.51,3.05,3.55,0,0,21,Normal,0.0,0
1/20/2025 7:36,136,90.98,58.55,52.12,4.91,4.16,1,1,18,Normal,1.0,1
1/9/2025 21:58,140,74.21,57.44,35.35,4.13,4.63,0,0,320,Normal,0.0,0
3/3/2025 5:41,108,74.01,34.07,50.86,1.96,1.06,1,0,186,Normal,0.0,0
2/7/2025 13:18,130,87.97,30.08,56.48,3.35,4.42,0,0,259,Normal,0.0,0
2/24/2025 10:41,101,67.91,49.94,72.59,4.46,3.09,2,0,487,Pressure Drop,0.0,1
1/6/2025 2:03,122,73.68,33.84,52.09,3.27,4.39,1,0,249,Normal,0.0,0
1/12/2025 2:22,145,70.52,92.24,69.7,4.8,1.74,1,1,23,Normal,1.0,1
3/11/2025 0:45,127,68.34,58.93,58.75,3.49,1.98,1,0,23,Normal,0.0,0
1/26/2025 1:35,123,75.29,76.2,44.02,4.67,3.86,1,0,485,Normal,0.0,0
1/3/2025 22:00,140,79.75,26.85,48.07,4.36,4.15,1,0,446,Normal,0.0,0
1/28/2025 9:59,112,73.89,45.14,51.6,1.7,4.95,1,0,337,Normal,0.0,0
2/5/2025 8:13,101,82.08,53.84,43.79,1.56,4.19,1,0,228,Normal,0.0,0
1/5/2025 11:08,127,67.88,39.9,33.76,1.72,2.58,1,0,224,Normal,0.0,0
3/6/2025 5:32,146,85.55,69.73,61.46,1.73,0.67,1,0,285,Normal,0.0,0
1/17/2025 1:30,102,67.35,37.45,62.06,2.34,0.91,1,0,293,Normal,0.0,0
1/21/2025 6:58,121,64.32,47.65,51.04,1.16,3.2,1,0,176,Normal,0.0,0
1/30/2025 16:00,117,92.38,37.14,64.52,2.44,1.53,1,1,17,Normal,1.0,1
2/17/2025 6:06,130,64.08,41.62,77.05,3.68,4.76,0,0,397,Normal,0.0,0
2/20/2025 17:18,136,79.22,32.34,69.43,1.42,3.26,1,0,383,Normal,0.0,0
3/5/2025 4:05,136,66.24,59.5,73.58,2.97,2.87,1,0,317,Normal,0.0,0
1/26/2025 23:03,131,69.07,49.79,45.93,3.5,4.77,1,0,494,Normal,0.0,0
1/16/2025 12:41,150,55.77,36.5,72.12,3.83,1.79,2,0,232,Overheating,0.0,1
1/18/2025 11:01,140,89.86,50.82,35.99,1.52,0.57,1,0,123,Normal,0.0,0
3/4/2025 3:06,134,65.8,59.69,66.35,1.22,3.86,0,0,132,Normal,0.0,0
1/29/2025 6:20,119,85.65,76.76,32.13,3.62,1.59,1,0,336,Normal,0.0,0
3/8/2025 21:37,146,81.17,62.51,67.97,3.73,3.32,2,0,389,Overheating,0.0,1
1/2/2025 2:15,114,68.89,57.85,45.69,3.9,4.17,1,0,286,Normal,0.0,0
2/21/2025 0:03,113,89.81,53.35,67.36,2.68,4.02,1,0,444,Normal,0.0,0
2/5/2025 16:45,130,66.6,46.69,36.6,2.25,3.53,1,0,192,Normal,0.0,0
2/20/2025 8:01,117,74.92,60.75,74.4,2.94,2.1,1,0,263,Normal,0.0,0
1/5/2025 13:27,124,75.96,46.72,35.41,1.73,0.75,1,0,65,Normal,0.0,0
2/9/2025 12:50,119,73.29,49.02,74.72,4.04,2.53,2,0,344,Vibration Issue,0.0,1
2/24/2025 0:19,146,69.19,42.14,50.79,3.16,4.19,0,0,203,Normal,0.0,0
1/20/2025 16:43,140,71.1,22.68,62.88,3.81,4.26,0,0,448,Normal,0.0,0
2/26/2025 20:38,126,65.56,53.58,42.89,1.48,1.99,1,0,337,Normal,0.0,0
2/21/2025 17:57,116,81.5,40.57,37.83,3.94,2.82,1,0,16,Normal,0.0,1
2/3/2025 10:44,136,57.22,61.1,37.6,4.57,1.7,1,0,42,Normal,0.0,0
2/18/2025 19:15,144,73.6,18.97,42.26,2.5,1.09,1,0,178,Normal,0.0,0
3/1/2025 21:40,133,70.95,75.86,73.27,2.72,2.42,2,0,67,Overheating,0.0,1
1/23/2025 15:59,127,84.65,43.41,30.26,4.18,4.75,1,0,259,Normal,0.0,0
1/28/2025 23:42,150,74.23,47.78,56.13,2.6,3.82,1,0,224,Normal,0.0,0
2/25/2025 12:00,146,67.47,51.19,43.1,2.1,2.23,0,0,105,Normal,0.0,0
1/2/2025 15:09,115,85.29,32.47,43.0,1.02,4.11,0,0,358,Normal,0.0,0
1/5/2025 3:01,147,67.42,26.38,57.07,1.45,4.77,1,0,120,Normal,0.0,0
1/18/2025 10:18,143,65.35,38.07,33.97,4.53,2.58,1,0,127,Normal,0.0,0
1/26/2025 21:59,114,60.06,56.57,33.09,4.28,2.73,1,0,234,Normal,0.0,0
2/3/2025 17:09,124,74.6,41.85,66.87,1.02,4.63,1,0,88,Normal,0.0,0
2/25/2025 23:36,105,62.99,76.52,67.83,1.83,4.93,1,0,225,Normal,0.0,0
1/21/2025 8:32,139,69.56,56.39,33.84,4.44,3.21,1,0,92,Normal,0.0,0
1/7/2025 15:29,105,80.46,57.16,59.26,3.98,4.0,1,0,42,Normal,0.0,0
1/28/2025 7:51,119,45.65,42.33,41.01,1.87,2.2,0,0,471,Normal,0.0,0
3/9/2025 0:35,102,69.78,34.03,60.92,4.73,3.66,1,0,438,Normal,0.0,0
2/10/2025 21:03,106,70.23,45.35,48.69,4.92,4.91,1,0,184,Normal,0.0,0
1/23/2025 12:20,131,78.04,39.87,42.69,2.48,3.12,1,0,139,Normal,0.0,0
3/2/2025 8:23,148,80.65,52.84,78.37,4.21,2.64,1,0,36,Normal,0.0,0
2/27/2025 1:16,103,70.04,65.85,74.67,2.85,2.64,2,0,65,Normal,0.0,1
2/24/2025 18:50,143,63.36,52.63,55.15,2.34,1.79,1,0,215,Normal,0.0,0
3/4/2025 13:14,102,85.92,36.51,45.74,4.74,4.48,1,0,221,Normal,0.0,0
2/22/2025 10:13,111,68.42,55.8,38.02,3.59,0.76,2,0,248,Overheating,0.0,1
1/13/2025 6:04,149,85.26,68.83,43.7,3.22,4.96,1,0,292,Normal,0.0,0
1/2/2025 21:18,138,71.35,27.34,44.47,3.14,1.22,1,0,231,Normal,0.0,0
1/5/2025 1:58,126,65.34,62.95,71.86,4.11,2.71,1,0,219,Normal,0.0,0
2/2/2025 22:20,126,96.16,31.79,36.9,3.96,4.64,1,1,39,Normal,1.0,1
2/10/2025 13:33,112,74.83,39.94,77.31,1.42,3.52,1,0,436,Normal,0.0,0
2/4/2025 4:09,101,84.68,51.01,70.59,3.25,0.54,1,0,453,Normal,0.0,0
2/25/2025 8:04,123,84.21,65.9,35.7,4.73,1.27,1,0,100,Normal,0.0,0
2/23/2025 16:03,115,58.78,60.1,50.53,4.62,2.87,1,0,388,Normal,0.0,0
1/8/2025 10:03,119,63.49,49.9,49.44,3.58,2.5,1,0,384,Normal,0.0,0
1/21/2025 12:54,128,72.28,54.52,41.93,4.53,3.4,1,0,452,Normal,0.0,0
1/13/2025 23:59,115,59.32,34.64,64.68,4.27,3.01,1,0,178,Normal,0.0,0
3/1/2025 0:06,150,66.09,38.44,63.98,3.39,2.82,1,0,431,Normal,0.0,0
1/8/2025 20:51,148,52.11,31.55,43.6,4.93,3.88,0,0,85,Normal,0.0,0
1/6/2025 16:40,121,65.78,49.18,67.01,3.18,3.63,1,0,59,Normal,0.0,0
1/17/2025 23:56,103,74.68,57.11,47.13,4.62,4.8,1,0,202,Normal,0.0,0
3/8/2025 18:51,130,71.58,49.88,64.92,2.11,2.21,1,0,373,Normal,0.0,0
1/27/2025 15:38,129,69.26,52.14,76.82,1.31,4.37,1,0,73,Normal,0.0,0
1/24/2025 6:48,112,57.72,68.06,51.98,1.24,3.36,1,0,274,Normal,0.0,0
3/9/2025 5:02,135,69.99,39.57,40.28,4.74,4.2,1,0,80,Normal,0.0,0
1/21/2025 16:11,104,78.0,52.17,37.71,1.14,0.75,0,0,309,Normal,0.0,0
2/19/2025 11:46,132,63.39,50.23,55.49,1.96,0.78,1,0,299,Normal,0.0,0
2/21/2025 13:44,129,72.1,29.14,65.43,3.68,1.07,1,0,152,Normal,0.0,0
2/18/2025 5:21,109,70.43,28.08,48.27,1.08,2.96,1,0,82,Normal,0.0,0
3/2/2025 15:25,131,72.97,16.27,52.92,2.84,0.99,1,0,267,Normal,0.0,0
2/23/2025 13:27,131,73.31,73.12,56.33,3.03,2.65,2,0,468,Vibration Issue,0.0,1
3/10/2025 15:52,106,41.35,41.54,56.72,1.51,2.32,2,0,35,Vibration Issue,0.0,1
2/25/2025 10:06,130,66.77,22.69,70.52,1.33,4.77,1,0,278,Normal,0.0,0
1/24/2025 3:45,121,75.43,47.76,40.92,3.78,1.34,0,0,299,Normal,0.0,0
1/8/2025 23:24,144,86.72,69.72,70.57,2.71,3.58,1,0,209,Normal,0.0,0
1/10/2025 8:52,113,94.63,53.7,71.39,3.63,2.35,2,1,20,Normal,1.0,1
2/13/2025 16:24,138,84.33,52.05,60.95,1.91,4.45,1,0,190,Normal,0.0,0
2/10/2025 15:03,114,82.56,68.45,46.54,1.04,3.24,1,0,148,Normal,0.0,0
2/26/2025 23:02,115,82.83,25.58,71.4,1.33,0.86,1,0,139,Normal,0.0,0
1/9/2025 12:47,135,79.03,36.81,76.18,4.28,3.05,2,0,391,Vibration Issue,0.0,1
2/27/2025 1:52,120,80.25,41.98,35.9,3.99,2.08,1,0,279,Normal,0.0,0
1/12/2025 14:35,109,58.24,51.97,60.96,1.46,3.49,2,0,408,Normal,0.0,1
2/10/2025 10:12,114,68.41,40.43,57.94,1.73,4.28,2,0,324,Normal,0.0,1
1/16/2025 21:06,116,70.5,67.1,61.04,1.41,3.63,1,0,243,Normal,0.0,0
3/2/2025 10:24,146,89.27,52.82,70.32,3.86,3.49,1,0,369,Normal,0.0,0
2/20/2025 19:54,115,68.08,65.7,51.98,3.25,0.65,1,0,35,Normal,0.0,0
2/9/2025 3:36,137,58.14,69.75,30.62,3.19,1.44,1,0,356,Normal,0.0,0
2/7/2025 1:57,109,91.05,44.94,45.17,1.45,3.8,1,1,41,Normal,1.0,1
2/17/2025 12:06,113,85.56,33.02,70.36,3.43,2.77,1,0,431,Normal,0.0,0
3/6/2025 12:16,125,92.45,52.63,77.68,2.44,0.89,1,1,47,Normal,1.0,1
3/1/2025 1:54,146,67.44,47.16,42.51,3.38,2.68,1,0,58,Normal,0.0,0
2/13/2025 21:03,109,70.65,87.05,43.05,1.33,3.51,1,1,37,Normal,1.0,1
1/19/2025 20:27,150,85.6,53.52,71.75,4.31,4.14,1,0,222,Normal,0.0,0
1/7/2025 16:00,132,74.4,35.09,71.77,1.62,2.24,2,0,63,Normal,0.0,1
1/14/2025 7:28,115,78.28,56.15,31.86,1.72,3.43,1,0,324,Normal,0.0,0
1/8/2025 15:11,146,77.34,41.62,56.51,2.84,3.88,1,0,118,Normal,0.0,0
1/8/2025 22:43,130,90.6,28.12,74.34,2.68,3.62,1,1,43,Normal,1.0,1
1/29/2025 5:34,108,69.61,57.53,32.99,4.95,2.11,1,0,493,Normal,0.0,0
3/7/2025 23:37,115,73.81,46.38,53.15,1.07,3.7,2,0,18,Pressure Drop,0.0,1
1/5/2025 4:19,110,64.76,30.78,64.14,1.47,4.65,1,0,211,Normal,0.0,0
1/22/2025 8:07,119,68.19,61.67,59.97,3.1,3.47,2,0,427,Pressure Drop,0.0,1
2/15/2025 6:21,135,67.55,29.25,78.91,2.39,2.23,1,0,483,Normal,0.0,0
1/21/2025 7:01,107,56.05,51.99,41.47,1.59,1.9,1,0,438,Normal,0.0,0
3/4/2025 15:40,109,66.79,29.21,62.5,4.65,2.53,1,0,145,Normal,0.0,0
2/20/2025 4:14,137,69.2,10.7,59.62,3.74,1.04,1,0,410,Normal,0.0,0
1/3/2025 13:27,143,64.75,31.26,42.77,2.07,0.64,1,0,403,Normal,0.0,0
3/6/2025 8:14,116,84.43,66.56,58.41,4.83,2.41,2,0,292,Pressure Drop,0.0,1
1/26/2025 7:05,109,65.05,51.38,45.46,4.15,1.57,1,0,144,Normal,0.0,0
1/13/2025 14:16,117,74.78,39.18,59.09,1.26,1.34,1,0,292,Normal,0.0,0
1/16/2025 17:58,136,80.19,76.19,54.7,1.98,3.47,1,0,358,Normal,0.0,0
2/6/2025 1:43,132,80.68,1.29,69.18,3.45,2.14,2,0,245,Pressure Drop,0.0,1
1/11/2025 12:11,117,84.65,52.43,47.56,4.86,4.75,1,0,203,Normal,0.0,0
1/18/2025 19:45,102,78.48,41.86,77.76,4.82,1.27,1,0,147,Normal,0.0,0
1/13/2025 2:09,121,66.89,60.25,49.64,3.75,4.13,1,0,388,Normal,0.0,0
2/7/2025 15:49,119,91.42,57.32,50.07,1.32,2.27,1,1,39,Normal,1.0,1
1/11/2025 18:22,110,70.24,32.24,78.21,3.73,2.25,2,0,396,Overheating,0.0,1
1/6/2025 7:44,116,83.52,82.19,79.57,2.1,4.76,1,1,26,Normal,1.0,1
2/24/2025 11:40,120,60.22,41.19,38.85,4.66,0.56,1,0,336,Normal,0.0,0
1/12/2025 2:24,111,64.84,44.67,64.39,4.41,4.37,1,0,183,Normal,0.0,0
1/24/2025 17:58,129,78.49,65.46,38.18,4.68,2.36,2,0,133,Vibration Issue,0.0,1
1/6/2025 3:43,114,80.72,59.48,56.85,4.14,4.77,1,0,113,Normal,0.0,0
2/7/2025 9:53,148,76.7,27.12,57.86,2.63,0.69,1,0,155,Normal,0.0,0
2/20/2025 18:45,132,74.4,46.53,54.58,3.24,0.68,1,0,155,Normal,0.0,0
1/28/2025 15:00,149,64.6,68.62,61.55,4.1,3.65,0,0,130,Normal,0.0,0
3/6/2025 12:44,108,68.26,42.07,47.29,1.84,3.66,1,0,30,Normal,0.0,0
1/15/2025 21:55,143,66.23,19.32,79.86,1.52,4.88,1,0,42,Normal,0.0,0
1/9/2025 9:21,101,85.2,31.16,46.85,1.69,2.54,1,0,179,Normal,0.0,0
1/17/2025 14:39,106,67.43,50.93,55.9,1.87,3.81,0,0,312,Normal,0.0,0
3/7/2025 12:41,127,70.04,30.73,59.95,1.12,1.74,0,0,491,Normal,0.0,0
1/17/2025 3:58,102,89.0,46.02,71.5,4.24,3.5,2,0,128,Overheating,0.0,1
1/15/2025 20:02,106,82.34,58.72,72.57,4.07,4.57,1,0,341,Normal,0.0,0
1/13/2025 6:30,118,83.8,38.79,38.47,2.09,3.41,1,0,374,Normal,0.0,0
2/1/2025 18:00,123,75.63,49.68,75.44,1.3,3.13,1,0,493,Normal,0.0,0
3/4/2025 22:59,139,75.43,35.02,50.7,3.75,1.94,2,0,310,Normal,0.0,1
2/7/2025 4:10,136,61.84,69.2,45.35,3.66,3.23,1,0,114,Normal,0.0,0
3/5/2025 2:07,126,82.5,71.52,67.67,1.21,3.73,2,0,144,Normal,0.0,1
1/30/2025 5:16,147,64.83,64.41,38.04,2.96,0.79,1,0,444,Normal,0.0,0
2/11/2025 15:30,139,83.63,51.71,32.91,2.13,2.72,1,0,287,Normal,0.0,0
1/2/2025 2:18,135,62.8,42.28,61.47,1.31,4.13,1,0,358,Normal,0.0,0
2/8/2025 6:26,131,79.92,73.32,53.1,4.89,4.52,1,0,467,Normal,0.0,0
2/23/2025 16:39,110,93.04,38.44,60.75,3.23,2.05,1,1,26,Normal,1.0,1
2/6/2025 0:26,127,75.69,61.16,47.31,4.6,0.83,1,0,135,Normal,0.0,0
1/15/2025 21:09,113,75.57,52.94,45.91,1.28,1.04,1,0,45,Normal,0.0,0
2/4/2025 22:38,109,60.19,34.93,48.34,4.46,2.07,2,0,185,Pressure Drop,0.0,1
2/24/2025 14:42,106,84.0,32.48,74.76,1.26,3.51,1,0,440,Normal,0.0,0
3/6/2025 13:05,119,80.03,39.25,37.29,3.58,1.32,0,0,84,Normal,0.0,0
2/25/2025 23:39,119,62.02,71.87,74.42,2.69,1.15,1,0,183,Normal,0.0,0
3/7/2025 4:39,110,87.1,41.99,30.68,1.13,4.42,1,0,143,Normal,0.0,0
2/3/2025 9:47,101,71.52,58.27,61.41,3.0,2.12,1,0,425,Normal,0.0,0
1/15/2025 9:36,145,86.68,48.6,66.7,2.68,4.34,1,0,377,Normal,0.0,0
1/3/2025 23:53,122,70.25,43.49,70.49,4.72,1.83,2,0,235,Vibration Issue,0.0,1
1/27/2025 20:47,134,79.02,71.34,34.8,4.04,2.26,1,0,264,Normal,0.0,0
1/31/2025 6:15,122,86.88,42.62,68.21,2.92,2.43,1,0,251,Normal,0.0,0
2/27/2025 22:06,112,77.96,67.59,78.79,1.15,0.58,2,0,327,Vibration Issue,0.0,1
3/1/2025 7:54,142,77.32,41.42,75.72,3.78,3.22,1,0,434,Normal,0.0,0
3/1/2025 11:20,144,85.52,39.07,59.64,2.3,3.81,1,0,245,Normal,0.0,0
2/2/2025 21:23,122,86.43,62.61,39.8,2.73,3.4,1,0,76,Normal,0.0,0
2/16/2025 11:59,109,85.76,47.95,38.59,2.33,1.37,1,0,378,Normal,0.0,0
2/9/2025 5:10,134,87.35,53.99,38.4,1.53,4.03,1,0,151,Normal,0.0,0
1/2/2025 6:33,118,69.94,34.6,38.13,2.14,4.66,1,0,498,Normal,0.0,0
1/13/2025 9:22,107,69.75,71.66,67.2,2.35,1.57,1,0,221,Normal,0.0,0
1/29/2025 8:45,140,78.06,14.34,63.14,3.36,0.99,2,0,199,Vibration Issue,0.0,1
1/27/2025 23:16,146,75.7,63.51,38.4,2.39,2.74,1,0,200,Normal,0.0,0
2/4/2025 0:46,130,57.7,49.29,48.52,1.32,4.44,1,0,440,Normal,0.0,0
1/10/2025 2:02,116,80.88,44.12,60.93,4.94,1.75,1,0,70,Normal,0.0,0
2/17/2025 18:14,106,76.93,56.2,79.47,1.58,1.77,1,0,396,Normal,0.0,0
1/3/2025 15:08,137,63.61,61.54,76.0,2.76,2.62,1,0,283,Normal,0.0,0
1/27/2025 1:45,102,77.97,63.67,46.03,2.19,1.19,1,0,191,Normal,0.0,0
1/20/2025 21:26,127,77.99,47.99,68.19,4.16,1.8,0,0,411,Normal,0.0,0
1/21/2025 5:01,114,74.38,47.54,43.64,3.75,3.57,0,0,137,Normal,0.0,0
1/4/2025 14:29,111,82.62,33.21,36.42,3.43,3.37,1,0,55,Normal,0.0,0
2/14/2025 12:41,122,91.23,55.65,51.07,4.17,4.17,2,1,43,Overheating,1.0,1
1/6/2025 18:59,145,71.75,30.85,64.17,1.63,3.54,1,0,24,Normal,0.0,0
1/18/2025 8:26,143,75.11,49.5,49.66,1.27,4.35,1,0,34,Normal,0.0,0
2/17/2025 3:11,120,82.2,48.56,46.64,4.63,2.18,1,0,350,Normal,0.0,0
3/10/2025 12:12,130,89.02,47.74,54.46,2.84,2.69,1,0,350,Normal,0.0,0
2/5/2025 19:39,116,80.62,56.94,62.04,4.87,0.52,1,0,489,Normal,0.0,0
3/3/2025 10:30,141,64.31,43.47,65.21,1.22,3.82,1,0,319,Normal,0.0,0
1/30/2025 17:41,117,82.21,78.69,32.05,2.89,2.04,1,0,300,Normal,0.0,0
1/27/2025 6:23,106,55.56,46.91,78.12,4.51,2.49,1,0,372,Normal,0.0,0
1/20/2025 22:37,101,69.33,53.43,59.01,2.08,0.77,1,0,115,Normal,0.0,0
1/30/2025 15:11,135,62.6,43.42,54.55,3.57,2.27,1,0,316,Normal,0.0,0
1/3/2025 5:32,121,52.66,47.69,42.66,3.55,2.22,1,0,334,Normal,0.0,0
1/8/2025 8:40,111,80.26,54.42,54.99,3.14,2.92,1,0,350,Normal,0.0,0
3/5/2025 1:25,112,45.38,55.32,50.62,3.26,0.55,1,0,404,Normal,0.0,0
2/7/2025 13:53,126,95.48,69.89,76.55,4.75,1.82,1,1,44,Normal,1.0,1
2/8/2025 9:12,120,64.36,67.89,56.26,1.9,3.16,1,0,351,Normal,0.0,0
1/17/2025 16:01,111,82.52,69.9,57.51,1.67,1.42,2,0,495,Vibration Issue,0.0,1
1/27/2025 9:48,124,87.72,28.03,66.98,2.82,2.32,1,0,477,Normal,0.0,0
2/18/2025 14:10,107,75.56,61.41,71.33,1.2,4.08,2,0,109,Vibration Issue,0.0,1
2/13/2025 5:18,150,77.9,57.79,62.05,1.77,2.07,1,0,342,Normal,0.0,0
1/9/2025 22:57,140,73.39,28.7,60.26,4.38,4.28,2,0,94,Overheating,0.0,1
1/24/2025 9:01,132,74.6,54.66,76.2,4.65,3.88,1,0,462,Normal,0.0,0
1/12/2025 13:46,103,80.17,79.26,51.31,1.02,4.58,1,0,203,Normal,0.0,0
1/3/2025 4:48,104,72.99,33.03,44.8,4.66,2.02,1,0,208,Normal,0.0,0
3/7/2025 17:45,148,84.15,67.91,56.83,2.68,2.68,1,0,373,Normal,0.0,0
2/14/2025 9:25,133,87.36,69.11,51.64,3.11,0.77,1,0,393,Normal,0.0,0
1/15/2025 0:52,121,63.67,51.73,77.1,1.01,4.43,1,0,145,Normal,0.0,0
1/14/2025 12:43,114,76.31,39.19,53.36,1.56,4.75,1,0,212,Normal,0.0,0
1/22/2025 12:57,114,58.04,44.53,77.53,3.46,2.02,1,0,43,Normal,0.0,0
3/6/2025 17:42,119,74.07,47.49,51.42,2.85,2.3,1,0,362,Normal,0.0,0
1/4/2025 6:57,107,80.98,45.75,38.44,4.09,2.1,1,0,404,Normal,0.0,0
1/25/2025 19:21,127,70.42,55.9,78.43,3.5,2.93,1,0,24,Normal,0.0,0
2/11/2025 4:40,138,69.83,49.09,30.09,2.84,4.16,1,0,97,Normal,0.0,0
1/24/2025 9:50,112,70.29,51.12,61.51,3.26,1.26,1,0,485,Normal,0.0,0
1/29/2025 19:41,148,66.3,54.27,38.62,3.48,3.27,1,0,274,Normal,0.0,0
3/8/2025 6:58,120,84.28,77.84,52.59,1.25,2.94,1,0,181,Normal,0.0,0
1/8/2025 12:36,116,68.26,37.18,46.6,2.64,2.01,1,0,137,Normal,0.0,0
1/24/2025 3:58,134,80.01,47.46,65.78,4.24,2.51,1,0,364,Normal,0.0,0
3/2/2025 12:46,115,72.14,41.55,35.9,4.97,4.52,1,0,447,Normal,0.0,0
3/3/2025 4:22,131,74.4,62.61,74.11,4.59,2.51,1,0,255,Normal,0.0,0
2/14/2025 1:30,122,94.49,41.07,46.08,3.67,3.95,1,1,7,Normal,1.0,1
1/2/2025 18:54,141,78.64,63.54,42.0,3.51,2.71,1,0,389,Normal,0.0,0
2/4/2025 12:48,146,82.05,19.88,75.75,2.23,1.77,1,0,125,Normal,0.0,0
1/16/2025 1:16,140,78.62,35.98,59.26,2.19,2.18,1,0,307,Normal,0.0,0
3/8/2025 12:04,118,76.42,43.87,51.94,3.93,4.96,2,0,196,Pressure Drop,0.0,1
3/6/2025 11:50,137,57.69,38.02,37.91,3.85,2.03,2,0,106,Normal,0.0,1
1/15/2025 15:01,134,65.69,74.4,37.43,1.77,0.97,0,0,288,Normal,0.0,0
1/28/2025 2:50,125,92.23,55.03,31.9,2.99,4.38,1,1,2,Normal,1.0,1
3/10/2025 19:11,122,55.12,36.47,78.55,4.83,1.22,1,0,286,Normal,0.0,0
1/29/2025 17:55,147,84.67,56.8,60.85,4.58,1.96,0,0,76,Normal,0.0,0
2/13/2025 17:10,131,82.8,49.53,44.17,3.01,3.05,1,0,479,Normal,0.0,0
3/3/2025 3:16,148,81.54,49.48,30.65,2.48,4.85,1,0,352,Normal,0.0,0
1/18/2025 9:16,150,57.69,39.34,49.12,4.83,3.12,1,0,400,Normal,0.0,0
1/30/2025 8:38,124,81.96,62.37,72.2,4.59,1.87,1,0,257,Normal,0.0,0
2/13/2025 2:36,146,66.31,50.45,52.99,4.53,1.45,2,0,136,Vibration Issue,0.0,1
3/7/2025 8:41,106,71.44,41.13,37.08,2.82,4.81,1,0,434,Normal,0.0,0
1/8/2025 15:03,123,60.36,48.84,65.59,2.74,3.98,1,0,243,Normal,0.0,0
2/26/2025 16:21,110,80.41,50.44,33.99,3.06,0.54,0,0,214,Normal,0.0,0
2/5/2025 14:06,104,62.13,56.32,37.23,4.19,3.02,1,0,344,Normal,0.0,0
1/5/2025 22:11,137,81.28,54.59,37.02,1.29,3.16,1,0,421,Normal,0.0,0
2/4/2025 13:17,104,66.37,78.95,53.43,4.5,3.65,1,0,70,Normal,0.0,0
1/6/2025 14:37,104,89.68,52.17,72.37,1.82,4.16,1,0,473,Normal,0.0,0
1/18/2025 6:39,113,67.75,63.52,33.3,1.44,4.66,1,0,36,Normal,0.0,0
1/11/2025 10:05,119,78.74,32.9,47.01,4.45,2.7,1,0,403,Normal,0.0,0
1/16/2025 17:44,113,64.74,54.95,38.24,2.89,4.11,2,0,427,Normal,0.0,1
3/10/2025 0:33,106,75.16,46.16,32.81,1.79,4.79,1,0,21,Normal,0.0,0
2/7/2025 21:47,121,79.61,73.01,33.78,2.61,2.68,2,0,212,Vibration Issue,0.0,1
2/5/2025 8:47,116,82.88,52.24,65.6,3.26,3.18,1,0,252,Normal,0.0,0
1/29/2025 15:52,129,74.7,32.16,64.34,3.63,4.42,1,0,479,Normal,0.0,0
2/1/2025 1:09,114,66.86,57.03,52.67,1.9,4.19,0,0,354,Normal,0.0,0
3/4/2025 14:56,102,93.51,66.94,65.87,1.19,4.27,1,1,40,Normal,1.0,1
2/8/2025 7:39,136,74.25,55.65,68.01,2.69,1.13,1,0,405,Normal,0.0,0
2/4/2025 13:28,137,78.05,47.2,42.23,4.17,2.81,1,0,388,Normal,0.0,0
1/9/2025 14:11,113,75.85,55.49,47.64,1.45,3.53,1,0,280,Normal,0.0,0
2/16/2025 8:33,147,76.22,53.15,41.51,4.43,4.48,1,0,372,Normal,0.0,0
2/9/2025 14:13,125,62.89,25.88,44.51,1.21,4.76,1,0,495,Normal,0.0,0
1/3/2025 2:37,147,80.37,56.19,56.29,1.73,2.99,1,0,194,Normal,0.0,0
2/6/2025 6:28,117,89.61,73.44,61.15,4.62,2.26,1,0,408,Normal,0.0,0
2/23/2025 17:14,109,74.92,37.67,51.86,4.93,2.31,1,0,50,Normal,0.0,0
2/4/2025 22:40,108,79.22,61.83,76.07,1.61,3.1,1,0,253,Normal,0.0,0
3/2/2025 23:35,128,71.52,53.25,79.13,1.85,2.34,1,0,191,Normal,0.0,0
2/8/2025 8:34,113,85.95,46.36,56.91,3.02,3.92,2,0,243,Vibration Issue,0.0,1
3/3/2025 6:51,121,62.35,66.12,79.86,2.5,3.28,1,0,334,Normal,0.0,0
2/12/2025 15:53,133,83.91,32.49,45.8,3.93,2.1,1,0,61,Normal,0.0,0
2/23/2025 1:48,149,69.76,72.08,46.18,1.63,3.46,1,0,375,Normal,0.0,0
2/26/2025 5:26,122,61.92,55.03,73.49,4.85,1.22,1,0,495,Normal,0.0,0
1/24/2025 7:44,102,75.17,70.78,66.41,1.62,4.71,1,0,86,Normal,0.0,0
2/23/2025 20:53,142,66.85,46.88,51.76,2.11,3.52,1,0,335,Normal,0.0,0
2/27/2025 7:23,131,60.59,70.03,48.06,4.02,0.81,1,0,490,Normal,0.0,0
2/8/2025 13:25,130,70.81,39.62,34.91,4.42,3.73,1,0,57,Normal,0.0,0
1/6/2025 16:57,133,85.64,66.13,41.9,1.47,1.13,2,0,272,Pressure Drop,0.0,1
1/14/2025 19:27,124,91.28,40.46,38.4,3.69,0.99,1,1,38,Normal,1.0,1
3/9/2025 15:49,131,73.73,52.56,54.75,3.09,0.99,1,0,102,Normal,0.0,0
1/16/2025 12:34,120,58.71,41.43,75.96,3.28,4.48,1,0,413,Normal,0.0,0
1/26/2025 10:20,119,81.15,60.15,48.84,4.86,0.63,1,0,148,Normal,0.0,0
3/9/2025 23:57,130,63.98,34.27,42.26,4.91,1.59,1,0,287,Normal,0.0,0
1/18/2025 9:18,139,51.5,36.35,47.45,4.18,2.99,1,0,152,Normal,0.0,0
2/4/2025 22:51,107,72.1,39.87,79.16,3.43,3.82,1,0,11,Normal,0.0,1
1/17/2025 13:57,116,77.8,61.84,73.16,1.36,3.25,1,0,483,Normal,0.0,0
2/2/2025 20:27,107,63.14,51.96,61.98,3.68,2.52,1,0,120,Normal,0.0,0
1/29/2025 23:12,110,74.31,28.77,66.71,4.82,3.52,2,0,53,Overheating,0.0,1
1/31/2025 19:25,127,79.53,62.6,43.8,5.0,1.4,1,0,85,Normal,0.0,0
1/19/2025 0:49,113,79.38,55.67,74.08,4.12,4.6,1,0,117,Normal,0.0,0
1/15/2025 0:44,114,75.23,56.07,44.26,3.75,2.63,1,0,499,Normal,0.0,0
2/10/2025 17:13,128,71.93,61.37,30.96,2.21,1.22,1,0,217,Normal,0.0,0
2/2/2025 21:35,132,83.02,50.67,31.27,2.62,1.73,1,0,354,Normal,0.0,0
2/8/2025 1:40,147,73.41,67.16,43.83,2.72,1.2,1,0,215,Normal,0.0,0
2/15/2025 20:26,149,86.22,53.31,65.5,1.91,4.18,1,0,230,Normal,0.0,0
1/13/2025 0:22,106,84.2,60.49,69.92,1.14,1.74,1,0,419,Normal,0.0,0
2/22/2025 4:13,144,74.76,67.61,47.8,3.87,0.75,1,0,429,Normal,0.0,0
2/11/2025 5:38,143,86.01,43.8,38.98,1.97,2.97,1,0,81,Normal,0.0,0
3/8/2025 20:09,111,81.07,73.66,56.23,2.43,2.19,0,0,196,Normal,0.0,0
3/6/2025 12:41,108,73.03,52.47,42.92,3.36,1.81,2,0,81,Normal,0.0,1
1/11/2025 1:11,131,54.52,39.03,41.09,2.72,1.35,0,0,179,Normal,0.0,0
1/6/2025 4:51,123,74.55,55.81,39.91,4.26,0.87,0,0,120,Normal,0.0,0
2/12/2025 4:21,150,77.3,75.83,70.1,2.29,0.76,0,0,319,Normal,0.0,0
1/20/2025 22:17,138,69.26,49.8,39.47,4.43,1.03,2,0,62,Vibration Issue,0.0,1
1/4/2025 18:21,116,77.54,53.91,57.1,1.73,0.59,0,0,372,Normal,0.0,0
2/15/2025 10:55,134,76.8,59.11,50.28,4.32,0.68,1,0,270,Normal,0.0,0
1/28/2025 0:14,106,69.47,75.78,56.54,1.74,2.01,1,0,122,Normal,0.0,0
3/10/2025 8:38,101,73.68,75.12,74.04,1.06,0.68,0,0,357,Normal,0.0,0
2/11/2025 23:57,106,81.74,50.47,70.89,3.67,3.43,1,0,470,Normal,0.0,0
2/28/2025 23:32,104,75.42,56.48,35.03,4.92,3.41,1,0,295,Normal,0.0,0
1/24/2025 9:44,118,50.71,76.98,44.25,3.41,0.72,1,0,338,Normal,0.0,0
2/15/2025 21:23,124,71.96,37.25,74.88,3.73,1.09,0,0,331,Normal,0.0,0
2/15/2025 14:19,127,71.67,32.54,69.77,1.71,4.33,1,0,261,Normal,0.0,0
1/19/2025 12:25,123,81.8,37.33,45.27,1.48,3.68,0,0,96,Normal,0.0,0
1/6/2025 18:40,123,84.79,74.35,36.81,1.77,2.11,1,0,309,Normal,0.0,0
2/15/2025 12:36,143,89.37,63.21,46.85,1.67,3.61,1,0,362,Normal,0.0,0
2/25/2025 7:26,121,76.09,20.12,76.06,1.34,3.26,1,0,368,Normal,0.0,0
3/10/2025 19:27,115,69.23,49.74,31.62,3.5,1.25,2,0,408,Normal,0.0,1
1/15/2025 21:34,125,63.88,80.92,31.34,3.66,1.3,1,1,34,Normal,1.0,1
2/13/2025 23:34,149,76.93,45.02,36.57,1.68,2.14,1,0,397,Normal,0.0,0
1/11/2025 0:01,119,71.1,48.21,73.92,3.48,4.82,1,0,169,Normal,0.0,0
1/4/2025 5:36,110,80.49,41.73,60.57,2.91,4.56,1,0,247,Normal,0.0,0
1/14/2025 18:22,131,81.16,36.69,59.19,1.67,4.81,1,0,221,Normal,0.0,0
1/11/2025 6:50,120,75.92,57.25,70.16,2.59,3.28,2,0,339,Overheating,0.0,1
3/4/2025 7:47,141,75.71,65.67,53.36,2.0,4.1,1,0,348,Normal,0.0,0
1/15/2025 1:25,132,74.4,36.55,78.18,4.54,2.03,1,0,192,Normal,0.0,0
2/22/2025 23:07,141,84.59,51.38,66.51,2.71,4.11,2,0,19,Electrical Fault,0.0,1
2/24/2025 14:51,132,79.58,54.48,45.32,1.1,4.93,1,0,29,Normal,0.0,0
2/27/2025 14:13,140,87.16,44.44,51.68,1.6,2.16,2,0,90,Vibration Issue,0.0,1
1/3/2025 7:57,123,87.8,51.06,47.01,2.7,3.75,1,0,234,Normal,0.0,0
1/24/2025 13:36,141,89.98,39.17,70.59,4.52,3.27,2,0,140,Pressure Drop,0.0,1
2/17/2025 2:16,116,82.25,48.38,47.17,2.56,0.56,1,0,30,Normal,0.0,0
1/24/2025 5:49,131,75.64,8.59,64.62,4.24,3.87,2,0,334,Vibration Issue,0.0,1
1/17/2025 4:31,131,69.03,27.79,50.28,2.03,2.85,1,0,158,Normal,0.0,0
1/11/2025 13:01,125,56.33,86.32,55.15,3.86,1.2,1,1,40,Normal,1.0,1
2/3/2025 4:58,109,79.44,39.29,64.74,3.74,1.04,1,0,362,Normal,0.0,0
2/24/2025 4:12,136,72.94,46.98,41.43,2.3,3.36,1,0,318,Normal,0.0,0
2/16/2025 23:24,101,58.49,55.78,66.91,1.49,4.51,1,0,176,Normal,0.0,0
3/6/2025 20:47,126,54.08,40.1,65.64,1.1,2.03,1,0,393,Normal,0.0,0
1/29/2025 3:26,137,62.71,51.87,31.19,1.34,3.36,0,0,225,Normal,0.0,0
1/9/2025 21:10,107,76.47,55.6,56.21,4.23,2.41,1,0,353,Normal,0.0,0
2/16/2025 20:45,146,69.35,54.92,44.62,2.54,4.89,1,0,375,Normal,0.0,0
3/9/2025 13:51,138,70.1,47.2,62.34,2.88,0.95,1,0,344,Normal,0.0,0
2/9/2025 8:49,146,74.18,52.2,50.63,1.71,1.51,1,0,95,Normal,0.0,0
2/1/2025 15:37,125,75.42,27.42,61.83,4.82,1.05,1,0,280,Normal,0.0,0
1/6/2025 14:27,136,88.14,54.2,65.87,1.1,2.23,1,0,303,Normal,0.0,0
1/24/2025 0:39,102,89.43,36.71,37.45,3.39,0.78,1,0,284,Normal,0.0,0
2/23/2025 19:19,108,85.36,55.82,35.57,4.76,3.18,1,0,281,Normal,0.0,0
3/7/2025 19:37,118,79.32,66.68,50.34,4.45,1.0,1,0,17,Normal,0.0,1
2/13/2025 20:18,101,74.66,58.03,74.22,4.73,0.98,0,0,120,Normal,0.0,0
2/13/2025 3:24,145,74.79,39.15,51.76,2.38,3.2,1,0,132,Normal,0.0,0
1/22/2025 11:51,106,77.32,36.03,33.57,4.28,1.41,2,0,73,Vibration Issue,0.0,1
1/2/2025 8:08,120,67.45,44.43,55.44,4.36,1.31,2,0,388,Pressure Drop,0.0,1
3/1/2025 3:57,126,97.07,48.95,65.8,4.18,4.79,1,1,12,Normal,1.0,1
2/9/2025 13:15,134,56.76,70.64,30.09,4.26,4.16,1,0,118,Normal,0.0,0
3/10/2025 16:36,101,75.51,87.7,58.81,4.19,4.26,1,1,35,Normal,1.0,1
2/1/2025 18:34,122,56.27,41.22,53.61,2.1,2.58,1,0,292,Normal,0.0,0
1/15/2025 6:34,138,60.8,65.02,70.62,1.92,4.87,1,0,190,Normal,0.0,0
2/8/2025 18:25,101,69.11,34.09,61.98,3.82,4.8,1,0,266,Normal,0.0,0
1/28/2025 2:33,126,67.56,57.94,46.51,1.37,2.95,1,0,482,Normal,0.0,0
2/23/2025 21:47,147,72.57,44.79,44.06,1.74,2.32,1,0,448,Normal,0.0,0
1/4/2025 17:45,148,87.27,40.45,54.99,1.01,1.39,1,0,166,Normal,0.0,0
1/28/2025 16:33,126,59.7,43.79,77.73,4.73,1.32,1,0,156,Normal,0.0,0
1/9/2025 16:55,101,61.75,42.47,37.31,2.85,3.71,2,0,39,Vibration Issue,0.0,1
3/8/2025 21:53,108,60.36,54.19,74.66,4.33,1.68,1,0,383,Normal,0.0,0
2/4/2025 7:20,142,80.87,43.71,38.59,1.27,4.0,1,0,403,Normal,0.0,0
1/7/2025 16:38,122,81.61,39.55,62.48,3.26,2.89,1,0,431,Normal,0.0,0
2/3/2025 16:13,109,70.78,33.65,78.88,3.48,4.93,1,0,140,Normal,0.0,0
2/14/2025 13:18,128,79.89,45.79,63.37,1.87,1.54,1,0,274,Normal,0.0,0
2/11/2025 10:39,105,69.11,68.53,66.59,2.64,1.58,1,0,85,Normal,0.0,0
1/30/2025 23:54,137,62.15,54.31,59.34,1.83,3.21,1,0,102,Normal,0.0,0
1/14/2025 3:19,134,55.54,72.3,31.95,3.02,2.1,1,0,237,Normal,0.0,0
2/23/2025 10:21,125,87.43,60.16,64.02,1.27,2.71,1,0,313,Normal,0.0,0
2/19/2025 16:27,103,95.84,61.24,52.53,4.0,4.96,1,1,42,Normal,1.0,1
3/8/2025 2:34,113,75.84,66.65,47.29,3.39,1.1,1,0,259,Normal,0.0,0
1/17/2025 18:21,110,86.84,69.45,79.89,1.05,1.82,1,0,327,Normal,0.0,0
2/1/2025 2:01,130,76.01,49.82,50.8,3.47,1.18,0,0,272,Normal,0.0,0
1/4/2025 13:03,103,81.07,25.88,42.42,1.5,3.67,1,0,279,Normal,0.0,0
3/4/2025 7:25,132,62.71,48.76,58.79,3.77,1.97,1,0,74,Normal,0.0,0
1/27/2025 16:47,132,66.27,49.75,41.3,1.96,3.52,1,0,315,Normal,0.0,0
1/6/2025 9:08,107,71.63,56.09,56.38,4.76,4.59,1,0,218,Normal,0.0,0
1/27/2025 0:24,107,59.23,46.88,39.97,1.29,4.23,1,0,498,Normal,0.0,0
2/6/2025 4:50,139,77.59,39.22,33.18,2.36,4.45,2,0,488,Vibration Issue,0.0,1
1/7/2025 17:50,145,84.85,41.17,69.62,2.38,1.17,1,0,184,Normal,0.0,0
3/8/2025 19:04,126,77.57,47.84,76.47,3.04,1.77,1,0,11,Normal,0.0,1
2/18/2025 0:25,124,76.13,50.05,70.85,1.2,1.88,1,0,169,Normal,0.0,0
1/23/2025 22:55,108,66.63,73.28,47.11,2.21,4.35,1,0,65,Normal,0.0,0
3/9/2025 4:10,141,93.85,61.46,74.11,4.59,1.24,1,1,32,Normal,1.0,1
2/4/2025 11:38,102,73.63,34.23,56.97,1.68,4.16,1,0,474,Normal,0.0,0
1/23/2025 15:15,132,68.58,40.51,43.02,4.08,1.53,1,0,173,Normal,0.0,0
2/11/2025 20:37,145,88.28,60.83,56.27,2.85,3.14,1,0,22,Normal,0.0,0
1/24/2025 22:28,145,64.58,51.86,69.5,2.51,2.89,1,0,389,Normal,0.0,0
3/5/2025 13:28,114,76.12,38.23,73.67,2.24,4.68,1,0,351,Normal,0.0,0
1/16/2025 9:07,124,80.71,34.38,47.26,1.62,1.3,1,0,114,Normal,0.0,0
2/1/2025 21:47,121,81.14,54.6,75.58,4.55,4.89,1,0,303,Normal,0.0,0
1/17/2025 3:10,101,73.45,52.66,40.26,3.66,1.42,1,0,394,Normal,0.0,0
2/14/2025 4:06,148,84.62,33.05,70.03,1.31,4.41,1,0,156,Normal,0.0,0
1/9/2025 19:06,138,81.39,27.0,65.58,2.58,0.98,1,0,161,Normal,0.0,0
2/10/2025 14:51,118,65.71,57.79,51.43,2.22,1.71,1,0,211,Normal,0.0,0
2/25/2025 5:01,122,64.87,73.78,62.28,4.05,2.45,1,0,143,Normal,0.0,0
2/27/2025 17:49,122,81.76,64.4,45.64,4.96,2.87,1,0,445,Normal,0.0,0
2/15/2025 19:42,143,72.52,47.64,63.9,4.02,1.46,2,0,235,Overheating,0.0,1
3/7/2025 6:22,117,70.72,44.0,41.28,1.45,0.91,1,0,402,Normal,0.0,0
2/21/2025 7:30,133,75.43,58.62,49.43,2.82,3.16,0,0,39,Normal,0.0,0
3/3/2025 17:23,102,73.01,61.42,77.21,2.19,0.79,0,0,107,Normal,0.0,0
2/19/2025 7:25,123,68.86,37.82,59.09,1.51,4.66,1,0,50,Normal,0.0,0
1/21/2025 18:54,124,68.98,42.18,49.65,3.43,4.35,1,0,353,Normal,0.0,0
1/2/2025 6:21,136,70.38,39.62,41.81,4.24,1.99,1,0,421,Normal,0.0,0
2/20/2025 10:28,124,69.81,50.17,40.62,4.19,3.33,1,0,190,Normal,0.0,0
2/13/2025 21:34,101,71.09,40.53,51.13,1.97,3.0,1,0,462,Normal,0.0,0
1/21/2025 9:02,102,73.81,29.68,67.28,4.25,3.62,1,0,59,Normal,0.0,0
2/10/2025 2:25,115,71.31,62.61,53.39,4.49,4.29,1,0,350,Normal,0.0,0
2/1/2025 21:37,102,69.85,57.28,40.76,4.5,4.07,0,0,370,Normal,0.0,0
1/23/2025 10:10,111,66.73,45.83,57.3,4.23,0.51,1,0,439,Normal,0.0,0
3/8/2025 14:42,141,79.57,68.83,38.3,4.23,0.78,1,0,190,Normal,0.0,0
3/4/2025 4:25,135,78.85,32.25,56.63,4.95,1.16,1,0,369,Normal,0.0,0
2/12/2025 1:29,147,69.84,64.87,39.58,1.84,0.67,1,0,172,Normal,0.0,0
1/16/2025 13:57,135,78.26,53.01,43.29,2.81,2.82,1,0,418,Normal,0.0,0
2/3/2025 5:43,132,67.22,41.66,48.64,1.48,3.69,1,0,281,Normal,0.0,0
2/22/2025 7:42,150,68.15,52.14,42.2,4.85,1.31,1,0,142,Normal,0.0,0
1/3/2025 18:39,119,72.75,46.58,61.67,3.82,2.21,1,0,86,Normal,0.0,0
2/27/2025 8:39,125,72.38,65.05,36.15,1.9,1.17,2,0,231,Vibration Issue,0.0,1
1/12/2025 10:46,142,72.35,21.2,56.96,2.06,0.7,1,0,164,Normal,0.0,0
3/9/2025 5:37,149,85.66,26.52,39.31,3.96,2.59,1,0,490,Normal,0.0,0
1/14/2025 15:50,101,72.99,85.1,47.98,4.42,3.83,1,1,32,Normal,1.0,1
2/15/2025 2:19,148,85.65,36.72,41.63,3.6,2.1,1,0,314,Normal,0.0,0
2/17/2025 6:08,119,68.06,54.23,71.8,3.33,3.3,1,0,197,Normal,0.0,0
1/5/2025 15:58,118,64.42,49.93,78.09,2.1,2.81,1,0,463,Normal,0.0,0
1/31/2025 2:04,123,60.42,34.0,30.53,3.3,1.61,1,0,175,Normal,0.0,0
2/24/2025 16:33,135,80.62,55.87,76.61,3.07,1.92,1,0,410,Normal,0.0,0
2/16/2025 23:12,144,69.31,49.62,78.28,1.56,2.33,1,0,180,Normal,0.0,0
1/13/2025 5:44,121,92.76,35.36,51.94,4.44,3.77,1,1,39,Normal,1.0,1
2/4/2025 14:08,104,88.72,36.6,37.63,4.74,0.51,1,0,356,Normal,0.0,0
2/3/2025 21:30,123,74.0,36.13,32.93,4.12,3.76,1,0,434,Normal,0.0,0
1/23/2025 2:50,117,82.25,56.54,69.78,1.1,4.47,1,0,364,Normal,0.0,0
3/8/2025 11:37,148,77.36,60.87,67.0,3.68,3.61,1,0,414,Normal,0.0,0
1/21/2025 2:44,110,77.48,16.05,59.46,1.43,3.1,1,0,189,Normal,0.0,0
2/21/2025 10:16,123,68.67,62.13,66.82,1.62,3.76,1,0,29,Normal,0.0,0
1/25/2025 13:31,132,82.01,49.85,71.25,2.5,4.99,1,0,168,Normal,0.0,0
2/4/2025 18:09,116,94.25,31.43,45.89,3.04,4.87,1,1,13,Normal,1.0,1
2/15/2025 0:01,109,73.84,42.61,70.86,3.36,1.4,1,0,82,Normal,0.0,0
1/5/2025 23:11,140,70.8,56.59,62.1,4.36,3.31,1,0,246,Normal,0.0,0
2/25/2025 18:50,143,65.89,65.55,48.8,3.89,0.69,1,0,330,Normal,0.0,0
1/9/2025 20:26,149,77.1,81.13,53.44,2.62,0.65,1,1,15,Normal,1.0,1
1/30/2025 3:39,106,70.06,27.99,36.81,2.31,4.06,0,0,135,Normal,0.0,0
2/9/2025 12:02,145,71.09,52.1,60.83,2.61,1.99,1,0,207,Normal,0.0,0
1/30/2025 14:51,101,63.59,58.01,60.68,1.12,0.95,1,0,26,Normal,0.0,0
2/4/2025 5:33,131,70.19,75.41,44.4,2.37,3.41,1,0,276,Normal,0.0,0
1/26/2025 0:29,119,70.07,64.33,36.55,2.29,1.99,0,0,163,Normal,0.0,0
2/16/2025 14:16,125,79.71,53.6,59.21,2.13,4.51,1,0,352,Normal,0.0,0
1/12/2025 11:17,134,58.37,59.92,35.62,2.72,3.38,1,0,392,Normal,0.0,0
2/11/2025 4:25,131,70.79,50.94,38.26,4.23,2.67,1,0,160,Normal,0.0,0
1/28/2025 11:02,101,68.71,53.55,35.11,1.82,0.67,1,0,268,Normal,0.0,0
1/28/2025 17:44,121,93.28,53.45,79.79,3.27,4.69,1,1,42,Normal,1.0,1
2/3/2025 8:48,144,77.68,59.89,55.66,2.85,3.01,2,0,382,Vibration Issue,0.0,1
2/12/2025 15:13,119,80.13,52.96,69.53,2.87,1.63,1,0,273,Normal,0.0,0
2/3/2025 11:10,135,81.22,38.72,30.61,2.89,2.31,2,0,18,Overheating,0.0,1
2/14/2025 14:13,146,75.12,30.98,32.43,4.09,1.97,0,0,31,Normal,0.0,0
2/14/2025 0:06,134,80.06,65.78,76.11,3.83,3.23,2,0,293,Vibration Issue,0.0,1
1/24/2025 2:17,121,62.19,55.84,55.41,3.04,5.0,1,0,262,Normal,0.0,0
3/10/2025 6:36,111,70.31,59.07,76.59,3.17,4.31,2,0,447,Vibration Issue,0.0,1
1/31/2025 15:06,112,85.67,44.4,44.27,1.39,2.06,1,0,289,Normal,0.0,0
2/9/2025 21:01,148,90.06,34.43,42.84,1.52,3.2,1,1,34,Normal,1.0,1
2/24/2025 1:53,121,87.31,49.49,38.9,1.27,4.41,1,0,97,Normal,0.0,0
1/26/2025 7:32,128,97.55,40.44,51.44,3.39,3.53,1,1,31,Normal,1.0,1
1/3/2025 17:54,130,77.86,48.96,71.05,4.07,2.66,1,0,16,Normal,0.0,1
1/11/2025 11:27,126,72.72,38.47,45.12,4.29,4.55,1,0,243,Normal,0.0,0
3/7/2025 22:43,114,76.13,42.49,51.56,3.15,2.35,1,0,281,Normal,0.0,0
1/28/2025 10:55,140,81.86,6.47,31.62,1.39,4.54,2,0,450,Vibration Issue,0.0,1
2/20/2025 9:46,115,77.61,33.7,45.93,4.57,2.57,1,0,392,Normal,0.0,0
1/24/2025 10:50,142,69.68,60.45,50.28,4.17,4.82,1,0,51,Normal,0.0,0
1/14/2025 18:04,115,93.38,45.61,74.16,4.01,3.75,1,1,13,Normal,1.0,1
2/22/2025 20:32,126,69.36,55.09,30.83,1.41,1.92,1,0,246,Normal,0.0,0
1/2/2025 1:02,140,63.66,38.01,47.03,3.77,1.95,0,0,342,Normal,0.0,0
1/11/2025 10:09,124,76.78,46.16,55.49,3.17,4.58,1,0,431,Normal,0.0,0
3/10/2025 6:07,122,64.63,50.42,52.29,1.29,1.04,1,0,41,Normal,0.0,0
2/26/2025 17:48,110,83.31,54.13,36.21,1.7,2.04,1,0,375,Normal,0.0,0
3/4/2025 19:36,140,82.76,43.23,77.59,4.03,1.97,0,0,221,Normal,0.0,0
1/9/2025 7:41,138,74.44,54.11,61.49,1.29,4.81,2,0,245,Normal,0.0,1
3/5/2025 3:38,107,70.62,37.19,61.78,2.71,3.41,1,0,74,Normal,0.0,0
1/25/2025 11:53,103,91.52,54.41,78.92,1.28,4.67,1,1,47,Normal,1.0,1
2/14/2025 23:24,131,88.13,64.52,72.5,2.83,2.63,1,0,321,Normal,0.0,0
1/18/2025 1:58,114,91.68,68.8,61.41,3.1,3.73,1,1,31,Normal,1.0,1
2/12/2025 21:41,116,62.29,40.9,42.54,1.75,4.62,1,0,330,Normal,0.0,0
2/7/2025 19:48,150,86.49,34.51,45.55,3.69,1.55,1,0,242,Normal,0.0,0
3/3/2025 21:33,136,62.14,45.8,66.6,3.16,3.88,1,0,379,Normal,0.0,0
1/21/2025 17:42,114,74.14,47.75,33.85,4.99,0.76,1,0,35,Normal,0.0,0
2/14/2025 12:05,116,80.18,9.73,35.66,4.99,4.2,0,0,471,Normal,0.0,0
2/1/2025 1:07,124,82.23,51.81,42.65,2.05,4.06,1,0,476,Normal,0.0,0
2/27/2025 9:29,123,84.59,52.25,46.71,1.21,4.68,1,0,380,Normal,0.0,0
2/19/2025 5:11,105,75.9,39.48,70.37,4.34,1.87,1,0,175,Normal,0.0,0
1/9/2025 10:30,141,74.71,46.78,60.47,1.09,1.46,1,0,402,Normal,0.0,0
1/15/2025 17:57,147,79.77,51.78,77.13,1.85,1.92,1,0,73,Normal,0.0,0
2/9/2025 7:03,105,81.77,48.1,61.06,3.41,1.61,1,0,225,Normal,0.0,0
1/6/2025 3:16,138,63.5,31.6,77.3,4.07,3.58,1,0,134,Normal,0.0,0
1/28/2025 22:33,126,83.83,45.79,73.31,3.94,3.54,1,0,391,Normal,0.0,0
2/9/2025 20:55,101,74.88,79.9,34.88,2.28,1.82,1,0,126,Normal,0.0,0
2/26/2025 7:44,141,73.68,56.66,52.9,2.84,4.44,1,0,258,Normal,0.0,0
1/6/2025 21:59,126,76.76,31.2,47.71,4.23,1.3,1,0,60,Normal,0.0,0
1/29/2025 8:58,138,81.92,36.27,68.63,2.05,1.83,1,0,348,Normal,0.0,0
2/8/2025 11:40,103,91.72,68.83,31.11,4.54,3.41,2,1,44,Vibration Issue,1.0,1
3/6/2025 4:55,126,88.19,42.09,31.01,2.25,1.65,1,0,162,Normal,0.0,0
1/2/2025 17:03,118,74.08,40.86,61.26,2.92,4.58,1,0,260,Normal,0.0,0
2/9/2025 17:21,101,65.82,74.5,71.53,2.43,3.22,1,0,106,Normal,0.0,0
1/18/2025 8:13,103,71.64,55.97,43.05,2.5,4.17,1,0,495,Normal,0.0,0
1/29/2025 16:26,115,72.78,50.1,78.83,3.65,2.54,1,0,400,Normal,0.0,0
1/28/2025 7:50,104,79.6,52.02,34.1,2.74,1.77,1,0,244,Normal,0.0,0
2/26/2025 17:37,108,63.74,71.3,66.99,4.16,2.35,1,0,324,Normal,0.0,0
1/7/2025 7:09,125,75.34,17.07,40.86,2.1,2.41,1,0,219,Normal,0.0,0
2/12/2025 12:49,144,77.56,31.91,55.7,3.68,0.94,1,0,414,Normal,0.0,0
2/7/2025 5:05,144,64.34,44.99,34.25,2.0,2.19,1,0,349,Normal,0.0,0
2/2/2025 11:54,112,66.11,42.63,44.7,1.3,1.81,1,0,358,Normal,0.0,0
3/2/2025 13:58,139,87.14,62.94,37.77,1.51,0.64,1,0,480,Normal,0.0,0
2/17/2025 7:53,125,72.15,61.33,34.81,3.5,0.64,1,0,133,Normal,0.0,0
3/2/2025 0:50,107,83.41,51.09,60.52,3.68,1.17,1,0,439,Normal,0.0,0
1/26/2025 8:34,112,66.77,60.61,66.65,2.44,3.51,2,0,332,Normal,0.0,1
1/17/2025 20:37,134,83.89,18.64,49.68,4.61,4.86,0,0,414,Normal,0.0,0
2/6/2025 13:09,129,78.92,50.2,42.51,3.52,4.5,1,0,279,Normal,0.0,0
3/9/2025 20:21,148,69.28,25.66,42.42,3.6,2.36,1,0,123,Normal,0.0,0
1/2/2025 18:52,145,91.03,21.21,69.69,3.96,1.46,1,1,34,Normal,1.0,1
2/25/2025 13:08,141,62.73,79.87,40.2,4.68,3.08,0,0,384,Normal,0.0,0
1/19/2025 9:07,135,76.08,73.61,59.91,4.53,4.39,1,0,334,Normal,0.0,0
1/28/2025 19:58,127,91.38,84.54,48.67,3.22,3.12,1,1,42,Normal,1.0,1
2/21/2025 11:07,116,74.62,53.83,48.69,3.18,4.84,1,0,244,Normal,0.0,0
1/2/2025 18:29,120,77.79,45.07,65.18,3.77,2.74,0,0,445,Normal,0.0,0
1/2/2025 14:38,108,65.71,55.57,65.57,2.38,4.08,1,0,354,Normal,0.0,0
1/26/2025 7:36,142,97.06,62.71,63.76,2.1,4.14,2,1,14,Vibration Issue,1.0,1
1/11/2025 17:04,132,74.67,49.04,40.33,2.33,2.14,1,0,370,Normal,0.0,0
1/7/2025 3:42,101,62.89,59.47,74.24,1.52,3.52,2,0,308,Pressure Drop,0.0,1
1/30/2025 10:46,125,92.28,45.45,78.59,4.6,1.81,1,1,45,Normal,1.0,1
1/11/2025 18:03,124,77.06,53.17,34.08,1.44,2.05,1,0,369,Normal,0.0,0
2/22/2025 6:22,133,84.18,75.78,31.84,2.28,3.98,1,0,215,Normal,0.0,0
2/16/2025 20:14,143,68.59,61.74,35.23,1.16,4.08,1,0,201,Normal,0.0,0
2/10/2025 17:17,123,75.12,62.55,69.57,1.64,2.42,1,0,203,Normal,0.0,0
3/4/2025 23:30,136,80.25,28.2,79.3,2.7,3.9,1,0,214,Normal,0.0,0
1/16/2025 0:57,136,72.58,31.92,62.38,3.64,2.88,1,0,55,Normal,0.0,0
2/8/2025 9:16,132,76.02,47.02,63.54,4.01,3.53,1,0,284,Normal,0.0,0
2/2/2025 13:13,113,88.37,35.75,71.0,4.54,4.05,1,0,120,Normal,0.0,0
3/10/2025 22:36,116,87.11,46.43,51.61,4.79,1.94,1,0,268,Normal,0.0,0
3/9/2025 6:04,109,65.01,43.55,31.71,2.92,2.84,1,0,463,Normal,0.0,0
2/17/2025 18:33,136,86.71,47.74,42.59,3.41,1.45,1,0,253,Normal,0.0,0
3/10/2025 4:51,146,74.86,51.61,51.08,3.16,2.54,1,0,348,Normal,0.0,0
1/20/2025 15:57,121,77.83,72.69,55.88,4.58,2.35,1,0,17,Normal,0.0,1
1/10/2025 9:47,148,86.58,61.29,71.41,1.28,2.53,1,0,448,Normal,0.0,0
1/18/2025 9:56,142,60.8,29.42,56.0,4.23,3.13,1,0,22,Normal,0.0,0
3/6/2025 13:32,121,81.22,76.82,63.65,4.58,4.88,2,0,328,Electrical Fault,0.0,1
1/1/2025 18:54,114,81.42,91.45,65.61,3.76,0.89,1,1,47,Normal,1.0,1
2/27/2025 21:06,117,59.82,31.37,41.76,1.43,4.49,1,0,317,Normal,0.0,0
1/29/2025 5:25,104,67.27,60.17,56.51,4.24,2.52,1,0,89,Normal,0.0,0
2/22/2025 22:43,118,88.43,41.82,39.17,2.23,1.83,1,0,400,Normal,0.0,0
2/22/2025 21:31,135,66.67,63.96,50.12,3.21,2.0,0,0,286,Normal,0.0,0
1/13/2025 17:39,127,68.88,52.79,67.4,4.72,2.56,1,0,446,Normal,0.0,0
1/25/2025 9:50,143,82.17,79.53,45.89,1.84,1.03,1,0,192,Normal,0.0,0
2/6/2025 13:45,134,85.62,73.83,79.12,3.78,4.79,1,0,74,Normal,0.0,0
1/30/2025 3:59,136,65.49,66.04,62.43,1.11,4.87,1,0,456,Normal,0.0,0
2/17/2025 6:55,109,58.44,70.59,47.22,2.46,1.97,1,0,256,Normal,0.0,0
1/6/2025 5:59,102,96.76,59.04,57.96,1.14,2.32,1,1,6,Normal,1.0,1
3/8/2025 6:19,125,79.58,26.62,30.22,4.65,1.66,1,0,443,Normal,0.0,0
1/10/2025 14:00,147,74.59,37.29,64.09,2.39,3.03,1,0,224,Normal,0.0,0
2/19/2025 12:00,111,75.26,77.64,79.43,1.19,3.77,1,0,183,Normal,0.0,0
2/5/2025 10:24,140,83.42,26.25,41.22,2.86,4.4,1,0,225,Normal,0.0,0
1/27/2025 0:34,123,77.0,44.65,55.8,1.71,2.09,1,0,109,Normal,0.0,0
3/3/2025 6:32,115,70.63,51.08,74.95,1.01,0.75,1,0,361,Normal,0.0,0
1/28/2025 11:13,149,83.73,45.62,69.09,1.87,3.5,0,0,11,Normal,0.0,1
1/23/2025 8:46,119,76.05,56.15,61.8,1.26,1.58,1,0,218,Normal,0.0,0
2/13/2025 0:17,112,69.98,49.24,39.33,1.25,2.85,2,0,49,Pressure Drop,0.0,1
1/26/2025 7:43,113,83.65,49.15,62.33,3.03,2.68,1,0,330,Normal,0.0,0
2/14/2025 3:22,102,80.69,36.97,58.08,3.25,3.85,1,0,44,Normal,0.0,0
1/3/2025 8:02,144,97.76,43.3,43.36,3.31,1.7,1,1,24,Normal,1.0,1
1/20/2025 21:22,144,90.91,12.63,43.13,3.42,3.42,1,1,37,Normal,1.0,1
3/6/2025 10:59,139,76.89,41.56,50.93,2.19,1.81,0,0,255,Normal,0.0,0
1/17/2025 2:37,104,75.08,37.68,67.91,4.54,2.37,1,0,82,Normal,0.0,0
3/6/2025 10:26,144,81.89,36.22,79.93,3.28,1.64,1,0,385,Normal,0.0,0
2/4/2025 6:57,130,75.85,66.52,66.46,1.64,2.31,1,0,14,Normal,0.0,1
1/2/2025 18:30,140,72.51,47.01,49.03,1.72,2.55,1,0,196,Normal,0.0,0
1/11/2025 0:39,138,75.47,75.68,37.66,2.02,1.45,1,0,384,Normal,0.0,0
1/23/2025 23:00,129,81.27,59.83,31.51,4.69,3.17,1,0,335,Normal,0.0,0
1/17/2025 20:59,124,88.36,24.8,76.85,3.6,0.77,1,0,308,Normal,0.0,0
3/6/2025 16:39,136,71.12,49.04,65.79,2.08,4.16,2,0,390,Vibration Issue,0.0,1
2/25/2025 16:47,145,67.08,16.28,63.85,4.91,2.67,2,0,244,Normal,0.0,1
1/11/2025 6:39,103,69.46,63.32,58.52,1.08,4.29,1,0,420,Normal,0.0,0
2/16/2025 4:49,144,79.94,33.54,71.91,4.28,2.55,1,0,165,Normal,0.0,0
1/6/2025 1:41,139,76.34,45.49,48.37,1.71,2.62,1,0,407,Normal,0.0,0
1/31/2025 18:38,124,86.86,65.86,41.31,2.06,3.51,1,0,143,Normal,0.0,0
2/28/2025 23:50,102,72.28,50.23,44.22,1.51,2.8,1,0,243,Normal,0.0,0
1/19/2025 10:26,115,55.57,53.47,31.23,3.94,0.95,1,0,39,Normal,0.0,0
2/16/2025 12:49,113,87.68,39.33,40.44,1.71,1.06,0,0,152,Normal,0.0,0
2/21/2025 3:08,108,92.12,71.21,64.84,1.95,2.57,0,1,30,Normal,1.0,1
1/30/2025 10:54,126,68.08,49.44,64.84,3.39,2.88,2,0,332,Vibration Issue,0.0,1
3/10/2025 0:01,134,70.01,40.99,40.07,2.91,2.1,1,0,295,Normal,0.0,0
2/14/2025 13:24,123,84.46,50.32,49.21,2.13,4.97,1,0,94,Normal,0.0,0
3/10/2025 12:11,140,84.97,45.75,36.28,3.42,1.18,1,0,242,Normal,0.0,0
1/20/2025 3:17,144,78.96,49.53,76.3,3.8,4.8,1,0,397,Normal,0.0,0
3/8/2025 23:46,126,88.96,54.33,53.14,2.73,4.37,1,0,325,Normal,0.0,0
3/4/2025 18:16,110,62.88,52.12,79.4,4.31,2.8,0,0,341,Normal,0.0,0
1/2/2025 23:42,118,76.7,52.77,70.23,1.03,4.79,1,0,92,Normal,0.0,0
1/12/2025 8:36,149,67.52,31.19,38.24,4.4,2.58,1,0,237,Normal,0.0,0
1/16/2025 18:53,122,66.19,26.17,47.2,3.74,3.69,1,0,362,Normal,0.0,0
2/4/2025 5:57,110,75.49,62.2,33.4,1.1,1.04,1,0,343,Normal,0.0,0
2/18/2025 12:04,107,73.76,56.1,31.86,2.15,0.77,1,0,320,Normal,0.0,0
3/3/2025 16:59,109,80.41,64.04,41.32,3.74,1.57,1,0,462,Normal,0.0,0
2/12/2025 20:11,147,46.57,60.83,67.33,4.45,2.6,1,0,201,Normal,0.0,0
1/22/2025 0:14,104,68.62,42.19,73.5,3.52,0.78,1,0,473,Normal,0.0,0
1/24/2025 19:51,118,90.54,37.83,61.33,2.46,4.37,1,1,40,Normal,1.0,1
3/8/2025 23:26,124,85.04,20.9,54.63,1.07,3.99,1,0,66,Normal,0.0,0
2/28/2025 14:44,115,86.31,67.24,51.8,2.89,3.18,2,0,452,Normal,0.0,1
2/16/2025 20:48,130,65.84,52.61,65.68,1.98,3.34,2,0,295,Overheating,0.0,1
3/4/2025 3:29,149,92.35,48.64,75.13,1.7,2.79,2,1,31,Normal,1.0,1
1/11/2025 1:46,103,69.2,43.51,49.14,3.06,4.64,1,0,106,Normal,0.0,0
2/14/2025 14:01,127,72.75,81.8,42.97,2.38,0.9,1,1,42,Normal,1.0,1
1/28/2025 16:28,149,81.53,46.33,48.29,4.09,3.82,0,0,394,Normal,0.0,0
2/3/2025 9:29,135,87.96,66.97,51.37,1.88,3.67,1,0,238,Normal,0.0,0
2/3/2025 16:03,109,60.76,55.52,77.89,2.81,1.24,1,0,190,Normal,0.0,0
3/8/2025 14:36,150,78.73,53.38,65.35,3.79,0.75,2,0,144,Normal,0.0,1
2/27/2025 22:00,140,77.74,45.82,43.29,2.23,2.7,1,0,426,Normal,0.0,0
1/13/2025 4:00,103,95.75,39.04,49.25,3.65,4.86,1,1,16,Normal,1.0,1
2/11/2025 21:55,140,65.59,50.92,60.12,2.77,4.68,1,0,253,Normal,0.0,0
1/12/2025 7:34,113,78.28,66.34,74.24,2.4,2.17,1,0,493,Normal,0.0,0
2/25/2025 21:53,116,83.47,19.11,42.07,3.66,4.88,1,0,151,Normal,0.0,0
2/14/2025 23:04,105,79.62,74.25,55.22,3.58,4.75,1,0,302,Normal,0.0,0
1/20/2025 9:33,147,75.37,43.62,65.64,1.65,3.32,1,0,367,Normal,0.0,0
1/31/2025 23:03,120,72.99,44.07,41.56,2.54,2.9,1,0,270,Normal,0.0,0
1/13/2025 22:42,105,85.39,61.99,49.52,2.22,4.95,1,0,22,Normal,0.0,0
3/5/2025 7:01,136,94.0,79.03,41.05,3.35,4.98,1,1,24,Normal,1.0,1
2/13/2025 20:38,139,85.14,40.59,50.41,1.81,4.7,0,0,35,Normal,0.0,0
3/6/2025 20:28,138,87.65,72.49,60.17,4.16,2.37,0,0,348,Normal,0.0,0
2/19/2025 14:46,122,40.66,50.05,46.61,3.16,3.08,1,0,361,Normal,0.0,0
2/23/2025 3:43,148,86.89,76.37,73.28,4.54,3.48,1,0,496,Normal,0.0,0
1/10/2025 17:22,105,71.37,20.2,65.23,4.44,4.38,0,0,464,Normal,0.0,0
2/23/2025 16:05,144,75.83,52.48,56.8,2.9,1.22,1,0,406,Normal,0.0,0
1/28/2025 22:47,135,77.02,58.4,66.46,2.01,4.74,1,0,321,Normal,0.0,0
2/14/2025 21:35,142,79.42,31.85,76.15,4.65,3.76,1,0,452,Normal,0.0,0
1/5/2025 4:38,106,86.03,54.25,55.77,1.91,2.9,1,0,84,Normal,0.0,0
2/11/2025 19:29,113,74.23,70.38,63.14,3.47,0.84,1,0,265,Normal,0.0,0
3/5/2025 19:58,136,52.75,36.19,72.7,1.27,4.63,1,0,139,Normal,0.0,0
1/21/2025 17:27,113,72.31,66.44,72.54,4.51,3.9,1,0,152,Normal,0.0,0
2/8/2025 12:53,116,73.35,48.42,61.49,1.85,3.06,1,0,431,Normal,0.0,0
1/10/2025 15:48,131,78.26,73.24,79.74,4.06,0.9,1,0,379,Normal,0.0,0
1/5/2025 9:46,110,69.26,68.57,52.66,2.67,1.93,1,0,462,Normal,0.0,0
1/24/2025 9:25,117,51.19,27.11,72.99,2.45,1.99,1,0,386,Normal,0.0,0
1/29/2025 0:07,121,59.12,-1.47,42.4,1.27,1.45,1,0,103,Normal,0.0,0
2/1/2025 15:36,124,62.06,70.63,64.29,1.94,3.77,1,0,286,Normal,0.0,0
3/10/2025 10:50,112,65.94,89.72,50.16,2.32,4.98,1,1,17,Normal,1.0,1
1/10/2025 3:22,112,64.89,62.62,66.5,2.31,4.68,1,0,190,Normal,0.0,0
1/27/2025 18:07,113,85.16,52.77,64.7,3.73,0.57,1,0,427,Normal,0.0,0
3/3/2025 20:25,134,86.74,48.76,59.33,3.36,1.19,1,0,216,Normal,0.0,0
1/28/2025 18:03,133,78.92,26.55,36.56,1.85,2.12,1,0,286,Normal,0.0,0
3/7/2025 22:47,140,81.54,24.35,71.77,1.4,1.39,1,0,237,Normal,0.0,0
3/5/2025 8:52,104,70.07,24.33,61.01,3.0,4.81,1,0,52,Normal,0.0,0
3/1/2025 2:36,145,81.29,77.83,57.03,3.54,4.95,0,0,165,Normal,0.0,0
2/17/2025 21:57,106,81.04,38.69,76.56,1.71,0.52,1,0,214,Normal,0.0,0
2/18/2025 0:04,103,75.89,47.23,55.8,2.06,4.54,1,0,310,Normal,0.0,0
1/12/2025 6:57,129,62.74,69.88,66.28,3.88,1.95,1,0,73,Normal,0.0,0
2/13/2025 2:27,101,78.27,53.87,46.41,4.09,4.4,2,0,221,Pressure Drop,0.0,1
3/4/2025 15:36,140,73.87,41.88,56.49,2.3,4.59,1,0,134,Normal,0.0,0
1/18/2025 4:14,131,74.57,45.31,44.22,3.34,2.63,0,0,495,Normal,0.0,0
2/23/2025 2:58,106,59.52,40.67,62.89,2.87,4.58,1,0,409,Normal,0.0,0
1/23/2025 0:28,118,68.08,72.34,70.51,4.83,2.64,1,0,420,Normal,0.0,0
2/25/2025 9:04,136,62.4,47.16,52.14,1.04,4.81,1,0,58,Normal,0.0,0
3/5/2025 5:39,119,78.16,50.28,63.31,1.02,4.57,1,0,435,Normal,0.0,0
2/2/2025 11:52,115,83.46,23.97,54.37,3.84,0.53,1,0,113,Normal,0.0,0
2/26/2025 4:14,139,77.88,44.98,44.23,1.32,2.9,1,0,463,Normal,0.0,0
1/31/2025 12:33,101,69.83,41.98,52.18,4.34,3.3,1,0,480,Normal,0.0,0
2/18/2025 10:00,121,75.96,45.61,69.96,4.34,2.22,1,0,462,Normal,0.0,0
2/18/2025 17:53,126,50.12,44.45,32.54,2.46,2.02,1,0,60,Normal,0.0,0
1/29/2025 19:33,123,73.85,68.37,60.97,3.67,3.62,1,0,440,Normal,0.0,0
1/3/2025 23:49,146,84.91,99.71,69.66,4.16,4.81,1,1,39,Normal,1.0,1
2/24/2025 20:08,127,87.18,72.08,55.28,3.1,4.64,1,0,84,Normal,0.0,0
1/4/2025 15:52,111,79.57,15.41,79.18,4.65,2.99,0,0,228,Normal,0.0,0
3/4/2025 13:43,143,76.55,57.87,52.95,1.18,2.33,1,0,68,Normal,0.0,0
2/12/2025 7:55,129,83.98,48.73,32.26,1.89,1.93,1,0,247,Normal,0.0,0
1/12/2025 19:48,136,72.57,46.13,77.05,4.45,0.55,1,0,82,Normal,0.0,0
3/3/2025 6:07,122,62.87,46.92,67.95,2.81,1.28,1,0,355,Normal,0.0,0
1/30/2025 10:58,132,60.05,51.54,35.33,4.84,3.12,1,0,143,Normal,0.0,0
2/9/2025 9:48,147,97.76,49.92,48.69,1.69,0.78,1,1,34,Normal,1.0,1
1/31/2025 20:14,106,85.46,47.08,67.78,2.3,2.82,1,0,265,Normal,0.0,0
1/30/2025 22:22,134,71.93,38.99,37.39,2.08,3.44,1,0,180,Normal,0.0,0
2/27/2025 6:37,109,68.55,89.22,30.63,3.99,4.62,1,1,9,Normal,1.0,1
2/16/2025 8:37,127,68.8,58.69,38.75,1.49,0.98,1,0,439,Normal,0.0,0
1/19/2025 15:48,142,76.9,61.52,41.07,2.5,3.24,0,0,288,Normal,0.0,0
2/20/2025 13:23,111,43.98,39.48,60.63,1.5,1.67,1,0,325,Normal,0.0,0
2/21/2025 10:14,131,74.54,37.4,42.01,5.0,3.57,1,0,475,Normal,0.0,0
2/22/2025 23:43,144,67.53,58.13,55.72,1.65,1.93,1,0,456,Normal,0.0,0
1/31/2025 19:02,146,77.13,48.3,33.91,2.27,0.54,1,0,164,Normal,0.0,0
2/5/2025 4:27,143,77.03,49.27,36.66,2.34,4.31,2,0,338,Vibration Issue,0.0,1
2/21/2025 7:26,143,54.54,28.49,32.69,3.09,3.76,1,0,96,Normal,0.0,0
3/10/2025 22:06,132,63.48,71.59,51.02,3.39,0.93,1,0,286,Normal,0.0,0
1/9/2025 15:41,141,92.82,46.1,77.62,3.57,4.56,1,1,4,Normal,1.0,1
1/23/2025 11:53,110,64.14,54.62,79.2,2.81,4.24,1,0,167,Normal,0.0,0
2/16/2025 13:21,131,61.15,23.83,46.55,2.25,4.04,1,0,425,Normal,0.0,0
1/14/2025 20:02,119,77.06,49.0,67.52,3.0,2.88,1,0,55,Normal,0.0,0
3/4/2025 5:56,140,61.2,63.47,32.37,2.91,2.71,1,0,429,Normal,0.0,0
2/3/2025 14:11,117,72.97,58.96,31.6,1.63,4.77,1,0,144,Normal,0.0,0
1/9/2025 21:26,129,73.08,44.92,60.28,3.26,2.23,1,0,376,Normal,0.0,0
3/5/2025 23:40,146,78.8,46.6,70.98,4.5,1.15,1,0,198,Normal,0.0,0
2/17/2025 14:34,132,89.35,32.24,39.57,2.81,2.07,1,0,461,Normal,0.0,0
1/2/2025 2:13,139,76.56,50.94,62.99,1.2,4.22,1,0,312,Normal,0.0,0
2/17/2025 13:52,126,76.86,31.69,42.31,2.78,4.09,1,0,46,Normal,0.0,0
2/18/2025 23:55,118,63.25,65.49,43.31,1.21,3.26,1,0,59,Normal,0.0,0
1/24/2025 12:25,139,81.08,61.05,43.36,2.9,0.96,1,0,403,Normal,0.0,0
1/12/2025 11:09,142,69.66,19.37,70.32,3.49,1.22,1,0,164,Normal,0.0,0
2/18/2025 8:15,140,68.4,54.29,63.76,4.67,2.92,1,0,74,Normal,0.0,0
1/12/2025 21:30,147,62.53,58.68,42.32,2.32,4.99,1,0,301,Normal,0.0,0
1/5/2025 6:38,136,79.47,66.63,57.63,2.84,3.39,1,0,32,Normal,0.0,0
2/2/2025 14:10,108,78.11,59.27,50.08,2.86,4.94,1,0,128,Normal,0.0,0
1/22/2025 13:56,101,74.06,53.77,56.32,1.85,3.03,0,0,415,Normal,0.0,0
2/28/2025 19:46,115,73.87,70.78,78.12,3.77,4.32,1,0,492,Normal,0.0,0
1/17/2025 7:32,128,88.39,66.64,58.83,2.85,1.97,1,0,215,Normal,0.0,0
1/28/2025 20:47,127,61.29,47.6,30.7,3.65,2.09,2,0,139,Vibration Issue,0.0,1
2/24/2025 3:54,128,62.36,57.01,61.86,4.56,0.91,1,0,114,Normal,0.0,0
2/7/2025 8:34,108,79.2,71.39,58.0,1.97,1.4,1,0,59,Normal,0.0,0
1/19/2025 5:19,134,59.45,58.96,68.42,4.95,1.57,0,0,173,Normal,0.0,0
1/20/2025 18:19,128,86.14,32.68,39.4,1.88,2.02,1,0,413,Normal,0.0,0
1/15/2025 10:17,140,64.51,23.55,61.69,2.48,2.9,1,0,93,Normal,0.0,0
2/20/2025 9:33,116,55.71,73.64,60.65,4.28,4.46,1,0,237,Normal,0.0,0
1/28/2025 11:32,114,77.78,17.09,79.6,3.21,1.22,1,0,420,Normal,0.0,0
2/28/2025 16:05,142,65.02,43.25,38.47,4.95,1.44,1,0,333,Normal,0.0,0
2/15/2025 7:08,111,88.28,46.22,50.62,2.85,1.43,1,0,224,Normal,0.0,0
1/30/2025 5:32,106,86.96,67.06,39.52,4.15,1.45,1,0,372,Normal,0.0,0
1/16/2025 19:05,106,63.24,28.96,76.79,3.99,3.28,1,0,434,Normal,0.0,0
2/25/2025 4:13,133,73.62,67.85,53.15,4.93,4.98,2,0,105,Vibration Issue,0.0,1
1/15/2025 1:33,122,86.05,53.94,68.5,3.34,2.61,1,0,145,Normal,0.0,0
1/29/2025 6:11,111,89.08,76.05,66.94,3.6,3.06,1,0,378,Normal,0.0,0
1/13/2025 1:04,122,62.5,58.54,38.22,3.38,2.37,1,0,355,Normal,0.0,0
1/12/2025 16:20,126,67.26,36.48,56.3,1.56,2.31,1,0,494,Normal,0.0,0
2/1/2025 0:01,102,86.45,63.3,70.32,4.87,1.46,1,0,301,Normal,0.0,0
3/11/2025 10:31,131,75.93,64.09,73.33,2.85,0.7,1,0,40,Normal,0.0,0
1/20/2025 9:08,137,69.76,28.7,77.52,4.67,3.88,1,0,461,Normal,0.0,0
2/7/2025 23:16,117,53.05,61.39,55.97,2.75,2.41,1,0,375,Normal,0.0,0
2/27/2025 20:19,130,83.74,74.77,66.69,3.34,3.65,1,0,265,Normal,0.0,0
1/30/2025 9:58,113,77.4,46.39,62.33,1.61,2.39,1,0,479,Normal,0.0,0
1/5/2025 11:02,141,75.76,63.14,69.12,3.24,1.47,1,0,49,Normal,0.0,0
2/22/2025 22:58,115,69.06,41.32,69.13,4.06,3.59,1,0,226,Normal,0.0,0
1/28/2025 8:51,142,62.71,54.8,51.07,4.96,3.0,1,0,184,Normal,0.0,0
3/4/2025 10:37,147,76.4,39.12,43.31,4.6,4.27,1,0,17,Normal,0.0,1
2/24/2025 8:37,131,88.25,52.49,55.13,3.02,1.2,2,0,297,Pressure Drop,0.0,1
3/3/2025 21:48,106,71.78,54.52,43.19,4.28,0.97,1,0,322,Normal,0.0,0
2/3/2025 2:34,107,80.65,65.61,49.45,4.7,3.93,1,0,369,Normal,0.0,0
1/24/2025 16:24,102,84.8,54.71,44.37,2.62,2.58,2,0,444,Overheating,0.0,1
1/17/2025 20:24,110,60.93,46.36,78.65,2.3,2.72,0,0,247,Normal,0.0,0
2/26/2025 14:29,111,71.11,34.85,54.09,4.2,4.76,1,0,285,Normal,0.0,0
2/16/2025 9:07,136,77.9,46.19,67.96,3.17,3.74,1,0,401,Normal,0.0,0
1/29/2025 5:29,132,64.41,65.84,50.37,4.83,1.82,1,0,429,Normal,0.0,0
1/11/2025 7:32,118,74.42,40.72,68.76,2.85,3.84,1,0,153,Normal,0.0,0
1/27/2025 22:55,131,57.05,59.56,40.88,2.7,4.81,1,0,252,Normal,0.0,0
1/27/2025 1:05,124,83.05,53.35,36.91,3.87,1.27,1,0,250,Normal,0.0,0
1/11/2025 15:11,101,71.35,59.21,31.66,3.24,3.55,1,0,376,Normal,0.0,0
3/7/2025 5:54,101,71.57,40.26,54.99,2.16,2.81,1,0,398,Normal,0.0,0
2/17/2025 14:35,134,89.01,33.96,40.26,4.59,0.84,2,0,305,Pressure Drop,0.0,1
3/8/2025 6:49,140,67.21,64.54,74.52,4.64,2.54,1,0,35,Normal,0.0,0
2/28/2025 16:48,140,65.04,61.45,30.37,1.35,3.36,2,0,448,Normal,0.0,1
1/5/2025 5:44,130,51.48,7.05,47.67,2.12,4.68,1,0,240,Normal,0.0,0
2/2/2025 10:05,147,66.46,36.07,57.05,4.95,1.92,0,0,353,Normal,0.0,0
3/3/2025 2:50,129,92.94,66.02,78.37,1.66,3.37,1,1,34,Normal,1.0,1
1/30/2025 11:13,107,71.9,69.36,71.74,2.28,2.04,1,0,422,Normal,0.0,0
1/5/2025 2:31,117,74.73,81.17,61.95,4.25,2.41,1,1,41,Normal,1.0,1
3/9/2025 6:37,107,70.88,23.12,38.87,4.51,1.78,1,0,164,Normal,0.0,0
2/10/2025 13:54,140,60.28,40.69,51.57,3.29,4.22,1,0,311,Normal,0.0,0
1/2/2025 18:56,102,70.77,65.3,44.47,3.16,4.22,1,0,324,Normal,0.0,0
1/10/2025 7:52,113,70.39,47.26,58.18,2.17,1.15,1,0,118,Normal,0.0,0
2/20/2025 22:24,113,87.42,66.82,65.94,2.89,3.8,1,0,84,Normal,0.0,0
1/20/2025 10:40,132,86.3,37.16,42.55,1.15,2.92,2,0,457,Electrical Fault,0.0,1
2/15/2025 11:13,139,89.18,102.65,78.9,3.23,1.35,1,1,12,Normal,1.0,1
2/19/2025 3:23,117,71.96,45.91,33.28,3.35,2.07,1,0,325,Normal,0.0,0
2/16/2025 13:33,106,65.3,60.37,51.55,3.43,4.02,1,0,498,Normal,0.0,0
1/5/2025 11:28,109,79.07,51.18,77.16,1.48,3.29,1,0,186,Normal,0.0,0
3/1/2025 1:00,121,96.72,59.1,53.8,3.62,0.94,1,1,33,Normal,1.0,1
2/17/2025 6:11,149,61.34,51.09,47.19,3.8,1.06,1,0,486,Normal,0.0,0
1/3/2025 0:58,108,69.45,61.38,31.6,1.54,1.57,1,0,329,Normal,0.0,0
1/12/2025 9:14,135,67.58,34.58,41.14,1.0,4.35,1,0,248,Normal,0.0,0
3/2/2025 3:38,116,70.85,57.48,41.23,3.69,1.22,1,0,286,Normal,0.0,0
1/3/2025 9:16,120,74.93,46.82,46.88,3.0,0.82,1,0,447,Normal,0.0,0
2/11/2025 20:03,136,70.11,41.25,43.16,2.53,1.75,1,0,112,Normal,0.0,0
2/14/2025 9:38,150,81.79,41.11,43.1,4.15,4.0,1,0,216,Normal,0.0,0
3/2/2025 12:52,129,78.63,55.98,73.09,3.56,4.8,1,0,368,Normal,0.0,0
1/10/2025 17:59,119,78.41,45.18,70.76,1.13,3.93,1,0,208,Normal,0.0,0
2/26/2025 19:14,136,78.64,35.27,42.05,2.4,0.6,1,0,121,Normal,0.0,0
1/31/2025 18:16,106,62.94,75.72,51.84,2.77,4.81,1,0,338,Normal,0.0,0
1/5/2025 2:01,128,68.94,54.33,44.13,3.24,3.63,1,0,497,Normal,0.0,0
1/30/2025 23:26,101,84.12,26.57,33.49,1.68,4.79,1,0,350,Normal,0.0,0
2/11/2025 10:04,124,87.47,30.95,79.99,3.52,2.75,1,0,462,Normal,0.0,0
2/6/2025 4:09,133,89.3,56.51,52.24,4.27,2.5,1,0,102,Normal,0.0,0
1/16/2025 16:23,133,86.86,60.83,33.43,3.98,4.83,1,0,299,Normal,0.0,0
1/19/2025 3:14,143,53.6,71.37,68.54,3.03,4.94,1,0,171,Normal,0.0,0
2/8/2025 11:37,139,75.72,35.34,77.57,3.64,1.05,2,0,483,Vibration Issue,0.0,1
2/16/2025 6:30,109,87.69,38.0,66.38,3.86,2.75,1,0,47,Normal,0.0,0
2/23/2025 22:38,131,81.73,30.83,51.03,1.35,2.56,1,0,397,Normal,0.0,0
2/17/2025 8:14,130,81.4,64.87,32.03,4.71,4.77,1,0,277,Normal,0.0,0
1/12/2025 3:36,144,69.23,80.21,43.82,4.89,0.97,2,1,15,Overheating,1.0,1
2/21/2025 10:10,142,88.52,94.01,39.02,3.4,1.07,1,1,44,Normal,1.0,1
1/20/2025 2:20,111,72.58,37.13,60.17,3.31,3.99,1,0,18,Normal,0.0,1
3/9/2025 16:24,105,76.5,50.98,42.79,4.84,3.5,0,0,356,Normal,0.0,0
1/7/2025 14:38,129,73.66,45.19,64.19,1.7,2.05,1,0,123,Normal,0.0,0
2/6/2025 6:02,139,62.87,53.4,31.94,4.25,3.66,1,0,467,Normal,0.0,0
1/31/2025 1:47,122,82.69,51.99,58.69,1.59,0.93,0,0,395,Normal,0.0,0
3/1/2025 9:03,125,71.31,56.35,59.5,4.23,3.34,1,0,423,Normal,0.0,0
1/15/2025 11:18,137,79.66,69.98,56.68,2.8,2.44,0,0,371,Normal,0.0,0
1/25/2025 19:04,110,70.96,11.6,75.44,4.18,3.34,1,0,178,Normal,0.0,0
2/25/2025 2:50,132,79.96,34.93,44.53,4.58,2.78,1,0,13,Normal,0.0,1
2/20/2025 20:35,136,72.23,30.17,55.18,2.63,2.26,1,0,68,Normal,0.0,0
2/21/2025 21:25,144,80.28,54.56,34.64,3.1,1.47,1,0,457,Normal,0.0,0
2/4/2025 17:52,132,78.94,32.55,67.81,1.94,3.81,1,0,87,Normal,0.0,0
1/31/2025 1:41,133,87.27,45.28,44.26,1.29,4.08,1,0,237,Normal,0.0,0
1/25/2025 20:20,128,81.3,39.25,51.19,1.9,1.35,0,0,463,Normal,0.0,0
2/24/2025 5:47,109,78.44,68.72,57.22,3.6,2.16,1,0,97,Normal,0.0,0
1/6/2025 6:46,118,93.04,59.04,68.81,1.69,3.41,1,1,39,Normal,1.0,1
2/9/2025 1:39,138,86.86,47.69,59.85,4.54,4.47,1,0,399,Normal,0.0,0
2/8/2025 4:11,144,83.36,47.65,73.43,1.74,3.87,1,0,73,Normal,0.0,0
1/23/2025 15:54,125,77.1,57.78,38.98,2.16,4.8,1,0,477,Normal,0.0,0
3/1/2025 11:51,132,75.4,54.58,32.0,4.27,3.98,1,0,27,Normal,0.0,0
2/21/2025 2:06,106,67.29,39.59,36.12,2.35,1.94,1,0,376,Normal,0.0,0
2/2/2025 1:02,134,80.63,50.29,48.05,3.26,1.25,1,0,154,Normal,0.0,0
2/24/2025 16:10,106,93.87,86.8,77.13,3.27,4.15,1,1,32,Normal,1.0,1
1/2/2025 9:05,122,63.01,44.05,61.93,3.19,2.79,1,0,324,Normal,0.0,0
3/8/2025 22:47,141,67.92,56.38,33.88,2.56,4.77,1,0,88,Normal,0.0,0
3/9/2025 1:38,134,91.82,52.01,56.0,1.63,1.36,1,1,24,Normal,1.0,1
1/17/2025 22:28,145,56.81,28.08,60.59,2.88,3.27,1,0,359,Normal,0.0,0
1/26/2025 13:02,110,79.09,45.34,76.23,2.12,4.62,1,0,494,Normal,0.0,0
2/22/2025 9:50,133,93.02,48.91,68.7,4.77,1.65,1,1,2,Normal,1.0,1
3/11/2025 3:37,128,75.84,70.14,67.92,1.95,2.64,1,0,159,Normal,0.0,0
1/31/2025 0:24,150,66.33,59.23,59.12,1.98,1.15,1,0,426,Normal,0.0,0
1/10/2025 9:03,122,85.63,37.18,68.65,1.98,1.91,1,0,293,Normal,0.0,0
1/8/2025 0:11,124,78.89,64.78,54.54,4.01,2.75,1,0,288,Normal,0.0,0
1/25/2025 8:06,131,93.15,37.73,72.19,4.07,4.93,1,1,44,Normal,1.0,1
2/7/2025 3:09,116,83.77,17.65,53.91,2.23,3.46,1,0,60,Normal,0.0,0
2/3/2025 2:30,108,76.31,50.43,64.32,2.52,3.2,1,0,326,Normal,0.0,0
2/22/2025 14:27,129,76.62,58.1,78.62,3.64,4.39,1,0,203,Normal,0.0,0
1/31/2025 12:01,150,60.53,61.39,60.45,4.08,3.26,1,0,213,Normal,0.0,0
3/11/2025 9:54,120,76.7,28.35,46.19,2.56,2.35,1,0,114,Normal,0.0,0
1/17/2025 22:58,101,78.06,22.65,47.41,1.19,2.43,1,0,216,Normal,0.0,0
2/23/2025 16:51,125,75.35,50.99,40.8,1.6,1.11,1,0,477,Normal,0.0,0
2/9/2025 22:04,136,81.64,40.55,33.15,4.76,4.93,1,0,448,Normal,0.0,0
1/24/2025 22:08,140,55.36,75.34,70.34,4.16,3.9,1,0,376,Normal,0.0,0
1/23/2025 5:23,110,83.99,27.02,62.92,1.73,3.29,0,0,281,Normal,0.0,0
1/30/2025 0:59,101,96.68,56.88,35.72,4.89,2.31,1,1,4,Normal,1.0,1
2/18/2025 2:40,149,71.99,56.86,53.26,1.31,1.22,1,0,282,Normal,0.0,0
3/8/2025 18:15,136,58.82,57.3,62.86,1.75,4.71,1,0,137,Normal,0.0,0
1/15/2025 17:34,128,87.67,48.99,63.84,4.77,4.49,1,0,345,Normal,0.0,0
1/10/2025 13:10,102,72.98,41.31,31.32,3.46,1.03,1,0,49,Normal,0.0,0
1/11/2025 22:58,141,74.73,65.44,62.67,4.95,2.17,1,0,376,Normal,0.0,0
1/7/2025 21:36,122,78.82,64.03,64.21,3.59,0.67,1,0,311,Normal,0.0,0
1/2/2025 18:46,134,82.36,55.97,58.28,2.38,3.71,2,0,472,Normal,0.0,1
2/16/2025 21:07,138,64.58,49.4,48.77,4.5,0.74,1,0,371,Normal,0.0,0
2/17/2025 17:25,131,79.05,60.11,52.04,1.55,1.39,1,0,363,Normal,0.0,0
1/25/2025 20:53,131,86.72,39.52,46.76,4.59,2.04,1,0,499,Normal,0.0,0
2/9/2025 14:37,135,94.91,56.27,78.16,4.36,1.63,0,1,5,Normal,1.0,1
2/28/2025 0:16,114,62.44,13.38,71.95,2.57,4.86,0,0,280,Normal,0.0,0
1/10/2025 10:40,103,85.02,8.75,64.31,1.57,4.94,1,0,418,Normal,0.0,0
2/28/2025 13:41,128,61.65,59.68,70.93,3.61,2.97,1,0,288,Normal,0.0,0
1/28/2025 10:51,136,79.15,47.41,75.34,1.6,1.63,1,0,33,Normal,0.0,0
2/15/2025 9:38,105,101.43,65.9,31.26,1.95,4.36,1,1,23,Normal,1.0,1
2/3/2025 1:11,137,67.77,40.3,62.0,3.58,2.41,1,0,215,Normal,0.0,0
3/3/2025 15:09,128,75.15,47.51,67.94,4.91,0.65,1,0,26,Normal,0.0,0
2/15/2025 23:56,102,77.87,55.92,77.95,4.99,0.89,1,0,72,Normal,0.0,0
3/2/2025 10:57,114,76.02,28.65,78.98,3.72,4.53,1,0,234,Normal,0.0,0
1/19/2025 11:41,131,78.23,52.32,40.84,3.05,1.18,1,0,312,Normal,0.0,0
1/5/2025 8:48,102,71.44,18.07,48.94,2.27,3.96,0,0,242,Normal,0.0,0
1/19/2025 23:20,105,63.82,41.41,76.73,4.09,1.01,2,0,379,Vibration Issue,0.0,1
3/4/2025 1:07,124,86.52,26.04,34.83,2.41,4.95,2,0,463,Pressure Drop,0.0,1
1/10/2025 20:19,149,79.73,48.5,56.59,3.91,4.5,1,0,87,Normal,0.0,0
2/14/2025 13:11,121,57.14,59.96,57.55,4.27,0.94,0,0,190,Normal,0.0,0
3/6/2025 12:04,112,81.13,66.68,31.79,4.83,3.19,0,0,430,Normal,0.0,0
1/24/2025 8:44,140,75.67,53.5,34.6,3.25,1.22,1,0,126,Normal,0.0,0
2/17/2025 11:38,141,58.67,33.97,60.97,4.16,2.55,1,0,277,Normal,0.0,0
3/10/2025 21:07,112,65.18,18.93,43.11,3.27,3.78,0,0,277,Normal,0.0,0
2/8/2025 23:01,122,75.03,50.22,30.9,4.13,3.26,1,0,268,Normal,0.0,0
1/30/2025 10:39,126,79.07,50.4,49.87,2.86,2.45,1,0,42,Normal,0.0,0
1/30/2025 20:53,106,63.32,50.49,55.52,3.04,4.55,1,0,108,Normal,0.0,0
2/1/2025 6:02,140,69.31,14.27,73.13,3.96,3.69,0,0,469,Normal,0.0,0
1/15/2025 8:48,105,67.66,57.39,48.11,3.29,0.57,1,0,305,Normal,0.0,0
3/8/2025 5:35,106,82.48,46.28,59.8,2.96,4.69,1,0,67,Normal,0.0,0
1/27/2025 17:08,135,98.88,36.57,66.35,4.07,2.86,1,1,45,Normal,1.0,1
2/5/2025 15:53,129,76.37,44.66,33.4,3.71,4.09,1,0,452,Normal,0.0,0
2/6/2025 15:27,104,76.97,72.09,35.54,1.16,2.54,1,0,36,Normal,0.0,0
3/3/2025 5:19,105,75.01,42.7,44.99,1.74,3.73,1,0,352,Normal,0.0,0
2/2/2025 8:30,122,82.31,55.17,34.47,1.68,1.86,1,0,430,Normal,0.0,0
1/12/2025 15:26,107,75.35,43.44,37.11,1.87,2.75,1,0,228,Normal,0.0,0
1/23/2025 2:39,116,86.58,34.05,72.35,3.33,1.1,1,0,469,Normal,0.0,0
2/16/2025 17:28,113,68.46,27.54,32.48,4.79,1.86,1,0,32,Normal,0.0,0
2/17/2025 9:02,126,49.13,54.54,79.36,3.58,4.06,1,0,251,Normal,0.0,0
2/9/2025 7:58,119,70.08,27.1,72.86,3.74,4.37,2,0,171,Normal,0.0,1
1/22/2025 9:36,124,79.52,41.6,48.42,3.63,4.15,0,0,457,Normal,0.0,0
1/25/2025 19:06,113,74.92,28.58,69.82,1.01,3.62,1,0,292,Normal,0.0,0
2/19/2025 2:58,131,73.36,42.12,34.75,2.25,3.92,1,0,386,Normal,0.0,0
1/14/2025 18:44,135,79.24,42.55,63.77,3.17,4.58,1,0,360,Normal,0.0,0
1/12/2025 15:50,146,67.62,20.93,70.18,2.23,1.01,0,0,181,Normal,0.0,0
2/5/2025 15:06,123,70.22,46.54,64.53,3.16,4.91,1,0,315,Normal,0.0,0
2/13/2025 13:14,141,70.81,62.48,64.19,2.34,3.1,1,0,348,Normal,0.0,0
3/4/2025 21:58,128,66.4,38.5,34.08,1.56,2.68,1,0,308,Normal,0.0,0
2/22/2025 15:12,150,61.71,32.68,68.73,4.96,4.84,1,0,233,Normal,0.0,0
1/14/2025 3:53,140,89.48,56.41,31.92,4.45,1.62,1,0,291,Normal,0.0,0
1/11/2025 20:00,138,66.86,30.79,42.54,2.72,4.77,1,0,152,Normal,0.0,0
1/30/2025 5:33,111,75.31,50.0,71.34,1.29,0.77,1,0,476,Normal,0.0,0
1/3/2025 10:22,112,79.33,83.81,58.93,2.16,3.8,2,1,38,Normal,1.0,1
2/23/2025 2:52,127,62.84,42.04,44.83,4.09,4.9,1,0,370,Normal,0.0,0
1/3/2025 7:27,106,74.21,48.65,69.29,4.68,3.36,1,0,326,Normal,0.0,0
1/19/2025 5:33,132,80.17,42.01,31.94,3.09,2.98,1,0,37,Normal,0.0,0
1/24/2025 5:35,129,64.01,31.92,68.8,1.49,2.02,1,0,200,Normal,0.0,0
1/9/2025 10:27,142,67.26,63.45,55.47,3.9,3.67,2,0,479,Normal,0.0,1
1/3/2025 15:03,132,64.4,49.17,68.02,3.15,1.18,2,0,83,Normal,0.0,1
2/14/2025 16:40,113,70.81,70.55,78.27,1.71,4.81,0,0,140,Normal,0.0,0
3/8/2025 13:26,116,70.6,63.02,61.13,4.77,3.88,1,0,438,Normal,0.0,0
1/2/2025 6:04,106,82.84,36.96,66.8,2.65,1.42,1,0,468,Normal,0.0,0
2/26/2025 23:15,117,78.89,25.52,71.83,1.76,4.6,2,0,306,Normal,0.0,1
2/6/2025 16:41,127,69.99,18.26,53.37,1.74,3.51,1,0,73,Normal,0.0,0
1/23/2025 14:44,133,69.54,22.28,59.62,4.12,1.21,1,0,408,Normal,0.0,0
1/26/2025 18:49,113,77.26,64.36,47.45,4.99,4.42,1,0,51,Normal,0.0,0
1/14/2025 18:48,124,72.25,49.89,50.14,4.61,4.84,1,0,123,Normal,0.0,0
1/5/2025 20:38,124,63.97,35.4,68.17,3.84,2.97,2,0,399,Pressure Drop,0.0,1
3/4/2025 6:23,129,72.68,59.58,30.89,3.58,3.93,1,0,173,Normal,0.0,0
1/25/2025 14:23,127,78.18,31.18,60.95,1.09,4.67,1,0,382,Normal,0.0,0
2/28/2025 0:37,116,54.21,40.98,61.14,4.55,1.55,1,0,368,Normal,0.0,0
2/27/2025 16:08,108,87.09,45.54,59.11,1.18,4.46,1,0,459,Normal,0.0,0
3/1/2025 2:17,118,83.52,66.68,74.68,2.79,4.55,1,0,124,Normal,0.0,0
3/4/2025 14:39,117,68.56,31.12,59.25,3.18,1.78,1,0,318,Normal,0.0,0
3/2/2025 7:27,118,72.56,46.13,49.53,4.01,4.58,2,0,152,Vibration Issue,0.0,1
1/29/2025 7:43,115,46.21,59.43,50.92,2.31,1.81,1,0,355,Normal,0.0,0
1/28/2025 9:30,133,78.91,68.95,43.07,3.64,3.02,1,0,346,Normal,0.0,0
1/10/2025 8:36,104,73.86,55.23,64.48,2.11,2.2,1,0,28,Normal,0.0,0
1/9/2025 13:21,124,76.72,60.14,63.5,3.4,3.73,0,0,406,Normal,0.0,0
2/14/2025 0:26,150,76.5,21.08,76.08,2.93,2.18,1,0,126,Normal,0.0,0
2/13/2025 15:31,121,48.37,48.58,67.14,3.98,2.89,0,0,105,Normal,0.0,0
1/3/2025 16:33,127,66.14,37.51,58.02,3.2,2.46,1,0,365,Normal,0.0,0
1/19/2025 5:23,148,85.42,88.9,74.65,3.51,1.2,1,1,20,Normal,1.0,1
1/13/2025 2:51,111,77.98,75.53,39.39,3.31,2.67,0,0,356,Normal,0.0,0
1/22/2025 7:34,149,59.65,55.87,34.96,3.46,0.59,1,0,286,Normal,0.0,0
2/22/2025 2:32,117,53.7,68.63,65.27,3.65,3.23,1,0,148,Normal,0.0,0
1/20/2025 1:41,125,74.63,24.94,74.16,4.31,0.64,1,0,379,Normal,0.0,0
2/1/2025 6:57,139,85.34,57.39,38.17,1.27,4.63,1,0,314,Normal,0.0,0
1/10/2025 16:42,109,70.57,48.69,58.37,1.61,4.43,1,0,84,Normal,0.0,0
2/4/2025 9:40,147,73.33,48.0,70.89,2.79,4.97,1,0,384,Normal,0.0,0
1/19/2025 14:22,107,63.1,49.5,46.66,1.27,1.22,1,0,137,Normal,0.0,0
2/25/2025 18:53,119,82.34,56.81,68.05,2.59,4.99,1,0,401,Normal,0.0,0
2/8/2025 16:26,120,82.03,62.55,46.37,3.18,3.46,1,0,223,Normal,0.0,0
2/26/2025 1:38,129,74.13,47.45,60.81,2.83,1.47,1,0,126,Normal,0.0,0
2/28/2025 1:13,120,78.11,44.72,64.49,1.76,4.39,1,0,19,Normal,0.0,1
1/25/2025 0:14,139,72.17,52.66,76.63,2.72,3.76,1,0,211,Normal,0.0,0
2/22/2025 11:28,119,54.1,74.3,57.27,4.46,4.14,2,0,213,Vibration Issue,0.0,1
1/4/2025 17:21,141,61.14,53.88,64.9,1.7,1.28,1,0,280,Normal,0.0,0
2/16/2025 13:10,117,78.64,51.8,70.46,2.74,2.65,1,0,176,Normal,0.0,0
3/9/2025 22:20,142,61.44,45.25,79.69,4.23,4.83,1,0,416,Normal,0.0,0
1/3/2025 1:16,127,75.0,50.31,73.85,2.8,4.59,0,0,170,Normal,0.0,0
2/19/2025 6:38,102,76.32,30.9,49.35,4.0,3.66,1,0,151,Normal,0.0,0
3/11/2025 0:01,118,90.18,52.44,44.53,3.97,3.22,1,1,14,Normal,1.0,1
1/23/2025 22:42,121,79.65,42.33,73.55,3.18,2.64,1,0,410,Normal,0.0,0
2/19/2025 7:49,143,76.86,49.56,49.84,1.21,4.56,0,0,203,Normal,0.0,0
1/30/2025 2:01,127,64.65,45.87,44.14,2.12,1.35,1,0,369,Normal,0.0,0
3/3/2025 3:47,123,63.7,68.24,66.76,2.59,2.71,2,0,240,Normal,0.0,1
1/3/2025 23:59,131,84.42,62.27,77.29,1.06,4.14,1,0,218,Normal,0.0,0
1/17/2025 5:33,133,67.88,51.69,59.61,4.82,3.13,1,0,103,Normal,0.0,0
1/23/2025 8:24,123,74.05,43.82,44.08,1.54,2.32,1,0,168,Normal,0.0,0
2/25/2025 3:59,127,65.85,69.34,77.05,2.77,0.82,0,0,115,Normal,0.0,0
1/31/2025 22:08,128,63.42,58.94,65.48,4.95,4.58,1,0,10,Normal,0.0,1
3/6/2025 9:07,138,47.23,49.43,51.2,1.92,4.78,1,0,313,Normal,0.0,0
2/12/2025 14:45,107,72.29,22.8,60.06,1.59,4.23,1,0,321,Normal,0.0,0
1/21/2025 14:39,132,88.17,55.29,65.33,1.76,4.5,1,0,462,Normal,0.0,0
2/9/2025 17:39,115,71.57,50.27,38.75,3.73,0.78,1,0,145,Normal,0.0,0
1/6/2025 21:55,145,51.07,81.1,65.95,1.3,4.81,1,1,4,Normal,1.0,1
2/23/2025 22:45,110,80.9,72.03,79.22,4.5,3.56,1,0,318,Normal,0.0,0
2/9/2025 6:56,107,78.35,31.49,59.02,2.27,2.23,1,0,372,Normal,0.0,0
3/8/2025 4:31,114,63.54,57.37,50.77,1.44,1.73,1,0,430,Normal,0.0,0
1/27/2025 21:37,116,84.47,40.79,31.26,1.04,3.05,1,0,475,Normal,0.0,0
1/12/2025 18:48,130,84.27,54.49,58.83,3.06,3.64,1,0,456,Normal,0.0,0
1/24/2025 6:11,111,79.71,33.77,78.59,2.66,2.59,1,0,45,Normal,0.0,0
1/16/2025 19:03,142,77.99,27.33,70.42,2.19,1.45,0,0,103,Normal,0.0,0
3/10/2025 18:43,130,69.31,74.04,67.37,4.14,4.67,2,0,330,Pressure Drop,0.0,1
2/25/2025 7:40,141,71.66,54.72,77.83,4.21,3.4,1,0,39,Normal,0.0,0
3/3/2025 16:24,132,77.91,25.14,51.12,3.85,3.27,0,0,27,Normal,0.0,0
3/1/2025 21:37,120,77.97,39.81,70.99,3.79,2.2,1,0,39,Normal,0.0,0
1/8/2025 20:23,136,85.95,49.8,33.86,1.44,3.16,1,0,274,Normal,0.0,0
1/14/2025 16:22,114,68.88,58.1,33.88,1.49,3.46,1,0,248,Normal,0.0,0
1/1/2025 19:09,139,73.1,62.61,30.32,2.36,1.22,1,0,30,Normal,0.0,0
2/20/2025 11:57,106,79.23,53.69,59.2,1.5,3.76,1,0,156,Normal,0.0,0
1/25/2025 4:03,118,79.08,50.0,45.8,3.16,4.84,1,0,169,Normal,0.0,0
1/18/2025 14:25,105,80.67,23.54,31.23,2.16,3.3,1,0,405,Normal,0.0,0
1/18/2025 3:12,112,78.78,48.12,54.44,4.29,0.59,2,0,313,Pressure Drop,0.0,1
3/1/2025 22:26,131,66.43,37.28,31.86,2.53,3.18,1,0,100,Normal,0.0,0
2/14/2025 18:44,149,90.47,44.12,76.93,4.73,1.98,1,1,18,Normal,1.0,1
1/4/2025 12:32,101,62.41,74.8,61.16,4.32,0.57,1,0,358,Normal,0.0,0
2/8/2025 21:00,141,69.14,28.22,68.92,3.86,2.06,1,0,440,Normal,0.0,0
1/10/2025 1:57,123,72.74,67.59,51.16,2.87,2.48,1,0,194,Normal,0.0,0
2/1/2025 12:34,123,52.09,37.8,68.99,3.86,3.33,1,0,156,Normal,0.0,0
3/1/2025 12:35,116,63.41,55.18,40.08,3.4,4.53,1,0,259,Normal,0.0,0
1/3/2025 15:17,142,79.7,54.11,70.49,4.4,3.43,0,0,137,Normal,0.0,0
1/1/2025 20:26,114,69.69,38.4,44.17,1.27,2.71,1,0,85,Normal,0.0,0
2/11/2025 12:58,120,66.84,48.89,66.58,3.92,3.76,0,0,270,Normal,0.0,0
3/3/2025 12:52,138,71.13,68.31,73.19,2.56,2.18,1,0,335,Normal,0.0,0
2/20/2025 12:17,141,76.85,71.27,49.97,2.43,2.09,1,0,10,Normal,0.0,1
2/13/2025 20:11,143,75.76,66.31,31.6,4.84,4.0,1,0,99,Normal,0.0,0
3/6/2025 0:44,134,76.73,52.51,45.29,4.17,4.42,1,0,335,Normal,0.0,0
2/11/2025 12:51,140,73.04,66.2,39.97,3.63,4.66,0,0,473,Normal,0.0,0
2/14/2025 16:49,112,63.64,70.82,51.63,1.84,2.98,1,0,98,Normal,0.0,0
3/1/2025 6:57,141,88.23,39.62,74.05,3.46,0.69,1,0,189,Normal,0.0,0
1/15/2025 8:24,110,88.44,53.43,67.66,3.69,4.41,1,0,320,Normal,0.0,0
1/17/2025 15:24,136,80.91,24.68,47.78,4.8,1.2,1,0,257,Normal,0.0,0
1/16/2025 2:43,123,82.34,30.52,79.41,2.04,4.87,0,0,487,Normal,0.0,0
2/6/2025 19:01,148,69.15,75.79,39.26,1.59,4.42,1,0,271,Normal,0.0,0
2/12/2025 23:11,125,83.49,48.91,37.33,2.34,1.53,1,0,170,Normal,0.0,0
2/25/2025 4:40,120,53.72,38.64,75.76,3.31,1.17,1,0,407,Normal,0.0,0
3/2/2025 23:20,143,78.34,48.62,56.23,3.55,4.51,0,0,433,Normal,0.0,0
2/4/2025 11:52,137,64.86,19.79,68.48,1.38,4.26,1,0,291,Normal,0.0,0
1/26/2025 15:55,103,73.68,47.5,38.08,3.0,3.23,0,0,414,Normal,0.0,0
3/7/2025 5:32,104,84.49,46.8,77.43,3.09,1.69,1,0,67,Normal,0.0,0
2/13/2025 7:08,130,73.0,22.72,62.96,2.71,4.29,1,0,93,Normal,0.0,0
1/7/2025 7:32,133,75.92,28.65,66.86,1.39,2.56,1,0,341,Normal,0.0,0
1/6/2025 9:23,105,62.85,23.59,44.87,4.34,3.98,1,0,140,Normal,0.0,0
1/6/2025 1:39,104,63.15,57.42,35.29,3.28,3.61,1,0,31,Normal,0.0,0
1/24/2025 21:32,147,73.85,53.49,55.6,1.85,4.7,1,0,490,Normal,0.0,0
1/17/2025 9:33,111,76.47,40.24,79.62,2.54,4.35,1,0,368,Normal,0.0,0
2/11/2025 21:09,112,86.4,4.72,70.26,2.33,4.88,1,0,444,Normal,0.0,0
1/9/2025 22:48,120,83.84,70.65,57.42,3.79,4.78,1,0,164,Normal,0.0,0
2/9/2025 23:22,112,73.05,43.12,50.84,2.0,4.3,1,0,205,Normal,0.0,0
2/25/2025 1:42,107,74.43,24.5,54.96,4.05,3.72,1,0,243,Normal,0.0,0
1/29/2025 1:15,120,69.89,50.42,60.36,1.75,4.44,1,0,390,Normal,0.0,0
2/22/2025 0:04,142,79.13,54.58,40.84,2.36,4.79,2,0,165,Pressure Drop,0.0,1
3/3/2025 18:09,111,59.19,58.66,32.41,1.25,3.54,1,0,134,Normal,0.0,0
1/27/2025 5:12,108,78.71,58.86,41.95,2.24,1.78,1,0,176,Normal,0.0,0
1/2/2025 16:30,118,77.31,60.35,54.76,2.31,3.86,1,0,24,Normal,0.0,0
2/18/2025 12:01,114,79.75,44.37,54.58,3.83,3.08,1,0,300,Normal,0.0,0
2/6/2025 1:54,117,89.96,5.12,71.93,3.75,3.13,1,0,65,Normal,0.0,0
1/24/2025 13:44,122,82.28,50.27,72.7,4.1,2.14,1,0,60,Normal,0.0,0
1/26/2025 5:36,110,84.71,32.99,64.46,3.73,4.5,1,0,387,Normal,0.0,0
1/27/2025 3:47,138,71.68,37.02,39.43,3.79,3.53,1,0,91,Normal,0.0,0
1/2/2025 16:14,142,69.08,52.9,57.18,3.61,4.04,1,0,260,Normal,0.0,0
2/17/2025 5:02,144,59.82,52.29,67.22,4.77,2.85,1,0,399,Normal,0.0,0
1/4/2025 15:12,110,89.69,25.34,71.5,3.43,3.19,0,0,325,Normal,0.0,0
2/1/2025 9:51,148,77.32,50.29,71.1,2.21,4.36,1,0,418,Normal,0.0,0
1/8/2025 22:07,122,101.25,59.07,50.88,4.55,2.8,1,1,45,Normal,1.0,1
1/31/2025 16:01,136,86.01,55.72,54.11,4.62,3.96,1,0,146,Normal,0.0,0
2/4/2025 0:44,109,76.47,70.14,34.86,1.85,2.23,1,0,486,Normal,0.0,0
1/31/2025 20:43,148,60.03,61.82,73.07,2.36,4.95,1,0,307,Normal,0.0,0
1/13/2025 13:35,137,70.31,37.44,62.55,4.03,1.29,1,0,427,Normal,0.0,0
1/29/2025 14:35,127,91.4,47.51,51.8,2.23,3.4,1,1,43,Normal,1.0,1
1/8/2025 14:17,140,81.37,34.99,41.3,1.03,3.1,2,0,218,Vibration Issue,0.0,1
3/7/2025 8:30,145,77.94,30.37,55.65,1.0,2.96,1,0,85,Normal,0.0,0
1/14/2025 19:46,105,79.71,58.02,52.57,2.46,0.68,1,0,322,Normal,0.0,0
3/11/2025 9:03,147,93.36,63.8,45.47,3.51,1.49,1,1,33,Normal,1.0,1
2/12/2025 10:49,110,71.23,50.74,56.12,2.72,1.15,1,0,21,Normal,0.0,0
1/7/2025 19:06,150,58.18,59.1,52.96,2.32,0.82,1,0,348,Normal,0.0,0
2/10/2025 18:08,142,60.91,46.73,62.13,2.46,3.98,1,0,171,Normal,0.0,0
1/15/2025 10:34,102,58.53,33.31,75.37,3.37,0.55,0,0,206,Normal,0.0,0
1/13/2025 4:14,138,73.5,59.71,69.61,3.71,4.88,1,0,82,Normal,0.0,0
2/20/2025 11:13,111,64.14,39.1,71.73,3.81,3.94,1,0,131,Normal,0.0,0
2/25/2025 12:50,122,80.2,37.06,35.49,2.5,0.7,1,0,146,Normal,0.0,0
2/27/2025 3:30,129,80.61,60.51,75.18,1.0,1.95,1,0,143,Normal,0.0,0
1/25/2025 20:33,104,82.7,57.25,64.9,4.46,4.93,0,0,411,Normal,0.0,0
1/18/2025 14:18,106,71.62,75.45,32.32,1.7,2.69,1,0,229,Normal,0.0,0
3/6/2025 10:05,131,68.07,64.12,47.29,4.57,2.76,1,0,204,Normal,0.0,0
2/18/2025 14:32,142,76.87,56.16,69.85,2.76,1.23,1,0,214,Normal,0.0,0
1/27/2025 18:21,138,89.96,57.09,73.98,1.58,3.92,1,0,140,Normal,0.0,0
2/20/2025 15:46,140,73.08,57.49,42.31,3.93,2.7,2,0,56,Normal,0.0,1
2/10/2025 19:38,140,51.9,58.78,75.94,2.61,2.26,1,0,144,Normal,0.0,0
1/27/2025 17:04,126,68.75,56.7,76.62,1.63,2.86,1,0,455,Normal,0.0,0
1/3/2025 5:02,117,79.91,44.79,77.23,4.29,2.34,1,0,491,Normal,0.0,0
2/12/2025 10:13,140,59.79,55.68,43.28,2.03,0.55,1,0,430,Normal,0.0,0
1/1/2025 22:22,147,61.73,64.83,59.93,1.64,4.17,1,0,358,Normal,0.0,0
2/22/2025 6:20,141,65.12,9.71,60.49,4.51,1.96,1,0,200,Normal,0.0,0
2/22/2025 16:23,145,88.44,27.44,66.21,2.29,1.06,1,0,463,Normal,0.0,0
3/9/2025 0:15,109,84.23,55.1,35.19,2.14,2.88,2,0,369,Vibration Issue,0.0,1
2/17/2025 8:47,138,72.27,51.74,63.53,1.01,3.81,1,0,112,Normal,0.0,0
3/4/2025 18:34,136,67.59,51.49,36.73,3.96,4.55,2,0,245,Vibration Issue,0.0,1
2/12/2025 23:33,147,86.44,57.8,43.66,1.3,2.38,2,0,150,Pressure Drop,0.0,1
1/28/2025 6:43,111,71.7,44.79,53.91,3.44,3.74,1,0,175,Normal,0.0,0
1/12/2025 4:52,140,80.84,40.69,58.59,3.96,3.16,1,0,383,Normal,0.0,0
1/29/2025 8:38,135,80.11,59.52,49.09,2.2,1.2,1,0,72,Normal,0.0,0
3/6/2025 4:26,115,83.08,61.11,52.38,4.38,1.77,1,0,329,Normal,0.0,0
2/7/2025 18:37,116,80.34,52.04,65.01,4.87,4.27,0,0,397,Normal,0.0,0
2/22/2025 11:12,105,79.56,45.12,63.69,1.78,0.66,2,0,269,Vibration Issue,0.0,1
3/2/2025 2:19,104,60.5,54.66,68.46,3.39,2.94,2,0,206,Electrical Fault,0.0,1
3/11/2025 9:12,142,80.5,26.06,53.07,4.56,0.85,1,0,451,Normal,0.0,0
1/24/2025 5:58,144,96.7,43.93,33.47,2.52,3.14,1,1,48,Normal,1.0,1
2/3/2025 7:17,129,104.85,42.39,75.15,4.76,2.69,1,1,44,Normal,1.0,1
1/3/2025 4:09,143,77.21,45.97,75.61,2.89,4.01,0,0,390,Normal,0.0,0
3/6/2025 21:09,115,87.1,46.35,76.28,1.0,2.81,0,0,379,Normal,0.0,0
1/11/2025 11:57,127,95.72,45.64,77.73,4.1,3.69,1,1,47,Normal,1.0,1
3/4/2025 17:15,145,59.96,68.54,63.81,1.2,1.52,1,0,394,Normal,0.0,0
1/2/2025 11:37,110,66.78,41.08,35.94,4.79,2.99,1,0,285,Normal,0.0,0
1/13/2025 9:04,125,82.89,58.69,70.14,4.68,4.05,1,0,99,Normal,0.0,0
1/19/2025 16:35,103,80.61,50.63,41.08,3.75,2.09,1,0,200,Normal,0.0,0
2/13/2025 22:31,135,79.12,71.31,65.6,3.09,2.88,1,0,418,Normal,0.0,0
2/25/2025 3:18,121,83.73,35.48,39.52,3.18,0.59,1,0,491,Normal,0.0,0
2/1/2025 5:32,123,72.84,23.06,60.27,1.98,1.94,1,0,494,Normal,0.0,0
1/18/2025 21:59,115,78.99,31.26,49.32,3.03,1.64,1,0,393,Normal,0.0,0
2/2/2025 11:16,120,77.8,64.22,54.98,3.48,2.19,0,0,273,Normal,0.0,0
2/23/2025 2:28,126,97.84,28.83,49.6,3.43,2.48,1,1,30,Normal,1.0,1
2/8/2025 16:22,109,77.19,61.25,72.41,2.57,1.7,1,0,175,Normal,0.0,0
1/2/2025 10:20,107,59.83,37.68,44.85,3.75,0.73,1,0,242,Normal,0.0,0
2/10/2025 17:45,119,70.68,72.65,39.41,2.43,2.19,2,0,90,Vibration Issue,0.0,1
2/3/2025 5:14,132,63.81,35.17,63.43,1.25,4.41,0,0,68,Normal,0.0,0
2/22/2025 21:40,118,82.15,43.96,60.71,4.06,4.47,1,0,402,Normal,0.0,0
1/30/2025 2:38,123,88.32,55.63,67.71,3.46,0.5,1,0,441,Normal,0.0,0
3/10/2025 0:36,125,71.11,15.27,70.31,2.56,3.76,1,0,103,Normal,0.0,0
3/9/2025 6:28,101,64.95,46.35,68.2,4.31,3.2,1,0,62,Normal,0.0,0
2/2/2025 15:51,106,83.94,56.37,71.08,3.48,1.34,1,0,201,Normal,0.0,0
1/26/2025 18:54,139,72.14,63.8,45.35,3.85,0.52,1,0,478,Normal,0.0,0
3/6/2025 10:31,142,54.98,79.84,48.05,2.52,4.44,1,0,300,Normal,0.0,0
1/7/2025 6:20,132,93.32,54.82,76.08,2.22,0.63,1,1,33,Normal,1.0,1
3/4/2025 15:01,116,68.63,41.69,36.11,1.11,3.62,1,0,452,Normal,0.0,0
1/28/2025 8:26,107,77.26,48.48,57.68,1.07,2.04,1,0,291,Normal,0.0,0
1/28/2025 13:03,145,69.62,55.18,74.01,4.43,1.18,1,0,87,Normal,0.0,0
2/27/2025 1:14,126,56.51,38.01,51.83,4.72,2.82,1,0,21,Normal,0.0,0
2/4/2025 15:18,102,86.71,70.23,31.45,4.91,1.43,1,0,163,Normal,0.0,0
1/18/2025 19:07,103,64.73,38.22,34.24,2.28,3.75,0,0,418,Normal,0.0,0
1/22/2025 19:17,150,60.52,70.57,78.1,4.16,3.4,1,0,237,Normal,0.0,0
1/12/2025 19:05,104,64.1,52.06,68.89,1.16,1.48,1,0,191,Normal,0.0,0
1/30/2025 17:47,136,79.63,61.01,53.97,2.41,4.31,1,0,368,Normal,0.0,0
1/27/2025 6:38,112,71.97,69.36,73.59,1.89,3.78,1,0,450,Normal,0.0,0
1/16/2025 13:43,149,62.4,50.75,47.89,4.48,2.66,0,0,239,Normal,0.0,0
1/9/2025 11:08,143,68.92,40.14,49.67,4.48,1.32,1,0,62,Normal,0.0,0
1/13/2025 13:31,106,88.78,47.18,68.24,4.07,1.4,1,0,97,Normal,0.0,0
2/4/2025 13:38,128,82.16,67.63,54.11,2.69,3.5,1,0,56,Normal,0.0,0
1/11/2025 4:55,147,68.12,53.11,46.0,2.56,1.89,1,0,34,Normal,0.0,0
2/23/2025 13:35,117,72.67,57.99,49.16,4.59,4.03,1,0,326,Normal,0.0,0
1/30/2025 8:53,110,51.65,44.62,71.68,1.26,1.07,1,0,67,Normal,0.0,0
2/6/2025 8:00,104,73.61,64.27,42.98,3.41,2.81,1,0,358,Normal,0.0,0
2/27/2025 2:01,107,76.59,54.32,77.07,3.66,2.75,1,0,111,Normal,0.0,0
1/3/2025 19:27,123,71.63,52.73,49.53,2.17,4.23,1,0,394,Normal,0.0,0
1/24/2025 6:10,114,76.16,6.48,41.43,1.92,1.51,1,0,34,Normal,0.0,0
2/3/2025 0:01,141,83.46,46.49,60.97,4.4,0.56,1,0,386,Normal,0.0,0
2/28/2025 13:04,115,56.4,36.28,31.33,1.56,3.63,1,0,328,Normal,0.0,0
1/11/2025 9:03,143,77.32,51.02,73.64,4.54,0.74,2,0,71,Normal,0.0,1
2/17/2025 14:23,104,62.17,40.88,61.37,4.84,4.26,1,0,449,Normal,0.0,0
2/13/2025 5:41,114,65.83,43.34,43.96,4.48,1.86,0,0,421,Normal,0.0,0
2/16/2025 19:10,143,97.43,51.36,51.31,2.36,3.14,1,1,8,Normal,1.0,1
1/23/2025 2:49,142,49.92,33.64,69.46,1.38,1.23,1,0,11,Normal,0.0,1
1/29/2025 10:44,146,73.64,53.02,42.8,2.49,4.49,1,0,55,Normal,0.0,0
2/1/2025 12:11,102,78.91,40.28,36.6,2.71,1.83,1,0,453,Normal,0.0,0
1/21/2025 5:00,131,87.55,71.4,66.12,3.03,3.69,1,0,156,Normal,0.0,0
2/7/2025 7:51,113,93.0,34.19,43.82,4.57,1.02,0,1,3,Normal,1.0,1
1/14/2025 14:36,111,104.84,55.44,46.66,1.07,2.35,1,1,32,Normal,1.0,1
1/17/2025 5:24,107,52.15,34.33,73.15,2.35,2.59,2,0,229,Vibration Issue,0.0,1
1/6/2025 10:35,150,93.65,76.47,63.23,3.78,1.08,1,1,4,Normal,1.0,1
1/24/2025 8:12,123,99.11,69.16,51.52,3.41,2.19,1,1,2,Normal,1.0,1
2/16/2025 17:34,150,56.24,43.47,75.99,1.42,1.39,1,0,168,Normal,0.0,0
3/4/2025 3:24,102,78.77,42.89,45.38,2.86,3.85,1,0,45,Normal,0.0,0
3/6/2025 10:21,113,76.35,51.23,32.33,4.83,3.09,0,0,484,Normal,0.0,0
1/2/2025 14:42,128,73.87,60.72,77.08,2.75,3.48,0,0,148,Normal,0.0,0
2/22/2025 17:38,145,88.82,59.21,54.05,1.36,3.56,1,0,271,Normal,0.0,0
2/8/2025 7:35,128,75.65,47.87,65.32,4.57,1.58,1,0,466,Normal,0.0,0
2/16/2025 5:07,146,73.77,64.32,41.87,1.55,3.06,1,0,186,Normal,0.0,0
2/14/2025 9:21,101,59.58,52.18,72.19,3.39,2.35,1,0,110,Normal,0.0,0
2/10/2025 12:28,145,76.31,46.89,75.99,1.34,1.61,0,0,18,Normal,0.0,1
1/26/2025 18:14,126,73.66,66.81,61.78,2.27,4.28,1,0,423,Normal,0.0,0
2/1/2025 15:30,115,62.76,63.77,52.75,2.9,2.31,1,0,135,Normal,0.0,0
1/3/2025 18:36,130,98.03,70.21,70.59,3.55,0.59,1,1,42,Normal,1.0,1
1/10/2025 8:10,104,80.36,47.77,31.19,3.33,1.33,1,0,450,Normal,0.0,0
2/12/2025 19:27,134,64.83,48.96,43.81,2.05,0.84,1,0,170,Normal,0.0,0
2/19/2025 13:43,117,79.13,39.53,70.7,2.75,4.83,1,0,370,Normal,0.0,0
2/14/2025 1:21,110,62.36,62.71,53.81,3.0,0.64,1,0,314,Normal,0.0,0
2/10/2025 11:57,136,78.04,67.3,33.49,1.3,2.65,0,0,439,Normal,0.0,0
2/10/2025 23:23,107,64.5,41.95,57.68,4.53,3.54,1,0,176,Normal,0.0,0
1/5/2025 9:30,150,78.1,68.2,67.65,1.54,2.4,1,0,144,Normal,0.0,0
2/19/2025 1:56,112,78.67,50.64,53.89,1.61,0.83,0,0,244,Normal,0.0,0
1/17/2025 12:51,128,76.78,56.01,67.01,3.43,0.69,1,0,50,Normal,0.0,0
2/7/2025 6:56,150,77.07,36.54,78.9,2.62,0.63,0,0,481,Normal,0.0,0
1/1/2025 19:46,126,79.46,31.27,47.82,1.83,4.87,1,0,211,Normal,0.0,0
3/10/2025 13:44,141,84.32,12.04,58.26,4.21,3.94,1,0,499,Normal,0.0,0
2/14/2025 11:34,146,91.67,59.4,64.62,4.73,2.54,1,1,2,Normal,1.0,1
1/10/2025 0:40,134,75.82,60.97,74.51,3.44,2.42,1,0,25,Normal,0.0,0
2/23/2025 8:23,117,76.16,48.3,65.54,2.32,4.35,0,0,217,Normal,0.0,0
3/5/2025 15:46,130,76.3,32.53,68.36,1.01,1.58,1,0,323,Normal,0.0,0
1/25/2025 6:29,131,76.01,12.47,78.29,3.68,1.84,1,0,445,Normal,0.0,0
1/31/2025 4:59,143,92.75,50.1,78.69,4.1,1.25,1,1,16,Normal,1.0,1
1/22/2025 17:40,122,73.65,38.55,72.88,1.98,2.94,1,0,207,Normal,0.0,0
3/8/2025 12:10,112,70.28,40.34,62.2,1.2,0.86,2,0,407,Electrical Fault,0.0,1
2/17/2025 12:48,106,86.49,37.86,63.65,1.95,4.36,1,0,438,Normal,0.0,0
2/23/2025 19:03,148,58.58,66.39,43.84,2.59,3.73,1,0,209,Normal,0.0,0
1/9/2025 23:43,136,84.53,47.08,66.39,2.68,2.02,1,0,463,Normal,0.0,0
2/21/2025 21:37,145,85.1,40.75,41.81,3.55,1.22,1,0,130,Normal,0.0,0
1/30/2025 14:48,113,55.64,69.98,52.66,2.93,4.26,1,0,188,Normal,0.0,0
1/24/2025 10:53,124,60.01,69.43,41.94,2.95,1.82,2,0,169,Pressure Drop,0.0,1
1/5/2025 9:43,112,67.14,62.97,36.01,1.67,4.51,2,0,10,Vibration Issue,0.0,1
2/21/2025 4:54,127,75.69,52.1,70.19,4.9,3.46,1,0,105,Normal,0.0,0
2/6/2025 17:47,119,78.77,53.54,66.22,2.89,4.22,1,0,198,Normal,0.0,0
1/25/2025 22:43,132,78.09,58.87,48.45,1.66,1.37,1,0,335,Normal,0.0,0
1/11/2025 2:44,121,61.59,45.32,58.73,1.07,3.19,0,0,57,Normal,0.0,0
3/2/2025 6:00,149,76.86,29.53,46.25,4.63,3.52,2,0,180,Overheating,0.0,1
3/3/2025 18:08,124,75.89,54.87,49.67,3.85,4.27,1,0,185,Normal,0.0,0
3/2/2025 10:25,125,81.02,46.09,57.78,3.22,0.74,1,0,441,Normal,0.0,0
1/2/2025 7:16,117,65.0,64.98,66.14,3.96,4.8,1,0,89,Normal,0.0,0
2/27/2025 17:12,145,82.19,41.24,74.49,4.3,3.52,1,0,426,Normal,0.0,0
2/7/2025 13:50,147,90.29,45.36,70.29,1.21,3.63,1,1,49,Normal,1.0,1
2/10/2025 12:27,131,85.48,51.71,33.15,4.84,2.41,1,0,421,Normal,0.0,0
2/10/2025 2:14,110,103.6,27.8,36.58,3.77,3.21,0,1,33,Normal,1.0,1
2/5/2025 5:35,112,73.23,41.31,72.84,1.26,3.6,2,0,194,Electrical Fault,0.0,1
2/25/2025 20:47,135,68.46,37.84,63.8,2.37,4.23,1,0,427,Normal,0.0,0
2/7/2025 4:36,126,79.29,52.86,41.4,3.26,4.34,1,0,198,Normal,0.0,0
3/11/2025 1:37,111,82.24,44.13,35.01,2.15,4.43,1,0,134,Normal,0.0,0
2/7/2025 1:19,131,82.03,55.23,79.2,4.89,1.9,1,0,358,Normal,0.0,0
3/7/2025 1:56,123,82.33,55.11,75.57,2.23,1.41,1,0,311,Normal,0.0,0
1/14/2025 6:42,101,63.68,34.13,58.92,4.36,2.37,1,0,274,Normal,0.0,0
2/11/2025 23:28,105,80.49,45.24,38.88,4.11,2.19,1,0,375,Normal,0.0,0
1/14/2025 21:05,145,80.51,58.76,54.94,4.56,3.45,1,0,297,Normal,0.0,0
2/24/2025 5:15,139,59.21,16.59,66.57,2.65,3.66,1,0,72,Normal,0.0,0
2/23/2025 1:17,140,95.05,62.43,75.08,2.17,3.78,1,1,20,Normal,1.0,1
3/7/2025 5:46,143,84.71,50.03,50.01,4.15,2.3,1,0,125,Normal,0.0,0
1/17/2025 2:32,112,61.78,62.89,32.67,3.35,1.74,1,0,373,Normal,0.0,0
1/30/2025 14:22,101,71.12,44.35,35.25,2.46,0.59,1,0,293,Normal,0.0,0
2/10/2025 7:14,127,81.46,27.43,36.81,1.68,3.43,2,0,429,Electrical Fault,0.0,1
1/7/2025 17:03,147,67.45,44.34,65.24,3.75,2.76,0,0,381,Normal,0.0,0
2/15/2025 8:56,117,81.91,34.12,40.24,4.76,3.19,2,0,80,Normal,0.0,1
1/10/2025 13:46,103,83.34,45.19,43.25,4.02,3.93,1,0,128,Normal,0.0,0
3/9/2025 1:46,108,56.47,45.42,46.11,2.1,4.83,0,0,353,Normal,0.0,0
1/18/2025 16:52,116,86.97,33.27,74.05,2.99,2.52,1,0,476,Normal,0.0,0
1/19/2025 15:56,140,74.9,51.58,51.02,4.16,1.66,1,0,152,Normal,0.0,0
1/4/2025 3:02,103,64.34,63.76,66.15,4.92,0.79,1,0,283,Normal,0.0,0
1/4/2025 17:27,101,75.27,44.68,67.79,4.75,1.06,1,0,453,Normal,0.0,0
1/15/2025 22:55,102,95.78,54.15,42.52,1.27,0.66,1,1,10,Normal,1.0,1
1/15/2025 18:28,134,83.78,28.8,54.02,3.5,2.85,1,0,305,Normal,0.0,0
1/29/2025 21:47,115,68.0,67.89,57.51,2.92,0.74,1,0,296,Normal,0.0,0
2/2/2025 6:10,124,78.19,42.94,43.82,2.71,4.38,1,0,385,Normal,0.0,0
1/22/2025 6:47,142,71.55,45.57,46.46,1.05,3.29,1,0,328,Normal,0.0,0
1/19/2025 1:43,120,80.08,55.29,64.32,4.14,3.08,1,0,256,Normal,0.0,0
2/13/2025 16:14,147,76.26,60.36,76.31,2.0,4.7,1,0,173,Normal,0.0,0
2/2/2025 15:53,149,83.77,24.39,41.92,4.6,2.51,1,0,444,Normal,0.0,0
2/24/2025 0:33,145,88.24,55.71,48.6,2.38,1.3,1,0,447,Normal,0.0,0
2/15/2025 20:51,136,68.27,35.57,59.08,3.04,1.85,0,0,125,Normal,0.0,0
2/2/2025 4:37,130,71.06,55.99,34.84,3.65,1.88,1,0,297,Normal,0.0,0
3/2/2025 12:09,136,82.71,48.24,60.96,4.37,1.09,2,0,466,Normal,0.0,1
2/1/2025 22:11,143,66.09,65.52,79.86,3.87,0.82,1,0,277,Normal,0.0,0
1/27/2025 2:03,125,70.24,45.76,58.2,3.15,3.89,1,0,468,Normal,0.0,0
1/26/2025 0:09,116,63.55,64.75,55.31,1.53,4.11,1,0,121,Normal,0.0,0
2/27/2025 19:51,148,52.94,46.1,42.33,3.51,1.56,1,0,128,Normal,0.0,0
3/8/2025 21:42,109,87.51,68.39,44.26,3.06,3.72,1,0,384,Normal,0.0,0
1/30/2025 22:20,146,87.69,66.04,34.21,2.9,2.51,1,0,122,Normal,0.0,0
2/10/2025 14:08,128,78.0,43.8,36.73,2.7,0.71,1,0,390,Normal,0.0,0
1/10/2025 21:08,134,66.88,39.53,36.94,1.75,0.88,1,0,308,Normal,0.0,0
1/21/2025 0:31,134,65.04,28.39,35.92,1.73,1.53,1,0,316,Normal,0.0,0
1/30/2025 4:46,148,73.24,59.95,46.26,3.9,1.65,1,0,271,Normal,0.0,0
2/16/2025 15:51,123,74.49,56.62,77.46,3.04,2.19,1,0,13,Normal,0.0,1
1/20/2025 2:13,142,98.58,49.94,48.61,1.13,2.02,1,1,47,Normal,1.0,1
2/27/2025 21:03,142,72.84,64.46,45.71,2.17,3.9,1,0,438,Normal,0.0,0
1/1/2025 18:47,115,74.5,53.42,63.6,4.32,3.75,1,0,73,Normal,0.0,0
1/13/2025 16:53,119,76.92,28.53,43.64,3.17,0.89,1,0,29,Normal,0.0,0
2/15/2025 0:45,117,94.62,47.38,47.63,2.1,1.17,1,1,10,Normal,1.0,1
1/11/2025 13:44,119,80.14,55.32,74.03,1.18,2.18,1,0,232,Normal,0.0,0
1/30/2025 23:01,131,67.21,74.09,47.81,2.01,3.28,0,0,362,Normal,0.0,0
1/8/2025 16:45,147,57.07,53.47,30.92,4.2,4.15,0,0,486,Normal,0.0,0
2/13/2025 15:36,128,67.98,84.96,39.49,1.04,2.6,1,1,4,Normal,1.0,1
1/28/2025 14:33,102,76.27,60.94,31.99,4.6,2.01,1,0,432,Normal,0.0,0
2/13/2025 2:49,122,71.63,50.77,57.94,1.99,4.74,1,0,294,Normal,0.0,0
2/7/2025 20:34,118,85.34,36.22,66.54,3.19,3.77,0,0,420,Normal,0.0,0
1/20/2025 11:31,127,76.23,55.43,78.31,4.93,2.35,0,0,267,Normal,0.0,0
1/5/2025 22:37,139,88.66,44.13,76.25,1.63,1.53,0,0,484,Normal,0.0,0
1/22/2025 10:22,121,69.13,55.27,31.79,2.77,3.06,1,0,349,Normal,0.0,0
2/26/2025 5:54,128,78.94,36.88,34.21,2.75,3.35,1,0,350,Normal,0.0,0
1/6/2025 18:52,119,66.57,51.35,66.48,1.34,4.87,1,0,456,Normal,0.0,0
1/10/2025 3:32,147,86.3,42.37,59.93,3.19,1.12,1,0,218,Normal,0.0,0
2/24/2025 22:23,114,80.59,27.31,33.09,1.19,1.44,2,0,303,Overheating,0.0,1
2/19/2025 14:06,118,86.67,49.14,70.18,4.42,3.1,1,0,389,Normal,0.0,0
1/24/2025 16:57,148,74.53,42.17,65.68,2.67,1.81,1,0,333,Normal,0.0,0
2/15/2025 6:29,143,85.42,39.9,46.97,4.12,4.67,2,0,77,Pressure Drop,0.0,1
2/17/2025 0:05,141,83.28,43.45,66.86,3.17,3.43,2,0,236,Vibration Issue,0.0,1
3/5/2025 8:37,105,60.97,56.25,31.12,1.3,0.91,1,0,154,Normal,0.0,0
1/17/2025 16:24,103,74.78,20.41,79.61,4.74,3.91,1,0,477,Normal,0.0,0
2/22/2025 17:28,124,76.47,72.07,44.17,4.17,4.59,1,0,321,Normal,0.0,0
2/4/2025 15:47,137,75.7,66.96,73.9,4.61,2.45,1,0,196,Normal,0.0,0
1/28/2025 1:13,131,79.86,51.88,42.73,3.78,4.99,1,0,282,Normal,0.0,0
1/21/2025 23:11,134,74.95,46.28,51.79,2.53,4.58,1,0,294,Normal,0.0,0
3/4/2025 1:15,130,81.57,49.14,69.57,4.99,3.46,1,0,173,Normal,0.0,0
1/22/2025 2:54,137,67.52,61.17,44.56,2.87,1.34,1,0,431,Normal,0.0,0
1/20/2025 12:43,107,75.42,35.25,50.97,1.66,3.4,1,0,119,Normal,0.0,0
2/20/2025 20:59,148,83.39,41.26,73.71,2.69,0.91,1,0,235,Normal,0.0,0
1/24/2025 3:40,110,65.27,77.64,63.74,3.59,3.45,1,0,258,Normal,0.0,0
1/23/2025 1:28,142,62.47,46.87,73.82,3.13,2.41,1,0,162,Normal,0.0,0
3/1/2025 16:49,112,76.52,29.54,50.02,1.49,2.66,1,0,18,Normal,0.0,1
3/4/2025 13:59,108,73.31,62.07,77.95,1.65,2.86,1,0,476,Normal,0.0,0
3/8/2025 1:22,148,79.59,42.67,59.37,2.06,4.09,1,0,174,Normal,0.0,0
2/20/2025 4:32,112,75.45,28.14,44.7,1.42,2.3,1,0,124,Normal,0.0,0
1/17/2025 19:31,141,66.53,60.57,57.22,1.74,3.0,0,0,69,Normal,0.0,0
3/8/2025 2:38,117,76.3,58.74,64.19,1.29,1.55,1,0,410,Normal,0.0,0
1/8/2025 20:19,122,84.26,56.98,62.78,2.37,2.7,1,0,271,Normal,0.0,0
1/12/2025 16:44,111,74.94,58.02,42.83,4.74,3.66,1,0,121,Normal,0.0,0
1/26/2025 5:37,117,78.64,49.0,52.54,3.96,2.02,1,0,48,Normal,0.0,0
3/5/2025 4:13,127,91.25,64.48,38.34,2.4,2.29,1,1,9,Normal,1.0,1
2/18/2025 22:15,131,87.47,81.65,42.33,3.25,2.29,1,1,44,Normal,1.0,1
2/7/2025 3:51,118,65.69,64.76,70.13,1.37,2.08,2,0,229,Normal,0.0,1
2/12/2025 5:15,105,76.21,61.6,38.99,3.63,2.5,1,0,186,Normal,0.0,0
1/22/2025 14:12,122,75.27,34.58,77.78,2.0,0.93,1,0,105,Normal,0.0,0
2/1/2025 3:33,130,72.19,56.66,40.88,1.1,4.74,1,0,29,Normal,0.0,0
2/9/2025 15:09,141,82.01,41.16,71.2,1.38,0.89,1,0,293,Normal,0.0,0
1/22/2025 4:58,140,72.71,47.51,59.65,3.06,2.18,0,0,115,Normal,0.0,0
1/12/2025 20:06,146,73.76,59.14,48.69,2.9,3.92,0,0,380,Normal,0.0,0
2/20/2025 9:52,125,71.98,17.76,62.88,4.9,1.39,0,0,86,Normal,0.0,0
1/2/2025 23:40,117,78.07,64.58,60.89,4.71,3.24,1,0,301,Normal,0.0,0
1/31/2025 3:10,132,71.06,38.63,51.0,2.15,0.52,2,0,385,Pressure Drop,0.0,1
2/10/2025 6:46,121,44.67,33.12,72.95,1.59,3.29,1,0,45,Normal,0.0,0
2/15/2025 22:31,136,68.58,38.42,47.82,4.87,2.45,1,0,306,Normal,0.0,0
