timestamp,machine_id,temperature,vibration,humidity,pressure,energy_consumption,machine_status,anomaly_flag,predicted_remaining_life,failure_type,downtime_risk,maintenance_required
1/1/2025 0:00,39,78.61,28.65,79.96,3.73,2.16,1,0,106,Normal,0.0,0
1/1/2025 0:01,29,68.19,57.28,35.94,3.64,0.69,1,0,320,Normal,0.0,0
1/1/2025 0:02,15,98.94,50.2,72.06,1.0,2.49,1,1,19,Normal,1.0,1
1/1/2025 0:03,43,90.91,37.65,30.34,3.15,4.96,1,1,10,Normal,1.0,1
1/1/2025 0:04,8,72.32,40.69,56.71,2.68,0.63,2,0,65,Vibration Issue,0.0,1
1/1/2025 0:05,21,70.88,38.38,51.01,3.19,3.24,1,0,381,Normal,0.0,0
1/1/2025 0:06,39,73.05,40.7,61.59,2.35,1.63,1,0,470,Normal,0.0,0
1/1/2025 0:07,19,90.0,56.52,48.32,3.3,3.3,1,0,136,Normal,0.0,0
1/1/2025 0:08,23,96.04,24.98,50.47,1.59,3.08,1,1,38,Normal,1.0,1
1/1/2025 0:09,11,55.33,49.29,33.85,2.14,3.74,0,0,190,Normal,0.0,0
1/1/2025 0:10,11,88.37,64.76,45.96,3.92,4.56,1,0,107,Normal,0.0,0
1/1/2025 0:11,24,72.11,64.04,59.26,4.71,1.32,1,0,328,Normal,0.0,0
1/1/2025 0:12,36,66.77,64.09,74.44,1.39,1.46,1,0,191,Normal,0.0,0
1/1/2025 0:13,40,86.18,32.36,55.08,1.42,4.16,2,0,161,Overheating,0.0,1
1/1/2025 0:14,24,75.82,39.06,43.64,3.53,4.86,1,0,249,Normal,0.0,0
1/1/2025 0:15,3,88.68,87.77,49.77,1.25,4.45,1,1,38,Normal,1.0,1
1/1/2025 0:16,22,84.52,28.09,45.96,2.81,3.36,1,0,127,Normal,0.0,0
1/1/2025 0:17,2,78.32,84.93,51.55,2.59,2.09,1,1,43,Normal,1.0,1
1/1/2025 0:18,24,91.23,29.83,41.12,4.63,4.97,1,1,34,Normal,1.0,1
1/1/2025 0:19,44,73.48,51.3,69.85,3.38,3.42,1,0,51,Normal,0.0,0
1/1/2025 0:20,30,64.03,63.46,65.56,2.02,4.17,1,0,445,Normal,0.0,0
1/1/2025 0:21,38,94.18,40.98,36.73,2.01,2.28,1,1,34,Normal,1.0,1
1/1/2025 0:22,2,72.63,54.66,32.72,3.07,2.97,1,0,462,Normal,0.0,0
1/1/2025 0:23,21,76.73,34.86,32.64,3.31,1.65,2,0,433,Vibration Issue,0.0,1
1/1/2025 0:24,33,69.38,56.62,68.21,1.52,1.39,1,0,41,Normal,0.0,0
1/1/2025 0:25,12,76.01,40.21,59.8,4.28,1.63,1,0,181,Normal,0.0,0
1/1/2025 0:26,22,78.2,67.54,68.1,3.44,2.63,1,0,19,Normal,0.0,1
1/1/2025 0:27,44,63.88,53.75,68.01,1.87,2.84,1,0,11,Normal,0.0,1
1/1/2025 0:28,25,64.1,48.0,51.0,4.52,4.54,1,0,231,Normal,0.0,0
1/1/2025 0:29,49,66.17,48.3,74.99,2.21,1.94,2,0,286,Normal,0.0,1
1/1/2025 0:30,27,73.73,61.02,51.34,1.28,2.8,2,0,468,Pressure Drop,0.0,1
1/1/2025 0:31,42,79.33,52.54,49.11,2.75,1.23,1,0,324,Normal,0.0,0
1/1/2025 0:32,28,87.96,53.87,68.93,1.79,3.69,1,0,433,Normal,0.0,0
1/1/2025 0:33,16,99.5,46.89,79.74,4.41,3.67,1,1,41,Normal,1.0,1
1/1/2025 0:34,15,76.8,55.46,33.91,2.52,3.22,1,0,148,Normal,0.0,0
1/1/2025 0:35,47,70.49,59.54,65.34,3.1,1.88,0,0,426,Normal,0.0,0
1/1/2025 0:36,44,51.2,51.25,68.35,1.05,2.27,1,0,214,Normal,0.0,0
1/1/2025 0:37,3,77.59,58.72,62.55,3.4,0.88,1,0,138,Normal,0.0,0
1/1/2025 0:38,37,73.3,27.21,56.6,3.31,2.54,1,0,172,Normal,0.0,0
1/1/2025 0:39,7,71.43,22.92,36.7,2.2,1.1,1,0,245,Normal,0.0,0
1/1/2025 0:40,21,68.43,57.68,51.61,2.53,2.87,0,0,21,Normal,0.0,0
1/1/2025 0:41,9,68.74,43.34,30.73,2.26,1.41,1,0,136,Normal,0.0,0
1/1/2025 0:42,39,78.29,39.54,36.67,3.31,4.44,1,0,298,Normal,0.0,0
1/1/2025 0:43,18,81.42,50.89,31.1,4.88,2.06,2,0,482,Overheating,0.0,1
1/1/2025 0:44,4,74.74,67.02,62.18,1.47,3.16,1,0,182,Normal,0.0,0
1/1/2025 0:45,25,82.87,43.56,40.24,3.88,3.89,1,0,290,Normal,0.0,0
1/1/2025 0:46,14,87.87,53.7,61.73,1.05,4.29,1,0,274,Normal,0.0,0
1/1/2025 0:47,50,74.07,40.16,48.02,3.59,1.15,1,0,84,Normal,0.0,0
1/1/2025 0:48,9,87.23,34.52,69.53,2.84,4.15,1,0,252,Normal,0.0,0
1/1/2025 0:49,26,65.48,52.79,79.91,4.7,4.19,1,0,52,Normal,0.0,0
1/1/2025 0:50,2,77.9,25.44,75.39,4.32,2.15,1,0,215,Normal,0.0,0
1/1/2025 0:51,20,71.17,28.69,37.5,1.97,2.13,1,0,62,Normal,0.0,0
1/1/2025 0:52,28,79.91,34.26,30.48,4.77,2.29,1,0,94,Normal,0.0,0
1/1/2025 0:53,47,53.44,44.55,37.44,1.36,0.69,1,0,223,Normal,0.0,0
1/1/2025 0:54,7,86.77,46.53,54.98,3.12,4.96,1,0,311,Normal,0.0,0
1/1/2025 0:55,44,74.52,58.27,32.55,1.6,1.51,1,0,340,Normal,0.0,0
1/1/2025 0:56,8,79.34,49.78,32.06,4.32,3.11,1,0,390,Normal,0.0,0
1/1/2025 0:57,47,67.14,45.96,31.58,1.29,3.17,0,0,239,Normal,0.0,0
1/1/2025 0:58,35,91.69,67.85,36.84,2.88,4.53,1,1,23,Normal,1.0,1
1/1/2025 0:59,14,78.45,34.43,47.17,4.18,4.35,0,0,490,Normal,0.0,0
1/1/2025 1:00,17,71.2,47.66,70.6,3.5,1.53,1,0,269,Normal,0.0,0
1/1/2025 1:01,36,54.03,45.08,70.4,3.95,1.03,0,0,230,Normal,0.0,0
1/1/2025 1:02,50,71.52,46.58,40.45,2.34,1.17,2,0,222,Overheating,0.0,1
1/1/2025 1:03,40,51.81,42.04,58.43,3.12,2.28,1,0,472,Normal,0.0,0
1/1/2025 1:04,4,76.28,24.34,34.01,4.27,1.05,1,0,28,Normal,0.0,0
1/1/2025 1:05,2,80.91,39.63,45.18,3.38,1.84,0,0,100,Normal,0.0,0
1/1/2025 1:06,6,82.09,65.62,38.92,2.82,3.86,2,0,159,Overheating,0.0,1
1/1/2025 1:07,42,66.42,73.41,32.2,4.6,0.53,1,0,16,Normal,0.0,1
1/1/2025 1:08,4,68.67,31.55,52.29,3.34,2.71,1,0,227,Normal,0.0,0
1/1/2025 1:09,29,74.07,47.1,78.4,4.64,3.06,1,0,335,Normal,0.0,0
1/1/2025 1:10,18,69.53,20.19,63.27,2.58,0.87,2,0,398,Pressure Drop,0.0,1
1/1/2025 1:11,26,58.4,66.31,35.52,4.95,4.67,1,0,20,Normal,0.0,0
1/1/2025 1:12,44,68.8,42.16,37.09,2.27,2.73,1,0,327,Normal,0.0,0
1/1/2025 1:13,34,78.99,91.58,57.84,3.32,4.15,1,1,5,Normal,1.0,1
1/1/2025 1:14,10,70.4,74.14,34.53,1.1,4.23,1,0,91,Normal,0.0,0
1/1/2025 1:15,36,72.65,42.35,70.8,4.8,4.82,1,0,352,Normal,0.0,0
1/1/2025 1:16,14,69.8,73.06,79.94,2.88,3.58,1,0,433,Normal,0.0,0
1/1/2025 1:17,31,98.42,54.64,69.53,3.22,2.09,1,1,3,Normal,1.0,1
1/1/2025 1:18,48,76.25,36.09,39.46,3.44,2.92,1,0,111,Normal,0.0,0
1/1/2025 1:19,15,77.24,57.09,65.7,4.66,4.91,2,0,35,Normal,0.0,1
1/1/2025 1:20,8,69.29,49.79,58.4,1.73,1.32,1,0,271,Normal,0.0,0
1/1/2025 1:21,14,79.73,35.41,55.08,4.29,2.95,1,0,137,Normal,0.0,0
1/1/2025 1:22,23,75.98,51.18,79.4,3.24,1.75,1,0,299,Normal,0.0,0
1/1/2025 1:23,40,57.59,39.04,58.14,4.0,2.82,1,0,36,Normal,0.0,0
1/1/2025 1:24,21,89.96,49.82,52.73,3.56,2.87,1,0,223,Normal,0.0,0
1/1/2025 1:25,16,73.9,54.28,52.85,1.36,4.48,1,0,156,Normal,0.0,0
1/1/2025 1:26,45,80.36,48.05,75.79,1.8,0.89,1,0,491,Normal,0.0,0
1/1/2025 1:27,18,68.65,75.47,30.17,2.42,2.74,0,0,291,Normal,0.0,0
1/1/2025 1:28,47,79.47,27.16,69.34,4.83,1.93,1,0,425,Normal,0.0,0
1/1/2025 1:29,24,81.66,47.15,32.71,1.8,2.2,2,0,448,Pressure Drop,0.0,1
1/1/2025 1:30,26,60.36,52.37,46.39,2.53,2.04,0,0,313,Normal,0.0,0
1/1/2025 1:31,25,80.22,50.6,64.64,2.75,1.12,1,0,101,Normal,0.0,0
1/1/2025 1:32,45,73.93,83.04,69.85,1.68,2.14,2,1,15,Overheating,1.0,1
1/1/2025 1:33,41,64.72,49.92,50.8,4.83,1.19,1,0,192,Normal,0.0,0
1/1/2025 1:34,29,91.73,47.93,44.05,2.52,2.04,0,1,15,Normal,1.0,1
1/1/2025 1:35,15,65.67,64.06,65.72,2.85,4.95,1,0,107,Normal,0.0,0
1/1/2025 1:36,45,77.34,21.91,32.55,4.35,3.13,1,0,252,Normal,0.0,0
1/1/2025 1:37,1,62.59,48.08,60.13,1.62,4.16,1,0,363,Normal,0.0,0
1/1/2025 1:38,25,63.99,33.61,54.42,3.55,3.38,1,0,340,Normal,0.0,0
1/1/2025 1:39,7,85.59,36.06,49.27,2.61,3.62,1,0,193,Normal,0.0,0
1/1/2025 1:40,9,71.49,65.67,30.91,1.07,3.53,2,0,193,Pressure Drop,0.0,1
1/1/2025 1:41,24,89.42,50.8,62.33,1.3,2.46,1,0,59,Normal,0.0,0
1/1/2025 1:42,1,70.88,68.67,50.57,1.05,2.36,1,0,111,Normal,0.0,0
1/1/2025 1:43,44,70.44,49.79,78.41,2.9,3.46,1,0,432,Normal,0.0,0
1/1/2025 1:44,8,67.39,79.5,66.06,2.32,3.04,1,0,237,Normal,0.0,0
1/1/2025 1:45,24,70.08,40.75,60.98,2.33,1.4,1,0,148,Normal,0.0,0
1/1/2025 1:46,11,81.19,57.08,50.63,1.46,4.98,1,0,103,Normal,0.0,0
1/1/2025 1:47,17,75.87,33.46,50.8,4.08,3.51,1,0,421,Normal,0.0,0
1/1/2025 1:48,8,71.93,50.89,57.17,1.96,3.38,0,0,480,Normal,0.0,0
1/1/2025 1:49,35,81.9,47.39,77.38,4.68,0.76,1,0,271,Normal,0.0,0
1/1/2025 1:50,35,80.5,64.34,36.28,3.25,4.39,1,0,467,Normal,0.0,0
1/1/2025 1:51,33,72.2,23.77,34.87,1.97,4.5,2,0,377,Vibration Issue,0.0,1
1/1/2025 1:52,5,90.24,48.67,40.65,1.23,4.39,2,1,23,Overheating,1.0,1
1/1/2025 1:53,42,59.58,36.68,60.31,4.64,3.71,0,0,72,Normal,0.0,0
1/1/2025 1:54,39,79.06,37.46,45.55,2.48,4.59,1,0,398,Normal,0.0,0
1/1/2025 1:55,41,73.77,55.02,37.58,2.02,3.42,0,0,362,Normal,0.0,0
1/1/2025 1:56,28,80.03,61.89,54.79,1.45,4.2,1,0,492,Normal,0.0,0
1/1/2025 1:57,7,76.04,34.92,38.2,3.71,0.75,1,0,428,Normal,0.0,0
1/1/2025 1:58,9,77.63,61.57,76.72,3.51,3.25,1,0,462,Normal,0.0,0
1/1/2025 1:59,8,57.11,70.92,43.51,1.32,3.46,1,0,30,Normal,0.0,0
1/1/2025 2:00,12,77.26,46.18,70.4,3.52,3.54,1,0,105,Normal,0.0,0
1/1/2025 2:01,34,85.42,88.09,52.52,3.86,0.84,0,1,16,Normal,1.0,1
1/1/2025 2:02,33,68.96,44.34,39.82,1.26,3.78,1,0,271,Normal,0.0,0
1/1/2025 2:03,48,84.96,45.27,50.5,1.26,4.28,1,0,300,Normal,0.0,0
1/1/2025 2:04,23,71.47,30.59,34.38,3.96,2.21,1,0,480,Normal,0.0,0
1/1/2025 2:05,24,69.07,40.49,51.44,2.0,0.68,1,0,368,Normal,0.0,0
1/1/2025 2:06,37,69.3,56.23,39.15,1.3,4.6,1,0,222,Normal,0.0,0
1/1/2025 2:07,35,64.79,69.16,76.26,2.8,4.2,0,0,21,Normal,0.0,0
1/1/2025 2:08,44,75.72,49.55,65.13,4.09,2.05,1,0,466,Normal,0.0,0
1/1/2025 2:09,40,68.76,77.81,68.88,1.74,4.09,1,0,123,Normal,0.0,0
1/1/2025 2:10,22,69.53,54.42,55.01,3.29,2.42,1,0,330,Normal,0.0,0
1/1/2025 2:11,27,68.16,43.49,67.95,3.18,3.62,1,0,491,Normal,0.0,0
1/1/2025 2:12,35,78.27,73.05,79.75,4.67,2.58,1,0,295,Normal,0.0,0
1/1/2025 2:13,1,62.34,72.68,60.47,2.24,4.95,1,0,192,Normal,0.0,0
1/1/2025 2:14,35,80.92,58.37,38.65,2.89,4.45,2,0,222,Normal,0.0,1
1/1/2025 2:15,37,80.02,25.02,35.16,3.23,1.03,1,0,334,Normal,0.0,0
1/1/2025 2:16,47,80.08,46.5,79.24,3.69,1.53,1,0,452,Normal,0.0,0
1/1/2025 2:17,14,65.19,62.01,42.83,1.89,3.77,1,0,438,Normal,0.0,0
1/1/2025 2:18,3,77.39,34.9,68.81,3.64,2.51,1,0,180,Normal,0.0,0
1/1/2025 2:19,1,88.03,53.36,50.79,3.08,2.25,1,0,301,Normal,0.0,0
1/1/2025 2:20,5,62.92,58.11,30.04,4.41,4.55,1,0,394,Normal,0.0,0
1/1/2025 2:21,26,76.81,47.79,35.63,2.31,1.04,2,0,402,Vibration Issue,0.0,1
1/1/2025 2:22,14,63.86,62.39,45.47,1.04,2.95,1,0,433,Normal,0.0,0
1/1/2025 2:23,39,72.27,40.7,65.42,2.97,4.73,0,0,66,Normal,0.0,0
1/1/2025 2:24,27,74.67,27.88,46.42,1.48,1.16,1,0,128,Normal,0.0,0
1/1/2025 2:25,9,68.67,43.97,48.91,1.07,3.65,2,0,233,Vibration Issue,0.0,1
1/1/2025 2:26,15,67.49,88.85,66.52,2.24,3.63,1,1,25,Normal,1.0,1
1/1/2025 2:27,15,77.56,66.52,35.8,2.85,2.53,1,0,369,Normal,0.0,0
1/1/2025 2:28,26,64.9,46.19,71.1,3.75,4.04,0,0,355,Normal,0.0,0
1/1/2025 2:29,42,80.16,53.42,59.37,4.38,4.81,1,0,444,Normal,0.0,0
1/1/2025 2:30,13,92.42,57.21,31.14,1.3,2.4,1,1,35,Normal,1.0,1
1/1/2025 2:31,32,62.22,48.82,52.01,1.39,1.69,1,0,181,Normal,0.0,0
1/1/2025 2:32,39,61.62,50.79,78.28,4.61,1.48,2,0,79,Normal,0.0,1
1/1/2025 2:33,49,59.84,54.06,48.42,2.2,4.86,1,0,190,Normal,0.0,0
1/1/2025 2:34,32,70.24,33.65,45.09,3.89,2.51,1,0,11,Normal,0.0,1
1/1/2025 2:35,4,83.58,52.44,69.14,4.15,1.6,1,0,254,Normal,0.0,0
1/1/2025 2:36,30,84.48,50.3,53.17,4.19,0.54,1,0,495,Normal,0.0,0
1/1/2025 2:37,37,79.21,41.65,76.14,3.61,2.05,2,0,296,Vibration Issue,0.0,1
1/1/2025 2:38,23,77.0,69.32,38.03,1.31,2.11,1,0,404,Normal,0.0,0
1/1/2025 2:39,39,87.76,69.22,79.56,3.96,2.81,2,0,480,Vibration Issue,0.0,1
1/1/2025 2:40,45,70.11,58.69,76.63,1.57,3.03,1,0,383,Normal,0.0,0
1/1/2025 2:41,15,80.59,61.88,48.47,4.93,0.57,2,0,499,Overheating,0.0,1
1/1/2025 2:42,43,94.85,41.76,42.47,4.21,3.76,1,1,46,Normal,1.0,1
1/1/2025 2:43,29,87.34,31.85,70.59,1.44,2.79,1,0,377,Normal,0.0,0
1/1/2025 2:44,36,63.79,26.05,39.92,3.38,3.95,1,0,231,Normal,0.0,0
1/1/2025 2:45,13,69.21,59.62,39.57,1.29,4.98,1,0,408,Normal,0.0,0
1/1/2025 2:46,32,95.34,61.4,55.55,2.3,4.6,1,1,11,Normal,1.0,1
1/1/2025 2:47,7,69.24,29.89,39.53,2.74,1.5,1,0,161,Normal,0.0,0
1/1/2025 2:48,22,90.98,67.59,55.4,2.2,2.51,1,1,42,Normal,1.0,1
1/1/2025 2:49,28,70.68,79.91,74.49,4.78,1.64,1,0,328,Normal,0.0,0
1/1/2025 2:50,2,73.01,51.05,63.77,3.95,4.14,1,0,140,Normal,0.0,0
1/1/2025 2:51,42,65.82,52.1,50.5,4.06,3.7,1,0,150,Normal,0.0,0
1/1/2025 2:52,45,67.53,43.56,40.77,1.63,2.59,2,0,396,Electrical Fault,0.0,1
1/1/2025 2:53,6,73.05,35.0,46.32,2.33,1.31,1,0,297,Normal,0.0,0
1/1/2025 2:54,28,76.85,75.5,56.75,3.07,0.93,1,0,450,Normal,0.0,0
1/1/2025 2:55,28,70.97,57.75,67.2,2.29,0.76,1,0,281,Normal,0.0,0
1/1/2025 2:56,44,82.0,62.85,70.36,3.39,1.69,1,0,401,Normal,0.0,0
1/1/2025 2:57,44,71.0,79.05,52.55,4.4,3.1,1,0,18,Normal,0.0,1
1/1/2025 2:58,20,54.36,40.89,79.0,1.26,1.34,1,0,141,Normal,0.0,0
1/1/2025 2:59,30,72.92,56.97,71.37,4.64,4.16,1,0,107,Normal,0.0,0
1/1/2025 3:00,11,70.27,76.39,48.69,3.54,1.91,1,0,26,Normal,0.0,0
1/1/2025 3:01,28,89.87,49.55,54.97,2.88,2.49,2,0,412,Vibration Issue,0.0,1
1/1/2025 3:02,25,83.96,53.94,30.38,2.53,4.19,1,0,453,Normal,0.0,0
1/1/2025 3:03,39,84.93,60.15,34.43,3.65,2.36,1,0,16,Normal,0.0,1
1/1/2025 3:04,33,82.03,45.42,38.46,3.08,1.88,1,0,20,Normal,0.0,0
1/1/2025 3:05,1,79.39,49.44,56.99,2.54,2.76,1,0,127,Normal,0.0,0
1/1/2025 3:06,27,79.36,65.7,48.14,3.28,2.15,1,0,45,Normal,0.0,0
1/1/2025 3:07,13,84.23,18.72,36.59,1.57,2.01,1,0,387,Normal,0.0,0
1/1/2025 3:08,41,80.8,48.51,73.67,3.49,2.68,1,0,413,Normal,0.0,0
1/1/2025 3:09,3,69.73,51.63,42.46,1.34,1.39,0,0,185,Normal,0.0,0
1/1/2025 3:10,39,60.85,74.9,54.72,4.76,0.8,2,0,285,Pressure Drop,0.0,1
1/1/2025 3:11,6,56.13,33.12,30.88,4.7,0.98,1,0,15,Normal,0.0,1
1/1/2025 3:12,8,66.51,55.23,40.63,1.91,2.52,1,0,301,Normal,0.0,0
1/1/2025 3:13,27,67.64,43.54,72.51,4.85,0.5,1,0,271,Normal,0.0,0
1/1/2025 3:14,9,74.05,41.47,36.47,3.75,2.47,0,0,385,Normal,0.0,0
1/1/2025 3:15,37,73.77,42.2,72.58,1.73,1.25,1,0,346,Normal,0.0,0
1/1/2025 3:16,33,92.38,62.42,53.15,2.3,4.43,0,1,29,Normal,1.0,1
1/1/2025 3:17,42,80.62,40.6,40.97,1.07,4.74,1,0,45,Normal,0.0,0
1/1/2025 3:18,44,67.54,58.35,78.7,4.98,4.09,1,0,224,Normal,0.0,0
1/1/2025 3:19,24,88.71,67.19,34.84,4.11,4.85,1,0,15,Normal,0.0,1
1/1/2025 3:20,15,72.7,24.16,65.32,2.82,1.2,1,0,184,Normal,0.0,0
1/1/2025 3:21,32,80.67,72.13,31.77,1.74,3.53,0,0,461,Normal,0.0,0
1/1/2025 3:22,32,79.68,59.26,35.0,1.63,1.31,1,0,324,Normal,0.0,0
1/1/2025 3:23,24,75.4,37.02,65.98,3.19,0.71,2,0,241,Normal,0.0,1
1/1/2025 3:24,41,89.14,83.63,30.85,2.33,3.92,1,1,23,Normal,1.0,1
1/1/2025 3:25,49,69.16,42.91,60.14,3.49,0.76,2,0,307,Pressure Drop,0.0,1
1/1/2025 3:26,49,76.29,44.17,33.94,3.63,0.78,2,0,153,Pressure Drop,0.0,1
1/1/2025 3:27,12,65.98,43.38,51.35,3.07,3.56,1,0,378,Normal,0.0,0
1/1/2025 3:28,39,78.5,34.45,74.48,4.36,3.28,0,0,283,Normal,0.0,0
1/1/2025 3:29,2,79.08,61.27,77.85,4.26,0.92,1,0,146,Normal,0.0,0
1/1/2025 3:30,3,75.86,49.74,64.57,1.03,2.86,0,0,430,Normal,0.0,0
1/1/2025 3:31,49,75.68,59.18,77.27,4.98,4.01,1,0,145,Normal,0.0,0
1/1/2025 3:32,37,73.25,77.33,48.39,1.05,1.01,1,0,495,Normal,0.0,0
1/1/2025 3:33,49,78.77,67.34,62.04,2.13,4.52,1,0,294,Normal,0.0,0
1/1/2025 3:34,17,81.18,62.09,53.7,2.99,4.52,1,0,162,Normal,0.0,0
1/1/2025 3:35,49,62.88,76.92,34.76,3.11,3.0,1,0,189,Normal,0.0,0
1/1/2025 3:36,2,72.23,30.16,56.98,1.69,2.98,1,0,346,Normal,0.0,0
1/1/2025 3:37,2,71.38,43.02,72.78,1.24,4.08,1,0,186,Normal,0.0,0
1/1/2025 3:38,28,81.61,85.14,60.71,2.13,2.29,1,1,5,Normal,1.0,1
1/1/2025 3:39,23,87.08,41.41,48.66,1.93,1.24,2,0,451,Normal,0.0,1
1/1/2025 3:40,37,79.28,84.97,65.7,2.5,3.45,1,1,22,Normal,1.0,1
1/1/2025 3:41,32,76.43,70.55,67.8,4.83,3.66,0,0,88,Normal,0.0,0
1/1/2025 3:42,33,67.31,48.3,36.21,4.1,2.18,1,0,100,Normal,0.0,0
1/1/2025 3:43,1,93.62,47.52,58.38,2.63,1.12,2,1,2,Vibration Issue,1.0,1
1/1/2025 3:44,19,65.78,68.96,58.69,2.67,1.19,0,0,350,Normal,0.0,0
1/1/2025 3:45,2,62.45,64.62,43.98,1.0,2.88,2,0,325,Pressure Drop,0.0,1
1/1/2025 3:46,44,82.2,61.97,41.43,3.99,4.86,1,0,97,Normal,0.0,0
1/1/2025 3:47,26,69.88,39.24,69.49,4.98,1.52,2,0,359,Vibration Issue,0.0,1
1/1/2025 3:48,32,82.65,65.8,64.82,3.12,1.02,1,0,219,Normal,0.0,0
1/1/2025 3:49,6,89.32,85.04,74.94,2.66,0.69,1,1,2,Normal,1.0,1
1/1/2025 3:50,32,72.33,26.42,41.12,4.7,4.97,1,0,387,Normal,0.0,0
1/1/2025 3:51,4,79.56,63.17,72.35,1.02,1.44,1,0,194,Normal,0.0,0
1/1/2025 3:52,11,70.54,39.33,67.33,4.41,3.64,0,0,323,Normal,0.0,0
1/1/2025 3:53,17,75.74,34.21,77.32,1.38,4.45,1,0,212,Normal,0.0,0
1/1/2025 3:54,38,73.72,63.17,69.6,3.09,2.16,1,0,12,Normal,0.0,1
1/1/2025 3:55,24,84.6,45.71,77.43,4.94,1.4,1,0,171,Normal,0.0,0
1/1/2025 3:56,5,69.55,61.36,74.71,3.35,1.08,1,0,112,Normal,0.0,0
1/1/2025 3:57,34,68.26,46.17,75.65,4.69,3.09,2,0,296,Overheating,0.0,1
1/1/2025 3:58,6,73.03,50.2,38.75,1.95,1.31,1,0,375,Normal,0.0,0
1/1/2025 3:59,22,81.63,67.34,33.04,2.73,4.56,1,0,235,Normal,0.0,0
1/1/2025 4:00,11,67.01,47.15,31.49,3.95,3.45,1,0,15,Normal,0.0,1
1/1/2025 4:01,48,63.17,24.27,68.56,4.07,1.26,2,0,288,Normal,0.0,1
1/1/2025 4:02,16,86.75,40.72,46.65,3.59,2.18,1,0,471,Normal,0.0,0
1/1/2025 4:03,33,52.77,51.48,65.81,1.37,1.67,0,0,202,Normal,0.0,0
1/1/2025 4:04,9,61.98,59.08,60.05,2.61,1.72,1,0,350,Normal,0.0,0
1/1/2025 4:05,6,96.66,45.78,31.97,1.98,1.39,0,1,8,Normal,1.0,1
1/1/2025 4:06,16,57.48,51.91,31.61,3.0,2.06,1,0,19,Normal,0.0,1
1/1/2025 4:07,29,70.62,51.11,67.39,1.03,4.81,0,0,212,Normal,0.0,0
1/1/2025 4:08,3,68.51,64.33,69.28,2.98,3.59,2,0,124,Vibration Issue,0.0,1
1/1/2025 4:09,20,52.06,46.24,64.73,1.49,2.87,1,0,364,Normal,0.0,0
1/1/2025 4:10,36,64.97,62.96,33.89,3.19,3.71,1,0,103,Normal,0.0,0
1/1/2025 4:11,19,77.65,56.22,40.68,1.68,0.86,1,0,191,Normal,0.0,0
1/1/2025 4:12,26,82.55,51.66,77.04,1.52,3.55,1,0,66,Normal,0.0,0
1/1/2025 4:13,3,86.03,53.26,43.09,1.76,4.35,1,0,91,Normal,0.0,0
1/1/2025 4:14,19,71.26,53.82,40.4,2.92,3.59,2,0,427,Normal,0.0,1
1/1/2025 4:15,20,56.5,64.91,46.9,2.16,4.11,1,0,409,Normal,0.0,0
1/1/2025 4:16,32,75.52,33.31,43.61,3.13,1.94,1,0,85,Normal,0.0,0
1/1/2025 4:17,7,88.74,46.29,38.84,3.79,0.86,1,0,89,Normal,0.0,0
1/1/2025 4:18,41,90.26,28.21,57.78,4.92,4.06,1,1,47,Normal,1.0,1
1/1/2025 4:19,33,84.82,33.97,31.44,2.22,2.87,1,0,108,Normal,0.0,0
1/1/2025 4:20,40,61.37,46.58,45.71,3.41,1.44,0,0,165,Normal,0.0,0
1/1/2025 4:21,39,73.05,55.1,56.08,4.18,2.44,1,0,74,Normal,0.0,0
1/1/2025 4:22,18,77.3,37.81,48.35,2.59,2.13,1,0,478,Normal,0.0,0
1/1/2025 4:23,40,78.92,59.18,39.32,1.19,3.87,1,0,314,Normal,0.0,0
1/1/2025 4:24,1,57.21,48.56,40.03,2.47,1.98,1,0,368,Normal,0.0,0
1/1/2025 4:25,11,95.56,55.23,60.18,3.77,1.9,1,1,36,Normal,1.0,1
1/1/2025 4:26,28,88.2,43.13,55.32,1.72,4.17,1,0,282,Normal,0.0,0
1/1/2025 4:27,25,74.97,59.75,40.53,1.86,0.8,1,0,30,Normal,0.0,0
1/1/2025 4:28,50,76.28,68.45,34.4,3.46,2.63,1,0,457,Normal,0.0,0
1/1/2025 4:29,23,70.0,69.34,78.73,3.16,0.79,0,0,378,Normal,0.0,0
1/1/2025 4:30,31,87.36,47.53,52.75,1.2,1.23,0,0,185,Normal,0.0,0
1/1/2025 4:31,30,63.43,84.17,74.68,3.52,4.13,1,1,26,Normal,1.0,1
1/1/2025 4:32,42,76.14,49.09,79.91,3.0,2.36,1,0,26,Normal,0.0,0
1/1/2025 4:33,35,66.63,60.82,79.89,4.22,1.62,1,0,458,Normal,0.0,0
1/1/2025 4:34,7,74.82,68.98,48.06,2.85,2.27,1,0,134,Normal,0.0,0
1/1/2025 4:35,16,86.69,68.3,66.42,3.47,3.63,1,0,336,Normal,0.0,0
1/1/2025 4:36,26,68.57,70.29,63.93,4.98,3.51,1,0,338,Normal,0.0,0
1/1/2025 4:37,48,76.81,69.55,63.47,2.47,4.27,0,0,239,Normal,0.0,0
1/1/2025 4:38,49,73.72,46.59,57.74,4.05,1.52,2,0,444,Overheating,0.0,1
1/1/2025 4:39,2,67.66,47.88,30.16,3.14,3.87,1,0,47,Normal,0.0,0
1/1/2025 4:40,1,68.82,48.57,36.07,4.81,2.64,1,0,393,Normal,0.0,0
1/1/2025 4:41,48,68.93,57.4,59.26,4.67,0.64,1,0,486,Normal,0.0,0
1/1/2025 4:42,12,56.95,14.54,71.36,1.76,2.13,1,0,64,Normal,0.0,0
1/1/2025 4:43,5,73.43,82.62,43.0,1.38,2.86,2,1,45,Pressure Drop,1.0,1
1/1/2025 4:44,37,75.78,63.31,39.12,1.44,1.97,1,0,121,Normal,0.0,0
1/1/2025 4:45,32,59.84,48.0,55.95,1.59,1.43,1,0,135,Normal,0.0,0
1/1/2025 4:46,9,70.47,37.7,74.74,4.43,2.7,1,0,140,Normal,0.0,0
1/1/2025 4:47,41,72.74,42.89,40.79,4.71,4.73,1,0,384,Normal,0.0,0
1/1/2025 4:48,35,83.08,38.25,55.04,2.38,2.71,1,0,141,Normal,0.0,0
1/1/2025 4:49,19,92.25,53.71,60.82,1.16,1.87,1,1,29,Normal,1.0,1
1/1/2025 4:50,48,78.93,26.86,35.85,4.19,3.5,0,0,468,Normal,0.0,0
1/1/2025 4:51,16,61.23,86.34,58.64,3.82,3.11,1,1,38,Normal,1.0,1
1/1/2025 4:52,3,65.75,50.57,67.73,1.62,3.48,1,0,132,Normal,0.0,0
1/1/2025 4:53,20,75.73,58.12,63.95,2.73,1.13,1,0,364,Normal,0.0,0
1/1/2025 4:54,24,70.48,34.25,62.43,4.2,1.61,1,0,90,Normal,0.0,0
1/1/2025 4:55,33,74.6,64.81,76.23,4.98,0.61,1,0,437,Normal,0.0,0
1/1/2025 4:56,24,83.28,52.62,65.38,4.3,3.26,1,0,237,Normal,0.0,0
1/1/2025 4:57,11,73.28,35.9,73.02,2.8,4.33,1,0,427,Normal,0.0,0
1/1/2025 4:58,49,99.47,59.31,41.96,3.98,3.82,1,1,25,Normal,1.0,1
1/1/2025 4:59,8,59.22,49.17,48.62,2.65,4.01,1,0,156,Normal,0.0,0
1/1/2025 5:00,36,80.39,41.97,54.01,4.08,0.9,0,0,389,Normal,0.0,0
1/1/2025 5:01,38,58.32,42.33,66.09,3.48,2.51,1,0,236,Normal,0.0,0
1/1/2025 5:02,40,66.47,44.27,58.27,3.95,3.34,1,0,178,Normal,0.0,0
1/1/2025 5:03,20,83.41,44.42,35.94,4.17,2.24,1,0,14,Normal,0.0,1
1/1/2025 5:04,35,54.39,55.99,58.54,4.47,4.21,1,0,421,Normal,0.0,0
1/1/2025 5:05,48,77.97,21.21,32.64,4.01,2.19,1,0,101,Normal,0.0,0
1/1/2025 5:06,25,62.56,43.11,67.2,4.62,3.79,1,0,44,Normal,0.0,0
1/1/2025 5:07,35,74.3,58.98,63.86,3.16,2.34,1,0,157,Normal,0.0,0
1/1/2025 5:08,25,68.7,33.33,66.75,4.12,3.54,2,0,406,Vibration Issue,0.0,1
1/1/2025 5:09,29,75.14,48.6,35.3,5.0,4.55,1,0,309,Normal,0.0,0
1/1/2025 5:10,18,78.98,71.08,75.63,4.51,3.55,1,0,195,Normal,0.0,0
1/1/2025 5:11,46,85.59,29.89,79.93,4.83,4.41,0,0,91,Normal,0.0,0
1/1/2025 5:12,18,76.39,37.98,59.48,2.23,3.84,1,0,250,Normal,0.0,0
1/1/2025 5:13,2,81.16,65.95,32.38,1.67,0.73,1,0,27,Normal,0.0,0
1/1/2025 5:14,35,74.33,69.8,53.51,4.93,1.98,1,0,224,Normal,0.0,0
1/1/2025 5:15,16,61.57,61.44,59.91,1.44,4.06,1,0,487,Normal,0.0,0
1/1/2025 5:16,41,63.61,45.43,70.17,4.35,1.61,1,0,476,Normal,0.0,0
1/1/2025 5:17,36,89.92,53.1,61.73,4.37,2.81,1,0,436,Normal,0.0,0
1/1/2025 5:18,33,62.79,43.25,70.62,2.51,4.8,0,0,126,Normal,0.0,0
1/1/2025 5:19,4,76.91,54.76,69.41,2.11,4.43,1,0,428,Normal,0.0,0
1/1/2025 5:20,33,76.74,69.01,38.74,3.72,3.32,1,0,82,Normal,0.0,0
1/1/2025 5:21,14,76.18,60.74,75.9,2.67,1.08,2,0,43,Overheating,0.0,1
1/1/2025 5:22,21,85.23,49.62,32.39,2.38,0.93,1,0,309,Normal,0.0,0
1/1/2025 5:23,48,68.55,65.27,43.96,1.44,1.65,1,0,498,Normal,0.0,0
1/1/2025 5:24,20,72.88,47.46,74.95,4.19,1.64,2,0,145,Pressure Drop,0.0,1
1/1/2025 5:25,8,71.59,67.13,79.12,1.11,2.64,1,0,44,Normal,0.0,0
1/1/2025 5:26,7,52.34,49.0,52.42,3.35,3.62,1,0,471,Normal,0.0,0
1/1/2025 5:27,3,67.39,27.79,31.58,2.2,3.92,1,0,142,Normal,0.0,0
1/1/2025 5:28,17,85.66,56.15,38.76,3.64,3.66,1,0,182,Normal,0.0,0
1/1/2025 5:29,33,95.24,52.8,56.1,3.44,2.49,1,1,29,Normal,1.0,1
1/1/2025 5:30,48,84.5,77.83,60.82,1.22,3.07,1,0,488,Normal,0.0,0
1/1/2025 5:31,12,78.89,76.78,65.89,3.03,3.92,1,0,267,Normal,0.0,0
1/1/2025 5:32,22,61.25,61.77,45.52,3.32,1.84,1,0,436,Normal,0.0,0
1/1/2025 5:33,22,76.85,38.29,41.27,3.81,4.46,1,0,109,Normal,0.0,0
1/1/2025 5:34,46,75.99,52.04,39.33,2.0,4.95,1,0,494,Normal,0.0,0
1/1/2025 5:35,30,98.41,26.15,42.39,2.01,1.76,1,1,11,Normal,1.0,1
1/1/2025 5:36,38,57.53,51.51,40.79,3.97,3.11,1,0,234,Normal,0.0,0
1/1/2025 5:37,38,62.49,28.8,36.54,1.18,1.04,1,0,51,Normal,0.0,0
1/1/2025 5:38,45,87.12,68.4,40.12,2.14,0.81,1,0,462,Normal,0.0,0
1/1/2025 5:39,8,90.45,58.0,58.25,3.89,3.62,1,1,29,Normal,1.0,1
1/1/2025 5:40,27,78.31,54.72,73.59,2.69,0.88,1,0,144,Normal,0.0,0
1/1/2025 5:41,27,71.35,71.46,43.2,4.64,2.69,1,0,302,Normal,0.0,0
1/1/2025 5:42,34,80.73,56.42,67.72,4.96,4.21,2,0,440,Overheating,0.0,1
1/1/2025 5:43,21,96.78,52.62,67.8,1.3,1.11,1,1,14,Normal,1.0,1
1/1/2025 5:44,30,68.52,31.28,59.79,4.73,4.17,0,0,62,Normal,0.0,0
1/1/2025 5:45,33,79.65,65.18,33.11,4.93,4.05,1,0,22,Normal,0.0,0
1/1/2025 5:46,28,72.98,53.73,55.73,4.91,3.41,1,0,27,Normal,0.0,0
1/1/2025 5:47,47,78.69,63.72,62.84,4.59,4.23,1,0,260,Normal,0.0,0
1/1/2025 5:48,33,82.79,40.66,72.9,3.91,4.52,1,0,227,Normal,0.0,0
1/1/2025 5:49,5,69.13,38.57,58.72,1.93,3.93,1,0,129,Normal,0.0,0
1/1/2025 5:50,48,84.81,60.71,71.49,1.22,1.88,1,0,141,Normal,0.0,0
1/1/2025 5:51,19,70.08,63.15,34.73,2.88,1.22,2,0,234,Overheating,0.0,1
1/1/2025 5:52,4,80.73,73.55,38.67,3.13,2.73,2,0,386,Pressure Drop,0.0,1
1/1/2025 5:53,35,55.57,38.4,74.52,1.71,2.41,1,0,38,Normal,0.0,0
1/1/2025 5:54,49,82.63,59.63,54.71,3.22,3.92,1,0,224,Normal,0.0,0
1/1/2025 5:55,17,66.13,55.11,59.31,2.58,1.19,1,0,431,Normal,0.0,0
1/1/2025 5:56,44,70.0,38.14,39.58,3.87,2.04,1,0,223,Normal,0.0,0
1/1/2025 5:57,28,52.43,38.98,44.59,3.47,2.2,1,0,92,Normal,0.0,0
1/1/2025 5:58,30,72.75,58.7,39.75,4.28,0.57,1,0,80,Normal,0.0,0
1/1/2025 5:59,29,88.28,62.15,68.06,4.8,3.05,1,0,437,Normal,0.0,0
1/1/2025 6:00,46,59.34,44.88,74.83,3.17,1.15,1,0,176,Normal,0.0,0
1/1/2025 6:01,6,76.95,42.87,49.64,3.97,3.17,1,0,131,Normal,0.0,0
1/1/2025 6:02,35,54.6,30.33,38.01,3.3,3.57,1,0,234,Normal,0.0,0
1/1/2025 6:03,41,73.5,95.8,46.05,3.98,1.52,1,1,6,Normal,1.0,1
1/1/2025 6:04,37,83.58,42.03,75.8,4.03,3.75,1,0,498,Normal,0.0,0
1/1/2025 6:05,24,73.91,35.6,43.53,1.29,4.74,1,0,266,Normal,0.0,0
1/1/2025 6:06,29,82.81,61.45,48.41,4.06,1.32,2,0,127,Pressure Drop,0.0,1
1/1/2025 6:07,49,69.98,47.2,57.49,1.62,1.06,1,0,405,Normal,0.0,0
1/1/2025 6:08,46,100.84,48.25,55.39,2.72,1.21,0,1,2,Normal,1.0,1
1/1/2025 6:09,31,86.01,38.21,51.04,3.08,3.17,1,0,347,Normal,0.0,0
1/1/2025 6:10,35,77.09,58.08,38.73,1.82,2.82,1,0,216,Normal,0.0,0
1/1/2025 6:11,33,92.12,35.52,60.68,4.93,4.88,1,1,38,Normal,1.0,1
1/1/2025 6:12,21,88.95,33.4,71.93,2.92,4.96,1,0,210,Normal,0.0,0
1/1/2025 6:13,32,69.63,45.78,32.8,3.49,3.64,1,0,484,Normal,0.0,0
1/1/2025 6:14,23,80.01,45.15,59.21,3.21,3.11,2,0,410,Vibration Issue,0.0,1
1/1/2025 6:15,33,72.04,61.17,32.59,4.33,1.2,1,0,82,Normal,0.0,0
1/1/2025 6:16,3,84.19,30.34,72.83,3.18,2.84,0,0,122,Normal,0.0,0
1/1/2025 6:17,18,90.72,64.3,39.9,1.48,2.28,0,1,19,Normal,1.0,1
1/1/2025 6:18,25,60.2,64.48,52.25,1.07,0.58,2,0,365,Vibration Issue,0.0,1
1/1/2025 6:19,42,76.19,66.76,79.48,1.22,2.42,1,0,261,Normal,0.0,0
1/1/2025 6:20,31,89.62,33.22,58.44,2.09,1.19,1,0,286,Normal,0.0,0
1/1/2025 6:21,3,82.6,35.89,38.06,2.24,1.2,1,0,33,Normal,0.0,0
1/1/2025 6:22,40,79.28,59.25,30.48,4.14,1.45,1,0,255,Normal,0.0,0
1/1/2025 6:23,46,85.75,84.82,72.52,1.93,3.43,1,1,11,Normal,1.0,1
1/1/2025 6:24,24,61.62,50.65,69.31,4.62,3.23,1,0,184,Normal,0.0,0
1/1/2025 6:25,50,80.68,57.04,62.96,1.28,1.85,1,0,225,Normal,0.0,0
1/1/2025 6:26,32,87.34,35.3,39.49,3.49,1.26,1,0,284,Normal,0.0,0
1/1/2025 6:27,47,80.69,53.54,36.85,4.59,1.18,1,0,316,Normal,0.0,0
1/1/2025 6:28,22,62.81,48.84,76.69,4.99,0.97,1,0,494,Normal,0.0,0
1/1/2025 6:29,23,71.23,59.7,44.41,2.0,4.4,1,0,220,Normal,0.0,0
1/1/2025 6:30,2,75.11,62.76,40.77,2.42,1.8,1,0,168,Normal,0.0,0
1/1/2025 6:31,27,66.81,56.92,53.28,3.23,2.25,1,0,36,Normal,0.0,0
1/1/2025 6:32,42,65.99,42.75,52.3,2.58,2.9,1,0,270,Normal,0.0,0
1/1/2025 6:33,2,79.91,35.6,41.66,1.65,1.91,0,0,432,Normal,0.0,0
1/1/2025 6:34,26,91.47,65.52,55.35,3.82,3.14,1,1,6,Normal,1.0,1
1/1/2025 6:35,17,56.15,58.49,45.59,3.98,4.34,1,0,119,Normal,0.0,0
1/1/2025 6:36,40,70.17,67.73,51.11,3.74,1.53,1,0,248,Normal,0.0,0
1/1/2025 6:37,33,67.78,46.48,31.57,3.97,2.9,1,0,418,Normal,0.0,0
1/1/2025 6:38,9,90.01,28.12,71.27,1.09,2.14,1,1,9,Normal,1.0,1
1/1/2025 6:39,43,82.23,14.11,51.67,4.3,2.8,1,0,458,Normal,0.0,0
1/1/2025 6:40,48,88.92,26.84,56.16,4.53,3.78,1,0,10,Normal,0.0,1
1/1/2025 6:41,39,83.86,37.67,33.33,3.73,2.02,1,0,82,Normal,0.0,0
1/1/2025 6:42,29,86.81,47.24,46.47,3.68,3.06,1,0,338,Normal,0.0,0
1/1/2025 6:43,42,77.87,44.41,31.33,1.59,1.99,1,0,15,Normal,0.0,1
1/1/2025 6:44,26,79.76,53.76,64.5,4.42,3.81,1,0,377,Normal,0.0,0
1/1/2025 6:45,35,80.25,27.19,45.02,4.35,3.94,1,0,183,Normal,0.0,0
1/1/2025 6:46,50,75.33,63.9,36.37,2.33,3.33,1,0,274,Normal,0.0,0
1/1/2025 6:47,25,75.05,72.64,48.16,3.52,4.31,0,0,77,Normal,0.0,0
1/1/2025 6:48,24,79.75,52.83,47.47,1.43,4.75,1,0,167,Normal,0.0,0
1/1/2025 6:49,13,79.5,43.78,38.47,1.53,3.65,2,0,471,Vibration Issue,0.0,1
1/1/2025 6:50,7,77.11,48.85,43.62,1.89,2.12,1,0,476,Normal,0.0,0
1/1/2025 6:51,36,76.81,72.89,41.64,4.26,1.4,1,0,373,Normal,0.0,0
1/1/2025 6:52,45,82.12,64.68,64.0,3.69,2.94,0,0,401,Normal,0.0,0
1/1/2025 6:53,20,73.72,62.96,74.45,2.49,1.34,1,0,312,Normal,0.0,0
1/1/2025 6:54,1,62.79,46.85,68.21,3.03,2.31,1,0,198,Normal,0.0,0
1/1/2025 6:55,8,77.06,48.36,58.59,3.34,1.12,1,0,337,Normal,0.0,0
1/1/2025 6:56,46,66.02,37.04,34.57,4.45,1.27,2,0,156,Normal,0.0,1
1/1/2025 6:57,16,85.39,33.59,44.02,3.23,2.04,1,0,379,Normal,0.0,0
1/1/2025 6:58,14,69.13,52.45,66.95,3.3,4.83,2,0,426,Vibration Issue,0.0,1
1/1/2025 6:59,12,70.0,37.35,68.54,4.92,3.29,2,0,476,Normal,0.0,1
1/1/2025 7:00,23,79.15,24.94,58.38,4.41,1.93,2,0,439,Overheating,0.0,1
1/1/2025 7:01,15,74.88,61.11,77.88,2.63,2.75,1,0,340,Normal,0.0,0
1/1/2025 7:02,28,86.82,42.3,55.69,4.99,0.96,1,0,317,Normal,0.0,0
1/1/2025 7:03,34,72.91,57.12,46.25,4.96,1.72,0,0,72,Normal,0.0,0
1/1/2025 7:04,2,72.06,51.46,38.82,4.6,1.35,1,0,359,Normal,0.0,0
1/1/2025 7:05,32,67.37,29.43,52.7,2.23,1.53,1,0,39,Normal,0.0,0
1/1/2025 7:06,23,63.15,35.58,74.3,3.4,3.83,1,0,264,Normal,0.0,0
1/1/2025 7:07,22,69.74,54.63,31.82,2.77,4.48,1,0,214,Normal,0.0,0
1/1/2025 7:08,25,79.11,16.49,79.05,3.24,2.97,1,0,386,Normal,0.0,0
1/1/2025 7:09,22,87.84,40.12,66.63,1.43,0.9,1,0,19,Normal,0.0,1
1/1/2025 7:10,22,83.51,41.12,64.16,3.58,0.9,1,0,345,Normal,0.0,0
1/1/2025 7:11,49,69.3,60.6,51.66,1.43,0.84,1,0,435,Normal,0.0,0
1/1/2025 7:12,42,76.62,48.83,71.57,1.66,0.65,1,0,335,Normal,0.0,0
1/1/2025 7:13,6,75.28,88.82,64.92,2.26,4.11,1,1,38,Normal,1.0,1
1/1/2025 7:14,15,86.59,58.02,67.5,3.47,4.1,1,0,261,Normal,0.0,0
1/1/2025 7:15,43,88.15,43.05,40.91,1.13,1.54,1,0,411,Normal,0.0,0
1/1/2025 7:16,37,55.53,48.0,59.48,3.91,2.95,1,0,364,Normal,0.0,0
1/1/2025 7:17,33,88.93,20.81,58.2,1.16,2.78,1,0,428,Normal,0.0,0
1/1/2025 7:18,8,59.3,46.56,66.17,1.06,4.18,1,0,124,Normal,0.0,0
1/1/2025 7:19,44,77.73,34.06,56.15,1.38,3.2,1,0,295,Normal,0.0,0
1/1/2025 7:20,44,54.1,37.4,64.93,3.98,1.66,1,0,258,Normal,0.0,0
1/1/2025 7:21,5,85.16,43.84,74.15,4.05,5.0,1,0,224,Normal,0.0,0
1/1/2025 7:22,39,71.61,74.04,37.16,2.4,2.44,1,0,497,Normal,0.0,0
1/1/2025 7:23,4,81.77,67.69,66.33,3.2,3.55,1,0,151,Normal,0.0,0
1/1/2025 7:24,6,72.12,38.63,41.98,1.6,2.72,0,0,116,Normal,0.0,0
1/1/2025 7:25,45,84.71,20.26,35.54,2.8,2.05,1,0,451,Normal,0.0,0
1/1/2025 7:26,32,58.33,44.74,52.25,2.76,3.78,0,0,366,Normal,0.0,0
1/1/2025 7:27,30,81.1,28.07,38.48,2.57,2.34,0,0,130,Normal,0.0,0
1/1/2025 7:28,47,79.17,42.93,34.4,1.88,3.26,0,0,263,Normal,0.0,0
1/1/2025 7:29,35,78.75,40.91,41.18,3.46,1.24,1,0,325,Normal,0.0,0
1/1/2025 7:30,40,80.14,64.0,32.3,4.31,3.02,1,0,158,Normal,0.0,0
1/1/2025 7:31,16,86.35,61.98,71.21,1.87,4.8,1,0,472,Normal,0.0,0
1/1/2025 7:32,13,84.87,45.84,76.78,1.05,3.58,1,0,294,Normal,0.0,0
1/1/2025 7:33,50,60.89,52.25,64.48,1.13,2.89,1,0,391,Normal,0.0,0
1/1/2025 7:34,42,76.15,55.21,50.49,4.95,4.57,0,0,151,Normal,0.0,0
1/1/2025 7:35,30,78.55,37.18,65.0,1.88,3.61,0,0,101,Normal,0.0,0
1/1/2025 7:36,19,74.34,15.02,33.79,3.11,2.82,1,0,40,Normal,0.0,0
1/1/2025 7:37,17,76.55,64.22,65.07,4.84,3.74,1,0,439,Normal,0.0,0
1/1/2025 7:38,19,79.78,60.44,54.82,3.92,3.94,2,0,378,Vibration Issue,0.0,1
1/1/2025 7:39,28,82.57,54.5,32.91,4.46,4.01,1,0,474,Normal,0.0,0
1/1/2025 7:40,26,80.7,61.55,69.64,1.03,0.56,1,0,66,Normal,0.0,0
1/1/2025 7:41,37,83.64,38.33,58.05,3.46,3.8,1,0,148,Normal,0.0,0
1/1/2025 7:42,26,94.69,40.3,79.41,2.38,4.14,1,1,38,Normal,1.0,1
1/1/2025 7:43,23,72.93,31.27,32.02,3.47,1.04,1,0,48,Normal,0.0,0
1/1/2025 7:44,9,73.66,56.7,43.46,4.03,1.39,0,0,187,Normal,0.0,0
1/1/2025 7:45,12,82.03,53.19,30.0,2.6,0.81,1,0,19,Normal,0.0,1
1/1/2025 7:46,1,74.96,49.28,71.68,2.92,4.06,1,0,40,Normal,0.0,0
1/1/2025 7:47,1,71.61,50.89,47.79,3.01,0.9,1,0,14,Normal,0.0,1
1/1/2025 7:48,47,70.45,32.05,48.64,4.38,0.93,1,0,435,Normal,0.0,0
1/1/2025 7:49,34,81.28,38.1,39.05,3.53,4.17,1,0,62,Normal,0.0,0
1/1/2025 7:50,32,79.52,36.26,35.39,1.21,0.88,1,0,214,Normal,0.0,0
1/1/2025 7:51,48,93.65,63.64,44.29,1.96,3.22,1,1,10,Normal,1.0,1
1/1/2025 7:52,25,64.75,30.97,35.54,3.96,3.49,1,0,365,Normal,0.0,0
1/1/2025 7:53,40,64.99,50.37,35.7,4.01,1.11,1,0,207,Normal,0.0,0
1/1/2025 7:54,45,75.67,63.75,36.16,4.56,3.15,0,0,190,Normal,0.0,0
1/1/2025 7:55,1,67.16,43.9,44.75,4.26,0.81,1,0,496,Normal,0.0,0
1/1/2025 7:56,16,57.19,67.21,66.83,2.64,2.36,1,0,53,Normal,0.0,0
1/1/2025 7:57,39,70.78,43.02,42.05,1.98,1.94,1,0,452,Normal,0.0,0
1/1/2025 7:58,5,96.63,70.04,76.57,4.33,2.59,2,1,45,Normal,1.0,1
1/1/2025 7:59,22,99.87,52.58,63.94,1.36,4.76,0,1,9,Normal,1.0,1
1/1/2025 8:00,29,80.42,55.78,79.4,1.49,4.52,1,0,57,Normal,0.0,0
1/1/2025 8:01,3,63.86,42.91,63.51,4.23,2.15,1,0,472,Normal,0.0,0
1/1/2025 8:02,12,67.18,43.0,44.85,2.02,3.32,1,0,71,Normal,0.0,0
1/1/2025 8:03,26,75.93,45.12,52.79,3.82,1.66,1,0,431,Normal,0.0,0
1/1/2025 8:04,16,69.96,54.9,37.83,2.15,1.26,1,0,311,Normal,0.0,0
1/1/2025 8:05,37,76.63,43.09,72.9,4.8,2.4,2,0,10,Pressure Drop,0.0,1
1/1/2025 8:06,22,75.43,44.76,69.06,1.36,1.6,2,0,472,Normal,0.0,1
1/1/2025 8:07,29,62.76,31.73,74.08,4.06,4.25,1,0,295,Normal,0.0,0
1/1/2025 8:08,14,74.51,52.18,69.51,1.28,3.71,1,0,288,Normal,0.0,0
1/1/2025 8:09,28,79.63,51.09,44.36,1.44,0.77,1,0,127,Normal,0.0,0
1/1/2025 8:10,5,71.26,70.15,49.15,4.42,4.56,1,0,339,Normal,0.0,0
1/1/2025 8:11,47,84.47,69.72,78.04,3.29,1.37,1,0,392,Normal,0.0,0
1/1/2025 8:12,49,75.56,61.0,48.84,2.76,1.08,0,0,438,Normal,0.0,0
1/1/2025 8:13,30,73.7,31.76,56.78,2.87,0.65,1,0,326,Normal,0.0,0
1/1/2025 8:14,46,75.62,41.97,43.97,4.94,1.61,1,0,103,Normal,0.0,0
1/1/2025 8:15,5,69.59,43.21,51.63,3.22,1.45,1,0,140,Normal,0.0,0
1/1/2025 8:16,12,79.06,65.54,52.53,4.17,0.7,1,0,462,Normal,0.0,0
1/1/2025 8:17,16,66.43,67.49,44.36,4.5,2.41,0,0,20,Normal,0.0,0
1/1/2025 8:18,26,98.89,52.62,52.41,4.1,4.78,1,1,10,Normal,1.0,1
1/1/2025 8:19,26,95.29,28.36,55.05,1.65,4.65,1,1,43,Normal,1.0,1
1/1/2025 8:20,48,74.23,68.39,43.59,4.29,3.59,1,0,201,Normal,0.0,0
1/1/2025 8:21,21,80.7,28.2,68.33,4.03,0.93,1,0,237,Normal,0.0,0
1/1/2025 8:22,39,81.02,43.96,34.51,1.71,3.97,0,0,408,Normal,0.0,0
1/1/2025 8:23,36,80.95,61.92,51.26,2.98,0.99,1,0,319,Normal,0.0,0
1/1/2025 8:24,33,81.85,67.96,67.38,3.4,3.33,1,0,74,Normal,0.0,0
1/1/2025 8:25,30,82.56,52.41,53.19,3.35,4.34,1,0,415,Normal,0.0,0
1/1/2025 8:26,37,81.93,45.49,53.48,2.97,2.26,1,0,49,Normal,0.0,0
1/1/2025 8:27,23,67.14,34.82,71.29,1.65,0.62,1,0,85,Normal,0.0,0
1/1/2025 8:28,10,79.45,39.96,46.72,4.51,4.5,1,0,319,Normal,0.0,0
1/1/2025 8:29,5,67.55,41.32,46.12,4.27,2.84,1,0,283,Normal,0.0,0
1/1/2025 8:30,36,80.23,32.63,49.43,4.38,4.18,1,0,451,Normal,0.0,0
1/1/2025 8:31,34,84.36,52.5,59.03,4.95,0.85,1,0,88,Normal,0.0,0
1/1/2025 8:32,31,78.75,33.99,65.7,4.72,2.18,1,0,212,Normal,0.0,0
1/1/2025 8:33,10,82.48,36.49,55.35,2.84,0.68,1,0,487,Normal,0.0,0
1/1/2025 8:34,19,77.2,25.88,35.33,3.21,3.79,1,0,264,Normal,0.0,0
1/1/2025 8:35,32,93.49,60.54,40.16,2.16,1.5,1,1,20,Normal,1.0,1
1/1/2025 8:36,1,79.11,47.71,53.98,3.19,4.34,1,0,87,Normal,0.0,0
1/1/2025 8:37,5,65.81,52.13,43.03,1.15,1.32,0,0,50,Normal,0.0,0
1/1/2025 8:38,45,70.14,52.67,64.39,1.5,0.86,1,0,145,Normal,0.0,0
1/1/2025 8:39,4,79.34,40.65,72.48,2.37,3.54,1,0,100,Normal,0.0,0
1/1/2025 8:40,16,88.13,34.61,77.31,4.94,4.7,1,0,294,Normal,0.0,0
1/1/2025 8:41,24,79.02,76.55,32.37,1.77,2.57,1,0,280,Normal,0.0,0
1/1/2025 8:42,16,77.26,44.39,68.27,1.52,3.02,2,0,141,Pressure Drop,0.0,1
1/1/2025 8:43,2,63.82,40.76,51.04,3.54,2.68,1,0,467,Normal,0.0,0
1/1/2025 8:44,49,93.96,93.57,41.08,1.37,2.65,2,1,2,Normal,1.0,1
1/1/2025 8:45,28,61.72,40.46,47.1,2.38,2.22,2,0,17,Normal,0.0,1
1/1/2025 8:46,32,59.54,47.41,59.38,3.34,2.22,1,0,49,Normal,0.0,0
1/1/2025 8:47,27,70.3,37.57,30.61,2.09,4.51,1,0,225,Normal,0.0,0
1/1/2025 8:48,20,80.93,67.23,45.21,2.22,1.48,0,0,184,Normal,0.0,0
1/1/2025 8:49,24,71.0,41.48,76.1,1.44,2.52,1,0,248,Normal,0.0,0
1/1/2025 8:50,12,68.84,56.17,73.32,4.31,1.73,1,0,238,Normal,0.0,0
1/1/2025 8:51,50,66.78,62.93,73.18,4.32,4.82,2,0,240,Vibration Issue,0.0,1
1/1/2025 8:52,35,92.68,57.24,62.35,4.37,4.5,1,1,44,Normal,1.0,1
1/1/2025 8:53,33,78.35,33.98,62.5,3.64,1.29,2,0,99,Vibration Issue,0.0,1
1/1/2025 8:54,33,83.96,63.79,51.77,2.29,2.47,1,0,221,Normal,0.0,0
1/1/2025 8:55,43,95.57,55.86,70.65,3.72,4.48,1,1,13,Normal,1.0,1
1/1/2025 8:56,37,95.25,50.56,61.96,4.39,2.62,1,1,30,Normal,1.0,1
1/1/2025 8:57,12,66.02,52.64,51.9,3.5,2.3,1,0,433,Normal,0.0,0
1/1/2025 8:58,3,77.5,27.52,76.28,1.04,1.39,2,0,373,Vibration Issue,0.0,1
1/1/2025 8:59,1,82.87,79.72,60.91,1.09,2.03,2,0,41,Pressure Drop,0.0,1
1/1/2025 9:00,33,76.08,71.79,65.44,2.08,0.87,1,0,244,Normal,0.0,0
1/1/2025 9:01,40,68.24,68.23,36.93,4.69,2.25,1,0,418,Normal,0.0,0
1/1/2025 9:02,10,48.33,47.26,48.48,1.98,1.13,1,0,291,Normal,0.0,0
1/1/2025 9:03,43,88.46,50.43,69.69,3.02,1.28,1,0,76,Normal,0.0,0
1/1/2025 9:04,44,93.48,64.96,64.91,4.15,4.18,1,1,2,Normal,1.0,1
1/1/2025 9:05,29,82.37,54.4,79.13,1.55,2.86,1,0,103,Normal,0.0,0
1/1/2025 9:06,13,74.76,34.71,70.99,2.68,0.9,2,0,444,Pressure Drop,0.0,1
1/1/2025 9:07,12,69.47,32.14,65.21,1.17,4.57,1,0,239,Normal,0.0,0
1/1/2025 9:08,31,76.3,30.12,60.39,4.89,3.16,1,0,11,Normal,0.0,1
1/1/2025 9:09,46,88.36,35.88,56.97,1.13,4.07,1,0,141,Normal,0.0,0
1/1/2025 9:10,2,80.52,39.03,79.17,3.85,1.24,1,0,442,Normal,0.0,0
1/1/2025 9:11,50,53.23,49.54,73.81,1.08,3.12,1,0,30,Normal,0.0,0
1/1/2025 9:12,35,91.04,69.96,49.49,2.26,3.66,1,1,33,Normal,1.0,1
1/1/2025 9:13,23,81.79,41.19,52.61,2.74,1.34,1,0,34,Normal,0.0,0
1/1/2025 9:14,17,64.28,60.65,75.46,3.43,1.21,1,0,481,Normal,0.0,0
1/1/2025 9:15,26,80.92,49.3,54.73,3.27,1.17,1,0,492,Normal,0.0,0
1/1/2025 9:16,8,77.08,43.71,56.32,2.5,4.85,2,0,482,Overheating,0.0,1
1/1/2025 9:17,29,77.04,57.12,50.96,4.15,1.25,0,0,54,Normal,0.0,0
1/1/2025 9:18,26,64.92,46.22,62.87,4.85,3.93,1,0,91,Normal,0.0,0
1/1/2025 9:19,10,72.39,52.92,74.31,1.04,2.18,1,0,190,Normal,0.0,0
1/1/2025 9:20,26,58.88,16.73,70.21,1.27,4.92,1,0,88,Normal,0.0,0
1/1/2025 9:21,34,87.26,44.39,49.31,4.11,4.93,0,0,401,Normal,0.0,0
1/1/2025 9:22,41,66.43,57.09,51.46,3.11,1.37,0,0,82,Normal,0.0,0
1/1/2025 9:23,7,86.22,64.3,35.47,1.29,0.55,0,0,339,Normal,0.0,0
1/1/2025 9:24,4,81.14,68.33,51.59,1.23,3.62,1,0,88,Normal,0.0,0
1/1/2025 9:25,50,71.04,72.22,53.39,3.29,4.32,1,0,59,Normal,0.0,0
1/1/2025 9:26,45,67.51,58.16,74.4,1.26,4.97,1,0,450,Normal,0.0,0
1/1/2025 9:27,11,77.09,59.07,72.69,4.73,2.75,1,0,459,Normal,0.0,0
1/1/2025 9:28,29,85.85,42.23,77.5,3.71,2.99,1,0,416,Normal,0.0,0
1/1/2025 9:29,36,83.13,55.93,58.97,3.77,3.13,1,0,367,Normal,0.0,0
1/1/2025 9:30,25,80.65,67.25,40.05,3.42,2.6,1,0,368,Normal,0.0,0
1/1/2025 9:31,21,73.37,78.22,30.97,3.25,3.59,1,0,295,Normal,0.0,0
1/1/2025 9:32,36,83.16,36.11,54.75,4.93,3.38,1,0,88,Normal,0.0,0
1/1/2025 9:33,10,59.57,45.36,47.92,4.89,2.2,1,0,363,Normal,0.0,0
1/1/2025 9:34,37,77.46,55.81,52.76,1.52,4.42,2,0,238,Overheating,0.0,1
1/1/2025 9:35,9,75.09,50.45,72.08,2.97,0.88,1,0,407,Normal,0.0,0
1/1/2025 9:36,24,62.76,27.86,64.9,3.36,1.6,1,0,239,Normal,0.0,0
1/1/2025 9:37,35,71.5,62.59,55.29,4.17,3.91,1,0,254,Normal,0.0,0
1/1/2025 9:38,49,91.92,39.21,49.46,2.74,1.82,1,1,29,Normal,1.0,1
1/1/2025 9:39,35,80.71,43.51,68.91,3.96,1.54,1,0,437,Normal,0.0,0
1/1/2025 9:40,48,84.39,27.31,33.82,4.28,4.71,1,0,490,Normal,0.0,0
1/1/2025 9:41,36,70.54,23.54,58.76,4.21,1.52,1,0,183,Normal,0.0,0
1/1/2025 9:42,18,58.2,58.75,51.54,3.31,0.95,0,0,233,Normal,0.0,0
1/1/2025 9:43,49,90.01,29.92,69.22,3.9,4.48,1,1,19,Normal,1.0,1
1/1/2025 9:44,39,67.67,46.97,56.59,4.77,2.14,1,0,116,Normal,0.0,0
1/1/2025 9:45,32,71.7,58.99,45.64,1.3,2.42,1,0,64,Normal,0.0,0
1/1/2025 9:46,24,61.51,59.22,42.67,1.37,3.96,1,0,293,Normal,0.0,0
1/1/2025 9:47,23,88.92,25.74,55.18,4.49,2.53,2,0,207,Normal,0.0,1
1/1/2025 9:48,32,78.31,59.64,74.32,2.87,2.89,1,0,294,Normal,0.0,0
1/1/2025 9:49,37,73.68,35.9,76.76,1.25,1.73,1,0,32,Normal,0.0,0
1/1/2025 9:50,12,81.13,67.0,63.76,4.83,2.52,1,0,227,Normal,0.0,0
1/1/2025 9:51,49,71.3,64.66,45.1,2.98,4.09,1,0,485,Normal,0.0,0
1/1/2025 9:52,13,68.95,45.05,79.8,2.47,4.2,0,0,329,Normal,0.0,0
1/1/2025 9:53,23,63.19,54.05,50.18,4.96,4.8,1,0,412,Normal,0.0,0
1/1/2025 9:54,25,61.91,39.11,46.05,1.82,2.19,1,0,185,Normal,0.0,0
1/1/2025 9:55,35,85.71,58.37,51.93,1.69,1.95,1,0,121,Normal,0.0,0
1/1/2025 9:56,41,87.68,56.16,69.72,1.95,3.01,1,0,424,Normal,0.0,0
1/1/2025 9:57,30,58.04,46.78,63.17,1.31,4.08,0,0,341,Normal,0.0,0
1/1/2025 9:58,17,74.49,76.5,32.85,2.4,2.17,0,0,109,Normal,0.0,0
1/1/2025 9:59,49,76.06,23.51,41.13,2.69,3.89,1,0,429,Normal,0.0,0
1/1/2025 10:00,20,68.5,45.1,58.4,1.89,1.64,1,0,411,Normal,0.0,0
1/1/2025 10:01,48,66.85,40.79,77.97,3.23,2.79,1,0,81,Normal,0.0,0
1/1/2025 10:02,25,76.01,37.47,32.26,3.0,4.95,0,0,409,Normal,0.0,0
1/1/2025 10:03,22,68.03,44.49,34.8,4.58,2.12,1,0,385,Normal,0.0,0
1/1/2025 10:04,13,75.32,22.72,31.78,1.02,2.65,1,0,215,Normal,0.0,0
1/1/2025 10:05,19,64.2,25.54,30.28,4.0,1.88,1,0,272,Normal,0.0,0
1/1/2025 10:06,49,69.16,48.38,78.65,1.74,3.78,1,0,136,Normal,0.0,0
1/1/2025 10:07,36,72.23,47.81,54.83,4.33,1.9,1,0,227,Normal,0.0,0
1/1/2025 10:08,12,71.66,48.06,72.78,3.66,4.15,2,0,153,Pressure Drop,0.0,1
1/1/2025 10:09,41,86.46,19.75,37.54,4.44,0.51,1,0,295,Normal,0.0,0
1/1/2025 10:10,19,69.48,36.44,68.44,1.26,2.71,1,0,101,Normal,0.0,0
1/1/2025 10:11,12,84.43,48.93,30.75,1.34,2.49,1,0,107,Normal,0.0,0
1/1/2025 10:12,9,45.24,20.02,38.52,1.21,0.87,0,0,281,Normal,0.0,0
1/1/2025 10:13,7,75.02,36.47,37.36,1.55,4.55,0,0,249,Normal,0.0,0
1/1/2025 10:14,28,54.05,56.34,53.7,3.51,1.51,1,0,347,Normal,0.0,0
1/1/2025 10:15,14,87.33,50.43,66.86,1.15,2.54,0,0,130,Normal,0.0,0
1/1/2025 10:16,31,95.25,58.8,51.77,4.63,4.31,1,1,44,Normal,1.0,1
1/1/2025 10:17,19,74.64,53.31,77.56,1.17,2.65,1,0,279,Normal,0.0,0
1/1/2025 10:18,47,92.22,34.16,72.03,3.29,3.21,1,1,37,Normal,1.0,1
1/1/2025 10:19,16,67.03,46.88,30.23,1.16,3.71,1,0,385,Normal,0.0,0
1/1/2025 10:20,5,84.82,54.31,53.94,4.47,4.06,1,0,10,Normal,0.0,1
1/1/2025 10:21,35,83.46,21.38,49.68,2.35,2.7,1,0,322,Normal,0.0,0
1/1/2025 10:22,12,73.47,54.69,43.6,1.58,3.77,1,0,472,Normal,0.0,0
1/1/2025 10:23,25,74.91,52.64,52.85,2.58,4.11,1,0,254,Normal,0.0,0
1/1/2025 10:24,21,78.32,72.87,60.7,2.49,3.13,1,0,417,Normal,0.0,0
1/1/2025 10:25,36,77.06,16.8,73.13,3.1,3.54,2,0,343,Electrical Fault,0.0,1
1/1/2025 10:26,23,78.44,62.82,66.3,1.81,2.77,1,0,117,Normal,0.0,0
1/1/2025 10:27,16,96.39,60.39,41.63,1.52,2.8,1,1,30,Normal,1.0,1
1/1/2025 10:28,39,95.05,10.32,39.36,4.13,1.73,1,1,3,Normal,1.0,1
1/1/2025 10:29,45,83.48,37.94,56.43,1.23,3.18,0,0,268,Normal,0.0,0
1/1/2025 10:30,42,95.68,66.6,76.6,1.32,4.61,1,1,23,Normal,1.0,1
1/1/2025 10:31,39,64.04,46.91,66.55,2.5,2.73,1,0,322,Normal,0.0,0
1/1/2025 10:32,14,83.23,53.2,36.13,1.14,2.74,0,0,334,Normal,0.0,0
1/1/2025 10:33,31,83.62,34.8,30.42,3.71,1.14,1,0,374,Normal,0.0,0
1/1/2025 10:34,5,70.88,65.02,72.48,3.39,2.43,1,0,310,Normal,0.0,0
1/1/2025 10:35,35,96.56,54.57,72.51,3.95,4.26,1,1,19,Normal,1.0,1
1/1/2025 10:36,23,91.18,37.27,48.21,1.53,1.24,1,1,14,Normal,1.0,1
1/1/2025 10:37,29,80.36,61.86,66.74,3.27,4.25,1,0,261,Normal,0.0,0
1/1/2025 10:38,43,67.92,68.37,79.63,2.2,4.78,1,0,496,Normal,0.0,0
1/1/2025 10:39,11,59.64,53.75,46.06,1.54,1.49,1,0,405,Normal,0.0,0
1/1/2025 10:40,18,64.67,78.75,45.52,1.67,1.86,0,0,373,Normal,0.0,0
1/1/2025 10:41,47,91.39,41.25,40.37,2.02,2.19,1,1,35,Normal,1.0,1
1/1/2025 10:42,12,72.27,63.02,69.5,3.71,3.71,1,0,476,Normal,0.0,0
1/1/2025 10:43,9,86.53,50.65,49.45,4.3,1.77,1,0,190,Normal,0.0,0
1/1/2025 10:44,10,78.65,26.2,65.15,3.55,4.19,0,0,155,Normal,0.0,0
1/1/2025 10:45,44,54.75,51.51,51.86,2.3,2.85,1,0,401,Normal,0.0,0
1/1/2025 10:46,17,72.39,55.62,42.12,1.29,3.02,1,0,463,Normal,0.0,0
1/1/2025 10:47,38,65.42,44.37,32.85,2.69,2.42,1,0,385,Normal,0.0,0
1/1/2025 10:48,7,83.33,32.9,62.48,2.58,0.69,1,0,65,Normal,0.0,0
1/1/2025 10:49,46,83.88,40.05,70.78,2.28,3.83,1,0,453,Normal,0.0,0
1/1/2025 10:50,13,73.15,58.89,74.5,4.77,2.19,1,0,158,Normal,0.0,0
1/1/2025 10:51,40,90.41,43.01,30.55,3.02,0.64,1,1,10,Normal,1.0,1
1/1/2025 10:52,42,85.82,38.82,47.26,1.7,0.91,1,0,312,Normal,0.0,0
1/1/2025 10:53,9,70.72,48.33,75.0,2.31,0.81,1,0,190,Normal,0.0,0
1/1/2025 10:54,50,80.46,27.15,78.62,4.42,1.71,1,0,248,Normal,0.0,0
1/1/2025 10:55,27,67.08,49.65,74.4,1.62,4.37,1,0,75,Normal,0.0,0
1/1/2025 10:56,2,71.64,45.07,69.42,1.57,4.01,0,0,300,Normal,0.0,0
1/1/2025 10:57,5,81.09,49.53,39.52,1.78,1.78,1,0,480,Normal,0.0,0
1/1/2025 10:58,29,75.59,23.97,32.29,1.34,2.77,0,0,180,Normal,0.0,0
1/1/2025 10:59,37,60.83,43.7,60.89,4.8,1.04,1,0,450,Normal,0.0,0
1/1/2025 11:00,38,79.16,51.17,53.46,4.48,1.71,1,0,206,Normal,0.0,0
1/1/2025 11:01,19,71.81,52.69,58.81,4.72,2.44,0,0,105,Normal,0.0,0
1/1/2025 11:02,8,67.03,51.06,65.02,2.96,2.09,1,0,25,Normal,0.0,0
1/1/2025 11:03,48,64.05,43.18,48.17,3.47,2.16,1,0,323,Normal,0.0,0
1/1/2025 11:04,45,73.07,44.36,47.99,3.04,3.76,1,0,170,Normal,0.0,0
1/1/2025 11:05,1,77.55,71.51,65.54,3.38,3.69,1,0,463,Normal,0.0,0
1/1/2025 11:06,22,72.69,56.1,33.44,1.83,1.32,0,0,402,Normal,0.0,0
1/1/2025 11:07,17,78.06,31.07,77.81,4.04,4.39,1,0,474,Normal,0.0,0
1/1/2025 11:08,7,72.38,50.88,34.82,4.48,4.33,1,0,287,Normal,0.0,0
1/1/2025 11:09,25,80.91,73.9,67.66,1.74,2.0,1,0,302,Normal,0.0,0
1/1/2025 11:10,45,73.53,65.87,46.32,3.03,2.86,1,0,482,Normal,0.0,0
1/1/2025 11:11,4,58.64,45.21,50.2,4.46,1.52,1,0,291,Normal,0.0,0
1/1/2025 11:12,36,63.01,36.83,74.89,1.36,4.0,1,0,112,Normal,0.0,0
1/1/2025 11:13,6,69.74,39.78,61.59,4.68,0.93,1,0,358,Normal,0.0,0
1/1/2025 11:14,31,87.6,48.09,54.19,4.76,4.97,1,0,13,Normal,0.0,1
1/1/2025 11:15,19,65.45,49.84,56.87,1.7,2.53,1,0,451,Normal,0.0,0
1/1/2025 11:16,44,78.93,55.82,53.24,3.91,3.08,1,0,98,Normal,0.0,0
1/1/2025 11:17,39,79.07,33.64,63.22,2.35,2.27,0,0,446,Normal,0.0,0
1/1/2025 11:18,27,62.83,64.62,51.31,2.57,1.28,1,0,286,Normal,0.0,0
1/1/2025 11:19,10,72.3,41.67,31.1,4.58,4.34,1,0,175,Normal,0.0,0
1/1/2025 11:20,26,76.55,53.82,52.69,4.77,4.52,1,0,280,Normal,0.0,0
1/1/2025 11:21,19,72.2,64.55,42.63,4.92,4.29,1,0,20,Normal,0.0,0
1/1/2025 11:22,39,80.67,45.28,76.66,3.16,1.14,1,0,91,Normal,0.0,0
1/1/2025 11:23,3,80.29,59.12,64.01,4.66,2.87,0,0,132,Normal,0.0,0
1/1/2025 11:24,45,77.12,41.63,75.2,4.78,1.88,1,0,29,Normal,0.0,0
1/1/2025 11:25,13,84.18,47.16,65.81,3.93,3.7,1,0,234,Normal,0.0,0
1/1/2025 11:26,50,74.96,66.4,36.47,2.42,2.18,1,0,217,Normal,0.0,0
1/1/2025 11:27,28,76.13,43.65,33.62,2.96,3.39,1,0,447,Normal,0.0,0
1/1/2025 11:28,20,77.83,62.37,77.86,4.75,2.71,1,0,413,Normal,0.0,0
1/1/2025 11:29,28,64.02,37.48,75.56,4.07,4.36,1,0,249,Normal,0.0,0
1/1/2025 11:30,8,80.8,35.87,70.77,4.05,2.74,1,0,117,Normal,0.0,0
1/1/2025 11:31,41,68.87,55.12,63.18,2.43,3.89,1,0,348,Normal,0.0,0
1/1/2025 11:32,39,72.87,32.45,74.81,1.18,4.95,1,0,183,Normal,0.0,0
1/1/2025 11:33,1,80.47,48.66,45.88,4.98,0.71,1,0,129,Normal,0.0,0
1/1/2025 11:34,3,79.47,40.69,48.69,3.82,1.01,1,0,392,Normal,0.0,0
1/1/2025 11:35,13,60.79,38.19,68.3,4.66,3.78,1,0,366,Normal,0.0,0
1/1/2025 11:36,28,60.88,57.31,48.04,1.03,2.45,1,0,451,Normal,0.0,0
1/1/2025 11:37,49,65.04,57.97,75.64,2.0,1.15,1,0,231,Normal,0.0,0
1/1/2025 11:38,25,77.01,43.73,34.39,3.2,4.17,1,0,19,Normal,0.0,1
1/1/2025 11:39,33,88.07,58.56,76.1,3.66,1.07,1,0,147,Normal,0.0,0
1/1/2025 11:40,38,70.18,65.85,52.01,4.22,1.69,1,0,51,Normal,0.0,0
1/1/2025 11:41,6,65.58,67.4,34.08,4.18,4.81,1,0,332,Normal,0.0,0
1/1/2025 11:42,44,65.63,39.09,41.11,3.25,1.4,2,0,279,Normal,0.0,1
1/1/2025 11:43,45,79.37,25.08,78.56,4.07,0.64,1,0,278,Normal,0.0,0
1/1/2025 11:44,32,85.75,59.03,76.15,3.38,2.24,1,0,215,Normal,0.0,0
1/1/2025 11:45,45,85.18,46.67,36.08,2.93,3.65,0,0,476,Normal,0.0,0
1/1/2025 11:46,47,68.25,50.64,42.52,2.38,0.9,1,0,352,Normal,0.0,0
1/1/2025 11:47,21,59.83,51.22,57.82,3.37,1.07,1,0,264,Normal,0.0,0
1/1/2025 11:48,16,75.84,42.91,69.99,3.46,4.47,1,0,277,Normal,0.0,0
1/1/2025 11:49,21,89.82,78.01,31.13,4.59,2.77,1,0,83,Normal,0.0,0
1/1/2025 11:50,11,79.32,54.16,78.41,3.9,4.93,1,0,277,Normal,0.0,0
1/1/2025 11:51,37,61.42,55.58,65.65,3.85,2.54,1,0,129,Normal,0.0,0
1/1/2025 11:52,36,74.33,50.71,44.95,3.66,2.07,1,0,437,Normal,0.0,0
1/1/2025 11:53,35,64.9,63.76,56.11,3.82,2.85,1,0,398,Normal,0.0,0
1/1/2025 11:54,19,78.3,34.9,77.82,4.68,2.14,1,0,290,Normal,0.0,0
1/1/2025 11:55,20,74.57,40.96,59.8,2.79,0.95,1,0,458,Normal,0.0,0
1/1/2025 11:56,18,72.27,50.5,43.93,2.44,2.37,1,0,480,Normal,0.0,0
1/1/2025 11:57,47,68.69,66.29,70.88,1.78,1.79,1,0,478,Normal,0.0,0
1/1/2025 11:58,41,79.26,51.71,38.86,1.2,1.05,1,0,54,Normal,0.0,0
1/1/2025 11:59,49,86.94,37.27,54.06,2.58,3.15,1,0,399,Normal,0.0,0
1/1/2025 12:00,14,91.18,71.43,49.57,2.78,1.02,1,1,8,Normal,1.0,1
1/1/2025 12:01,15,79.13,38.93,70.07,1.75,1.43,1,0,423,Normal,0.0,0
1/1/2025 12:02,31,87.71,51.59,39.92,1.15,3.63,1,0,237,Normal,0.0,0
1/1/2025 12:03,1,64.89,46.14,30.52,2.77,4.8,1,0,184,Normal,0.0,0
1/1/2025 12:04,3,71.65,49.86,61.17,1.83,1.43,1,0,214,Normal,0.0,0
1/1/2025 12:05,16,65.42,33.59,49.42,1.29,3.76,1,0,66,Normal,0.0,0
1/1/2025 12:06,23,70.12,56.25,46.83,1.75,3.57,1,0,316,Normal,0.0,0
1/1/2025 12:07,11,64.74,58.69,71.63,3.1,2.89,1,0,422,Normal,0.0,0
1/1/2025 12:08,12,91.29,57.8,62.66,2.47,1.63,1,1,32,Normal,1.0,1
1/1/2025 12:09,10,71.27,46.65,68.63,4.86,1.01,1,0,306,Normal,0.0,0
1/1/2025 12:10,32,73.59,69.48,56.14,2.03,4.29,1,0,431,Normal,0.0,0
1/1/2025 12:11,16,59.54,52.94,61.21,4.88,3.54,1,0,46,Normal,0.0,0
1/1/2025 12:12,8,54.93,66.1,64.96,3.65,4.2,1,0,362,Normal,0.0,0
1/1/2025 12:13,38,92.0,53.3,61.3,3.11,3.9,1,1,1,Normal,1.0,1
1/1/2025 12:14,12,72.61,57.88,68.31,1.39,1.22,1,0,145,Normal,0.0,0
1/1/2025 12:15,24,97.94,56.19,53.36,2.92,1.57,0,1,27,Normal,1.0,1
1/1/2025 12:16,28,73.5,39.83,49.98,3.73,0.61,1,0,366,Normal,0.0,0
1/1/2025 12:17,8,62.56,67.52,42.79,3.33,0.79,1,0,32,Normal,0.0,0
1/1/2025 12:18,28,75.22,53.17,30.33,4.66,0.89,0,0,374,Normal,0.0,0
1/1/2025 12:19,36,75.74,57.73,69.06,4.39,4.73,1,0,223,Normal,0.0,0
1/1/2025 12:20,26,76.44,47.14,48.09,2.39,1.1,1,0,210,Normal,0.0,0
1/1/2025 12:21,8,74.3,36.43,34.3,1.01,1.95,1,0,263,Normal,0.0,0
1/1/2025 12:22,50,59.86,9.22,52.25,4.12,3.52,1,0,25,Normal,0.0,0
1/1/2025 12:23,28,59.65,50.23,75.21,2.12,1.06,1,0,263,Normal,0.0,0
1/1/2025 12:24,28,86.64,64.2,50.89,2.65,3.57,1,0,22,Normal,0.0,0
1/1/2025 12:25,37,94.67,63.2,72.88,3.78,1.84,1,1,34,Normal,1.0,1
1/1/2025 12:26,41,72.13,62.47,39.07,4.76,0.72,2,0,341,Overheating,0.0,1
1/1/2025 12:27,36,56.71,17.95,79.01,4.23,4.28,1,0,240,Normal,0.0,0
1/1/2025 12:28,27,87.04,54.08,54.84,3.07,2.34,1,0,250,Normal,0.0,0
1/1/2025 12:29,17,66.52,29.03,43.0,4.52,2.47,1,0,91,Normal,0.0,0
1/1/2025 12:30,9,78.48,64.39,73.34,2.57,3.79,1,0,35,Normal,0.0,0
1/1/2025 12:31,33,69.76,47.17,79.68,2.04,2.99,0,0,75,Normal,0.0,0
1/1/2025 12:32,20,70.06,76.89,43.35,4.56,4.84,1,0,254,Normal,0.0,0
1/1/2025 12:33,13,66.37,54.08,43.41,3.84,2.09,2,0,473,Overheating,0.0,1
1/1/2025 12:34,28,88.97,67.24,78.34,2.37,3.5,1,0,204,Normal,0.0,0
1/1/2025 12:35,48,79.52,53.36,65.06,2.17,3.75,1,0,29,Normal,0.0,0
1/1/2025 12:36,29,78.31,55.15,56.67,1.51,1.44,1,0,97,Normal,0.0,0
1/1/2025 12:37,13,75.38,63.93,49.76,4.33,1.61,1,0,19,Normal,0.0,1
1/1/2025 12:38,46,78.85,50.05,41.76,1.04,2.27,1,0,363,Normal,0.0,0
1/1/2025 12:39,35,63.15,52.56,70.12,4.68,4.58,1,0,310,Normal,0.0,0
1/1/2025 12:40,6,80.23,60.36,58.35,4.03,2.9,1,0,342,Normal,0.0,0
1/1/2025 12:41,18,87.09,73.8,36.99,2.98,1.3,0,0,224,Normal,0.0,0
1/1/2025 12:42,5,77.2,35.78,56.52,2.43,4.08,1,0,357,Normal,0.0,0
1/1/2025 12:43,47,83.66,33.33,46.26,2.92,4.6,1,0,398,Normal,0.0,0
1/1/2025 12:44,25,70.93,56.49,72.89,4.71,2.32,1,0,456,Normal,0.0,0
1/1/2025 12:45,2,79.09,47.5,57.52,2.4,0.76,0,0,27,Normal,0.0,0
1/1/2025 12:46,10,71.13,60.31,54.46,4.34,1.73,1,0,289,Normal,0.0,0
1/1/2025 12:47,30,58.53,53.04,63.38,4.41,3.83,2,0,227,Overheating,0.0,1
1/1/2025 12:48,50,72.65,39.98,74.69,2.27,2.5,1,0,30,Normal,0.0,0
1/1/2025 12:49,45,86.26,63.71,69.01,4.59,1.8,1,0,323,Normal,0.0,0
1/1/2025 12:50,5,61.66,59.59,39.53,2.14,1.85,1,0,109,Normal,0.0,0
1/1/2025 12:51,33,91.32,33.41,53.38,1.55,2.96,1,1,13,Normal,1.0,1
1/1/2025 12:52,1,69.48,46.44,48.25,1.51,4.19,1,0,181,Normal,0.0,0
1/1/2025 12:53,18,80.63,65.13,77.82,4.89,2.01,1,0,134,Normal,0.0,0
1/1/2025 12:54,32,90.18,55.82,50.18,3.41,3.8,1,1,33,Normal,1.0,1
1/1/2025 12:55,47,93.28,42.57,55.06,2.43,4.43,1,1,13,Normal,1.0,1
1/1/2025 12:56,49,91.08,73.84,59.04,3.54,2.09,1,1,48,Normal,1.0,1
1/1/2025 12:57,11,67.41,74.19,42.81,4.89,2.78,1,0,68,Normal,0.0,0
1/1/2025 12:58,21,86.44,63.48,55.04,2.51,0.51,1,0,223,Normal,0.0,0
1/1/2025 12:59,26,69.07,64.31,36.21,2.62,0.94,2,0,469,Normal,0.0,1
1/1/2025 13:00,25,65.61,28.06,49.79,3.28,1.62,0,0,36,Normal,0.0,0
1/1/2025 13:01,22,69.13,24.3,79.73,3.95,3.19,0,0,174,Normal,0.0,0
1/1/2025 13:02,27,87.65,40.19,58.39,2.68,3.99,1,0,235,Normal,0.0,0
1/1/2025 13:03,49,70.3,50.1,61.78,4.89,3.77,1,0,112,Normal,0.0,0
1/1/2025 13:04,13,67.21,16.75,59.39,3.13,3.55,1,0,117,Normal,0.0,0
1/1/2025 13:05,33,91.01,65.69,32.19,2.29,3.68,0,1,46,Normal,1.0,1
1/1/2025 13:06,34,73.64,77.32,70.69,2.14,1.89,1,0,84,Normal,0.0,0
1/1/2025 13:07,41,81.54,42.66,42.37,3.7,0.52,2,0,364,Overheating,0.0,1
1/1/2025 13:08,35,65.59,58.97,36.64,3.93,4.92,1,0,197,Normal,0.0,0
1/1/2025 13:09,1,71.05,65.95,79.48,4.06,2.72,1,0,236,Normal,0.0,0
1/1/2025 13:10,21,72.98,59.9,66.81,2.09,4.04,1,0,13,Normal,0.0,1
1/1/2025 13:11,48,69.21,58.99,75.41,3.55,2.2,2,0,372,Overheating,0.0,1
1/1/2025 13:12,6,74.19,67.64,48.11,1.66,4.09,1,0,41,Normal,0.0,0
1/1/2025 13:13,28,66.11,68.57,52.63,2.1,1.05,2,0,352,Overheating,0.0,1
1/1/2025 13:14,17,74.24,47.92,50.66,4.91,4.27,1,0,338,Normal,0.0,0
1/1/2025 13:15,5,86.4,55.71,56.8,2.79,4.73,2,0,359,Pressure Drop,0.0,1
1/1/2025 13:16,31,58.27,75.63,75.85,5.0,1.13,1,0,355,Normal,0.0,0
1/1/2025 13:17,5,73.68,42.61,46.94,4.61,2.74,1,0,118,Normal,0.0,0
1/1/2025 13:18,38,70.19,57.82,78.22,1.71,4.95,1,0,336,Normal,0.0,0
1/1/2025 13:19,3,69.22,31.75,36.72,2.95,0.94,1,0,103,Normal,0.0,0
1/1/2025 13:20,23,94.53,36.11,66.57,2.49,4.83,0,1,35,Normal,1.0,1
1/1/2025 13:21,37,89.46,36.98,75.97,2.03,3.05,2,0,427,Electrical Fault,0.0,1
1/1/2025 13:22,37,70.1,45.05,61.35,2.3,3.5,1,0,15,Normal,0.0,1
1/1/2025 13:23,10,61.45,39.49,42.14,1.7,3.87,1,0,458,Normal,0.0,0
1/1/2025 13:24,10,90.21,57.19,46.74,4.74,4.07,2,1,16,Normal,1.0,1
1/1/2025 13:25,19,79.01,59.03,50.25,4.3,2.61,1,0,249,Normal,0.0,0
1/1/2025 13:26,17,63.45,37.88,61.06,2.95,1.99,0,0,90,Normal,0.0,0
1/1/2025 13:27,21,65.89,61.43,76.5,1.36,3.53,1,0,471,Normal,0.0,0
1/1/2025 13:28,14,76.05,26.9,38.04,4.28,2.02,2,0,241,Vibration Issue,0.0,1
1/1/2025 13:29,9,92.55,33.24,69.48,3.54,2.75,1,1,38,Normal,1.0,1
1/1/2025 13:30,46,71.32,45.93,54.78,2.85,3.76,1,0,277,Normal,0.0,0
1/1/2025 13:31,1,79.54,36.75,35.42,2.64,4.04,1,0,383,Normal,0.0,0
1/1/2025 13:32,45,69.09,55.19,65.43,1.24,4.63,1,0,245,Normal,0.0,0
1/1/2025 13:33,13,79.74,69.03,37.32,3.84,3.61,1,0,322,Normal,0.0,0
1/1/2025 13:34,4,58.7,63.48,39.53,3.09,2.41,2,0,429,Vibration Issue,0.0,1
1/1/2025 13:35,1,81.39,43.38,33.08,1.0,2.67,1,0,146,Normal,0.0,0
1/1/2025 13:36,49,77.42,45.0,54.13,2.48,0.99,1,0,234,Normal,0.0,0
1/1/2025 13:37,40,66.75,54.02,52.84,3.12,3.21,1,0,107,Normal,0.0,0
1/1/2025 13:38,32,41.49,49.29,74.26,3.45,1.96,1,0,19,Normal,0.0,1
1/1/2025 13:39,34,91.25,39.89,59.84,2.29,4.4,1,1,43,Normal,1.0,1
1/1/2025 13:40,28,57.6,59.84,40.48,2.28,3.8,1,0,453,Normal,0.0,0
1/1/2025 13:41,31,87.62,50.35,68.16,2.84,2.43,1,0,89,Normal,0.0,0
1/1/2025 13:42,8,66.74,33.57,45.18,4.72,2.95,1,0,15,Normal,0.0,1
1/1/2025 13:43,39,78.81,72.2,47.87,2.35,0.84,1,0,202,Normal,0.0,0
1/1/2025 13:44,26,81.15,52.98,77.23,3.55,3.39,2,0,128,Normal,0.0,1
1/1/2025 13:45,34,91.55,12.21,52.22,4.14,1.07,1,1,33,Normal,1.0,1
1/1/2025 13:46,3,64.16,60.53,39.76,3.25,1.07,0,0,150,Normal,0.0,0
1/1/2025 13:47,50,74.61,49.91,37.04,3.03,1.2,1,0,434,Normal,0.0,0
1/1/2025 13:48,12,65.36,46.2,48.63,2.84,3.45,1,0,315,Normal,0.0,0
1/1/2025 13:49,1,64.56,27.58,55.1,2.93,2.3,1,0,105,Normal,0.0,0
1/1/2025 13:50,44,75.93,69.83,75.78,2.29,3.83,1,0,271,Normal,0.0,0
1/1/2025 13:51,5,83.4,46.45,40.26,2.25,1.7,1,0,75,Normal,0.0,0
1/1/2025 13:52,30,99.86,14.9,54.25,4.35,0.74,1,1,18,Normal,1.0,1
1/1/2025 13:53,30,72.8,34.56,76.32,1.2,4.21,2,0,482,Overheating,0.0,1
1/1/2025 13:54,17,74.3,50.74,64.4,2.33,2.11,1,0,28,Normal,0.0,0
1/1/2025 13:55,48,74.95,51.21,36.54,4.62,0.99,1,0,339,Normal,0.0,0
1/1/2025 13:56,47,76.64,39.72,54.45,4.63,2.82,2,0,473,Normal,0.0,1
1/1/2025 13:57,23,77.52,58.04,39.5,2.24,1.67,1,0,392,Normal,0.0,0
1/1/2025 13:58,15,63.45,32.13,61.01,4.73,2.4,1,0,194,Normal,0.0,0
1/1/2025 13:59,37,47.46,48.77,61.74,2.34,0.65,1,0,71,Normal,0.0,0
1/1/2025 14:00,21,72.3,52.42,57.1,1.48,2.91,1,0,139,Normal,0.0,0
1/1/2025 14:01,14,94.61,36.08,38.47,4.72,4.58,1,1,2,Normal,1.0,1
1/1/2025 14:02,2,75.73,65.16,64.08,2.87,2.22,1,0,193,Normal,0.0,0
1/1/2025 14:03,11,73.67,67.97,65.17,2.49,3.45,1,0,148,Normal,0.0,0
1/1/2025 14:04,39,74.78,51.17,46.91,1.01,2.44,1,0,222,Normal,0.0,0
1/1/2025 14:05,38,68.01,53.42,57.81,3.73,2.7,1,0,197,Normal,0.0,0
1/1/2025 14:06,34,74.01,62.75,32.98,3.33,2.9,1,0,422,Normal,0.0,0
1/1/2025 14:07,38,75.45,56.71,67.3,3.65,2.56,1,0,70,Normal,0.0,0
1/1/2025 14:08,50,75.4,49.11,47.37,3.8,2.46,1,0,437,Normal,0.0,0
1/1/2025 14:09,34,76.12,63.09,53.81,4.04,4.27,0,0,348,Normal,0.0,0
1/1/2025 14:10,18,76.03,75.4,47.04,1.79,3.65,1,0,121,Normal,0.0,0
1/1/2025 14:11,30,74.38,46.71,76.98,3.78,3.82,1,0,105,Normal,0.0,0
1/1/2025 14:12,15,86.36,44.02,52.7,4.86,2.34,1,0,377,Normal,0.0,0
1/1/2025 14:13,27,93.94,68.78,55.78,2.73,4.09,1,1,35,Normal,1.0,1
1/1/2025 14:14,34,58.11,40.35,72.54,4.18,2.2,1,0,246,Normal,0.0,0
1/1/2025 14:15,38,69.44,33.78,64.99,4.82,1.03,1,0,208,Normal,0.0,0
1/1/2025 14:16,33,52.81,48.08,59.95,2.79,1.65,1,0,221,Normal,0.0,0
1/1/2025 14:17,24,79.98,64.64,60.91,3.16,4.79,1,0,303,Normal,0.0,0
1/1/2025 14:18,15,87.47,75.27,43.09,3.24,1.45,1,0,346,Normal,0.0,0
1/1/2025 14:19,30,76.11,52.17,70.57,3.57,4.61,2,0,469,Vibration Issue,0.0,1
1/1/2025 14:20,42,76.22,53.73,32.92,1.46,0.81,1,0,251,Normal,0.0,0
1/1/2025 14:21,17,69.24,53.48,75.09,2.48,4.8,1,0,291,Normal,0.0,0
1/1/2025 14:22,5,76.88,48.76,36.46,4.5,1.91,1,0,462,Normal,0.0,0
1/1/2025 14:23,29,74.25,50.81,35.42,3.78,4.19,2,0,296,Vibration Issue,0.0,1
1/1/2025 14:24,4,85.84,59.66,74.96,1.43,3.97,1,0,496,Normal,0.0,0
1/1/2025 14:25,10,95.4,63.37,64.04,1.9,3.99,1,1,24,Normal,1.0,1
1/1/2025 14:26,17,90.58,81.83,46.43,3.0,0.97,1,1,26,Normal,1.0,1
1/1/2025 14:27,10,97.66,64.69,50.91,4.08,2.49,1,1,47,Normal,1.0,1
1/1/2025 14:28,17,81.54,54.89,51.29,3.4,1.42,2,0,316,Normal,0.0,1
1/1/2025 14:29,20,78.37,48.19,30.3,3.37,0.75,1,0,59,Normal,0.0,0
1/1/2025 14:30,24,74.84,26.5,40.87,1.76,1.78,0,0,394,Normal,0.0,0
1/1/2025 14:31,5,78.72,15.9,36.29,3.61,3.45,1,0,245,Normal,0.0,0
1/1/2025 14:32,34,78.38,39.26,38.64,4.45,4.33,1,0,355,Normal,0.0,0
1/1/2025 14:33,6,88.24,80.9,48.63,1.34,1.51,1,1,9,Normal,1.0,1
1/1/2025 14:34,2,73.23,53.56,49.28,1.93,3.34,1,0,417,Normal,0.0,0
1/1/2025 14:35,13,64.54,36.31,60.01,4.26,2.65,1,0,265,Normal,0.0,0
1/1/2025 14:36,43,74.7,54.51,79.87,1.46,1.4,1,0,90,Normal,0.0,0
1/1/2025 14:37,43,65.77,39.28,71.51,3.48,4.33,0,0,386,Normal,0.0,0
1/1/2025 14:38,48,72.86,64.84,45.06,1.53,3.74,1,0,226,Normal,0.0,0
1/1/2025 14:39,11,57.76,91.87,53.46,1.91,3.83,1,1,25,Normal,1.0,1
1/1/2025 14:40,47,75.36,47.32,56.7,2.45,2.33,1,0,212,Normal,0.0,0
1/1/2025 14:41,23,66.18,47.81,63.92,1.74,1.27,2,0,235,Normal,0.0,1
1/1/2025 14:42,16,82.45,47.73,51.28,3.93,1.69,1,0,175,Normal,0.0,0
1/1/2025 14:43,31,71.22,62.35,71.9,1.59,2.42,2,0,378,Vibration Issue,0.0,1
1/1/2025 14:44,11,55.85,34.71,68.64,4.98,1.6,1,0,300,Normal,0.0,0
1/1/2025 14:45,16,70.94,46.92,68.95,3.17,4.4,1,0,220,Normal,0.0,0
1/1/2025 14:46,8,74.17,38.69,51.74,4.75,3.38,1,0,394,Normal,0.0,0
1/1/2025 14:47,4,78.33,46.09,74.83,1.49,3.77,1,0,304,Normal,0.0,0
1/1/2025 14:48,40,80.31,72.86,62.41,4.08,0.51,1,0,337,Normal,0.0,0
1/1/2025 14:49,4,66.94,35.88,40.04,2.98,4.9,1,0,241,Normal,0.0,0
1/1/2025 14:50,25,67.38,69.32,51.55,2.03,4.11,1,0,464,Normal,0.0,0
1/1/2025 14:51,3,74.71,44.38,54.1,2.11,2.7,1,0,174,Normal,0.0,0
1/1/2025 14:52,32,78.04,43.43,35.56,4.26,4.0,0,0,44,Normal,0.0,0
1/1/2025 14:53,3,79.73,45.23,46.76,3.21,4.02,1,0,384,Normal,0.0,0
1/1/2025 14:54,27,84.51,76.79,76.97,1.19,4.92,1,0,457,Normal,0.0,0
1/1/2025 14:55,29,58.24,56.12,72.86,2.99,3.02,1,0,354,Normal,0.0,0
1/1/2025 14:56,32,84.7,29.39,35.61,1.07,0.96,1,0,209,Normal,0.0,0
1/1/2025 14:57,50,83.19,62.32,76.28,3.66,3.82,1,0,120,Normal,0.0,0
1/1/2025 14:58,19,83.5,44.96,45.79,1.84,1.1,1,0,425,Normal,0.0,0
1/1/2025 14:59,21,72.78,53.53,54.9,4.16,2.43,1,0,274,Normal,0.0,0
1/1/2025 15:00,5,77.55,31.82,30.37,2.92,2.89,1,0,314,Normal,0.0,0
1/1/2025 15:01,18,79.93,29.6,65.67,3.3,1.44,1,0,207,Normal,0.0,0
1/1/2025 15:02,28,73.16,53.22,75.96,4.28,4.07,0,0,379,Normal,0.0,0
1/1/2025 15:03,42,84.51,42.22,67.27,1.67,2.74,1,0,332,Normal,0.0,0
1/1/2025 15:04,22,63.18,47.03,60.69,2.24,3.33,0,0,156,Normal,0.0,0
1/1/2025 15:05,21,82.2,51.01,53.83,3.65,0.68,1,0,370,Normal,0.0,0
1/1/2025 15:06,6,79.95,36.95,71.55,3.55,3.16,2,0,94,Electrical Fault,0.0,1
1/1/2025 15:07,1,90.2,82.44,61.63,2.55,1.69,1,1,32,Normal,1.0,1
1/1/2025 15:08,5,94.39,74.31,74.95,3.1,3.58,1,1,20,Normal,1.0,1
1/1/2025 15:09,41,73.08,66.84,42.03,4.54,2.65,1,0,14,Normal,0.0,1
1/1/2025 15:10,12,90.38,64.09,54.17,2.39,1.66,1,1,26,Normal,1.0,1
1/1/2025 15:11,26,78.03,58.07,54.5,2.08,4.13,1,0,83,Normal,0.0,0
1/1/2025 15:12,46,78.32,45.79,66.43,2.88,1.56,1,0,110,Normal,0.0,0
1/1/2025 15:13,34,78.95,46.37,59.51,1.11,4.43,1,0,411,Normal,0.0,0
1/1/2025 15:14,49,61.62,54.7,73.38,3.52,3.69,0,0,53,Normal,0.0,0
1/1/2025 15:15,14,86.35,51.2,78.34,3.92,4.49,1,0,35,Normal,0.0,0
1/1/2025 15:16,26,61.12,31.3,79.85,3.07,4.16,1,0,24,Normal,0.0,0
1/1/2025 15:17,45,80.04,52.64,71.01,3.29,1.34,0,0,261,Normal,0.0,0
1/1/2025 15:18,27,49.94,35.38,55.59,4.1,3.5,1,0,95,Normal,0.0,0
1/1/2025 15:19,9,72.83,51.22,64.1,4.06,3.77,1,0,81,Normal,0.0,0
1/1/2025 15:20,26,74.9,48.55,77.14,4.83,1.97,1,0,146,Normal,0.0,0
1/1/2025 15:21,47,81.39,41.41,70.43,2.08,2.26,2,0,218,Vibration Issue,0.0,1
1/1/2025 15:22,22,89.51,39.9,63.57,1.68,3.25,1,0,42,Normal,0.0,0
1/1/2025 15:23,47,74.24,46.31,58.82,4.44,0.64,1,0,43,Normal,0.0,0
1/1/2025 15:24,30,62.54,61.21,36.01,3.45,4.52,1,0,371,Normal,0.0,0
1/1/2025 15:25,43,70.52,60.78,45.74,3.6,3.03,1,0,499,Normal,0.0,0
1/1/2025 15:26,48,77.36,54.78,54.37,2.18,3.84,0,0,288,Normal,0.0,0
1/1/2025 15:27,17,76.55,24.03,33.12,4.32,4.13,1,0,13,Normal,0.0,1
1/1/2025 15:28,26,57.61,72.46,64.82,4.34,0.94,1,0,109,Normal,0.0,0
1/1/2025 15:29,36,69.88,40.91,34.69,3.24,3.83,1,0,425,Normal,0.0,0
1/1/2025 15:30,1,69.67,65.9,61.57,4.09,4.22,1,0,51,Normal,0.0,0
1/1/2025 15:31,8,72.92,50.92,76.09,3.9,1.8,2,0,420,Electrical Fault,0.0,1
1/1/2025 15:32,49,81.0,45.05,42.93,1.95,2.55,2,0,98,Vibration Issue,0.0,1
1/1/2025 15:33,35,67.11,47.69,32.85,4.32,0.85,1,0,54,Normal,0.0,0
1/1/2025 15:34,15,85.67,31.78,46.82,4.52,2.45,1,0,385,Normal,0.0,0
1/1/2025 15:35,47,82.39,28.77,63.1,2.75,4.88,1,0,175,Normal,0.0,0
1/1/2025 15:36,22,54.08,37.85,71.93,5.0,0.83,1,0,368,Normal,0.0,0
1/1/2025 15:37,14,70.82,48.4,78.77,4.19,2.01,1,0,211,Normal,0.0,0
1/1/2025 15:38,26,77.12,37.46,57.24,3.06,0.99,1,0,440,Normal,0.0,0
1/1/2025 15:39,28,90.11,76.2,39.54,2.69,0.92,1,1,34,Normal,1.0,1
1/1/2025 15:40,23,63.01,29.34,68.87,1.26,4.26,2,0,246,Electrical Fault,0.0,1
1/1/2025 15:41,14,57.76,71.85,45.96,3.79,3.45,1,0,50,Normal,0.0,0
1/1/2025 15:42,24,77.23,47.53,41.39,4.17,3.77,1,0,417,Normal,0.0,0
1/1/2025 15:43,2,64.93,64.8,49.46,1.98,1.22,1,0,12,Normal,0.0,1
1/1/2025 15:44,45,74.27,46.78,50.73,2.67,3.4,1,0,243,Normal,0.0,0
1/1/2025 15:45,26,67.71,62.09,70.28,2.48,1.07,2,0,170,Normal,0.0,1
1/1/2025 15:46,14,84.21,40.08,42.97,1.3,1.67,1,0,162,Normal,0.0,0
1/1/2025 15:47,7,82.43,55.15,70.54,4.88,1.66,1,0,466,Normal,0.0,0
1/1/2025 15:48,3,68.94,23.53,30.08,1.74,2.8,1,0,477,Normal,0.0,0
1/1/2025 15:49,47,90.11,61.03,65.19,1.98,2.79,1,1,35,Normal,1.0,1
1/1/2025 15:50,23,75.64,64.8,48.53,3.24,1.0,1,0,234,Normal,0.0,0
1/1/2025 15:51,46,78.31,59.34,31.74,3.55,4.91,0,0,368,Normal,0.0,0
1/1/2025 15:52,43,68.38,53.62,58.3,2.36,3.04,1,0,252,Normal,0.0,0
1/1/2025 15:53,47,67.63,55.26,64.32,1.26,3.39,2,0,387,Vibration Issue,0.0,1
1/1/2025 15:54,45,90.33,49.88,32.42,1.77,1.52,1,1,10,Normal,1.0,1
1/1/2025 15:55,18,76.16,27.38,49.65,4.27,3.99,1,0,267,Normal,0.0,0
1/1/2025 15:56,38,77.27,64.03,61.09,3.16,4.73,1,0,459,Normal,0.0,0
1/1/2025 15:57,35,69.89,69.78,36.98,3.9,4.99,1,0,462,Normal,0.0,0
1/1/2025 15:58,15,77.73,76.69,78.85,1.12,4.77,0,0,458,Normal,0.0,0
1/1/2025 15:59,25,75.18,37.6,66.34,1.21,1.31,1,0,208,Normal,0.0,0
1/1/2025 16:00,37,74.82,58.15,79.14,4.08,1.8,1,0,100,Normal,0.0,0
1/1/2025 16:01,28,91.51,53.92,72.93,2.42,1.73,1,1,21,Normal,1.0,1
1/1/2025 16:02,10,76.34,49.88,65.1,4.78,0.82,1,0,385,Normal,0.0,0
1/1/2025 16:03,39,63.68,60.99,40.06,3.99,2.05,1,0,217,Normal,0.0,0
1/1/2025 16:04,17,79.98,73.39,51.78,1.21,1.26,1,0,310,Normal,0.0,0
1/1/2025 16:05,39,71.32,32.44,77.63,1.34,2.7,1,0,463,Normal,0.0,0
1/1/2025 16:06,22,64.86,57.34,72.36,4.75,4.75,1,0,26,Normal,0.0,0
1/1/2025 16:07,26,67.85,56.87,62.68,2.64,1.17,1,0,158,Normal,0.0,0
1/1/2025 16:08,44,85.9,50.6,53.03,4.16,4.39,2,0,365,Pressure Drop,0.0,1
1/1/2025 16:09,25,64.72,46.44,51.81,4.37,4.09,1,0,462,Normal,0.0,0
1/1/2025 16:10,17,65.22,42.78,51.35,1.77,1.17,1,0,248,Normal,0.0,0
1/1/2025 16:11,13,75.63,49.64,39.47,1.33,3.91,1,0,392,Normal,0.0,0
1/1/2025 16:12,20,71.72,43.05,52.71,1.61,3.15,1,0,411,Normal,0.0,0
1/1/2025 16:13,25,65.19,49.54,31.28,4.79,3.02,1,0,218,Normal,0.0,0
1/1/2025 16:14,4,84.2,37.94,59.17,4.24,1.89,2,0,87,Vibration Issue,0.0,1
1/1/2025 16:15,10,70.78,71.33,71.78,2.92,4.39,1,0,29,Normal,0.0,0
1/1/2025 16:16,3,62.05,38.38,70.54,2.12,3.19,1,0,99,Normal,0.0,0
1/1/2025 16:17,41,77.99,43.36,63.0,4.35,4.52,1,0,259,Normal,0.0,0
1/1/2025 16:18,45,83.14,41.83,78.17,3.03,1.78,1,0,42,Normal,0.0,0
1/1/2025 16:19,18,79.7,24.9,39.17,3.55,0.89,2,0,420,Vibration Issue,0.0,1
1/1/2025 16:20,47,81.58,54.36,42.47,1.97,1.65,1,0,293,Normal,0.0,0
1/1/2025 16:21,36,81.42,72.99,30.04,1.49,2.19,1,0,490,Normal,0.0,0
1/1/2025 16:22,47,72.32,56.52,37.21,2.96,1.28,1,0,123,Normal,0.0,0
1/1/2025 16:23,22,70.36,18.75,51.12,2.15,4.12,1,0,318,Normal,0.0,0
1/1/2025 16:24,34,68.28,31.02,48.79,4.15,0.81,2,0,392,Normal,0.0,1
1/1/2025 16:25,47,74.93,36.65,37.99,4.15,3.89,0,0,371,Normal,0.0,0
1/1/2025 16:26,8,58.64,61.62,38.3,4.84,1.34,1,0,467,Normal,0.0,0
1/1/2025 16:27,40,63.45,54.75,75.84,2.61,1.05,1,0,376,Normal,0.0,0
1/1/2025 16:28,49,88.29,70.65,79.51,3.18,0.88,2,0,340,Normal,0.0,1
1/1/2025 16:29,44,83.97,26.43,79.87,4.08,1.57,1,0,370,Normal,0.0,0
1/1/2025 16:30,19,76.55,39.09,69.22,1.65,2.12,1,0,372,Normal,0.0,0
1/1/2025 16:31,42,90.28,61.03,78.48,2.33,2.82,1,1,38,Normal,1.0,1
1/1/2025 16:32,41,78.82,48.79,44.5,4.79,0.99,1,0,47,Normal,0.0,0
1/1/2025 16:33,37,75.28,80.23,68.64,3.24,4.18,1,1,33,Normal,1.0,1
1/1/2025 16:34,6,61.46,51.37,54.88,3.86,3.17,2,0,174,Normal,0.0,1
1/1/2025 16:35,26,72.23,21.35,68.73,2.16,1.82,1,0,255,Normal,0.0,0
1/1/2025 16:36,34,84.79,39.11,44.56,1.02,0.82,1,0,107,Normal,0.0,0
1/1/2025 16:37,45,80.6,46.36,47.32,3.33,4.96,1,0,283,Normal,0.0,0
1/1/2025 16:38,6,94.57,35.87,78.73,2.3,2.37,1,1,4,Normal,1.0,1
1/1/2025 16:39,37,75.24,38.92,57.71,1.23,2.78,1,0,439,Normal,0.0,0
1/1/2025 16:40,33,49.41,54.67,64.25,1.89,1.97,1,0,409,Normal,0.0,0
1/1/2025 16:41,22,78.85,71.29,64.2,1.42,0.78,1,0,41,Normal,0.0,0
1/1/2025 16:42,21,50.51,55.1,40.33,4.96,3.37,1,0,45,Normal,0.0,0
1/1/2025 16:43,6,70.21,29.85,59.71,4.49,1.41,1,0,303,Normal,0.0,0
1/1/2025 16:44,6,83.93,64.92,44.84,3.48,2.04,1,0,190,Normal,0.0,0
1/1/2025 16:45,48,91.84,71.84,39.45,2.98,1.91,1,1,40,Normal,1.0,1
1/1/2025 16:46,4,64.65,57.65,56.53,1.48,4.49,1,0,48,Normal,0.0,0
1/1/2025 16:47,30,78.99,59.84,63.11,1.97,4.03,1,0,283,Normal,0.0,0
1/1/2025 16:48,11,90.76,46.08,33.19,3.43,0.65,1,1,2,Normal,1.0,1
1/1/2025 16:49,30,75.96,52.4,42.89,3.1,4.71,1,0,220,Normal,0.0,0
1/1/2025 16:50,31,68.84,74.15,70.93,4.72,3.44,1,0,204,Normal,0.0,0
1/1/2025 16:51,24,93.47,68.38,61.31,3.19,1.29,1,1,42,Normal,1.0,1
1/1/2025 16:52,9,84.92,35.82,36.48,2.76,1.34,1,0,137,Normal,0.0,0
1/1/2025 16:53,3,75.67,29.18,62.35,3.63,2.42,2,0,49,Overheating,0.0,1
1/1/2025 16:54,31,59.71,53.08,33.51,2.93,2.23,1,0,366,Normal,0.0,0
1/1/2025 16:55,40,71.44,62.6,66.35,2.59,4.73,1,0,420,Normal,0.0,0
1/1/2025 16:56,37,67.7,33.72,49.18,4.63,3.86,1,0,247,Normal,0.0,0
1/1/2025 16:57,36,57.82,65.73,33.84,1.93,4.72,1,0,406,Normal,0.0,0
1/1/2025 16:58,24,88.49,56.13,39.28,3.01,2.04,1,0,206,Normal,0.0,0
1/1/2025 16:59,31,80.73,77.67,61.78,4.47,4.46,1,0,179,Normal,0.0,0
1/1/2025 17:00,6,67.9,45.33,52.9,3.52,1.5,2,0,152,Vibration Issue,0.0,1
1/1/2025 17:01,2,69.15,50.65,55.84,1.61,1.55,1,0,61,Normal,0.0,0
1/1/2025 17:02,20,70.42,70.6,66.17,2.38,4.73,1,0,251,Normal,0.0,0
1/1/2025 17:03,28,65.02,45.98,33.39,2.89,2.38,1,0,20,Normal,0.0,0
1/1/2025 17:04,11,103.47,61.01,60.03,4.78,2.81,1,1,16,Normal,1.0,1
1/1/2025 17:05,4,67.84,31.97,56.15,3.06,1.14,1,0,17,Normal,0.0,1
1/1/2025 17:06,15,71.78,71.98,44.42,3.13,3.18,1,0,307,Normal,0.0,0
1/1/2025 17:07,6,68.12,70.87,36.14,3.75,3.97,1,0,10,Normal,0.0,1
1/1/2025 17:08,49,57.08,54.04,33.24,1.93,3.43,1,0,466,Normal,0.0,0
1/1/2025 17:09,30,62.67,58.75,45.56,2.12,1.72,1,0,22,Normal,0.0,0
1/1/2025 17:10,38,85.6,43.45,58.01,1.28,0.53,1,0,366,Normal,0.0,0
1/1/2025 17:11,2,71.74,60.89,67.03,3.47,3.24,1,0,175,Normal,0.0,0
1/1/2025 17:12,15,79.15,50.72,37.82,1.15,4.43,2,0,330,Overheating,0.0,1
1/1/2025 17:13,11,79.57,55.97,79.03,3.78,3.36,1,0,129,Normal,0.0,0
1/1/2025 17:14,8,79.59,73.77,39.36,1.59,3.1,1,0,399,Normal,0.0,0
1/1/2025 17:15,26,68.06,52.08,63.05,4.81,0.89,1,0,303,Normal,0.0,0
1/1/2025 17:16,45,91.89,72.71,41.1,4.08,1.38,1,1,47,Normal,1.0,1
1/1/2025 17:17,44,84.21,58.34,47.39,3.25,3.75,1,0,309,Normal,0.0,0
1/1/2025 17:18,5,79.76,68.67,36.92,1.31,2.84,1,0,239,Normal,0.0,0
1/1/2025 17:19,6,77.51,37.99,49.44,4.41,3.12,0,0,41,Normal,0.0,0
1/1/2025 17:20,26,61.23,56.43,50.61,3.22,2.13,1,0,355,Normal,0.0,0
1/1/2025 17:21,4,83.29,52.37,43.83,4.35,1.48,1,0,461,Normal,0.0,0
1/1/2025 17:22,19,73.68,32.57,59.2,4.18,2.81,1,0,61,Normal,0.0,0
1/1/2025 17:23,20,66.9,62.06,35.82,3.76,1.87,1,0,185,Normal,0.0,0
1/1/2025 17:24,33,64.79,73.33,48.57,2.03,4.46,1,0,267,Normal,0.0,0
1/1/2025 17:25,20,84.82,32.45,47.16,1.42,1.02,2,0,34,Overheating,0.0,1
1/1/2025 17:26,49,61.03,42.29,42.78,2.78,0.84,1,0,161,Normal,0.0,0
1/1/2025 17:27,12,71.01,28.92,69.17,1.54,2.83,1,0,298,Normal,0.0,0
1/1/2025 17:28,47,76.6,18.52,33.34,3.64,4.93,0,0,284,Normal,0.0,0
1/1/2025 17:29,1,73.52,48.22,59.37,4.54,1.65,1,0,478,Normal,0.0,0
1/1/2025 17:30,26,79.16,56.07,66.6,3.16,4.89,1,0,433,Normal,0.0,0
1/1/2025 17:31,14,86.75,50.54,55.84,2.48,0.68,1,0,449,Normal,0.0,0
1/1/2025 17:32,38,81.19,36.3,35.82,2.34,4.73,1,0,495,Normal,0.0,0
1/1/2025 17:33,37,75.65,34.85,67.65,1.72,1.49,1,0,186,Normal,0.0,0
1/1/2025 17:34,11,70.54,38.32,69.26,4.3,4.19,0,0,340,Normal,0.0,0
1/1/2025 17:35,36,60.67,48.36,53.61,2.18,1.93,0,0,237,Normal,0.0,0
1/1/2025 17:36,13,74.36,41.48,52.48,4.57,2.04,1,0,466,Normal,0.0,0
1/1/2025 17:37,43,71.25,49.9,47.82,2.55,1.76,1,0,292,Normal,0.0,0
1/1/2025 17:38,3,80.28,90.07,45.91,4.8,2.81,1,1,23,Normal,1.0,1
1/1/2025 17:39,33,73.64,60.71,30.41,4.14,2.26,1,0,186,Normal,0.0,0
1/1/2025 17:40,6,85.4,58.9,37.51,3.11,0.6,1,0,405,Normal,0.0,0
1/1/2025 17:41,50,70.6,52.92,69.81,1.95,4.35,1,0,394,Normal,0.0,0
1/1/2025 17:42,10,69.4,67.62,46.66,4.77,4.61,2,0,348,Normal,0.0,1
1/1/2025 17:43,5,79.23,40.7,47.58,1.71,1.91,2,0,76,Vibration Issue,0.0,1
1/1/2025 17:44,23,76.08,40.02,38.55,1.4,2.16,2,0,243,Pressure Drop,0.0,1
1/1/2025 17:45,10,78.8,62.29,30.4,4.94,3.7,1,0,248,Normal,0.0,0
1/1/2025 17:46,44,73.68,49.38,66.29,1.51,1.66,2,0,488,Normal,0.0,1
1/1/2025 17:47,2,75.26,49.35,78.28,4.6,3.41,1,0,492,Normal,0.0,0
1/1/2025 17:48,13,72.04,68.25,39.2,1.9,0.62,1,0,90,Normal,0.0,0
1/1/2025 17:49,40,76.33,74.07,34.96,4.03,3.58,1,0,180,Normal,0.0,0
1/1/2025 17:50,2,87.36,38.53,75.05,2.06,3.44,2,0,449,Pressure Drop,0.0,1
1/1/2025 17:51,20,69.91,24.28,75.07,1.8,4.47,1,0,236,Normal,0.0,0
1/1/2025 17:52,1,68.94,37.11,42.89,2.79,3.43,1,0,308,Normal,0.0,0
1/1/2025 17:53,37,78.2,40.96,34.2,2.15,2.38,1,0,375,Normal,0.0,0
1/1/2025 17:54,9,73.15,47.48,34.01,1.72,3.95,2,0,167,Overheating,0.0,1
1/1/2025 17:55,17,89.13,31.43,38.5,1.99,3.69,1,0,48,Normal,0.0,0
1/1/2025 17:56,9,82.0,59.52,56.32,3.56,2.26,1,0,389,Normal,0.0,0
1/1/2025 17:57,11,83.55,59.64,67.78,4.22,0.59,1,0,308,Normal,0.0,0
1/1/2025 17:58,15,84.45,37.05,42.0,1.65,4.09,1,0,289,Normal,0.0,0
1/1/2025 17:59,24,68.44,51.09,70.92,3.56,1.66,1,0,389,Normal,0.0,0
1/1/2025 18:00,38,76.13,71.35,39.3,4.49,4.87,0,0,110,Normal,0.0,0
1/1/2025 18:01,35,81.77,46.98,42.68,4.75,1.44,2,0,49,Overheating,0.0,1
1/1/2025 18:02,30,75.05,73.41,77.59,1.73,4.68,1,0,174,Normal,0.0,0
1/1/2025 18:03,31,66.03,63.57,71.05,1.68,1.94,1,0,142,Normal,0.0,0
1/1/2025 18:04,49,84.28,48.48,50.7,2.43,1.57,1,0,377,Normal,0.0,0
1/1/2025 18:05,5,73.25,60.43,72.19,1.74,1.64,1,0,456,Normal,0.0,0
1/1/2025 18:06,44,78.02,28.2,50.79,3.09,0.62,2,0,447,Normal,0.0,1
1/1/2025 18:07,50,80.82,37.09,38.07,1.14,3.14,1,0,285,Normal,0.0,0
1/1/2025 18:08,14,90.13,41.71,78.12,3.45,0.98,1,1,36,Normal,1.0,1
1/1/2025 18:09,11,77.04,57.55,62.44,2.61,4.73,1,0,397,Normal,0.0,0
1/1/2025 18:10,9,54.84,60.87,70.62,1.99,4.36,1,0,220,Normal,0.0,0
1/1/2025 18:11,34,76.82,46.77,45.99,4.22,4.2,1,0,257,Normal,0.0,0
1/1/2025 18:12,12,77.81,59.99,62.16,1.38,1.66,0,0,209,Normal,0.0,0
1/1/2025 18:13,35,58.32,37.57,47.31,3.01,3.56,1,0,337,Normal,0.0,0
1/1/2025 18:14,35,89.72,70.49,45.35,4.34,4.08,1,0,122,Normal,0.0,0
1/1/2025 18:15,1,48.52,47.32,33.09,2.35,3.01,2,0,354,Pressure Drop,0.0,1
1/1/2025 18:16,40,80.8,50.96,33.93,4.1,2.11,1,0,179,Normal,0.0,0
1/1/2025 18:17,22,59.69,59.07,39.97,1.62,3.91,1,0,497,Normal,0.0,0
1/1/2025 18:18,29,85.69,38.84,62.05,2.1,4.85,2,0,307,Vibration Issue,0.0,1
1/1/2025 18:19,8,80.65,47.48,43.37,2.7,2.66,1,0,421,Normal,0.0,0
1/1/2025 18:20,11,89.75,32.3,52.88,2.35,2.18,1,0,59,Normal,0.0,0
1/1/2025 18:21,41,80.18,64.49,64.37,3.06,4.18,1,0,499,Normal,0.0,0
1/1/2025 18:22,37,78.54,33.02,78.82,2.84,1.11,1,0,98,Normal,0.0,0
1/1/2025 18:23,14,71.72,64.06,38.33,4.72,4.49,1,0,487,Normal,0.0,0
1/1/2025 18:24,30,57.65,59.94,45.81,4.26,0.83,1,0,433,Normal,0.0,0
1/1/2025 18:25,35,96.8,57.34,70.78,1.51,1.12,1,1,14,Normal,1.0,1
1/1/2025 18:26,21,70.16,52.79,52.13,1.44,2.17,1,0,353,Normal,0.0,0
1/1/2025 18:27,37,78.38,48.4,38.57,1.03,0.78,1,0,318,Normal,0.0,0
1/1/2025 18:28,5,66.77,35.84,38.92,3.33,4.99,1,0,34,Normal,0.0,0
1/1/2025 18:29,19,64.27,48.19,53.07,1.63,2.62,0,0,214,Normal,0.0,0
1/1/2025 18:30,14,75.6,62.85,47.49,2.24,2.6,2,0,427,Overheating,0.0,1
1/1/2025 18:31,26,79.16,54.3,53.98,4.42,4.85,1,0,467,Normal,0.0,0
1/1/2025 18:32,4,92.57,36.96,46.02,3.81,1.71,2,1,43,Normal,1.0,1
1/1/2025 18:33,25,85.06,39.0,50.49,1.31,0.7,1,0,485,Normal,0.0,0
1/1/2025 18:34,45,77.81,34.91,38.57,4.69,2.81,1,0,492,Normal,0.0,0
1/1/2025 18:35,42,74.4,64.87,45.31,4.48,1.92,1,0,81,Normal,0.0,0
1/1/2025 18:36,25,78.45,50.75,33.55,3.33,0.83,2,0,126,Normal,0.0,1
1/1/2025 18:37,18,72.39,55.68,64.43,4.73,1.43,1,0,149,Normal,0.0,0
1/1/2025 18:38,40,77.59,55.19,62.45,2.4,1.96,1,0,192,Normal,0.0,0
1/1/2025 18:39,8,67.04,27.1,77.53,4.01,4.3,1,0,94,Normal,0.0,0
1/1/2025 18:40,39,69.46,60.58,69.21,4.49,4.43,1,0,387,Normal,0.0,0
1/1/2025 18:41,40,74.49,22.18,53.51,1.65,4.87,1,0,96,Normal,0.0,0
1/1/2025 18:42,14,78.24,61.91,71.76,4.9,1.32,1,0,162,Normal,0.0,0
1/1/2025 18:43,32,73.81,55.98,51.08,1.49,3.72,1,0,19,Normal,0.0,1
1/1/2025 18:44,38,76.93,46.57,31.8,4.89,1.45,0,0,258,Normal,0.0,0
1/1/2025 18:45,33,65.88,33.56,38.45,2.97,3.07,1,0,38,Normal,0.0,0
1/1/2025 18:46,23,62.99,41.88,48.34,1.05,4.12,1,0,458,Normal,0.0,0
1/1/2025 18:47,15,74.5,53.42,63.6,4.32,3.75,1,0,73,Normal,0.0,0
1/1/2025 18:48,33,58.13,50.63,49.73,2.65,1.01,1,0,477,Normal,0.0,0
1/1/2025 18:49,25,83.6,62.06,73.77,2.94,4.83,2,0,145,Vibration Issue,0.0,1
1/1/2025 18:50,17,61.25,43.95,61.08,1.51,3.55,1,0,440,Normal,0.0,0
1/1/2025 18:51,33,71.09,25.41,39.77,2.77,3.26,1,0,223,Normal,0.0,0
1/1/2025 18:52,47,80.03,51.42,34.81,3.61,1.97,1,0,227,Normal,0.0,0
1/1/2025 18:53,2,84.16,66.72,78.03,1.96,2.33,1,0,358,Normal,0.0,0
1/1/2025 18:54,14,81.42,91.45,65.61,3.76,0.89,1,1,47,Normal,1.0,1
1/1/2025 18:55,40,79.85,79.24,33.83,2.71,1.92,1,0,169,Normal,0.0,0
1/1/2025 18:56,40,100.72,76.36,50.65,1.3,2.96,1,1,48,Normal,1.0,1
1/1/2025 18:57,39,64.47,29.76,31.93,4.72,1.23,2,0,152,Vibration Issue,0.0,1
1/1/2025 18:58,6,78.14,25.22,38.79,4.86,0.62,1,0,244,Normal,0.0,0
1/1/2025 18:59,6,81.33,62.32,69.04,2.53,4.14,1,0,131,Normal,0.0,0
1/1/2025 19:00,3,78.57,65.84,53.59,2.57,1.69,2,0,443,Pressure Drop,0.0,1
1/1/2025 19:01,7,70.36,36.26,65.03,2.0,2.58,1,0,65,Normal,0.0,0
1/1/2025 19:02,8,80.45,57.07,30.91,2.96,0.92,1,0,264,Normal,0.0,0
1/1/2025 19:03,42,79.75,41.94,40.83,3.35,0.57,1,0,177,Normal,0.0,0
1/1/2025 19:04,15,87.44,74.69,31.48,1.22,3.29,0,0,98,Normal,0.0,0
1/1/2025 19:05,47,79.73,47.41,45.85,3.48,4.56,1,0,374,Normal,0.0,0
1/1/2025 19:06,29,56.0,37.28,49.28,1.02,2.7,0,0,124,Normal,0.0,0
1/1/2025 19:07,33,82.89,51.33,55.18,2.97,2.62,1,0,484,Normal,0.0,0
1/1/2025 19:08,30,70.99,61.12,41.26,1.97,2.58,1,0,360,Normal,0.0,0
1/1/2025 19:09,39,73.1,62.61,30.32,2.36,1.22,1,0,30,Normal,0.0,0
1/1/2025 19:10,27,63.57,45.54,59.37,3.41,4.43,1,0,439,Normal,0.0,0
1/1/2025 19:11,36,76.36,36.63,74.94,1.26,2.03,2,0,490,Electrical Fault,0.0,1
1/1/2025 19:12,29,94.74,59.08,38.18,3.11,2.13,1,1,40,Normal,1.0,1
1/1/2025 19:13,38,85.67,56.58,69.61,4.67,3.98,1,0,346,Normal,0.0,0
1/1/2025 19:14,33,63.15,50.98,78.87,1.66,3.82,1,0,198,Normal,0.0,0
1/1/2025 19:15,37,73.0,53.42,52.07,3.39,2.47,1,0,437,Normal,0.0,0
1/1/2025 19:16,27,85.09,45.67,68.05,2.73,3.87,1,0,189,Normal,0.0,0
1/1/2025 19:17,33,73.21,62.48,56.36,4.92,1.04,1,0,386,Normal,0.0,0
1/1/2025 19:18,4,54.53,25.53,45.92,1.19,3.49,1,0,443,Normal,0.0,0
1/1/2025 19:19,22,69.54,61.71,48.25,4.37,2.13,1,0,410,Normal,0.0,0
1/1/2025 19:20,2,88.8,44.66,72.29,1.05,0.73,1,0,175,Normal,0.0,0
1/1/2025 19:21,10,90.07,64.7,77.86,2.5,3.58,1,1,43,Normal,1.0,1
1/1/2025 19:22,5,73.23,70.39,55.04,1.5,3.87,2,0,303,Vibration Issue,0.0,1
1/1/2025 19:23,10,72.26,67.42,40.8,3.82,2.45,1,0,28,Normal,0.0,0
1/1/2025 19:24,33,52.06,46.26,60.81,2.51,4.3,0,0,136,Normal,0.0,0
1/1/2025 19:25,38,74.04,77.96,33.02,3.48,0.88,1,0,35,Normal,0.0,0
1/1/2025 19:26,13,69.29,41.56,33.36,3.57,2.22,1,0,262,Normal,0.0,0
1/1/2025 19:27,31,56.06,51.46,41.72,3.08,0.51,1,0,346,Normal,0.0,0
1/1/2025 19:28,47,65.47,52.72,52.12,3.46,3.77,1,0,256,Normal,0.0,0
1/1/2025 19:29,36,61.89,35.21,46.86,2.43,2.31,1,0,465,Normal,0.0,0
1/1/2025 19:30,45,75.58,53.18,30.59,2.24,3.18,1,0,162,Normal,0.0,0
1/1/2025 19:31,24,90.51,55.91,74.63,1.14,2.72,2,1,40,Vibration Issue,1.0,1
1/1/2025 19:32,15,73.47,49.27,48.08,2.74,1.74,1,0,217,Normal,0.0,0
1/1/2025 19:33,29,77.61,35.25,46.54,1.56,4.44,0,0,444,Normal,0.0,0
1/1/2025 19:34,8,99.63,43.62,56.17,2.45,2.19,1,1,48,Normal,1.0,1
1/1/2025 19:35,5,55.95,83.32,52.36,3.32,3.48,1,1,17,Normal,1.0,1
1/1/2025 19:36,29,76.92,36.76,59.88,4.36,1.25,1,0,437,Normal,0.0,0
1/1/2025 19:37,47,86.44,39.31,59.78,1.39,4.93,1,0,353,Normal,0.0,0
1/1/2025 19:38,4,78.13,35.59,41.79,2.68,4.02,1,0,225,Normal,0.0,0
1/1/2025 19:39,12,58.73,43.24,64.53,1.24,2.0,1,0,473,Normal,0.0,0
1/1/2025 19:40,45,94.29,52.23,37.54,3.49,3.12,0,1,12,Normal,1.0,1
1/1/2025 19:41,2,83.39,40.07,46.63,1.11,1.87,1,0,303,Normal,0.0,0
1/1/2025 19:42,27,77.69,39.15,51.67,4.42,3.41,1,0,17,Normal,0.0,1
1/1/2025 19:43,31,61.18,46.6,77.67,2.0,2.06,1,0,11,Normal,0.0,1
1/1/2025 19:44,36,97.91,92.56,61.91,3.34,2.92,1,1,8,Normal,1.0,1
1/1/2025 19:45,36,80.87,59.7,63.26,1.45,2.64,1,0,124,Normal,0.0,0
1/1/2025 19:46,26,79.46,31.27,47.82,1.83,4.87,1,0,211,Normal,0.0,0
1/1/2025 19:47,43,80.86,49.14,47.61,4.77,3.88,1,0,285,Normal,0.0,0
1/1/2025 19:48,27,84.58,45.13,70.72,2.14,4.62,1,0,382,Normal,0.0,0
1/1/2025 19:49,5,76.14,58.86,54.04,4.01,3.03,2,0,128,Normal,0.0,1
1/1/2025 19:50,20,73.82,58.71,57.17,3.68,4.4,1,0,303,Normal,0.0,0
1/1/2025 19:51,11,52.58,65.82,32.63,2.34,0.76,1,0,295,Normal,0.0,0
1/1/2025 19:52,10,67.15,25.46,77.2,4.85,1.11,1,0,210,Normal,0.0,0
1/1/2025 19:53,40,94.81,45.07,37.18,4.35,3.49,1,1,26,Normal,1.0,1
1/1/2025 19:54,38,66.7,58.5,35.62,3.76,0.79,1,0,330,Normal,0.0,0
1/1/2025 19:55,6,72.03,52.98,46.64,3.71,4.18,1,0,107,Normal,0.0,0
1/1/2025 19:56,8,63.47,59.1,46.71,4.14,0.56,1,0,426,Normal,0.0,0
1/1/2025 19:57,23,80.1,62.76,46.49,4.76,4.5,1,0,408,Normal,0.0,0
1/1/2025 19:58,47,72.44,64.38,53.23,2.25,3.45,1,0,307,Normal,0.0,0
1/1/2025 19:59,26,72.09,35.56,71.57,1.69,3.21,1,0,35,Normal,0.0,0
1/1/2025 20:00,46,66.99,57.54,75.33,3.95,1.9,1,0,248,Normal,0.0,0
1/1/2025 20:01,43,79.17,90.01,53.85,1.27,4.45,1,1,37,Normal,1.0,1
1/1/2025 20:02,12,89.72,59.0,41.37,2.34,1.59,1,0,279,Normal,0.0,0
1/1/2025 20:03,26,58.08,66.82,68.92,1.49,1.4,0,0,76,Normal,0.0,0
1/1/2025 20:04,13,71.97,45.56,48.72,4.33,3.42,1,0,409,Normal,0.0,0
1/1/2025 20:05,40,73.38,79.82,41.95,1.63,0.88,2,0,214,Vibration Issue,0.0,1
1/1/2025 20:06,18,67.36,55.24,70.95,1.54,4.61,1,0,162,Normal,0.0,0
1/1/2025 20:07,25,86.57,45.55,66.72,4.14,1.74,1,0,472,Normal,0.0,0
1/1/2025 20:08,33,86.69,44.74,46.74,1.59,4.57,1,0,125,Normal,0.0,0
1/1/2025 20:09,47,77.3,36.75,53.73,1.55,3.91,1,0,355,Normal,0.0,0
1/1/2025 20:10,40,68.21,48.89,58.16,1.88,3.55,1,0,472,Normal,0.0,0
1/1/2025 20:11,43,86.48,43.56,72.09,4.34,3.83,1,0,297,Normal,0.0,0
1/1/2025 20:12,12,72.05,35.89,44.27,2.12,3.99,1,0,375,Normal,0.0,0
1/1/2025 20:13,44,84.79,46.98,42.2,4.62,0.56,1,0,364,Normal,0.0,0
1/1/2025 20:14,36,99.43,51.31,75.39,4.9,1.34,1,1,42,Normal,1.0,1
1/1/2025 20:15,48,75.01,39.01,38.08,4.84,1.64,1,0,206,Normal,0.0,0
1/1/2025 20:16,4,76.58,43.71,34.54,3.71,4.51,1,0,492,Normal,0.0,0
1/1/2025 20:17,5,68.02,52.67,67.85,3.06,3.96,1,0,180,Normal,0.0,0
1/1/2025 20:18,37,85.19,49.19,78.41,3.99,4.87,1,0,427,Normal,0.0,0
1/1/2025 20:19,8,77.11,78.52,58.65,3.1,3.27,1,0,40,Normal,0.0,0
1/1/2025 20:20,42,62.42,59.48,46.95,4.57,1.95,1,0,313,Normal,0.0,0
1/1/2025 20:21,49,67.86,52.08,65.0,3.95,3.37,1,0,297,Normal,0.0,0
1/1/2025 20:22,28,94.58,46.94,64.71,2.82,2.85,1,1,21,Normal,1.0,1
1/1/2025 20:23,31,72.54,47.47,54.85,1.11,1.13,1,0,213,Normal,0.0,0
1/1/2025 20:24,9,64.04,55.2,34.84,2.19,0.56,1,0,430,Normal,0.0,0
1/1/2025 20:25,29,76.88,58.61,31.33,1.33,1.84,1,0,423,Normal,0.0,0
1/1/2025 20:26,14,69.69,38.4,44.17,1.27,2.71,1,0,85,Normal,0.0,0
1/1/2025 20:27,40,73.15,42.67,47.59,3.84,0.9,1,0,82,Normal,0.0,0
1/1/2025 20:28,41,80.41,46.0,61.35,3.73,2.53,1,0,244,Normal,0.0,0
1/1/2025 20:29,22,78.38,52.16,66.99,3.93,3.67,1,0,344,Normal,0.0,0
1/1/2025 20:30,11,75.34,41.54,72.93,2.35,1.75,1,0,96,Normal,0.0,0
1/1/2025 20:31,23,68.87,52.03,52.34,1.19,3.06,1,0,103,Normal,0.0,0
1/1/2025 20:32,1,57.19,47.85,62.76,2.17,3.91,1,0,466,Normal,0.0,0
1/1/2025 20:33,46,94.21,59.73,72.59,1.75,3.04,1,1,13,Normal,1.0,1
1/1/2025 20:34,37,93.61,53.99,74.87,3.46,0.69,1,1,4,Normal,1.0,1
1/1/2025 20:35,21,75.24,58.05,73.64,3.04,3.11,1,0,111,Normal,0.0,0
1/1/2025 20:36,26,83.35,65.59,78.02,2.49,2.49,1,0,319,Normal,0.0,0
1/1/2025 20:37,46,74.68,52.92,33.06,1.58,2.82,1,0,142,Normal,0.0,0
1/1/2025 20:38,36,67.28,40.01,59.51,1.53,3.13,1,0,429,Normal,0.0,0
1/1/2025 20:39,23,75.74,53.64,58.47,4.79,2.94,0,0,25,Normal,0.0,0
1/1/2025 20:40,1,76.41,40.67,73.51,3.52,4.02,1,0,274,Normal,0.0,0
1/1/2025 20:41,40,89.89,43.75,40.27,3.58,1.02,1,0,170,Normal,0.0,0
1/1/2025 20:42,15,75.95,74.3,45.17,3.94,4.95,1,0,280,Normal,0.0,0
1/1/2025 20:43,21,92.05,28.48,55.81,2.19,2.01,0,1,17,Normal,1.0,1
1/1/2025 20:44,47,73.39,65.06,42.64,4.4,1.27,1,0,275,Normal,0.0,0
1/1/2025 20:45,9,69.33,33.74,66.02,3.05,0.72,2,0,69,Pressure Drop,0.0,1
1/1/2025 20:46,9,89.89,53.04,69.02,3.96,0.81,1,0,239,Normal,0.0,0
1/1/2025 20:47,10,88.95,63.6,77.13,3.83,4.42,1,0,264,Normal,0.0,0
1/1/2025 20:48,26,75.77,18.61,79.54,4.78,4.99,1,0,426,Normal,0.0,0
1/1/2025 20:49,41,78.42,39.69,77.64,4.03,0.88,1,0,294,Normal,0.0,0
1/1/2025 20:50,35,77.85,40.14,43.21,4.64,3.55,1,0,109,Normal,0.0,0
1/1/2025 20:51,25,77.11,40.68,44.91,3.24,4.62,1,0,360,Normal,0.0,0
1/1/2025 20:52,26,71.28,47.79,48.58,1.82,0.56,1,0,83,Normal,0.0,0
1/1/2025 20:53,11,98.96,31.47,37.36,2.86,4.92,1,1,15,Normal,1.0,1
1/1/2025 20:54,38,71.0,54.48,30.47,4.16,3.09,2,0,367,Overheating,0.0,1
1/1/2025 20:55,2,80.56,59.69,36.51,4.58,3.95,1,0,202,Normal,0.0,0
1/1/2025 20:56,7,76.9,40.11,45.98,4.45,4.28,1,0,353,Normal,0.0,0
1/1/2025 20:57,18,49.82,38.58,51.92,1.29,1.35,1,0,191,Normal,0.0,0
1/1/2025 20:58,27,76.18,48.94,44.52,2.31,3.13,1,0,55,Normal,0.0,0
1/1/2025 20:59,34,72.19,49.07,68.96,1.35,3.81,1,0,340,Normal,0.0,0
1/1/2025 21:00,27,69.43,54.28,70.54,2.68,2.83,0,0,115,Normal,0.0,0
1/1/2025 21:01,17,64.61,62.73,79.44,1.09,0.76,1,0,100,Normal,0.0,0
1/1/2025 21:02,43,93.03,37.16,40.43,4.42,1.08,1,1,21,Normal,1.0,1
1/1/2025 21:03,44,63.87,33.47,48.75,2.96,3.82,1,0,399,Normal,0.0,0
1/1/2025 21:04,24,73.09,68.35,45.42,4.65,3.08,2,0,457,Vibration Issue,0.0,1
1/1/2025 21:05,25,69.77,27.37,51.62,4.65,0.88,1,0,54,Normal,0.0,0
1/1/2025 21:06,7,64.43,34.38,77.95,3.0,2.73,1,0,188,Normal,0.0,0
1/1/2025 21:07,6,82.68,56.48,53.9,4.09,1.47,1,0,379,Normal,0.0,0
1/1/2025 21:08,24,79.45,31.31,36.31,4.97,0.98,1,0,136,Normal,0.0,0
1/1/2025 21:09,33,70.02,55.87,30.62,1.11,2.16,1,0,409,Normal,0.0,0
1/1/2025 21:10,49,65.8,59.22,44.41,2.17,3.15,1,0,64,Normal,0.0,0
1/1/2025 21:11,29,80.24,58.87,33.83,1.17,1.75,1,0,109,Normal,0.0,0
1/1/2025 21:12,43,79.36,52.5,39.91,2.89,3.08,1,0,466,Normal,0.0,0
1/1/2025 21:13,22,73.55,32.54,58.07,3.78,3.24,0,0,209,Normal,0.0,0
1/1/2025 21:14,26,89.37,29.68,66.57,1.84,0.98,1,0,298,Normal,0.0,0
1/1/2025 21:15,28,90.71,80.51,44.36,2.35,4.58,1,1,13,Normal,1.0,1
1/1/2025 21:16,50,69.92,58.59,62.11,3.17,3.1,1,0,321,Normal,0.0,0
1/1/2025 21:17,21,95.88,56.84,35.5,2.37,1.39,1,1,7,Normal,1.0,1
1/1/2025 21:18,49,72.25,45.59,48.61,3.59,0.6,1,0,34,Normal,0.0,0
1/1/2025 21:19,7,72.38,50.65,76.63,2.92,1.16,1,0,414,Normal,0.0,0
1/1/2025 21:20,17,82.13,10.73,78.28,1.61,4.97,0,0,392,Normal,0.0,0
1/1/2025 21:21,20,78.48,55.45,68.32,3.85,3.15,1,0,151,Normal,0.0,0
1/1/2025 21:22,41,75.33,34.07,31.02,1.19,3.36,0,0,317,Normal,0.0,0
1/1/2025 21:23,49,55.85,40.04,33.45,1.77,0.67,1,0,384,Normal,0.0,0
1/1/2025 21:24,20,59.04,40.91,36.89,2.16,0.8,1,0,399,Normal,0.0,0
1/1/2025 21:25,22,62.16,55.17,47.02,1.21,3.79,2,0,91,Overheating,0.0,1
1/1/2025 21:26,28,75.11,56.15,61.04,2.99,3.9,1,0,14,Normal,0.0,1
1/1/2025 21:27,40,69.82,61.3,75.88,1.03,3.26,1,0,398,Normal,0.0,0
1/1/2025 21:28,49,71.22,68.72,41.23,3.72,3.53,0,0,180,Normal,0.0,0
1/1/2025 21:29,7,72.04,80.22,33.7,2.21,1.81,1,1,12,Normal,1.0,1
1/1/2025 21:30,1,84.78,33.8,71.61,3.8,4.9,1,0,278,Normal,0.0,0
1/1/2025 21:31,32,82.74,48.19,60.74,4.55,4.11,1,0,253,Normal,0.0,0
1/1/2025 21:32,13,70.84,29.15,62.26,4.65,0.92,0,0,489,Normal,0.0,0
1/1/2025 21:33,30,71.96,67.82,60.16,4.49,4.99,0,0,347,Normal,0.0,0
1/1/2025 21:34,23,66.37,48.34,78.5,1.62,2.47,2,0,226,Vibration Issue,0.0,1
1/1/2025 21:35,19,71.64,71.15,36.56,3.19,0.96,1,0,274,Normal,0.0,0
1/1/2025 21:36,32,87.99,68.81,64.82,1.4,4.27,1,0,308,Normal,0.0,0
1/1/2025 21:37,30,84.19,55.63,59.97,4.44,1.18,1,0,87,Normal,0.0,0
1/1/2025 21:38,29,78.83,34.83,31.43,4.67,1.05,1,0,372,Normal,0.0,0
1/1/2025 21:39,49,64.27,41.05,41.16,3.64,1.14,1,0,158,Normal,0.0,0
1/1/2025 21:40,45,74.47,62.59,72.33,4.39,4.59,1,0,286,Normal,0.0,0
1/1/2025 21:41,29,71.15,55.4,65.37,1.3,0.52,1,0,391,Normal,0.0,0
1/1/2025 21:42,30,73.46,72.79,34.61,1.02,4.89,0,0,281,Normal,0.0,0
1/1/2025 21:43,16,82.9,44.52,38.96,1.68,3.54,0,0,136,Normal,0.0,0
1/1/2025 21:44,40,85.78,51.57,75.72,1.37,4.32,1,0,257,Normal,0.0,0
1/1/2025 21:45,19,99.47,55.14,64.1,1.93,4.98,1,1,15,Normal,1.0,1
1/1/2025 21:46,18,66.02,75.4,73.28,2.02,2.13,1,0,440,Normal,0.0,0
1/1/2025 21:47,1,87.3,49.51,59.02,4.29,2.19,1,0,384,Normal,0.0,0
1/1/2025 21:48,14,73.63,49.88,47.69,1.27,1.08,1,0,356,Normal,0.0,0
1/1/2025 21:49,47,67.86,29.71,50.16,3.0,4.68,1,0,43,Normal,0.0,0
1/1/2025 21:50,50,96.73,75.9,59.21,4.41,2.71,1,1,43,Normal,1.0,1
1/1/2025 21:51,2,92.61,62.04,37.71,3.37,4.97,1,1,28,Normal,1.0,1
1/1/2025 21:52,28,72.19,42.99,72.48,1.85,0.76,2,0,67,Overheating,0.0,1
1/1/2025 21:53,49,67.78,37.49,60.66,4.78,2.4,1,0,336,Normal,0.0,0
1/1/2025 21:54,50,57.4,44.9,58.04,3.63,0.96,1,0,21,Normal,0.0,0
1/1/2025 21:55,30,87.54,21.92,51.2,1.61,2.65,1,0,88,Normal,0.0,0
1/1/2025 21:56,38,54.53,89.16,47.32,4.92,1.42,1,1,35,Normal,1.0,1
1/1/2025 21:57,4,73.54,32.24,49.83,4.95,4.43,1,0,365,Normal,0.0,0
1/1/2025 21:58,1,66.07,56.35,79.65,4.33,2.87,1,0,33,Normal,0.0,0
1/1/2025 21:59,8,88.94,57.9,54.85,2.83,4.43,1,0,250,Normal,0.0,0
1/1/2025 22:00,29,93.45,52.46,55.17,3.56,0.87,2,1,43,Overheating,1.0,1
1/1/2025 22:01,39,57.96,38.14,42.9,1.73,2.81,0,0,313,Normal,0.0,0
1/1/2025 22:02,3,75.82,66.5,53.7,1.51,2.34,1,0,53,Normal,0.0,0
1/1/2025 22:03,32,77.7,40.66,72.75,1.96,4.26,2,0,175,Pressure Drop,0.0,1
1/1/2025 22:04,10,72.12,33.88,42.94,4.24,3.35,0,0,486,Normal,0.0,0
1/1/2025 22:05,10,68.59,58.99,77.9,2.75,4.73,0,0,154,Normal,0.0,0
1/1/2025 22:06,19,90.64,59.96,60.51,4.61,2.86,1,1,26,Normal,1.0,1
1/1/2025 22:07,46,69.77,40.52,77.62,1.94,4.97,1,0,124,Normal,0.0,0
1/1/2025 22:08,34,94.83,31.65,48.36,3.19,2.65,1,1,18,Normal,1.0,1
1/1/2025 22:09,33,68.38,69.98,55.32,3.56,2.48,1,0,360,Normal,0.0,0
1/1/2025 22:10,23,82.72,47.29,65.83,1.54,1.8,1,0,499,Normal,0.0,0
1/1/2025 22:11,28,83.35,60.27,66.89,4.98,1.25,1,0,205,Normal,0.0,0
1/1/2025 22:12,32,68.37,47.56,39.37,3.94,2.07,1,0,240,Normal,0.0,0
1/1/2025 22:13,50,57.22,46.68,48.69,2.39,2.79,1,0,145,Normal,0.0,0
1/1/2025 22:14,7,66.41,81.56,67.54,2.22,3.81,2,1,17,Pressure Drop,1.0,1
1/1/2025 22:15,29,63.21,42.85,40.81,3.08,3.59,1,0,139,Normal,0.0,0
1/1/2025 22:16,8,83.24,50.94,44.9,2.53,2.53,1,0,282,Normal,0.0,0
1/1/2025 22:17,1,71.21,33.01,75.4,4.63,3.29,1,0,218,Normal,0.0,0
1/1/2025 22:18,3,88.74,63.62,36.7,4.0,0.77,1,0,164,Normal,0.0,0
1/1/2025 22:19,24,80.73,59.39,42.85,2.27,1.82,1,0,423,Normal,0.0,0
1/1/2025 22:20,23,73.08,49.07,45.29,1.04,1.43,1,0,363,Normal,0.0,0
1/1/2025 22:21,8,75.84,43.5,65.65,2.6,3.91,1,0,218,Normal,0.0,0
1/1/2025 22:22,47,61.73,64.83,59.93,1.64,4.17,1,0,358,Normal,0.0,0
1/1/2025 22:23,37,73.06,47.34,50.76,2.4,0.6,1,0,364,Normal,0.0,0
1/1/2025 22:24,3,76.44,66.19,64.22,2.36,5.0,1,0,334,Normal,0.0,0
1/1/2025 22:25,33,71.16,45.31,46.55,2.45,2.31,1,0,189,Normal,0.0,0
1/1/2025 22:26,28,69.37,58.15,77.24,2.25,3.63,1,0,150,Normal,0.0,0
1/1/2025 22:27,47,85.06,46.0,77.26,4.69,2.53,1,0,108,Normal,0.0,0
1/1/2025 22:28,8,65.57,34.23,59.43,1.42,3.89,1,0,19,Normal,0.0,1
1/1/2025 22:29,34,80.85,37.56,62.04,4.56,2.67,1,0,22,Normal,0.0,0
1/1/2025 22:30,35,86.0,47.72,45.49,1.19,2.83,1,0,157,Normal,0.0,0
1/1/2025 22:31,32,79.95,45.76,47.91,3.44,0.62,1,0,376,Normal,0.0,0
1/1/2025 22:32,24,62.96,51.08,32.69,4.53,1.4,2,0,216,Normal,0.0,1
1/1/2025 22:33,14,76.14,67.64,72.06,3.6,2.83,1,0,108,Normal,0.0,0
1/1/2025 22:34,32,83.93,25.74,42.19,1.41,1.13,1,0,449,Normal,0.0,0
1/1/2025 22:35,46,72.11,58.89,75.72,3.9,4.68,0,0,180,Normal,0.0,0
1/1/2025 22:36,43,66.46,44.34,52.02,2.42,2.31,1,0,308,Normal,0.0,0
1/1/2025 22:37,16,66.12,57.98,76.69,1.29,3.67,1,0,395,Normal,0.0,0
1/1/2025 22:38,4,78.22,58.38,72.61,1.65,1.78,1,0,246,Normal,0.0,0
1/1/2025 22:39,37,71.68,64.56,59.83,1.69,3.11,1,0,127,Normal,0.0,0
1/1/2025 22:40,21,68.82,50.89,73.57,3.75,2.59,1,0,234,Normal,0.0,0
1/1/2025 22:41,14,54.01,54.55,76.15,1.31,0.87,1,0,385,Normal,0.0,0
1/1/2025 22:42,31,93.03,36.07,58.08,1.81,1.84,1,1,32,Normal,1.0,1
1/1/2025 22:43,48,71.86,48.76,79.53,1.28,3.03,1,0,297,Normal,0.0,0
1/1/2025 22:44,18,83.14,33.24,47.14,2.34,2.63,0,0,446,Normal,0.0,0
1/1/2025 22:45,7,88.38,60.99,43.53,1.03,4.58,1,0,275,Normal,0.0,0
1/1/2025 22:46,10,109.06,40.7,38.01,4.77,4.0,1,1,41,Normal,1.0,1
1/1/2025 22:47,7,81.82,39.35,52.05,1.81,1.75,1,0,268,Normal,0.0,0
1/1/2025 22:48,33,78.35,61.98,54.96,3.14,2.68,1,0,161,Normal,0.0,0
1/1/2025 22:49,23,59.5,40.31,37.05,1.3,1.03,2,0,148,Vibration Issue,0.0,1
1/1/2025 22:50,21,54.73,65.06,37.64,4.02,0.54,1,0,114,Normal,0.0,0
1/1/2025 22:51,19,51.13,49.84,32.98,2.27,3.34,1,0,79,Normal,0.0,0
1/1/2025 22:52,48,73.31,47.14,31.18,4.45,2.53,1,0,420,Normal,0.0,0
1/1/2025 22:53,19,65.02,66.25,67.14,4.77,3.44,1,0,257,Normal,0.0,0
1/1/2025 22:54,36,70.14,31.62,50.7,4.71,1.67,1,0,82,Normal,0.0,0
1/1/2025 22:55,29,89.37,31.31,70.54,4.1,4.39,1,0,183,Normal,0.0,0
1/1/2025 22:56,18,80.17,53.88,52.04,2.26,0.58,1,0,292,Normal,0.0,0
1/1/2025 22:57,2,74.86,35.98,72.23,1.72,0.53,1,0,322,Normal,0.0,0
1/1/2025 22:58,1,76.96,53.85,64.91,2.53,3.52,1,0,404,Normal,0.0,0
1/1/2025 22:59,47,68.03,45.16,37.02,4.66,3.7,1,0,62,Normal,0.0,0
1/1/2025 23:00,5,70.21,44.65,40.92,1.81,2.9,1,0,406,Normal,0.0,0
1/1/2025 23:01,20,61.17,63.66,31.93,4.93,1.9,1,0,209,Normal,0.0,0
1/1/2025 23:02,11,82.77,27.59,55.92,1.98,1.06,1,0,460,Normal,0.0,0
1/1/2025 23:03,42,92.71,51.55,61.1,1.36,0.57,1,1,41,Normal,1.0,1
1/1/2025 23:04,2,88.62,98.25,37.87,4.52,0.64,1,1,35,Normal,1.0,1
1/1/2025 23:05,3,75.25,48.49,57.04,2.36,4.13,1,0,44,Normal,0.0,0
1/1/2025 23:06,23,84.57,47.18,73.14,4.69,1.79,1,0,353,Normal,0.0,0
1/1/2025 23:07,12,80.44,44.01,74.21,2.12,3.74,0,0,363,Normal,0.0,0
1/1/2025 23:08,20,76.73,50.98,40.55,2.17,1.7,1,0,348,Normal,0.0,0
1/1/2025 23:09,5,78.52,59.89,47.69,1.26,2.45,1,0,182,Normal,0.0,0
1/1/2025 23:10,37,61.82,51.69,43.9,3.93,1.65,1,0,109,Normal,0.0,0
1/1/2025 23:11,38,70.2,36.93,65.38,3.49,1.86,1,0,405,Normal,0.0,0
1/1/2025 23:12,30,68.18,35.68,41.83,1.74,0.94,1,0,283,Normal,0.0,0
1/1/2025 23:13,9,59.88,76.86,48.23,4.25,2.31,1,0,88,Normal,0.0,0
1/1/2025 23:14,34,80.77,59.77,60.99,2.21,4.01,1,0,282,Normal,0.0,0
1/1/2025 23:15,44,82.02,61.32,39.72,2.56,1.46,1,0,442,Normal,0.0,0
1/1/2025 23:16,35,49.65,47.48,47.31,2.25,1.86,1,0,185,Normal,0.0,0
1/1/2025 23:17,22,74.85,25.55,73.82,4.65,4.87,1,0,497,Normal,0.0,0
1/1/2025 23:18,44,71.61,71.17,37.07,1.46,4.9,1,0,172,Normal,0.0,0
1/1/2025 23:19,24,68.76,56.8,46.98,1.25,0.65,1,0,54,Normal,0.0,0
1/1/2025 23:20,17,58.52,36.37,63.26,4.38,3.33,1,0,214,Normal,0.0,0
1/1/2025 23:21,10,75.61,16.35,59.77,1.62,3.13,2,0,385,Vibration Issue,0.0,1
1/1/2025 23:22,30,75.19,51.13,35.88,4.96,0.9,1,0,26,Normal,0.0,0
1/1/2025 23:23,46,71.23,67.73,46.44,3.79,2.83,1,0,339,Normal,0.0,0
1/1/2025 23:24,23,83.09,43.06,34.1,2.73,0.85,1,0,29,Normal,0.0,0
1/1/2025 23:25,32,82.65,72.31,36.94,2.97,1.06,1,0,200,Normal,0.0,0
1/1/2025 23:26,17,56.37,54.91,32.15,3.02,1.92,1,0,131,Normal,0.0,0
1/1/2025 23:27,50,82.63,48.83,74.57,3.0,2.08,0,0,220,Normal,0.0,0
1/1/2025 23:28,17,65.44,52.55,44.77,3.2,3.69,0,0,414,Normal,0.0,0
1/1/2025 23:29,14,72.27,61.63,46.12,2.93,3.8,2,0,227,Overheating,0.0,1
1/1/2025 23:30,9,91.48,64.92,61.89,3.54,3.32,1,1,21,Normal,1.0,1
1/1/2025 23:31,40,74.57,38.19,36.86,2.55,3.01,1,0,163,Normal,0.0,0
1/1/2025 23:32,2,85.28,32.22,66.83,3.57,3.15,1,0,34,Normal,0.0,0
1/1/2025 23:33,45,72.46,38.44,34.37,2.54,1.15,1,0,440,Normal,0.0,0
1/1/2025 23:34,25,84.36,51.03,64.03,1.04,1.36,1,0,236,Normal,0.0,0
1/1/2025 23:35,39,74.46,67.49,48.88,3.38,3.48,1,0,479,Normal,0.0,0
1/1/2025 23:36,9,72.31,47.6,49.35,4.45,1.56,1,0,443,Normal,0.0,0
1/1/2025 23:37,22,76.23,47.46,78.18,4.51,3.28,1,0,18,Normal,0.0,1
1/1/2025 23:38,43,63.81,43.35,79.09,1.58,4.86,2,0,425,Pressure Drop,0.0,1
1/1/2025 23:39,46,69.85,65.13,69.85,1.64,1.12,0,0,401,Normal,0.0,0
1/1/2025 23:40,4,81.11,44.68,35.49,3.1,4.88,2,0,487,Overheating,0.0,1
1/1/2025 23:41,26,83.38,70.0,57.49,3.74,3.08,1,0,65,Normal,0.0,0
1/1/2025 23:42,29,65.88,47.75,59.35,4.62,4.24,1,0,471,Normal,0.0,0
1/1/2025 23:43,45,92.23,41.46,74.65,4.93,1.45,1,1,32,Normal,1.0,1
1/1/2025 23:44,34,93.08,34.01,68.92,3.16,0.73,1,1,9,Normal,1.0,1
1/1/2025 23:45,23,65.75,73.21,61.7,3.25,4.9,1,0,73,Normal,0.0,0
1/1/2025 23:46,37,70.44,38.48,42.1,2.2,0.6,1,0,448,Normal,0.0,0
1/1/2025 23:47,11,74.7,55.1,43.41,1.66,4.96,1,0,423,Normal,0.0,0
1/1/2025 23:48,6,87.15,71.34,36.34,1.45,3.04,1,0,23,Normal,0.0,0
1/1/2025 23:49,18,80.73,39.5,77.47,1.48,4.84,1,0,171,Normal,0.0,0
1/1/2025 23:50,21,71.94,58.26,67.46,2.86,4.49,1,0,95,Normal,0.0,0
1/1/2025 23:51,42,62.36,47.07,39.05,1.8,2.69,1,0,284,Normal,0.0,0
1/1/2025 23:52,36,55.43,53.87,68.93,2.82,1.8,1,0,115,Normal,0.0,0
1/1/2025 23:53,41,77.86,63.17,45.21,4.21,4.95,1,0,493,Normal,0.0,0
1/1/2025 23:54,38,93.2,68.88,60.0,1.1,3.17,1,1,36,Normal,1.0,1
1/1/2025 23:55,34,75.04,70.12,46.31,3.66,2.26,1,0,123,Normal,0.0,0
1/1/2025 23:56,17,79.15,57.36,75.56,2.08,4.15,0,0,114,Normal,0.0,0
1/1/2025 23:57,37,77.11,56.65,47.92,4.21,1.21,1,0,278,Normal,0.0,0
1/1/2025 23:58,25,58.61,61.43,78.11,4.14,2.7,1,0,272,Normal,0.0,0
1/1/2025 23:59,38,90.71,35.23,34.51,3.46,3.9,1,1,37,Normal,1.0,1
1/2/2025 0:00,12,67.12,33.67,74.26,3.55,4.28,1,0,150,Normal,0.0,0
1/2/2025 0:01,23,67.0,66.08,38.98,4.17,4.22,1,0,475,Normal,0.0,0
1/2/2025 0:02,42,79.66,28.75,68.54,1.26,2.83,1,0,268,Normal,0.0,0
1/2/2025 0:03,22,67.82,50.33,36.91,2.22,1.02,1,0,438,Normal,0.0,0
1/2/2025 0:04,21,61.97,30.91,66.39,2.86,2.78,1,0,60,Normal,0.0,0
1/2/2025 0:05,27,84.68,48.01,41.92,1.57,2.33,0,0,306,Normal,0.0,0
1/2/2025 0:06,31,76.28,49.23,32.07,3.81,3.08,2,0,193,Vibration Issue,0.0,1
1/2/2025 0:07,6,84.59,50.53,37.95,1.82,1.3,1,0,179,Normal,0.0,0
1/2/2025 0:08,27,71.32,63.07,70.83,4.19,4.75,1,0,35,Normal,0.0,0
1/2/2025 0:09,40,70.45,25.78,67.97,2.79,1.36,2,0,449,Overheating,0.0,1
1/2/2025 0:10,34,77.53,61.89,58.84,3.14,1.25,1,0,40,Normal,0.0,0
1/2/2025 0:11,12,78.52,43.1,56.76,4.0,1.9,1,0,488,Normal,0.0,0
1/2/2025 0:12,45,68.58,31.61,32.37,2.45,4.98,1,0,32,Normal,0.0,0
1/2/2025 0:13,7,67.38,47.6,47.66,1.11,3.86,0,0,423,Normal,0.0,0
1/2/2025 0:14,10,84.07,52.1,75.16,3.96,1.25,2,0,445,Overheating,0.0,1
1/2/2025 0:15,45,78.34,77.63,50.58,3.81,4.73,1,0,204,Normal,0.0,0
1/2/2025 0:16,17,77.75,6.0,62.83,4.51,3.81,1,0,429,Normal,0.0,0
1/2/2025 0:17,26,55.25,32.07,57.41,3.35,1.23,1,0,184,Normal,0.0,0
1/2/2025 0:18,21,77.58,46.9,75.61,4.51,2.23,1,0,323,Normal,0.0,0
1/2/2025 0:19,28,78.72,68.06,34.23,1.06,1.26,1,0,179,Normal,0.0,0
1/2/2025 0:20,46,71.8,53.62,52.46,1.66,1.35,1,0,446,Normal,0.0,0
1/2/2025 0:21,2,80.65,62.44,39.93,1.12,1.59,1,0,208,Normal,0.0,0
1/2/2025 0:22,43,68.07,45.07,59.53,4.96,2.79,1,0,125,Normal,0.0,0
1/2/2025 0:23,1,78.43,68.41,49.43,3.58,3.12,1,0,441,Normal,0.0,0
1/2/2025 0:24,36,59.75,40.8,61.15,3.84,4.95,1,0,204,Normal,0.0,0
1/2/2025 0:25,26,84.04,29.06,33.57,3.56,3.15,2,0,460,Overheating,0.0,1
1/2/2025 0:26,29,67.28,39.44,30.69,3.29,0.8,1,0,367,Normal,0.0,0
1/2/2025 0:27,21,79.34,55.13,46.03,1.81,2.29,1,0,203,Normal,0.0,0
1/2/2025 0:28,11,87.43,57.48,38.22,1.17,3.57,1,0,424,Normal,0.0,0
1/2/2025 0:29,40,84.87,58.85,36.38,3.16,4.54,0,0,257,Normal,0.0,0
1/2/2025 0:30,11,79.31,15.11,67.69,1.16,2.04,1,0,336,Normal,0.0,0
1/2/2025 0:31,36,83.22,62.15,79.27,2.9,0.94,1,0,173,Normal,0.0,0
1/2/2025 0:32,49,89.94,44.12,46.47,2.46,4.8,1,0,192,Normal,0.0,0
1/2/2025 0:33,39,76.2,56.91,74.44,1.22,1.99,1,0,335,Normal,0.0,0
1/2/2025 0:34,40,84.7,24.37,50.37,1.76,1.27,1,0,111,Normal,0.0,0
1/2/2025 0:35,35,63.21,29.72,75.99,3.12,3.81,1,0,470,Normal,0.0,0
1/2/2025 0:36,34,67.79,45.43,30.74,4.86,3.8,1,0,293,Normal,0.0,0
1/2/2025 0:37,47,90.07,59.52,61.14,3.79,2.01,1,1,36,Normal,1.0,1
1/2/2025 0:38,24,72.52,51.14,58.83,1.34,1.91,0,0,421,Normal,0.0,0
1/2/2025 0:39,22,69.75,43.31,66.15,3.89,2.31,2,0,35,Vibration Issue,0.0,1
1/2/2025 0:40,5,72.14,22.43,33.48,2.45,4.79,1,0,83,Normal,0.0,0
1/2/2025 0:41,33,67.88,51.01,39.68,4.28,0.63,2,0,35,Pressure Drop,0.0,1
1/2/2025 0:42,36,73.3,44.85,61.06,1.09,4.49,2,0,232,Overheating,0.0,1
1/2/2025 0:43,47,64.51,50.97,42.41,4.12,3.24,1,0,151,Normal,0.0,0
1/2/2025 0:44,20,69.32,53.18,68.39,4.9,3.23,1,0,65,Normal,0.0,0
1/2/2025 0:45,19,75.79,11.15,74.62,3.4,4.76,1,0,421,Normal,0.0,0
1/2/2025 0:46,35,90.72,33.46,70.98,1.61,2.78,1,1,31,Normal,1.0,1
1/2/2025 0:47,43,74.55,45.35,64.19,4.13,4.5,1,0,257,Normal,0.0,0
1/2/2025 0:48,17,57.75,66.34,53.19,3.29,3.08,1,0,20,Normal,0.0,0
1/2/2025 0:49,45,85.06,44.22,70.73,3.67,1.6,1,0,187,Normal,0.0,0
1/2/2025 0:50,43,83.06,62.87,75.01,2.44,2.22,1,0,231,Normal,0.0,0
1/2/2025 0:51,34,67.06,43.97,77.48,4.15,1.9,1,0,254,Normal,0.0,0
1/2/2025 0:52,9,82.89,52.57,74.22,2.05,2.68,1,0,354,Normal,0.0,0
1/2/2025 0:53,26,73.68,60.62,33.16,3.33,3.76,1,0,247,Normal,0.0,0
1/2/2025 0:54,2,89.44,60.71,37.84,1.55,1.06,1,0,86,Normal,0.0,0
1/2/2025 0:55,9,98.88,46.4,69.16,2.43,3.99,1,1,2,Normal,1.0,1
1/2/2025 0:56,9,78.98,47.47,48.95,4.48,1.44,1,0,187,Normal,0.0,0
1/2/2025 0:57,40,82.68,49.95,43.7,1.38,0.79,1,0,321,Normal,0.0,0
1/2/2025 0:58,17,91.03,55.75,44.78,1.78,2.13,1,1,29,Normal,1.0,1
1/2/2025 0:59,1,84.61,30.19,30.3,3.36,3.03,1,0,47,Normal,0.0,0
1/2/2025 1:00,25,79.55,48.25,68.05,1.17,1.6,1,0,11,Normal,0.0,1
1/2/2025 1:01,43,73.91,18.18,41.79,4.21,1.71,1,0,200,Normal,0.0,0
1/2/2025 1:02,40,63.66,38.01,47.03,3.77,1.95,0,0,342,Normal,0.0,0
1/2/2025 1:03,42,72.23,36.05,38.7,4.46,3.62,1,0,465,Normal,0.0,0
1/2/2025 1:04,25,72.64,67.32,35.61,3.26,4.01,1,0,318,Normal,0.0,0
1/2/2025 1:05,39,75.22,40.17,77.5,3.45,2.54,1,0,212,Normal,0.0,0
1/2/2025 1:06,35,56.67,51.22,78.96,3.77,4.33,1,0,235,Normal,0.0,0
1/2/2025 1:07,3,71.4,60.72,54.71,2.18,1.64,1,0,235,Normal,0.0,0
1/2/2025 1:08,50,72.41,52.91,31.57,2.57,1.67,1,0,420,Normal,0.0,0
1/2/2025 1:09,37,61.07,56.99,32.41,1.89,2.61,1,0,67,Normal,0.0,0
1/2/2025 1:10,44,79.06,47.25,73.58,4.17,4.41,1,0,318,Normal,0.0,0
1/2/2025 1:11,44,84.27,52.69,56.89,3.79,0.73,1,0,444,Normal,0.0,0
1/2/2025 1:12,30,74.96,64.53,76.44,2.69,4.79,1,0,251,Normal,0.0,0
1/2/2025 1:13,38,62.58,79.07,62.83,3.18,0.87,2,0,195,Pressure Drop,0.0,1
1/2/2025 1:14,34,73.97,18.62,74.97,4.51,0.83,1,0,242,Normal,0.0,0
1/2/2025 1:15,12,82.33,50.61,49.12,2.5,2.72,1,0,415,Normal,0.0,0
1/2/2025 1:16,19,81.99,22.01,34.91,2.35,3.24,1,0,74,Normal,0.0,0
1/2/2025 1:17,37,74.53,68.87,41.7,4.87,3.77,1,0,188,Normal,0.0,0
1/2/2025 1:18,44,79.1,24.21,51.99,4.81,4.7,1,0,486,Normal,0.0,0
1/2/2025 1:19,49,68.65,21.83,41.2,2.76,1.98,1,0,172,Normal,0.0,0
1/2/2025 1:20,17,82.45,101.42,70.87,4.17,3.52,1,1,18,Normal,1.0,1
1/2/2025 1:21,10,70.91,48.91,63.03,4.52,0.88,0,0,142,Normal,0.0,0
1/2/2025 1:22,49,67.36,55.85,71.61,1.68,3.02,1,0,223,Normal,0.0,0
1/2/2025 1:23,47,84.52,88.47,70.68,1.61,1.1,1,1,18,Normal,1.0,1
1/2/2025 1:24,12,76.33,70.55,70.11,1.51,4.05,1,0,387,Normal,0.0,0
1/2/2025 1:25,16,75.82,63.35,60.44,3.42,2.51,1,0,38,Normal,0.0,0
1/2/2025 1:26,24,80.34,62.3,54.48,2.03,3.46,1,0,238,Normal,0.0,0
1/2/2025 1:27,19,74.32,40.54,78.89,3.75,4.91,1,0,413,Normal,0.0,0
1/2/2025 1:28,8,65.68,38.63,31.55,4.47,1.23,1,0,163,Normal,0.0,0
1/2/2025 1:29,31,72.75,23.31,43.62,2.29,0.94,1,0,447,Normal,0.0,0
1/2/2025 1:30,21,60.1,59.0,68.99,4.8,4.84,2,0,277,Vibration Issue,0.0,1
1/2/2025 1:31,17,86.72,57.07,70.96,1.72,2.88,1,0,470,Normal,0.0,0
1/2/2025 1:32,23,63.91,64.22,41.97,4.4,3.66,1,0,56,Normal,0.0,0
1/2/2025 1:33,37,94.44,51.05,68.3,1.36,2.6,1,1,4,Normal,1.0,1
1/2/2025 1:34,16,67.11,38.26,65.92,1.25,2.53,1,0,336,Normal,0.0,0
1/2/2025 1:35,6,81.16,52.77,70.57,2.42,2.79,1,0,274,Normal,0.0,0
1/2/2025 1:36,8,93.78,55.22,61.44,2.33,2.11,1,1,14,Normal,1.0,1
1/2/2025 1:37,25,77.61,30.41,72.67,1.13,2.24,1,0,392,Normal,0.0,0
1/2/2025 1:38,18,71.78,63.14,66.37,3.68,3.61,1,0,73,Normal,0.0,0
1/2/2025 1:39,25,75.32,49.52,68.57,4.08,3.79,1,0,151,Normal,0.0,0
1/2/2025 1:40,12,66.35,54.53,34.6,1.14,0.78,1,0,269,Normal,0.0,0
1/2/2025 1:41,15,54.74,62.88,56.63,3.94,3.17,1,0,149,Normal,0.0,0
1/2/2025 1:42,26,80.96,46.52,61.94,1.23,3.39,1,0,43,Normal,0.0,0
1/2/2025 1:43,41,54.74,42.78,45.93,3.4,2.26,1,0,410,Normal,0.0,0
1/2/2025 1:44,45,61.32,102.89,35.97,2.28,2.49,1,1,45,Normal,1.0,1
1/2/2025 1:45,26,75.58,67.56,36.79,3.73,4.24,0,0,190,Normal,0.0,0
1/2/2025 1:46,47,68.4,41.88,34.4,4.82,4.72,0,0,427,Normal,0.0,0
1/2/2025 1:47,32,79.91,49.31,56.59,2.18,2.21,0,0,270,Normal,0.0,0
1/2/2025 1:48,10,90.99,52.43,35.54,1.72,2.14,1,1,22,Normal,1.0,1
1/2/2025 1:49,16,72.44,38.09,52.75,3.08,3.07,1,0,304,Normal,0.0,0
1/2/2025 1:50,7,68.92,32.16,76.66,4.23,0.99,1,0,31,Normal,0.0,0
1/2/2025 1:51,17,92.68,44.88,79.64,1.12,2.91,2,1,35,Normal,1.0,1
1/2/2025 1:52,23,81.84,68.6,79.65,3.55,1.05,2,0,46,Vibration Issue,0.0,1
1/2/2025 1:53,26,84.24,49.89,51.64,3.59,4.23,2,0,259,Pressure Drop,0.0,1
1/2/2025 1:54,21,83.45,44.87,74.39,2.52,2.83,1,0,390,Normal,0.0,0
1/2/2025 1:55,22,72.53,48.46,64.29,1.72,3.23,2,0,192,Vibration Issue,0.0,1
1/2/2025 1:56,7,71.24,34.47,41.37,3.63,4.96,1,0,82,Normal,0.0,0
1/2/2025 1:57,14,65.49,48.75,70.22,1.91,2.8,0,0,104,Normal,0.0,0
1/2/2025 1:58,15,82.27,39.03,45.3,4.12,3.21,1,0,483,Normal,0.0,0
1/2/2025 1:59,7,78.85,42.98,60.22,3.9,3.44,2,0,127,Vibration Issue,0.0,1
1/2/2025 2:00,9,81.46,48.71,36.99,4.41,1.47,1,0,221,Normal,0.0,0
1/2/2025 2:01,48,56.29,49.86,54.38,1.62,2.12,1,0,72,Normal,0.0,0
1/2/2025 2:02,8,84.31,22.35,78.58,1.68,4.48,1,0,114,Normal,0.0,0
1/2/2025 2:03,50,70.41,55.91,44.99,2.81,1.23,1,0,15,Normal,0.0,1
1/2/2025 2:04,23,54.0,42.42,78.08,2.8,4.63,1,0,495,Normal,0.0,0
1/2/2025 2:05,29,62.01,44.51,30.25,1.11,4.07,1,0,323,Normal,0.0,0
1/2/2025 2:06,18,69.99,64.48,79.34,2.92,2.1,1,0,300,Normal,0.0,0
1/2/2025 2:07,31,67.83,28.24,32.73,1.98,3.27,2,0,136,Overheating,0.0,1
1/2/2025 2:08,30,75.13,50.39,59.98,4.24,2.08,1,0,150,Normal,0.0,0
1/2/2025 2:09,39,79.59,66.2,78.82,1.77,2.87,1,0,232,Normal,0.0,0
1/2/2025 2:10,35,73.86,55.89,30.05,4.4,2.71,2,0,251,Normal,0.0,1
1/2/2025 2:11,18,70.28,52.22,49.8,3.6,3.7,1,0,439,Normal,0.0,0
1/2/2025 2:12,42,76.42,59.77,74.66,3.65,4.18,1,0,79,Normal,0.0,0
1/2/2025 2:13,39,76.56,50.94,62.99,1.2,4.22,1,0,312,Normal,0.0,0
1/2/2025 2:14,17,87.69,33.32,54.07,2.68,0.66,1,0,214,Normal,0.0,0
1/2/2025 2:15,14,68.89,57.85,45.69,3.9,4.17,1,0,286,Normal,0.0,0
1/2/2025 2:16,31,73.89,72.66,41.19,3.08,3.64,1,0,368,Normal,0.0,0
1/2/2025 2:17,24,91.48,15.29,34.97,3.97,3.45,1,1,28,Normal,1.0,1
1/2/2025 2:18,35,62.8,42.28,61.47,1.31,4.13,1,0,358,Normal,0.0,0
1/2/2025 2:19,44,71.35,47.07,45.91,1.13,3.64,1,0,197,Normal,0.0,0
1/2/2025 2:20,45,65.86,29.31,47.92,3.71,4.98,1,0,165,Normal,0.0,0
1/2/2025 2:21,34,62.46,41.98,55.65,3.31,4.73,1,0,224,Normal,0.0,0
1/2/2025 2:22,3,77.25,81.25,50.18,3.21,2.05,1,1,25,Normal,1.0,1
1/2/2025 2:23,37,88.3,26.26,62.62,3.08,4.96,1,0,470,Normal,0.0,0
1/2/2025 2:24,43,95.98,44.77,43.84,2.23,1.99,1,1,47,Normal,1.0,1
1/2/2025 2:25,40,74.58,53.1,64.17,1.71,3.27,2,0,73,Normal,0.0,1
1/2/2025 2:26,26,80.05,38.98,46.04,2.8,3.52,1,0,381,Normal,0.0,0
1/2/2025 2:27,23,80.41,58.32,49.94,2.02,4.21,2,0,330,Vibration Issue,0.0,1
1/2/2025 2:28,44,72.94,48.14,47.54,3.3,3.76,1,0,33,Normal,0.0,0
1/2/2025 2:29,39,87.81,51.12,62.2,4.11,2.47,2,0,79,Normal,0.0,1
1/2/2025 2:30,15,73.36,56.43,42.24,1.73,2.65,1,0,463,Normal,0.0,0
1/2/2025 2:31,49,85.86,62.68,43.85,1.92,1.66,1,0,179,Normal,0.0,0
1/2/2025 2:32,4,71.43,44.75,65.76,3.13,1.47,1,0,310,Normal,0.0,0
1/2/2025 2:33,29,63.47,40.86,69.35,4.61,1.53,0,0,17,Normal,0.0,1
1/2/2025 2:34,22,64.09,65.29,70.09,1.19,1.89,1,0,22,Normal,0.0,0
1/2/2025 2:35,25,58.82,20.31,50.97,1.93,2.98,1,0,333,Normal,0.0,0
1/2/2025 2:36,13,87.63,79.08,36.59,1.02,3.62,1,0,76,Normal,0.0,0
1/2/2025 2:37,18,87.77,50.78,38.62,1.7,0.67,1,0,230,Normal,0.0,0
1/2/2025 2:38,33,67.86,38.11,72.6,3.49,2.79,0,0,267,Normal,0.0,0
1/2/2025 2:39,16,64.32,26.9,32.28,2.07,3.79,1,0,58,Normal,0.0,0
1/2/2025 2:40,45,67.24,56.75,61.77,2.76,4.72,1,0,390,Normal,0.0,0
1/2/2025 2:41,42,76.78,15.05,72.49,4.73,2.83,1,0,251,Normal,0.0,0
1/2/2025 2:42,44,65.64,38.84,75.77,3.68,2.72,1,0,227,Normal,0.0,0
1/2/2025 2:43,2,80.5,49.73,53.95,3.18,1.52,1,0,284,Normal,0.0,0
1/2/2025 2:44,35,71.96,37.45,75.7,3.02,4.64,1,0,454,Normal,0.0,0
1/2/2025 2:45,42,85.84,25.55,54.74,3.19,1.64,1,0,488,Normal,0.0,0
1/2/2025 2:46,34,81.74,57.64,33.58,3.83,2.06,2,0,133,Electrical Fault,0.0,1
1/2/2025 2:47,30,63.78,30.94,44.86,4.9,4.79,1,0,23,Normal,0.0,0
1/2/2025 2:48,13,62.39,39.1,79.09,2.65,0.59,1,0,130,Normal,0.0,0
1/2/2025 2:49,13,77.08,79.39,68.84,2.65,3.16,2,0,267,Vibration Issue,0.0,1
1/2/2025 2:50,18,73.18,49.38,61.51,4.32,1.76,1,0,199,Normal,0.0,0
1/2/2025 2:51,32,87.74,20.86,71.06,1.35,2.45,1,0,317,Normal,0.0,0
1/2/2025 2:52,32,78.9,39.22,47.83,3.45,0.63,1,0,380,Normal,0.0,0
1/2/2025 2:53,35,70.42,74.16,44.18,1.25,1.79,1,0,252,Normal,0.0,0
1/2/2025 2:54,39,91.81,58.86,30.42,2.7,1.81,0,1,41,Normal,1.0,1
1/2/2025 2:55,46,70.71,33.02,34.19,2.8,2.86,2,0,404,Vibration Issue,0.0,1
1/2/2025 2:56,29,61.61,80.86,65.68,1.52,3.47,1,1,3,Normal,1.0,1
1/2/2025 2:57,49,72.94,52.46,79.34,1.72,2.47,1,0,187,Normal,0.0,0
1/2/2025 2:58,29,66.94,47.29,60.19,4.59,1.36,1,0,485,Normal,0.0,0
1/2/2025 2:59,44,84.87,35.27,30.17,3.29,2.25,1,0,209,Normal,0.0,0
1/2/2025 3:00,16,63.71,43.77,62.04,1.84,3.35,0,0,254,Normal,0.0,0
1/2/2025 3:01,44,83.49,41.9,31.44,4.12,4.42,1,0,214,Normal,0.0,0
1/2/2025 3:02,47,72.4,71.06,42.42,1.21,2.36,1,0,175,Normal,0.0,0
1/2/2025 3:03,10,59.15,67.25,45.19,4.19,4.82,0,0,346,Normal,0.0,0
1/2/2025 3:04,30,79.26,52.92,45.5,1.31,3.33,1,0,258,Normal,0.0,0
1/2/2025 3:05,25,86.87,50.31,35.9,1.07,3.33,1,0,232,Normal,0.0,0
1/2/2025 3:06,39,76.02,39.59,67.63,3.9,0.7,1,0,24,Normal,0.0,0
1/2/2025 3:07,20,73.09,36.61,41.73,4.14,0.58,1,0,88,Normal,0.0,0
1/2/2025 3:08,5,93.59,28.53,35.19,4.62,4.83,1,1,20,Normal,1.0,1
1/2/2025 3:09,1,87.0,77.98,42.36,3.01,1.95,1,0,424,Normal,0.0,0
1/2/2025 3:10,30,82.71,51.58,77.76,2.21,1.67,1,0,278,Normal,0.0,0
1/2/2025 3:11,49,54.89,27.1,77.11,1.46,2.06,1,0,275,Normal,0.0,0
1/2/2025 3:12,3,68.02,31.92,60.22,4.13,3.29,1,0,132,Normal,0.0,0
1/2/2025 3:13,45,72.86,37.75,60.03,2.57,4.07,1,0,450,Normal,0.0,0
1/2/2025 3:14,14,79.63,65.09,51.77,4.98,4.63,0,0,319,Normal,0.0,0
1/2/2025 3:15,30,83.96,49.71,71.18,4.64,1.45,1,0,352,Normal,0.0,0
1/2/2025 3:16,50,64.59,55.4,47.88,2.37,2.07,0,0,233,Normal,0.0,0
1/2/2025 3:17,4,80.79,48.03,70.32,3.9,0.78,1,0,95,Normal,0.0,0
1/2/2025 3:18,18,63.36,77.57,64.06,3.47,2.91,1,0,478,Normal,0.0,0
1/2/2025 3:19,37,82.11,53.67,41.14,2.17,4.37,1,0,258,Normal,0.0,0
1/2/2025 3:20,25,63.97,79.28,72.62,2.65,4.1,1,0,373,Normal,0.0,0
1/2/2025 3:21,48,87.43,48.12,61.58,4.65,3.88,1,0,269,Normal,0.0,0
1/2/2025 3:22,1,77.54,66.26,61.23,2.85,3.53,1,0,86,Normal,0.0,0
1/2/2025 3:23,46,71.16,37.48,79.19,4.62,3.32,1,0,271,Normal,0.0,0
1/2/2025 3:24,15,78.04,47.98,78.5,2.26,1.95,1,0,355,Normal,0.0,0
1/2/2025 3:25,9,68.45,38.08,61.49,2.68,1.85,1,0,13,Normal,0.0,1
1/2/2025 3:26,15,75.23,66.85,73.89,4.02,2.08,1,0,238,Normal,0.0,0
1/2/2025 3:27,49,65.02,61.19,41.32,4.56,3.4,1,0,393,Normal,0.0,0
1/2/2025 3:28,24,77.97,59.57,53.77,2.64,2.93,1,0,282,Normal,0.0,0
1/2/2025 3:29,4,72.47,52.82,60.93,4.21,2.78,1,0,30,Normal,0.0,0
1/2/2025 3:30,12,72.94,52.99,48.43,4.72,4.59,1,0,385,Normal,0.0,0
1/2/2025 3:31,37,74.58,31.48,67.23,2.22,1.48,2,0,402,Vibration Issue,0.0,1
1/2/2025 3:32,37,66.11,41.84,50.53,3.04,3.83,1,0,133,Normal,0.0,0
1/2/2025 3:33,43,95.78,40.68,65.04,2.01,2.92,2,1,31,Electrical Fault,1.0,1
1/2/2025 3:34,6,72.96,36.03,56.0,1.05,2.54,1,0,118,Normal,0.0,0
1/2/2025 3:35,39,85.99,39.15,40.41,3.79,3.49,1,0,329,Normal,0.0,0
1/2/2025 3:36,46,63.35,43.19,77.66,4.04,3.4,1,0,229,Normal,0.0,0
1/2/2025 3:37,24,52.46,56.86,45.78,2.92,0.71,1,0,141,Normal,0.0,0
1/2/2025 3:38,11,77.57,31.25,34.52,1.39,4.23,1,0,317,Normal,0.0,0
1/2/2025 3:39,13,85.66,41.92,32.53,3.51,4.2,1,0,77,Normal,0.0,0
1/2/2025 3:40,34,87.15,46.4,79.49,3.96,2.65,1,0,335,Normal,0.0,0
1/2/2025 3:41,25,84.34,36.51,51.52,2.86,3.32,1,0,375,Normal,0.0,0
1/2/2025 3:42,7,72.89,49.48,48.94,3.28,2.71,1,0,289,Normal,0.0,0
1/2/2025 3:43,4,80.76,60.2,69.91,2.82,2.47,1,0,50,Normal,0.0,0
1/2/2025 3:44,8,68.63,64.72,75.83,2.85,3.6,1,0,294,Normal,0.0,0
1/2/2025 3:45,20,68.88,50.46,71.68,2.1,3.16,1,0,217,Normal,0.0,0
1/2/2025 3:46,29,77.19,41.7,63.38,4.15,3.01,1,0,21,Normal,0.0,0
1/2/2025 3:47,45,77.37,51.54,31.78,2.04,3.58,1,0,167,Normal,0.0,0
1/2/2025 3:48,46,69.7,52.83,38.54,3.33,3.87,1,0,94,Normal,0.0,0
1/2/2025 3:49,10,76.82,34.79,46.57,1.29,1.4,1,0,441,Normal,0.0,0
1/2/2025 3:50,43,86.41,57.92,33.52,4.46,4.84,1,0,401,Normal,0.0,0
1/2/2025 3:51,34,66.13,40.08,37.38,3.96,2.97,1,0,441,Normal,0.0,0
1/2/2025 3:52,26,81.73,28.54,75.02,2.96,5.0,0,0,390,Normal,0.0,0
1/2/2025 3:53,41,61.36,14.86,71.1,3.61,4.01,0,0,290,Normal,0.0,0
1/2/2025 3:54,49,58.19,49.41,79.5,4.38,3.21,0,0,372,Normal,0.0,0
1/2/2025 3:55,3,78.03,48.78,58.69,4.54,1.98,1,0,471,Normal,0.0,0
1/2/2025 3:56,6,74.35,21.09,50.05,3.35,3.47,1,0,67,Normal,0.0,0
1/2/2025 3:57,5,76.15,51.5,36.93,3.14,0.7,1,0,480,Normal,0.0,0
1/2/2025 3:58,5,75.99,42.23,44.99,4.65,2.37,1,0,71,Normal,0.0,0
1/2/2025 3:59,47,84.56,56.3,37.28,4.71,2.26,1,0,251,Normal,0.0,0
1/2/2025 4:00,23,80.32,44.78,63.49,2.87,4.99,1,0,183,Normal,0.0,0
1/2/2025 4:01,49,79.68,27.35,61.78,2.46,2.02,1,0,182,Normal,0.0,0
1/2/2025 4:02,9,88.83,63.6,57.55,4.91,4.56,1,0,309,Normal,0.0,0
1/2/2025 4:03,35,84.03,34.88,38.41,2.02,4.88,1,0,46,Normal,0.0,0
1/2/2025 4:04,20,76.8,60.22,61.57,1.09,4.95,1,0,471,Normal,0.0,0
1/2/2025 4:05,49,85.56,38.76,57.53,3.68,4.82,1,0,327,Normal,0.0,0
1/2/2025 4:06,42,72.24,49.94,72.48,2.97,0.59,1,0,410,Normal,0.0,0
1/2/2025 4:07,35,72.51,58.18,55.21,2.97,4.99,1,0,393,Normal,0.0,0
1/2/2025 4:08,50,88.15,59.11,65.49,1.57,3.82,1,0,372,Normal,0.0,0
1/2/2025 4:09,18,72.73,53.41,42.15,3.12,4.69,0,0,149,Normal,0.0,0
1/2/2025 4:10,17,79.05,65.63,30.2,1.04,4.72,1,0,218,Normal,0.0,0
1/2/2025 4:11,24,78.52,44.86,58.85,3.71,3.21,1,0,92,Normal,0.0,0
1/2/2025 4:12,3,76.55,68.19,77.68,1.48,4.62,1,0,291,Normal,0.0,0
1/2/2025 4:13,32,93.01,33.47,44.22,4.77,4.41,1,1,38,Normal,1.0,1
1/2/2025 4:14,35,73.77,60.51,71.51,3.74,0.95,0,0,230,Normal,0.0,0
1/2/2025 4:15,38,92.73,38.38,60.66,1.61,2.43,1,1,35,Normal,1.0,1
1/2/2025 4:16,13,64.24,50.84,56.04,4.66,1.35,2,0,31,Vibration Issue,0.0,1
1/2/2025 4:17,47,74.53,56.69,72.14,2.63,3.28,1,0,350,Normal,0.0,0
1/2/2025 4:18,25,72.6,37.88,53.97,2.75,2.82,0,0,337,Normal,0.0,0
1/2/2025 4:19,9,82.75,85.21,42.9,1.87,2.67,1,1,35,Normal,1.0,1
1/2/2025 4:20,4,61.43,32.45,55.96,4.81,3.62,1,0,361,Normal,0.0,0
1/2/2025 4:21,14,78.82,72.23,62.46,4.46,1.51,1,0,27,Normal,0.0,0
1/2/2025 4:22,37,84.25,57.3,61.57,2.48,1.89,1,0,29,Normal,0.0,0
1/2/2025 4:23,34,71.73,32.92,78.98,1.63,2.5,1,0,240,Normal,0.0,0
1/2/2025 4:24,11,68.79,23.93,73.74,4.39,2.61,1,0,115,Normal,0.0,0
1/2/2025 4:25,41,68.86,39.45,71.63,4.8,1.74,1,0,338,Normal,0.0,0
1/2/2025 4:26,3,79.94,60.84,78.77,3.82,2.52,1,0,226,Normal,0.0,0
1/2/2025 4:27,28,59.14,50.31,50.48,1.57,0.9,1,0,78,Normal,0.0,0
1/2/2025 4:28,29,61.92,39.11,62.88,2.81,0.73,1,0,445,Normal,0.0,0
1/2/2025 4:29,9,75.83,46.16,57.05,1.1,4.27,1,0,280,Normal,0.0,0
1/2/2025 4:30,3,80.84,38.61,58.21,2.63,4.76,1,0,309,Normal,0.0,0
1/2/2025 4:31,25,77.75,40.15,72.51,4.63,2.59,1,0,316,Normal,0.0,0
1/2/2025 4:32,34,81.01,30.23,42.03,4.96,4.66,1,0,210,Normal,0.0,0
1/2/2025 4:33,12,64.53,57.2,57.47,3.65,3.4,1,0,127,Normal,0.0,0
1/2/2025 4:34,42,57.52,47.46,38.33,1.84,2.59,1,0,90,Normal,0.0,0
1/2/2025 4:35,9,83.83,56.45,38.9,1.41,4.78,1,0,268,Normal,0.0,0
1/2/2025 4:36,15,62.32,71.46,45.75,2.51,0.53,1,0,377,Normal,0.0,0
1/2/2025 4:37,40,80.15,49.26,65.34,3.77,2.74,1,0,454,Normal,0.0,0
1/2/2025 4:38,25,56.71,36.26,54.13,4.52,3.23,1,0,420,Normal,0.0,0
1/2/2025 4:39,5,81.77,41.71,50.47,2.48,3.34,1,0,60,Normal,0.0,0
1/2/2025 4:40,11,74.98,51.03,64.61,1.21,3.15,1,0,200,Normal,0.0,0
1/2/2025 4:41,34,85.41,48.36,55.32,3.0,3.92,1,0,54,Normal,0.0,0
1/2/2025 4:42,24,82.92,55.47,38.14,3.71,4.06,1,0,119,Normal,0.0,0
1/2/2025 4:43,15,71.55,40.39,40.44,3.75,4.7,1,0,329,Normal,0.0,0
1/2/2025 4:44,38,69.53,52.91,57.28,1.38,1.28,1,0,15,Normal,0.0,1
1/2/2025 4:45,8,78.16,53.77,48.64,4.85,3.57,1,0,217,Normal,0.0,0
1/2/2025 4:46,5,69.98,59.04,68.67,4.51,1.76,1,0,467,Normal,0.0,0
1/2/2025 4:47,48,42.23,51.92,34.8,2.18,4.12,0,0,26,Normal,0.0,0
1/2/2025 4:48,26,72.19,35.18,76.47,3.48,3.64,1,0,136,Normal,0.0,0
1/2/2025 4:49,18,66.39,44.94,50.51,3.6,2.69,1,0,115,Normal,0.0,0
1/2/2025 4:50,6,69.65,71.11,57.35,1.21,0.63,2,0,70,Pressure Drop,0.0,1
1/2/2025 4:51,37,77.97,36.85,71.52,3.7,3.62,1,0,361,Normal,0.0,0
1/2/2025 4:52,48,87.41,56.35,44.09,2.37,2.53,1,0,110,Normal,0.0,0
1/2/2025 4:53,13,93.38,41.81,37.01,3.35,1.19,1,1,39,Normal,1.0,1
1/2/2025 4:54,28,79.9,46.76,47.98,2.61,4.62,1,0,192,Normal,0.0,0
1/2/2025 4:55,5,69.05,16.87,44.38,3.54,4.56,1,0,320,Normal,0.0,0
1/2/2025 4:56,13,84.69,32.61,69.66,4.01,4.45,0,0,73,Normal,0.0,0
1/2/2025 4:57,17,59.89,41.48,63.41,4.91,2.68,1,0,439,Normal,0.0,0
1/2/2025 4:58,50,68.09,73.43,45.84,1.92,4.62,1,0,318,Normal,0.0,0
1/2/2025 4:59,40,72.7,40.06,30.19,4.77,1.92,0,0,440,Normal,0.0,0
1/2/2025 5:00,45,55.75,8.79,73.41,4.3,4.21,1,0,255,Normal,0.0,0
1/2/2025 5:01,32,77.47,71.31,58.49,2.37,2.96,1,0,145,Normal,0.0,0
1/2/2025 5:02,29,66.78,61.66,68.88,3.25,3.22,1,0,130,Normal,0.0,0
1/2/2025 5:03,3,77.45,43.63,42.52,3.25,4.93,1,0,225,Normal,0.0,0
1/2/2025 5:04,40,72.34,54.43,54.04,2.2,2.04,1,0,490,Normal,0.0,0
1/2/2025 5:05,34,66.59,36.3,76.86,1.0,1.0,0,0,304,Normal,0.0,0
1/2/2025 5:06,40,65.01,40.45,52.78,2.52,2.06,1,0,136,Normal,0.0,0
1/2/2025 5:07,27,74.52,53.85,69.3,4.92,4.02,2,0,330,Vibration Issue,0.0,1
1/2/2025 5:08,13,82.25,58.78,58.42,4.29,3.09,1,0,259,Normal,0.0,0
1/2/2025 5:09,45,81.94,45.88,68.44,4.98,1.17,0,0,149,Normal,0.0,0
1/2/2025 5:10,33,77.94,71.47,37.62,2.33,4.76,1,0,331,Normal,0.0,0
1/2/2025 5:11,6,80.73,35.24,75.31,4.69,1.17,1,0,350,Normal,0.0,0
1/2/2025 5:12,24,75.74,62.42,32.2,3.61,1.34,1,0,303,Normal,0.0,0
1/2/2025 5:13,19,68.42,35.6,61.4,3.49,1.43,1,0,56,Normal,0.0,0
1/2/2025 5:14,16,89.04,47.9,52.26,2.12,0.54,1,0,303,Normal,0.0,0
1/2/2025 5:15,40,68.45,65.71,79.29,1.57,2.35,1,0,468,Normal,0.0,0
1/2/2025 5:16,28,90.76,41.33,73.35,4.64,4.88,1,1,15,Normal,1.0,1
1/2/2025 5:17,33,81.36,39.66,74.48,3.74,0.81,2,0,423,Vibration Issue,0.0,1
1/2/2025 5:18,48,72.47,45.35,66.41,4.85,2.56,1,0,264,Normal,0.0,0
1/2/2025 5:19,41,62.15,41.74,60.09,2.6,2.98,2,0,434,Pressure Drop,0.0,1
1/2/2025 5:20,13,78.37,31.53,68.47,3.93,1.19,1,0,272,Normal,0.0,0
1/2/2025 5:21,43,74.52,48.33,56.41,2.91,2.66,1,0,211,Normal,0.0,0
1/2/2025 5:22,45,87.13,56.2,37.29,4.67,1.44,1,0,483,Normal,0.0,0
1/2/2025 5:23,25,64.62,37.1,78.17,2.39,2.5,1,0,155,Normal,0.0,0
1/2/2025 5:24,42,85.57,53.5,38.38,1.61,2.55,2,0,118,Normal,0.0,1
1/2/2025 5:25,36,89.75,52.57,67.97,3.63,4.26,1,0,206,Normal,0.0,0
1/2/2025 5:26,27,67.81,60.18,40.01,2.3,1.13,2,0,261,Vibration Issue,0.0,1
1/2/2025 5:27,38,82.38,53.39,73.55,2.99,0.69,1,0,138,Normal,0.0,0
1/2/2025 5:28,7,89.04,66.27,76.91,2.62,2.18,1,0,456,Normal,0.0,0
1/2/2025 5:29,5,88.61,45.82,37.49,2.47,3.28,1,0,349,Normal,0.0,0
1/2/2025 5:30,43,85.53,42.08,48.54,1.67,1.05,1,0,425,Normal,0.0,0
1/2/2025 5:31,45,92.2,34.44,76.1,3.79,2.68,1,1,5,Normal,1.0,1
1/2/2025 5:32,31,75.67,68.51,51.77,3.71,2.74,1,0,79,Normal,0.0,0
1/2/2025 5:33,23,74.55,63.31,69.91,1.01,2.59,1,0,411,Normal,0.0,0
1/2/2025 5:34,42,90.69,57.95,33.72,4.49,3.99,1,1,38,Normal,1.0,1
1/2/2025 5:35,10,51.4,33.46,45.82,4.43,4.73,1,0,250,Normal,0.0,0
1/2/2025 5:36,32,72.15,42.99,66.38,2.92,4.13,1,0,443,Normal,0.0,0
1/2/2025 5:37,43,66.84,63.68,58.89,3.04,1.15,2,0,85,Normal,0.0,1
1/2/2025 5:38,30,75.42,44.1,74.22,2.38,1.19,1,0,387,Normal,0.0,0
1/2/2025 5:39,39,79.17,57.43,62.9,2.57,3.66,1,0,298,Normal,0.0,0
1/2/2025 5:40,31,80.87,66.32,67.48,1.66,3.74,1,0,39,Normal,0.0,0
1/2/2025 5:41,18,75.78,51.45,69.3,2.1,3.22,1,0,337,Normal,0.0,0
1/2/2025 5:42,36,76.72,61.72,41.54,2.41,3.47,1,0,471,Normal,0.0,0
1/2/2025 5:43,2,84.69,52.56,34.55,3.58,0.82,1,0,489,Normal,0.0,0
1/2/2025 5:44,14,69.29,89.69,67.4,1.2,3.93,1,1,6,Normal,1.0,1
1/2/2025 5:45,13,71.55,48.0,43.53,1.56,3.77,1,0,124,Normal,0.0,0
1/2/2025 5:46,29,65.85,55.18,51.92,2.17,1.22,1,0,39,Normal,0.0,0
1/2/2025 5:47,12,74.87,58.45,58.83,3.17,0.74,1,0,86,Normal,0.0,0
1/2/2025 5:48,39,58.78,24.1,38.02,2.51,2.28,1,0,447,Normal,0.0,0
1/2/2025 5:49,2,88.0,62.61,65.85,3.94,1.12,1,0,482,Normal,0.0,0
1/2/2025 5:50,32,82.96,52.41,54.77,2.39,2.19,1,0,203,Normal,0.0,0
1/2/2025 5:51,13,65.18,46.52,71.13,3.03,3.14,1,0,47,Normal,0.0,0
1/2/2025 5:52,46,87.35,38.0,63.45,4.79,3.92,1,0,339,Normal,0.0,0
1/2/2025 5:53,27,72.34,44.91,76.64,1.06,3.53,1,0,288,Normal,0.0,0
1/2/2025 5:54,49,67.99,60.2,76.96,2.6,1.16,1,0,122,Normal,0.0,0
1/2/2025 5:55,41,78.74,23.08,64.58,1.25,2.48,1,0,264,Normal,0.0,0
1/2/2025 5:56,17,58.49,30.95,30.32,1.82,3.98,1,0,66,Normal,0.0,0
1/2/2025 5:57,40,71.54,67.23,32.56,1.56,2.12,2,0,237,Overheating,0.0,1
1/2/2025 5:58,31,78.73,58.27,72.16,1.76,3.36,2,0,159,Normal,0.0,1
1/2/2025 5:59,34,92.83,63.01,70.94,2.12,3.87,1,1,12,Normal,1.0,1
1/2/2025 6:00,24,62.27,60.44,36.9,1.7,2.96,1,0,274,Normal,0.0,0
1/2/2025 6:01,45,63.07,46.17,47.28,1.0,4.35,1,0,133,Normal,0.0,0
1/2/2025 6:02,35,72.6,68.7,74.98,4.17,0.89,0,0,352,Normal,0.0,0
1/2/2025 6:03,48,71.77,68.2,61.59,4.02,1.83,1,0,129,Normal,0.0,0
1/2/2025 6:04,6,82.84,36.96,66.8,2.65,1.42,1,0,468,Normal,0.0,0
1/2/2025 6:05,19,90.23,63.21,44.78,4.1,0.76,1,1,22,Normal,1.0,1
1/2/2025 6:06,30,85.27,33.64,54.07,4.88,2.95,0,0,402,Normal,0.0,0
1/2/2025 6:07,7,70.59,66.29,38.14,3.21,3.06,1,0,210,Normal,0.0,0
1/2/2025 6:08,10,89.51,37.28,33.73,4.09,3.99,1,0,111,Normal,0.0,0
1/2/2025 6:09,41,74.23,34.75,75.07,3.49,3.83,1,0,267,Normal,0.0,0
1/2/2025 6:10,32,80.19,59.42,73.51,2.73,1.09,1,0,388,Normal,0.0,0
1/2/2025 6:11,34,79.19,39.96,31.57,3.59,2.92,1,0,219,Normal,0.0,0
1/2/2025 6:12,28,79.47,77.71,63.42,3.65,0.62,1,0,365,Normal,0.0,0
1/2/2025 6:13,15,83.74,54.79,46.65,3.64,0.58,1,0,200,Normal,0.0,0
1/2/2025 6:14,30,83.06,35.61,39.21,4.8,3.63,2,0,162,Vibration Issue,0.0,1
1/2/2025 6:15,37,82.26,32.18,54.52,2.02,4.97,1,0,199,Normal,0.0,0
1/2/2025 6:16,29,69.75,41.74,75.65,1.95,0.59,1,0,468,Normal,0.0,0
1/2/2025 6:17,22,66.31,33.96,43.67,1.26,3.83,1,0,111,Normal,0.0,0
1/2/2025 6:18,4,82.44,34.94,38.67,2.14,2.8,1,0,428,Normal,0.0,0
1/2/2025 6:19,20,78.35,49.21,68.42,4.39,2.39,0,0,194,Normal,0.0,0
1/2/2025 6:20,32,83.79,43.3,72.43,2.93,1.29,2,0,151,Pressure Drop,0.0,1
1/2/2025 6:21,36,70.38,39.62,41.81,4.24,1.99,1,0,421,Normal,0.0,0
1/2/2025 6:22,50,82.42,69.02,58.04,1.77,2.44,1,0,130,Normal,0.0,0
1/2/2025 6:23,4,71.97,38.99,57.66,3.82,2.22,1,0,381,Normal,0.0,0
1/2/2025 6:24,27,71.35,55.16,37.18,3.27,1.17,1,0,415,Normal,0.0,0
1/2/2025 6:25,17,86.74,17.18,42.83,3.83,1.22,1,0,130,Normal,0.0,0
1/2/2025 6:26,12,86.0,48.18,63.61,2.65,3.67,1,0,231,Normal,0.0,0
1/2/2025 6:27,22,77.19,45.31,60.21,3.74,4.06,1,0,127,Normal,0.0,0
1/2/2025 6:28,17,71.54,61.48,59.93,1.47,1.3,2,0,239,Pressure Drop,0.0,1
1/2/2025 6:29,10,74.17,62.19,76.72,4.97,0.53,1,0,498,Normal,0.0,0
1/2/2025 6:30,1,76.48,71.57,73.34,3.32,1.6,1,0,341,Normal,0.0,0
1/2/2025 6:31,22,71.12,42.88,41.66,4.84,2.63,2,0,249,Normal,0.0,1
1/2/2025 6:32,26,78.22,22.63,46.12,4.48,1.52,1,0,387,Normal,0.0,0
1/2/2025 6:33,18,69.94,34.6,38.13,2.14,4.66,1,0,498,Normal,0.0,0
1/2/2025 6:34,50,90.53,41.96,43.89,3.83,2.25,0,1,43,Normal,1.0,1
1/2/2025 6:35,14,55.17,38.41,77.12,2.54,4.77,1,0,238,Normal,0.0,0
1/2/2025 6:36,47,68.66,78.13,73.12,2.64,4.98,1,0,88,Normal,0.0,0
1/2/2025 6:37,29,82.73,50.79,58.11,3.46,1.81,1,0,277,Normal,0.0,0
1/2/2025 6:38,12,90.77,49.52,35.07,2.22,2.63,1,1,14,Normal,1.0,1
1/2/2025 6:39,36,69.02,49.67,47.93,2.65,1.08,1,0,285,Normal,0.0,0
1/2/2025 6:40,35,72.7,45.66,31.22,1.72,2.51,1,0,468,Normal,0.0,0
1/2/2025 6:41,12,79.6,26.93,32.64,1.57,2.87,1,0,369,Normal,0.0,0
1/2/2025 6:42,7,79.99,70.06,32.02,3.7,3.19,1,0,20,Normal,0.0,0
1/2/2025 6:43,29,76.36,79.72,51.29,2.55,4.92,1,0,218,Normal,0.0,0
1/2/2025 6:44,11,82.81,34.83,69.31,4.89,2.76,1,0,36,Normal,0.0,0
1/2/2025 6:45,33,77.96,54.81,37.94,1.26,2.13,2,0,149,Vibration Issue,0.0,1
1/2/2025 6:46,6,78.16,45.18,36.57,1.98,3.18,2,0,16,Normal,0.0,1
1/2/2025 6:47,47,90.68,74.23,33.72,1.8,4.87,1,1,1,Normal,1.0,1
1/2/2025 6:48,15,73.34,66.85,59.61,2.98,4.84,1,0,482,Normal,0.0,0
1/2/2025 6:49,32,72.59,43.05,66.22,1.79,1.06,1,0,258,Normal,0.0,0
1/2/2025 6:50,11,71.96,68.05,52.24,3.45,4.14,1,0,129,Normal,0.0,0
1/2/2025 6:51,23,69.1,59.28,78.61,4.35,2.05,1,0,227,Normal,0.0,0
1/2/2025 6:52,26,73.85,41.14,74.53,1.25,4.45,1,0,131,Normal,0.0,0
1/2/2025 6:53,34,68.85,35.02,56.73,4.25,4.04,1,0,206,Normal,0.0,0
1/2/2025 6:54,46,79.62,68.56,46.22,3.86,3.01,1,0,373,Normal,0.0,0
1/2/2025 6:55,34,79.75,41.65,70.0,1.0,4.65,1,0,145,Normal,0.0,0
1/2/2025 6:56,29,77.42,53.55,67.41,2.49,1.74,0,0,186,Normal,0.0,0
1/2/2025 6:57,4,78.99,67.22,74.06,3.33,2.38,1,0,365,Normal,0.0,0
1/2/2025 6:58,17,83.12,52.61,76.49,1.41,3.43,1,0,111,Normal,0.0,0
1/2/2025 6:59,35,64.75,41.17,40.12,3.96,3.68,1,0,364,Normal,0.0,0
1/2/2025 7:00,13,77.73,66.69,31.53,2.49,2.14,1,0,470,Normal,0.0,0
1/2/2025 7:01,41,91.06,63.05,52.76,1.06,3.26,1,1,4,Normal,1.0,1
1/2/2025 7:02,39,69.68,79.02,60.82,3.83,0.64,1,0,367,Normal,0.0,0
1/2/2025 7:03,15,100.06,63.19,51.81,3.71,2.44,1,1,46,Normal,1.0,1
1/2/2025 7:04,29,71.97,46.56,42.46,1.96,0.75,1,0,347,Normal,0.0,0
1/2/2025 7:05,29,77.48,57.64,47.39,1.57,1.68,2,0,265,Pressure Drop,0.0,1
1/2/2025 7:06,11,77.92,65.72,72.04,1.36,4.79,1,0,69,Normal,0.0,0
1/2/2025 7:07,32,60.69,56.93,41.81,2.03,2.99,1,0,417,Normal,0.0,0
1/2/2025 7:08,2,67.01,42.22,45.76,1.34,4.08,2,0,492,Vibration Issue,0.0,1
1/2/2025 7:09,47,81.6,41.35,39.84,4.23,4.41,1,0,375,Normal,0.0,0
1/2/2025 7:10,14,72.68,64.43,33.06,2.55,0.6,1,0,430,Normal,0.0,0
1/2/2025 7:11,20,66.3,65.4,66.99,3.16,3.4,1,0,397,Normal,0.0,0
1/2/2025 7:12,22,87.16,61.82,60.93,2.22,4.42,1,0,326,Normal,0.0,0
1/2/2025 7:13,11,78.09,53.44,47.34,4.39,1.94,1,0,340,Normal,0.0,0
1/2/2025 7:14,27,73.59,51.87,41.06,1.18,1.01,1,0,170,Normal,0.0,0
1/2/2025 7:15,3,97.84,44.24,77.54,1.57,1.35,2,1,32,Overheating,1.0,1
1/2/2025 7:16,17,65.0,64.98,66.14,3.96,4.8,1,0,89,Normal,0.0,0
1/2/2025 7:17,44,64.67,43.79,40.03,2.7,2.27,1,0,445,Normal,0.0,0
1/2/2025 7:18,28,71.02,49.06,55.97,3.83,3.53,1,0,33,Normal,0.0,0
1/2/2025 7:19,29,77.79,45.18,40.62,4.22,1.09,1,0,274,Normal,0.0,0
1/2/2025 7:20,21,79.52,54.17,44.54,3.16,0.79,1,0,338,Normal,0.0,0
1/2/2025 7:21,47,67.73,43.38,71.11,3.95,1.54,0,0,293,Normal,0.0,0
1/2/2025 7:22,16,61.08,60.52,48.2,2.12,1.36,1,0,360,Normal,0.0,0
1/2/2025 7:23,37,80.84,70.53,73.92,4.53,4.35,1,0,428,Normal,0.0,0
1/2/2025 7:24,20,70.58,66.52,75.31,2.37,3.1,1,0,395,Normal,0.0,0
1/2/2025 7:25,6,75.08,44.33,62.66,2.43,1.09,1,0,138,Normal,0.0,0
1/2/2025 7:26,19,75.86,68.67,37.34,1.7,1.29,1,0,176,Normal,0.0,0
1/2/2025 7:27,5,84.56,31.88,54.6,2.88,2.81,1,0,300,Normal,0.0,0
1/2/2025 7:28,3,69.87,40.3,52.81,3.59,4.26,1,0,21,Normal,0.0,0
1/2/2025 7:29,1,90.89,60.43,58.72,3.47,1.6,1,1,25,Normal,1.0,1
1/2/2025 7:30,38,73.53,44.06,56.59,2.65,4.71,1,0,233,Normal,0.0,0
1/2/2025 7:31,15,61.58,41.35,53.7,2.9,4.77,2,0,452,Vibration Issue,0.0,1
1/2/2025 7:32,34,64.92,43.71,52.03,1.9,4.93,2,0,101,Overheating,0.0,1
1/2/2025 7:33,35,64.47,49.47,73.51,1.52,2.26,1,0,281,Normal,0.0,0
1/2/2025 7:34,49,67.72,37.66,56.07,1.54,3.07,1,0,127,Normal,0.0,0
1/2/2025 7:35,25,77.58,47.02,76.1,1.53,2.25,1,0,88,Normal,0.0,0
1/2/2025 7:36,24,85.06,64.47,40.06,3.99,1.62,1,0,106,Normal,0.0,0
1/2/2025 7:37,12,52.79,44.38,66.36,4.5,4.68,1,0,124,Normal,0.0,0
1/2/2025 7:38,18,83.95,78.92,36.53,2.38,0.99,1,0,49,Normal,0.0,0
1/2/2025 7:39,15,89.13,36.35,77.05,3.67,3.5,1,0,23,Normal,0.0,0
1/2/2025 7:40,44,95.51,35.32,79.13,3.78,2.19,1,1,24,Normal,1.0,1
1/2/2025 7:41,16,79.2,52.0,35.28,2.99,3.14,1,0,60,Normal,0.0,0
1/2/2025 7:42,27,57.22,52.93,53.56,2.19,3.54,1,0,426,Normal,0.0,0
1/2/2025 7:43,8,61.56,59.75,70.54,2.18,3.52,1,0,432,Normal,0.0,0
1/2/2025 7:44,46,83.92,14.2,55.93,2.17,4.29,0,0,354,Normal,0.0,0
1/2/2025 7:45,25,75.93,62.38,77.3,2.27,2.47,1,0,419,Normal,0.0,0
1/2/2025 7:46,17,68.7,35.65,74.61,1.97,1.85,1,0,357,Normal,0.0,0
1/2/2025 7:47,29,60.08,38.59,70.32,4.74,2.6,1,0,52,Normal,0.0,0
1/2/2025 7:48,8,64.23,47.94,41.89,2.27,2.3,1,0,360,Normal,0.0,0
1/2/2025 7:49,15,80.25,60.94,67.57,1.69,3.47,1,0,19,Normal,0.0,1
1/2/2025 7:50,27,79.79,45.16,61.65,1.93,1.56,1,0,341,Normal,0.0,0
1/2/2025 7:51,46,84.66,28.84,42.38,2.38,3.59,1,0,351,Normal,0.0,0
1/2/2025 7:52,50,88.2,76.12,41.82,1.21,2.49,1,0,215,Normal,0.0,0
1/2/2025 7:53,7,66.22,65.26,74.61,1.61,4.6,1,0,59,Normal,0.0,0
1/2/2025 7:54,3,84.23,64.87,41.48,1.38,1.58,1,0,373,Normal,0.0,0
1/2/2025 7:55,29,67.58,30.73,67.2,1.21,4.72,0,0,464,Normal,0.0,0
1/2/2025 7:56,44,73.75,20.26,48.85,1.88,2.69,1,0,59,Normal,0.0,0
1/2/2025 7:57,24,67.67,31.17,31.79,1.37,0.92,1,0,195,Normal,0.0,0
1/2/2025 7:58,3,82.7,41.28,46.87,2.64,3.19,1,0,168,Normal,0.0,0
1/2/2025 7:59,20,69.2,75.71,42.83,4.47,3.11,1,0,146,Normal,0.0,0
1/2/2025 8:00,46,81.48,37.58,57.94,2.49,0.85,1,0,256,Normal,0.0,0
1/2/2025 8:01,15,79.79,49.54,79.02,2.47,4.21,1,0,245,Normal,0.0,0
1/2/2025 8:02,25,86.39,78.28,63.0,4.73,0.9,1,0,486,Normal,0.0,0
1/2/2025 8:03,30,80.84,49.66,58.87,2.25,0.63,1,0,65,Normal,0.0,0
1/2/2025 8:04,14,93.69,42.09,74.18,4.04,3.08,2,1,23,Vibration Issue,1.0,1
1/2/2025 8:05,7,68.57,54.52,49.95,1.37,1.04,1,0,490,Normal,0.0,0
1/2/2025 8:06,17,82.95,64.65,50.98,1.38,3.62,1,0,327,Normal,0.0,0
1/2/2025 8:07,44,79.01,30.26,54.32,3.07,3.02,0,0,471,Normal,0.0,0
1/2/2025 8:08,20,67.45,44.43,55.44,4.36,1.31,2,0,388,Pressure Drop,0.0,1
1/2/2025 8:09,36,84.57,65.25,37.62,1.81,3.51,1,0,129,Normal,0.0,0
1/2/2025 8:10,9,83.51,61.28,54.17,3.63,2.8,1,0,399,Normal,0.0,0
1/2/2025 8:11,38,68.55,72.57,30.76,2.2,0.79,0,0,30,Normal,0.0,0
1/2/2025 8:12,48,58.28,35.15,70.84,1.8,2.76,1,0,382,Normal,0.0,0
1/2/2025 8:13,22,73.96,53.9,78.53,1.93,2.36,2,0,160,Vibration Issue,0.0,1
1/2/2025 8:14,2,68.14,56.12,68.42,3.01,1.59,1,0,256,Normal,0.0,0
1/2/2025 8:15,24,76.63,91.04,56.87,1.99,2.47,0,1,10,Normal,1.0,1
1/2/2025 8:16,8,75.11,38.61,74.3,3.47,3.24,1,0,324,Normal,0.0,0
1/2/2025 8:17,11,92.82,54.87,79.11,3.23,1.13,1,1,49,Normal,1.0,1
1/2/2025 8:18,13,67.62,33.6,56.66,3.6,0.73,1,0,428,Normal,0.0,0
1/2/2025 8:19,17,80.92,60.28,32.07,2.64,2.03,1,0,395,Normal,0.0,0
1/2/2025 8:20,8,61.48,58.96,30.76,1.71,4.85,1,0,467,Normal,0.0,0
1/2/2025 8:21,21,65.21,52.58,51.34,4.22,4.53,1,0,61,Normal,0.0,0
1/2/2025 8:22,18,70.57,22.59,43.03,4.91,2.39,1,0,109,Normal,0.0,0
1/2/2025 8:23,30,66.55,41.84,74.52,2.73,3.88,1,0,216,Normal,0.0,0
1/2/2025 8:24,18,79.36,45.02,46.88,2.17,0.68,1,0,157,Normal,0.0,0
1/2/2025 8:25,46,74.72,50.97,54.46,2.17,2.13,1,0,109,Normal,0.0,0
1/2/2025 8:26,47,83.25,45.25,54.88,4.48,4.01,1,0,148,Normal,0.0,0
1/2/2025 8:27,31,64.74,61.72,60.67,1.52,0.63,1,0,207,Normal,0.0,0
1/2/2025 8:28,38,76.79,71.04,45.91,4.92,2.99,1,0,225,Normal,0.0,0
1/2/2025 8:29,32,67.56,63.68,65.63,4.86,1.87,1,0,412,Normal,0.0,0
1/2/2025 8:30,11,87.72,46.41,59.57,3.73,2.62,2,0,364,Normal,0.0,1
1/2/2025 8:31,45,64.74,57.36,75.56,4.92,2.24,1,0,349,Normal,0.0,0
1/2/2025 8:32,25,57.42,22.26,59.01,3.56,4.61,1,0,18,Normal,0.0,1
1/2/2025 8:33,33,69.13,46.52,54.28,1.55,4.91,1,0,362,Normal,0.0,0
1/2/2025 8:34,38,63.79,38.95,38.92,1.96,3.2,2,0,366,Pressure Drop,0.0,1
1/2/2025 8:35,41,76.43,41.5,64.64,2.64,3.7,1,0,460,Normal,0.0,0
1/2/2025 8:36,8,80.82,53.68,68.49,3.17,4.35,1,0,335,Normal,0.0,0
1/2/2025 8:37,11,82.3,49.68,32.35,1.42,2.66,1,0,92,Normal,0.0,0
1/2/2025 8:38,22,53.65,39.7,34.42,4.01,2.67,1,0,462,Normal,0.0,0
1/2/2025 8:39,24,82.22,21.7,74.94,1.37,4.46,1,0,263,Normal,0.0,0
1/2/2025 8:40,41,77.27,41.3,77.27,1.04,1.3,1,0,486,Normal,0.0,0
1/2/2025 8:41,17,82.01,73.51,52.36,3.16,3.3,1,0,366,Normal,0.0,0
1/2/2025 8:42,12,83.79,52.67,33.43,2.93,4.52,1,0,45,Normal,0.0,0
1/2/2025 8:43,46,68.83,48.26,68.96,4.03,4.41,1,0,354,Normal,0.0,0
1/2/2025 8:44,32,65.95,43.8,30.66,3.71,2.24,0,0,89,Normal,0.0,0
1/2/2025 8:45,15,78.28,58.44,74.11,3.76,2.14,2,0,418,Electrical Fault,0.0,1
1/2/2025 8:46,16,84.65,58.45,54.58,3.72,1.83,1,0,382,Normal,0.0,0
1/2/2025 8:47,22,62.48,52.09,41.52,2.43,2.3,1,0,374,Normal,0.0,0
1/2/2025 8:48,28,75.63,45.6,57.45,3.8,0.92,1,0,435,Normal,0.0,0
1/2/2025 8:49,20,69.81,45.39,53.19,2.15,3.88,1,0,433,Normal,0.0,0
1/2/2025 8:50,33,69.78,44.04,76.12,2.95,3.05,1,0,223,Normal,0.0,0
1/2/2025 8:51,10,71.1,40.78,61.14,4.44,1.75,1,0,268,Normal,0.0,0
1/2/2025 8:52,40,81.55,54.85,63.56,3.26,1.49,1,0,298,Normal,0.0,0
1/2/2025 8:53,32,80.79,63.56,76.37,3.46,2.0,1,0,315,Normal,0.0,0
1/2/2025 8:54,50,66.12,65.59,47.6,1.88,1.92,1,0,370,Normal,0.0,0
1/2/2025 8:55,33,61.26,62.84,34.64,1.92,3.31,1,0,54,Normal,0.0,0
1/2/2025 8:56,2,85.74,52.69,50.58,1.09,4.36,1,0,460,Normal,0.0,0
1/2/2025 8:57,33,83.02,70.25,72.47,4.15,2.25,1,0,457,Normal,0.0,0
1/2/2025 8:58,33,87.39,37.92,66.42,3.23,3.64,1,0,160,Normal,0.0,0
1/2/2025 8:59,41,80.48,70.77,36.45,1.62,4.8,1,0,299,Normal,0.0,0
1/2/2025 9:00,13,88.33,51.1,71.11,3.38,4.74,1,0,107,Normal,0.0,0
1/2/2025 9:01,30,51.84,37.64,73.32,1.65,1.4,1,0,193,Normal,0.0,0
1/2/2025 9:02,33,73.84,47.27,47.77,3.64,4.69,2,0,459,Overheating,0.0,1
1/2/2025 9:03,13,68.06,45.74,75.82,2.58,1.76,1,0,137,Normal,0.0,0
1/2/2025 9:04,26,94.85,53.71,71.17,2.44,4.89,1,1,12,Normal,1.0,1
1/2/2025 9:05,22,63.01,44.05,61.93,3.19,2.79,1,0,324,Normal,0.0,0
1/2/2025 9:06,39,61.57,40.01,38.82,4.77,2.62,1,0,37,Normal,0.0,0
1/2/2025 9:07,2,68.73,74.77,53.21,4.71,2.74,1,0,189,Normal,0.0,0
1/2/2025 9:08,38,69.75,56.89,70.82,3.16,1.94,1,0,385,Normal,0.0,0
1/2/2025 9:09,39,71.24,50.06,66.02,3.16,1.87,0,0,135,Normal,0.0,0
1/2/2025 9:10,26,84.04,44.14,50.17,4.2,2.27,1,0,183,Normal,0.0,0
1/2/2025 9:11,46,89.82,33.45,75.98,3.16,3.08,1,0,388,Normal,0.0,0
1/2/2025 9:12,50,84.7,25.57,74.4,2.04,4.58,1,0,219,Normal,0.0,0
1/2/2025 9:13,15,99.78,35.44,53.06,4.35,2.69,1,1,24,Normal,1.0,1
1/2/2025 9:14,34,87.84,45.24,54.27,1.29,1.6,1,0,287,Normal,0.0,0
1/2/2025 9:15,42,68.67,43.04,74.05,3.75,0.51,1,0,348,Normal,0.0,0
1/2/2025 9:16,44,73.88,60.7,67.03,2.79,2.39,1,0,366,Normal,0.0,0
1/2/2025 9:17,49,82.91,13.73,59.61,1.22,1.92,1,0,94,Normal,0.0,0
1/2/2025 9:18,40,63.44,51.37,48.1,2.01,2.19,1,0,132,Normal,0.0,0
1/2/2025 9:19,11,71.88,74.0,47.34,4.17,2.83,2,0,404,Overheating,0.0,1
